snaky-cards-txt-v1 17 17 1737 0 0 0
1 1 1 5 0 1 0 2 0 3 0 4 1 0 6 0 1 0 2 0 3 0 4 1 0 1 1 -1 0
1 1 0 5 0 1 0 2 0 3 0 4 1 1 6 0 1 0 2 0 3 0 4 1 0 1 1 -1 0
2 1 1 5 0 1 0 2 0 3 0 4 0 5 8 1 0 1 2 0 1 0 2 0 3 0 4 0 5 1 1 0 0 0 1 2 1 0 0 0 0 1 1 2 1 0 0 0
3 0 1 4 0 2 0 3 0 4 0 5 11 1 0 1 1 1 2 1 4 1 5 1 6 0 1 0 2 0 3 0 4 0 5 2 5 0 6 6 1 0 2 5 0 6 1 1 2 5 0 6 1 2 2 5 0 6 1 4 2 0 0 0 1 5 2 0 0 0 1 6 2 0 0 0
3 4 1 5 0 1 0 2 1 1 2 1 3 1 10 1 2 3 0 4 0 5 0 0 1 0 2 1 1 2 1 3 1 4 1 0 3 0 1 4 1 2 2 7 5 1 3 0 0 3 0 1 4 0 0 3 0 1 5 0 0 3 0 1
4 0 5 4 1 2 1 3 1 4 1 5 11 0 4 0 6 1 1 2 0 2 1 2 2 0 5 1 2 1 3 1 4 1 5 1 4 1 6 6 0 4 1 4 1 6 0 6 4 7 2 5 1 1 1 4 1 6 2 0 1 4 1 6 2 1 1 4 1 6 2 2 1 4 1 6
1 0 4 5 0 1 0 2 0 3 1 0 1 1 6 0 1 0 2 0 3 0 4 1 0 1 1 -1 0
2 1 1 5 0 2 0 3 0 4 1 2 1 3 8 0 5 1 0 0 2 0 3 0 4 1 1 1 2 1 3 6 4 1 4 2 0 5 6 4 1 4 1 0 6 0 0 1
3 1 2 6 0 2 0 3 0 4 1 3 2 3 3 3 11 0 5 1 0 1 1 4 3 0 2 0 3 0 4 1 2 1 3 2 3 3 3 6 6 0 3 4 0 5 6 6 0 3 1 0 6 6 0 3 1 1 6 6 0 3 4 3 7 0 0 0
4 1 2 5 1 3 1 4 2 3 3 3 4 3 12 0 2 1 5 2 0 2 1 2 2 5 3 1 2 1 3 1 4 2 3 3 3 4 3 1 6 0 3 6 0 2 8 0 1 0 1 5 1 6 0 3 2 0 1 6 0 3 2 1 1 6 0 3 2 2 1 6 0 3 5 3 1 6 0 3
5 1 4 4 1 3 2 3 3 3 4 3 13 0 2 0 4 1 2 1 5 2 0 2 1 2 2 5 3 1 3 1 4 2 3 3 3 4 3 1 3 0 3 8 0 2 1 3 0 3 0 4 9 0 0 0 1 2 1 3 0 3 1 5 1 3 0 3 2 0 1 3 0 3 2 1 1 3 0 3 2 2 1 3 0 3 5 3 1 3 0 3
6 2 2 3 2 3 2 4 2 5 19 0 5 1 5 1 6 1 7 2 1 2 6 3 0 3 1 3 2 3 3 3 4 3 5 3 6 4 4 5 4 2 2 2 3 2 4 2 5 3 0 2 0 15 0 5 3 0 2 0 1 5 3 0 2 0 1 6 3 0 2 0 1 7 3 0 2 0 2 1 5 4 3 7 2 6 3 0 2 0 3 0 5 4 3 7 3 1 10 7 5 6 3 2 10 7 5 6 3 3 3 0 2 0 3 4 5 4 3 7 3 5 5 4 3 7 3 6 5 4 3 7 4 4 3 0 2 0 5 4 3 0 2 0
3 0 1 4 1 1 2 1 3 1 4 1 11 3 0 3 2 4 0 4 2 5 0 5 2 0 1 1 1 2 1 3 1 4 1 2 2 5 1 6 3 0 2 2 5 1 3 2 2 7 5 1 4 0 2 2 5 1 4 2 2 7 5 1 5 0 2 2 5 1 5 2 2 7 5 1
3 0 5 4 0 1 0 2 0 3 0 4 11 1 0 1 1 1 2 1 4 1 5 1 6 0 1 0 2 0 3 0 4 0 5 2 5 0 6 6 1 0 2 5 0 6 1 1 2 5 0 6 1 2 2 5 0 6 1 4 2 0 0 0 1 5 2 0 0 0 1 6 2 0 0 0
3 4 1 4 0 1 1 1 2 1 3 1 11 3 0 3 2 4 0 4 2 5 0 5 2 0 1 1 1 2 1 3 1 4 1 2 2 5 1 6 3 0 2 2 5 1 3 2 2 7 5 1 4 0 2 2 5 1 4 2 2 7 5 1 5 0 2 2 5 1 5 2 2 7 5 1
5 1 5 3 1 2 1 3 1 4 17 0 0 0 1 0 2 0 3 0 4 0 5 0 6 0 7 1 1 1 6 2 5 2 6 2 7 1 2 1 3 1 4 1 5 13 1 1 1 13 0 0 13 1 1 1 0 1 14 2 2 2 0 2 14 2 2 2 0 3 3 1 1 0 0 4 13 1 1 1 0 5 5 5 0 7 0 6 5 5 0 7 0 7 3 1 1 0 1 1 13 1 1 1 1 6 3 1 1 0 2 5 3 1 1 0 2 6 3 1 1 0 2 7 3 1 1 0
6 3 3 5 0 4 1 4 2 4 3 4 3 5 20 2 0 2 1 2 2 2 3 2 5 2 6 2 7 3 1 3 2 3 6 4 0 4 1 4 2 4 3 0 4 1 4 2 4 3 3 3 4 3 5 1 7 4 4 14 2 0 1 7 4 4 2 1 1 7 4 4 2 2 1 7 4 4 2 3 1 7 4 4 2 5 1 7 4 4 2 6 1 7 4 4 2 7 1 7 4 4 3 1 1 7 4 4 3 2 1 7 4 4 3 6 1 7 4 4 4 0 1 7 4 4 4 1 1 7 4 4 4 2 1 7 4 4 4 3 15 5 2 7
7 3 5 4 0 4 1 4 2 4 3 4 21 2 0 2 1 2 2 2 3 2 5 2 6 2 7 3 1 3 2 3 3 3 6 4 0 4 1 4 2 4 3 4 5 0 4 1 4 2 4 3 4 3 5 1 2 4 4 16 2 0 1 2 4 4 2 1 1 2 4 4 2 2 1 2 4 4 2 3 1 2 4 4 2 5 1 2 4 4 2 6 1 2 4 4 2 7 1 2 4 4 3 1 1 2 4 4 3 2 1 2 4 4 3 3 1 2 4 4 3 6 1 2 4 4 4 0 1 2 4 4 4 1 1 2 4 4 4 2 1 2 4 4 4 3 1 2 4 4 4 5 16 0 0 0
8 4 4 3 1 4 2 4 3 4 25 0 0 0 1 0 2 0 3 0 5 1 1 1 2 1 3 1 5 1 6 2 0 2 1 2 2 2 3 2 5 2 6 2 7 4 5 5 4 5 5 6 5 1 4 2 4 3 4 4 4 3 2 6 4 21 0 0 3 2 6 4 0 1 3 2 6 4 0 2 3 2 6 4 0 3 3 2 6 4 0 5 5 2 6 3 1 1 3 2 6 4 1 2 3 2 6 4 1 3 3 2 6 4 1 5 5 2 6 3 1 6 3 2 6 4 2 0 3 2 6 4 2 1 3 2 6 4 2 2 3 2 6 4 2 3 3 2 6 4 2 5 5 2 6 3 2 6 3 2 6 4 2 7 3 2 6 4 4 5 12 1 5 3 5 4 17 1 4 0 5 5 12 1 5 3 6 5 12 1 5 3
1 0 1 5 0 2 0 3 0 4 1 0 1 1 6 0 1 0 2 0 3 0 4 1 0 1 1 -1 0
2 1 1 5 0 3 0 4 0 5 1 2 1 3 8 1 0 1 4 0 3 0 4 0 5 1 1 1 2 1 3 19 4 1 5 2 1 0 19 4 1 5 1 4 6 4 1 4
3 0 5 4 0 3 0 4 1 2 1 3 9 0 6 1 0 1 1 1 4 0 3 0 4 0 5 1 2 1 3 6 0 0 2 4 0 6 20 0 0 0 1 0 6 0 0 2 1 1 6 0 0 2 1 4 6 0 0 2
2 1 0 5 0 4 1 1 1 2 1 3 2 3 8 0 3 2 4 0 4 1 0 1 1 1 2 1 3 2 3 1 5 1 4 2 0 3 1 5 1 4 2 4 0 4 1 4
4 1 2 5 0 3 0 4 1 3 2 3 3 3 13 0 2 0 5 0 6 1 0 1 1 1 4 4 3 0 3 0 4 1 2 1 3 2 3 3 3 22 7 4 4 7 0 2 21 0 0 0 0 5 22 7 4 4 0 6 22 7 4 4 1 0 22 7 4 4 1 1 22 7 4 4 1 4 21 4 1 6 4 3 21 0 0 0
5 1 4 4 1 3 2 3 3 3 4 3 14 0 4 1 2 1 5 1 6 2 0 2 1 2 2 2 4 5 3 1 3 1 4 2 3 3 3 4 3 1 3 0 3 9 0 4 23 0 1 0 1 2 1 3 0 3 1 5 1 3 0 3 1 6 1 3 0 3 2 0 1 3 0 3 2 1 1 3 0 3 2 2 1 3 0 3 2 4 1 3 0 3 5 3 1 3 0 3
6 1 3 3 2 3 3 3 4 3 24 0 3 0 4 1 2 1 4 1 5 1 6 2 0 2 1 2 2 2 4 3 0 3 1 3 2 3 4 4 2 4 4 4 5 4 6 5 3 5 4 1 3 2 3 3 3 4 3 24 0 0 0 20 0 3 24 0 0 0 0 4 24 1 5 0 1 2 24 1 5 0 1 4 24 1 5 0 1 5 24 1 5 0 1 6 24 1 5 0 2 0 24 1 5 0 2 1 24 1 5 0 2 2 24 1 5 0 2 4 24 1 5 0 3 0 24 0 0 0 3 1 24 0 0 0 3 2 24 0 0 0 3 4 24 0 0 0 4 2 24 0 0 0 4 4 24 0 0 0 4 5 24 0 0 0 4 6 24 0 0 0 5 3 24 1 5 0 5 4 24 0 0 0
8 4 4 3 1 4 2 4 3 4 25 0 0 0 1 0 2 0 3 0 5 1 1 1 2 1 3 1 5 1 6 2 0 2 1 2 2 2 3 2 5 2 6 2 7 4 3 5 3 5 4 6 3 1 4 2 4 3 4 4 4 13 6 0 4 21 0 0 13 6 0 4 0 1 13 6 0 4 0 2 13 6 0 4 0 3 5 7 6 5 0 5 13 6 0 4 1 1 13 6 0 4 1 2 13 6 0 4 1 3 5 7 6 5 1 5 13 6 0 4 1 6 13 6 0 4 2 0 13 6 0 4 2 1 13 6 0 4 2 2 13 6 0 4 2 3 5 7 6 5 2 5 13 6 0 4 2 6 13 6 0 4 2 7 13 6 0 4 4 3 12 1 5 3 5 3 12 1 5 3 5 4 17 1 4 0 6 3 12 1 5 3
6 4 3 3 1 3 2 3 3 3 24 0 3 0 4 1 2 1 4 1 5 1 6 2 0 2 1 2 2 2 4 3 0 3 1 3 2 3 4 4 2 4 4 4 5 4 6 5 3 5 4 1 3 2 3 3 3 4 3 24 0 0 0 20 0 3 24 0 0 0 0 4 24 1 5 0 1 2 24 1 5 0 1 4 24 1 5 0 1 5 24 1 5 0 1 6 24 1 5 0 2 0 24 1 5 0 2 1 24 1 5 0 2 2 24 1 5 0 2 4 24 1 5 0 3 0 24 0 0 0 3 1 24 0 0 0 3 2 24 0 0 0 3 4 24 0 0 0 4 2 24 0 0 0 4 4 24 0 0 0 4 5 24 0 0 0 4 6 24 0 0 0 5 3 24 1 5 0 5 4 24 0 0 0
9 3 3 2 3 4 3 5 41 0 3 0 4 0 6 1 3 1 4 1 5 1 6 2 2 2 3 2 4 2 5 2 6 2 7 2 8 3 1 3 2 3 6 3 7 4 0 4 1 4 2 4 3 4 4 4 5 4 6 5 2 5 3 5 4 5 5 5 6 6 2 6 3 6 4 6 5 6 6 7 2 7 4 7 6 3 3 3 4 3 5 11 0 1 0 38 0 3 11 0 1 0 0 4 11 0 1 0 0 6 11 0 1 0 1 3 11 0 1 0 1 4 11 0 1 0 1 5 11 4 5 8 1 6 11 0 1 0 2 2 11 0 1 0 2 3 11 0 1 0 2 4 11 0 1 0 2 5 18 2 7 2 2 6 25 3 0 1 2 7 25 3 0 1 2 8 11 0 1 0 3 1 11 4 5 8 3 2 18 2 7 2 3 6 26 7 7 6 3 7 11 0 1 0 4 0 11 4 5 8 4 1 27 2 6 2 4 2 27 2 6 2 4 3 26 7 7 6 4 4 11 4 5 8 4 5 11 4 5 8 4 6 11 4 5 8 5 2 11 0 1 0 5 3 11 0 1 0 5 4 11 4 5 8 5 5 11 0 1 0 5 6 11 0 1 0 6 2 11 0 1 0 6 3 11 0 1 0 6 4 11 4 5 8 6 5 11 0 1 0 6 6 11 0 1 0 7 2 11 0 1 0 7 4 11 0 1 0 7 6 11 0 1 0
9 3 5 2 3 3 3 4 41 0 3 0 4 0 6 1 3 1 4 1 5 1 6 2 2 2 3 2 4 2 5 2 6 2 7 2 8 3 1 3 2 3 6 3 7 4 0 4 1 4 2 4 3 4 4 4 5 4 6 5 2 5 3 5 4 5 5 5 6 6 2 6 3 6 4 6 5 6 6 7 2 7 4 7 6 3 3 3 4 3 5 11 0 1 0 38 0 3 11 0 1 0 0 4 11 0 1 0 0 6 11 0 1 0 1 3 11 0 1 0 1 4 11 0 1 0 1 5 11 4 5 8 1 6 11 0 1 0 2 2 11 0 1 0 2 3 11 0 1 0 2 4 11 0 1 0 2 5 18 2 7 2 2 6 25 3 0 1 2 7 25 3 0 1 2 8 11 0 1 0 3 1 11 4 5 8 3 2 18 2 7 2 3 6 26 7 7 6 3 7 11 0 1 0 4 0 11 4 5 8 4 1 27 2 6 2 4 2 27 2 6 2 4 3 26 7 7 6 4 4 11 4 5 8 4 5 11 4 5 8 4 6 11 4 5 8 5 2 11 0 1 0 5 3 11 0 1 0 5 4 11 4 5 8 5 5 11 0 1 0 5 6 11 0 1 0 6 2 11 0 1 0 6 3 11 0 1 0 6 4 11 4 5 8 6 5 11 0 1 0 6 6 11 0 1 0 7 2 11 0 1 0 7 4 11 0 1 0 7 6 11 0 1 0
5 1 2 3 1 3 1 4 1 5 17 0 0 0 1 0 2 0 4 0 5 0 6 0 7 1 1 1 6 2 4 2 5 2 6 2 7 1 2 1 3 1 4 1 5 12 2 2 1 13 0 0 12 2 2 1 0 1 12 2 2 1 0 2 12 2 2 1 0 4 14 2 2 2 0 5 5 1 2 0 0 6 5 1 2 0 0 7 3 1 1 0 1 1 14 2 2 2 1 6 3 1 1 0 2 4 3 1 1 0 2 5 3 1 1 0 2 6 3 1 1 0 2 7 3 1 1 0
5 1 5 3 1 2 1 3 1 4 17 0 0 0 1 0 2 0 4 0 5 0 6 0 7 1 1 1 6 2 4 2 5 2 6 2 7 1 2 1 3 1 4 1 5 12 2 2 1 13 0 0 12 2 2 1 0 1 12 2 2 1 0 2 12 2 2 1 0 4 14 2 2 2 0 5 5 1 2 0 0 6 5 1 2 0 0 7 3 1 1 0 1 1 14 2 2 2 1 6 3 1 1 0 2 4 3 1 1 0 2 5 3 1 1 0 2 6 3 1 1 0 2 7 3 1 1 0
3 0 1 5 0 2 0 3 0 4 0 5 1 5 10 1 0 1 1 1 2 1 4 0 1 0 2 0 3 0 4 0 5 1 5 0 5 0 5 4 1 0 0 5 0 5 1 1 0 5 0 5 1 2 0 5 0 5 1 4 2 0 0 0
4 1 5 4 0 2 0 3 0 4 0 5 11 0 1 1 0 1 1 1 2 1 4 1 6 0 2 0 3 0 4 0 5 1 5 1 5 0 6 6 0 1 1 5 0 6 1 0 1 5 0 6 1 1 1 5 0 6 1 2 1 5 0 6 1 4 1 5 0 6 1 6 32 0 0 0
2 2 3 7 0 3 1 0 1 1 1 2 1 3 3 2 4 2 10 2 4 3 3 0 3 1 0 1 1 1 2 1 3 2 3 3 2 4 2 19 7 4 3 2 2 4 19 7 4 3 3 3 1 5 1 4
1 0 2 5 0 1 0 3 0 4 1 0 1 1 6 0 1 0 2 0 3 0 4 1 0 1 1 -1 0
3 3 2 6 0 3 1 0 1 1 1 2 1 3 4 2 11 2 2 2 3 2 4 3 3 0 3 1 0 1 1 1 2 1 3 3 2 4 2 35 3 0 2 4 2 2 34 0 0 0 2 3 35 3 0 2 2 4 35 3 0 2 3 3 35 3 0 2
4 0 3 5 1 0 1 1 1 2 1 3 4 2 12 0 4 2 2 2 3 2 4 3 2 3 3 0 3 1 0 1 1 1 2 1 3 4 2 1 4 1 4 6 0 4 36 0 0 0 2 2 1 4 1 4 2 3 1 4 1 4 2 4 1 4 1 4 3 2 1 4 1 4 3 3 1 4 1 4
3 0 1 5 0 2 0 3 0 4 0 5 1 4 10 1 0 1 1 1 2 1 5 0 1 0 2 0 3 0 4 0 5 1 4 1 5 0 5 4 1 0 1 5 0 5 1 1 1 5 0 5 1 2 1 5 0 5 1 5 2 0 0 0
3 1 1 5 0 4 1 2 1 3 1 4 1 5 10 0 5 2 0 2 1 2 2 0 4 1 1 1 2 1 3 1 4 1 5 1 4 1 5 4 0 5 2 0 1 0 2 0 1 4 1 5 2 1 1 4 1 5 2 2 1 4 1 5
5 3 3 5 0 3 1 2 1 3 2 0 2 3 17 0 2 2 1 2 2 3 1 3 2 3 4 4 2 4 3 4 4 5 2 5 4 0 3 1 2 1 3 2 0 2 3 3 3 38 7 5 3 11 0 2 37 6 0 4 2 1 38 7 5 3 2 2 38 7 5 3 3 1 38 7 5 3 3 2 39 2 5 2 3 4 38 7 5 3 4 2 39 2 5 2 4 3 37 6 0 4 4 4 38 7 5 3 5 2 39 2 5 2 5 4 38 7 5 3
6 3 5 6 0 3 0 4 1 4 2 4 3 3 3 4 20 1 2 1 3 2 0 2 1 2 2 2 3 2 5 3 1 3 2 4 0 4 1 4 2 4 5 0 3 0 4 1 4 2 4 3 3 3 4 3 5 1 2 4 4 13 1 2 1 2 4 4 1 3 1 2 4 4 2 0 1 2 4 4 2 1 1 2 4 4 2 2 1 2 4 4 2 3 1 2 4 4 2 5 1 2 4 4 3 1 1 2 4 4 3 2 1 2 4 4 4 0 1 2 4 4 4 1 1 2 4 4 4 2 1 2 4 4 4 5 40 6 0 5
7 3 3 5 0 3 0 4 1 4 2 4 3 4 21 1 2 1 3 2 0 2 1 2 2 2 3 2 5 3 1 3 2 3 5 4 0 4 1 4 2 4 3 4 5 0 3 0 4 1 4 2 4 3 3 3 4 1 7 4 4 15 1 2 1 7 4 4 1 3 1 7 4 4 2 0 1 7 4 4 2 1 1 7 4 4 2 2 1 7 4 4 2 3 1 7 4 4 2 5 1 7 4 4 3 1 1 7 4 4 3 2 1 7 4 4 3 5 1 7 4 4 4 0 1 7 4 4 4 1 1 7 4 4 4 2 1 7 4 4 4 3 41 0 0 0 4 5 1 7 4 4
8 2 4 4 1 1 1 2 1 3 1 4 22 0 0 0 1 0 2 2 0 2 1 2 2 2 3 2 5 3 0 3 1 3 2 3 3 4 0 4 1 4 2 5 0 5 2 1 1 1 2 1 3 1 4 2 4 1 5 1 5 17 0 0 1 5 1 5 0 1 1 5 1 5 0 2 1 5 1 5 2 0 1 5 1 5 2 1 1 5 1 5 2 2 1 5 1 5 2 3 1 5 1 5 2 5 42 7 5 4 3 0 1 5 1 5 3 1 1 5 1 5 3 2 1 5 1 5 3 3 1 5 1 5 4 0 1 5 1 5 4 1 1 5 1 5 4 2 1 5 1 5 5 0 1 5 1 5 5 2 1 5 1 5
3 1 4 5 0 4 1 0 1 1 1 2 1 3 10 0 5 2 3 2 4 2 5 0 4 1 0 1 1 1 2 1 3 1 4 1 4 1 5 4 0 5 2 5 1 5 2 3 1 4 1 5 2 4 1 4 1 5 2 5 1 4 1 5
4 4 2 4 0 1 1 1 2 1 3 1 11 3 0 3 2 4 0 4 1 5 0 5 2 0 1 1 1 2 1 3 1 4 2 0 2 4 1 6 3 0 0 2 4 1 3 2 44 6 0 2 4 0 0 2 4 1 4 1 0 2 4 1 5 0 0 2 4 1 5 2 0 2 4 1
9 1 2 3 1 3 1 4 1 5 25 0 0 0 1 0 2 0 3 1 1 2 0 2 1 2 2 2 3 2 4 2 5 2 6 3 1 3 2 3 3 3 4 4 1 4 2 4 3 5 1 5 3 1 2 1 3 1 4 1 5 33 0 1 0 21 0 0 33 0 1 0 0 1 33 0 1 0 0 2 33 0 1 0 0 3 33 0 1 0 1 1 43 0 0 1 2 0 5 1 2 0 2 1 5 1 2 0 2 2 5 1 2 0 2 3 33 0 1 0 2 4 45 6 0 5 2 5 45 6 0 5 2 6 45 6 0 5 3 1 33 0 1 0 3 2 33 0 1 0 3 3 33 0 1 0 3 4 33 0 1 0 4 1 33 0 1 0 4 2 33 0 1 0 4 3 33 0 1 0 5 1 33 0 1 0 5 3 33 0 1 0
2 1 4 5 0 1 0 2 0 3 0 4 1 3 8 0 0 1 5 0 1 0 2 0 3 0 4 1 3 1 4 1 5 0 5 2 0 0 1 5 0 5 1 5 6 5 0 4
5 3 4 5 0 3 2 2 3 1 3 2 3 3 16 1 3 1 4 2 0 2 1 2 3 2 4 2 5 3 5 4 4 4 5 0 3 2 2 3 1 3 2 3 3 3 4 47 4 3 5 10 1 3 47 4 3 5 1 4 47 4 3 5 2 0 37 1 4 1 2 1 37 1 4 1 2 3 47 4 3 5 2 4 47 4 3 5 2 5 47 4 3 5 3 5 37 1 4 1 4 4 47 4 3 5 4 5 47 4 3 5
6 3 2 6 0 2 0 3 1 3 2 3 3 3 3 4 19 1 1 1 2 2 0 2 1 2 2 2 4 2 5 3 0 3 1 4 0 4 1 4 2 0 2 0 3 1 3 2 3 3 2 3 3 3 4 1 7 4 3 12 1 1 1 7 4 3 1 2 1 7 4 3 2 0 1 7 4 3 2 1 1 7 4 3 2 2 1 7 4 3 2 4 1 7 4 3 2 5 1 7 4 3 3 0 1 7 4 3 3 1 1 7 4 3 4 0 1 7 4 3 4 1 1 7 4 3 4 2 48 5 0 5
7 4 2 5 1 3 1 4 2 3 3 3 4 3 20 0 0 0 1 0 2 1 0 1 1 1 2 2 0 2 1 2 2 2 4 2 5 3 1 3 2 5 2 1 3 1 4 2 3 3 3 4 2 4 3 1 7 5 3 14 0 0 1 7 5 3 0 1 1 7 5 3 0 2 1 7 5 3 1 0 1 7 5 3 1 1 1 7 5 3 1 2 1 7 5 3 2 0 1 7 5 3 2 1 1 7 5 3 2 2 1 7 5 3 2 4 1 7 5 3 2 5 1 7 5 3 3 1 1 7 5 3 3 2 1 7 5 3 5 2 49 1 4 0
8 1 4 4 1 3 2 3 3 3 4 3 21 0 0 0 1 0 2 0 4 1 0 1 1 1 2 2 0 2 1 2 2 2 4 2 5 3 1 3 2 4 2 5 2 1 3 1 4 2 3 3 3 4 3 1 3 0 3 16 0 0 1 3 0 3 0 1 1 3 0 3 0 2 1 3 0 3 0 4 50 0 0 0 1 0 1 3 0 3 1 1 1 3 0 3 1 2 1 3 0 3 2 0 1 3 0 3 2 1 1 3 0 3 2 2 1 3 0 3 2 4 1 3 0 3 2 5 1 3 0 3 3 1 1 3 0 3 3 2 1 3 0 3 4 2 1 3 0 3 5 2 1 3 0 3
9 4 3 3 1 3 2 3 3 3 23 0 0 0 1 0 2 0 4 1 0 1 1 1 2 1 4 2 0 2 1 2 2 2 4 2 5 3 1 3 2 4 2 5 2 5 3 6 2 1 3 2 3 3 3 4 3 13 6 0 3 19 0 0 13 6 0 3 0 1 13 6 0 3 0 2 5 7 6 4 0 4 13 6 0 3 1 0 13 6 0 3 1 1 13 6 0 3 1 2 5 7 6 4 1 4 13 6 0 3 2 0 13 6 0 3 2 1 13 6 0 3 2 2 5 7 6 4 2 4 13 6 0 3 2 5 13 6 0 3 3 1 13 6 0 3 3 2 13 6 0 3 4 2 12 1 5 2 5 2 12 1 5 2 5 3 51 0 0 0 6 2 12 1 5 2
5 1 2 3 1 3 1 4 1 5 17 0 0 0 1 0 2 0 4 0 5 0 6 0 7 1 1 1 6 2 0 2 1 2 2 2 3 1 2 1 3 1 4 1 5 14 6 0 5 13 0 0 5 0 0 0 0 1 5 0 0 0 0 2 5 0 0 0 0 4 14 6 0 5 0 5 14 6 0 5 0 6 14 6 0 5 0 7 3 1 1 0 1 1 5 4 2 7 1 6 3 1 1 0 2 0 3 1 1 0 2 1 3 1 1 0 2 2 3 1 1 0 2 3 3 1 1 0
10 2 5 2 2 3 2 4 36 0 4 1 0 1 1 1 2 1 4 1 5 1 6 1 7 1 8 2 1 2 2 2 6 2 7 3 0 3 1 3 2 3 3 3 4 3 5 3 6 3 7 3 8 4 3 4 4 4 5 4 6 4 7 5 4 5 5 5 6 5 7 6 5 6 7 2 3 2 4 2 5 30 0 1 0 33 0 4 30 0 1 0 1 0 30 1 3 0 1 1 30 1 3 0 1 2 30 1 3 0 1 4 31 1 3 1 1 5 15 1 3 1 1 6 15 4 3 7 1 7 15 4 3 7 1 8 30 0 1 0 2 1 31 1 3 1 2 2 46 5 1 8 2 6 52 7 5 6 2 7 30 0 1 0 3 0 30 0 1 0 3 1 30 0 1 0 3 2 30 0 1 0 3 3 30 0 1 0 3 4 31 1 3 1 3 5 53 0 1 0 3 6 53 0 1 0 3 7 53 0 1 0 3 8 30 0 1 0 4 3 30 0 1 0 4 4 30 0 1 0 4 5 30 0 1 0 4 6 30 0 1 0 4 7 30 0 1 0 5 4 30 0 1 0 5 5 30 0 1 0 5 6 30 0 1 0 5 7 30 0 1 0 6 5 30 0 1 0 6 7 30 0 1 0
4 1 2 3 1 3 1 4 1 5 18 0 0 0 1 0 2 0 5 0 6 0 7 1 1 1 6 2 0 2 1 2 2 2 5 2 6 2 7 1 2 1 3 1 4 1 5 14 2 2 2 14 0 0 14 2 2 2 0 1 14 2 2 2 0 2 14 2 2 2 0 5 14 6 0 5 0 6 14 6 0 5 0 7 14 6 0 5 1 1 14 2 2 2 1 6 14 6 0 5 2 0 14 2 2 2 2 1 14 2 2 2 2 2 14 2 2 2 2 5 14 6 0 5 2 6 14 6 0 5 2 7 14 6 0 5
5 1 5 3 1 2 1 3 1 4 17 0 0 0 1 0 2 0 4 0 5 0 6 0 7 1 1 1 6 2 0 2 1 2 2 2 3 1 2 1 3 1 4 1 5 14 6 0 5 13 0 0 5 0 0 0 0 1 5 0 0 0 0 2 5 0 0 0 0 4 14 6 0 5 0 5 14 6 0 5 0 6 14 6 0 5 0 7 3 1 1 0 1 1 5 4 2 7 1 6 3 1 1 0 2 0 3 1 1 0 2 1 3 1 1 0 2 2 3 1 1 0 2 3 3 1 1 0
9 4 3 3 1 3 2 3 3 3 24 0 2 1 2 2 1 2 2 3 0 3 1 3 2 3 4 3 5 4 0 4 1 4 2 4 4 5 0 5 1 5 2 5 3 5 4 6 2 6 4 1 3 2 3 3 3 4 3 14 0 1 2 20 0 2 14 0 1 2 1 2 14 0 1 2 2 1 13 6 0 3 2 2 14 0 1 2 3 0 13 6 0 3 3 1 13 6 0 3 3 2 13 6 0 3 3 4 13 6 0 3 3 5 13 6 0 3 4 0 13 6 0 3 4 1 13 6 0 3 4 2 5 2 6 2 4 4 13 6 0 3 5 0 13 6 0 3 5 1 13 6 0 3 5 2 5 2 6 2 5 3 51 1 5 0 5 4 13 6 0 3 6 2 5 2 6 2 6 4 13 6 0 3
2 0 1 5 0 2 0 3 0 4 1 3 1 4 8 0 0 1 5 0 1 0 2 0 3 0 4 1 3 1 4 1 5 0 5 2 0 0 1 5 0 5 1 5 6 5 0 4
3 3 2 6 0 3 1 3 2 3 2 4 3 3 3 4 11 2 5 3 0 3 1 4 2 0 3 1 3 2 3 2 4 3 2 3 3 3 4 1 7 4 3 4 2 5 1 7 4 3 3 0 1 7 4 3 3 1 1 7 4 3 4 2 58 1 3 0
4 1 3 5 1 4 2 1 2 2 2 3 2 4 12 0 3 2 0 3 4 3 5 4 4 5 4 1 3 1 4 2 1 2 2 2 3 2 4 6 4 2 4 6 0 3 6 4 2 4 2 0 59 2 5 1 3 4 6 4 2 4 3 5 6 4 2 4 4 4 6 4 2 4 5 4 6 4 2 4
5 1 4 4 1 3 2 3 3 3 4 3 13 0 2 0 4 1 0 1 1 1 2 2 4 2 5 5 3 1 3 1 4 2 3 3 3 4 3 1 3 0 3 8 0 2 1 3 0 3 0 4 60 7 5 5 1 0 1 3 0 3 1 1 1 3 0 3 1 2 1 3 0 3 2 4 1 3 0 3 2 5 1 3 0 3 5 3 1 3 0 3
6 2 2 4 1 4 2 3 2 4 2 5 18 0 3 1 0 1 1 1 2 1 3 1 5 2 1 2 6 3 0 3 1 3 2 4 2 5 2 1 4 2 2 2 3 2 4 2 5 38 1 2 0 13 0 3 38 1 2 0 1 0 39 0 1 0 1 1 39 0 1 0 1 2 39 0 1 0 1 3 38 1 2 0 1 5 61 2 5 1 2 1 61 2 5 1 2 6 38 1 2 0 3 0 38 1 2 0 3 1 38 1 2 0 3 2 38 1 2 0 4 2 38 1 2 0 5 2 38 1 2 0
7 3 3 5 0 4 1 4 2 4 3 4 3 5 21 1 3 2 0 2 1 2 2 2 3 2 5 3 1 3 2 3 6 4 0 4 1 4 2 4 3 5 2 6 2 0 4 1 4 2 4 3 3 3 4 3 5 1 7 4 4 15 1 3 1 7 4 4 2 0 1 7 4 4 2 1 1 7 4 4 2 2 1 7 4 4 2 3 1 7 4 4 2 5 1 7 4 4 3 1 1 7 4 4 3 2 1 7 4 4 3 6 1 7 4 4 4 0 1 7 4 4 4 1 1 7 4 4 4 2 1 7 4 4 4 3 62 0 1 0 5 2 1 7 4 4 6 2 1 7 4 4
8 3 5 4 0 4 1 4 2 4 3 4 22 1 3 2 0 2 1 2 2 2 3 2 5 3 1 3 2 3 3 3 6 4 0 4 1 4 2 4 3 4 5 5 2 6 2 0 4 1 4 2 4 3 4 3 5 1 2 4 4 17 1 3 1 2 4 4 2 0 1 2 4 4 2 1 1 2 4 4 2 2 1 2 4 4 2 3 1 2 4 4 2 5 1 2 4 4 3 1 1 2 4 4 3 2 1 2 4 4 3 3 1 2 4 4 3 6 1 2 4 4 4 0 1 2 4 4 4 1 1 2 4 4 4 2 1 2 4 4 4 3 1 2 4 4 4 5 63 0 0 0 5 2 1 2 4 4 6 2 1 2 4 4
9 2 6 3 2 3 2 4 2 5 26 0 3 1 2 1 3 1 4 1 6 1 7 1 8 2 7 3 2 3 3 3 4 3 5 4 0 4 1 4 2 4 3 4 4 5 2 5 3 5 4 6 2 6 4 2 3 2 4 2 5 2 6 13 1 2 2 22 0 3 13 1 2 2 1 2 5 4 3 8 1 3 5 4 3 8 1 4 5 4 3 8 1 6 12 6 1 7 1 7 12 6 1 7 1 8 12 6 1 7 2 7 64 7 6 6 3 2 13 1 2 2 3 3 13 1 2 2 3 4 13 1 2 2 3 5 13 1 2 2 4 0 13 1 2 2 4 1 13 1 2 2 4 2 13 1 2 2 4 3 13 1 2 2 4 4 13 1 2 2 5 2 13 1 2 2 5 3 13 1 2 2 5 4 13 1 2 2 6 2 13 1 2 2 6 4 13 1 2 2
10 2 5 2 2 3 2 4 36 0 5 1 0 1 1 1 2 1 4 1 5 1 6 1 7 1 8 2 1 2 2 2 6 2 7 3 0 3 1 3 2 3 3 3 4 3 5 3 6 3 7 3 8 4 4 4 5 4 6 4 7 4 8 5 4 5 5 5 6 5 7 6 4 6 6 2 3 2 4 2 5 55 0 1 0 33 0 5 55 0 1 0 1 0 56 4 3 7 1 1 56 4 3 7 1 2 56 4 3 7 1 4 55 0 1 0 1 5 15 1 3 1 1 6 15 4 3 7 1 7 15 4 3 7 1 8 55 0 1 0 2 1 53 4 3 8 2 2 57 2 5 2 2 6 65 5 0 8 2 7 55 0 1 0 3 0 53 4 3 8 3 1 65 5 0 8 3 2 65 5 0 8 3 3 55 0 1 0 3 4 55 0 1 0 3 5 53 0 1 0 3 6 53 0 1 0 3 7 53 0 1 0 3 8 55 0 1 0 4 4 55 0 1 0 4 5 55 0 1 0 4 6 55 0 1 0 4 7 55 0 1 0 4 8 55 0 1 0 5 4 55 0 1 0 5 5 55 0 1 0 5 6 55 0 1 0 5 7 55 0 1 0 6 4 55 0 1 0 6 6 55 0 1 0
6 2 2 3 2 3 2 4 2 5 19 0 4 1 4 1 5 1 6 2 1 2 6 3 0 3 1 3 2 3 3 3 5 3 6 3 7 4 5 5 5 2 2 2 3 2 4 2 5 33 5 2 7 15 0 4 33 5 2 7 1 4 33 5 2 7 1 5 33 5 2 7 1 6 33 5 2 7 2 1 33 5 2 7 2 6 5 0 1 0 3 0 33 5 2 7 3 1 61 7 5 6 3 2 61 7 5 6 3 3 5 0 1 0 3 5 5 0 1 0 3 6 5 0 1 0 3 7 5 0 1 0 4 5 33 5 2 7 5 5 33 5 2 7
6 4 3 3 1 3 2 3 3 3 24 0 3 0 4 1 2 1 4 1 5 1 6 2 0 2 1 2 2 2 4 3 2 3 4 3 5 3 6 4 0 4 1 4 2 4 4 5 2 5 3 1 3 2 3 3 3 4 3 24 0 0 0 20 0 3 24 0 0 0 0 4 24 4 5 6 1 2 24 4 5 6 1 4 24 4 5 6 1 5 24 4 5 6 1 6 24 4 5 6 2 0 24 4 5 6 2 1 24 4 5 6 2 2 24 4 5 6 2 4 24 4 5 6 3 2 24 0 0 0 3 4 24 0 0 0 3 5 24 0 0 0 3 6 24 0 0 0 4 0 24 0 0 0 4 1 24 0 0 0 4 2 24 0 0 0 4 4 24 0 0 0 5 2 24 0 0 0 5 3 24 4 5 6
3 1 3 4 0 3 0 4 0 5 1 2 9 0 6 1 0 1 1 1 4 0 3 0 4 0 5 1 2 1 3 6 0 0 2 4 0 6 20 0 0 0 1 0 6 0 0 2 1 1 6 0 0 2 1 4 6 0 0 2
6 4 3 4 0 4 1 3 2 3 3 3 16 0 3 1 4 3 0 3 1 3 2 3 4 4 2 4 4 4 5 4 6 5 4 0 4 1 3 2 3 3 3 4 3 0 3 0 3 11 0 3 0 3 0 3 1 4 24 1 5 0 3 0 0 3 0 3 3 1 0 3 0 3 3 2 0 3 0 3 3 4 0 3 0 3 4 2 0 3 0 3 4 4 0 3 0 3 4 5 0 3 0 3 4 6 0 3 0 3 5 4 0 3 0 3
6 1 3 4 1 4 2 3 3 3 4 3 15 0 3 0 4 3 4 3 5 4 0 4 1 4 2 4 4 5 2 5 4 1 3 1 4 2 3 3 3 4 3 1 3 0 3 10 0 3 1 3 0 3 0 4 61 1 5 0 3 4 1 3 0 3 3 5 1 3 0 3 4 0 1 3 0 3 4 1 1 3 0 3 4 2 1 3 0 3 4 4 1 3 0 3 5 2 1 3 0 3 5 4 1 3 0 3
7 2 5 3 3 2 3 3 3 4 21 0 1 1 1 1 3 2 0 2 1 2 2 2 3 2 4 2 6 2 7 3 1 3 5 3 6 4 1 4 2 5 2 6 2 2 5 3 2 3 3 3 4 69 4 3 7 17 0 1 69 4 3 7 1 1 69 4 3 7 1 3 69 4 3 7 2 0 69 4 3 7 2 1 69 4 3 7 2 2 69 4 3 7 2 3 70 7 6 5 2 4 71 7 6 6 2 6 70 7 6 5 2 7 71 7 6 6 3 1 71 7 6 6 3 5 69 4 3 7 3 6 69 4 3 7 4 1 69 4 3 7 4 2 69 4 3 7 5 2 69 4 3 7 6 2 69 4 3 7
6 1 3 3 2 3 3 3 4 3 24 0 3 0 4 1 2 1 4 1 5 1 6 2 0 2 1 2 2 2 4 3 2 3 4 3 5 3 6 4 0 4 1 4 2 4 4 5 2 5 3 1 3 2 3 3 3 4 3 24 0 0 0 20 0 3 24 0 0 0 0 4 24 4 5 6 1 2 24 4 5 6 1 4 24 4 5 6 1 5 24 4 5 6 1 6 24 4 5 6 2 0 24 4 5 6 2 1 24 4 5 6 2 2 24 4 5 6 2 4 24 4 5 6 3 2 24 0 0 0 3 4 24 0 0 0 3 5 24 0 0 0 3 6 24 0 0 0 4 0 24 0 0 0 4 1 24 0 0 0 4 2 24 0 0 0 4 4 24 0 0 0 5 2 24 0 0 0 5 3 24 4 5 6
9 3 3 2 3 4 3 5 40 0 3 0 4 0 5 1 3 1 4 1 5 2 2 2 3 2 4 2 5 2 6 3 1 3 2 3 6 3 7 4 0 4 1 4 2 4 3 4 4 4 5 4 6 4 7 4 8 5 2 5 3 5 4 5 5 5 6 6 2 6 3 6 4 6 5 6 6 7 2 7 4 7 6 3 3 3 4 3 5 67 0 1 0 37 0 3 67 0 1 0 0 4 68 2 6 2 0 5 67 0 1 0 1 3 67 0 1 0 1 4 68 2 6 2 1 5 67 0 1 0 2 2 67 0 1 0 2 3 67 0 1 0 2 4 72 1 6 1 2 5 67 5 1 8 2 6 67 5 1 8 3 1 68 2 6 2 3 2 26 2 7 2 3 6 26 7 7 6 3 7 73 3 0 1 4 0 68 2 6 2 4 1 68 2 6 2 4 2 68 2 6 2 4 3 26 7 7 6 4 4 67 0 1 0 4 5 26 2 7 2 4 6 73 3 0 1 4 7 73 3 0 1 4 8 68 2 6 2 5 2 68 2 6 2 5 3 68 2 6 2 5 4 67 0 1 0 5 5 68 2 6 2 5 6 73 3 0 1 6 2 68 2 6 2 6 3 68 2 6 2 6 4 67 0 1 0 6 5 68 2 6 2 6 6 73 3 0 1 7 2 68 2 6 2 7 4 68 2 6 2 7 6 68 2 6 2
3 1 2 4 0 3 0 4 0 5 1 3 9 0 6 1 0 1 1 1 4 0 3 0 4 0 5 1 2 1 3 6 0 0 2 4 0 6 20 0 0 0 1 0 6 0 0 2 1 1 6 0 0 2 1 4 6 0 0 2
2 1 1 5 0 3 0 4 0 5 1 2 1 3 8 0 2 1 0 0 3 0 4 0 5 1 1 1 2 1 3 6 4 1 4 2 0 2 6 4 1 4 1 0 19 0 0 1
3 1 2 4 0 3 0 4 0 5 1 3 9 0 2 0 6 1 0 1 1 0 3 0 4 0 5 1 2 1 3 6 0 0 2 4 0 2 6 0 0 2 0 6 76 0 0 0 1 0 6 0 0 2 1 1 6 0 0 2
4 3 4 5 0 3 1 3 2 3 2 4 3 3 12 2 5 3 0 3 1 3 2 4 2 4 4 0 3 1 3 2 3 2 4 3 3 3 4 1 2 4 3 6 2 5 1 2 4 3 3 0 1 2 4 3 3 1 1 2 4 3 3 2 1 2 4 3 4 2 1 2 4 3 4 4 59 0 0 0
5 4 3 4 1 3 2 3 3 3 3 4 18 0 4 1 4 2 4 3 5 4 0 4 1 4 2 4 4 5 2 5 3 5 4 6 2 6 4 1 3 2 3 3 3 3 4 4 3 3 2 6 3 13 0 4 78 0 1 0 1 4 78 0 1 0 2 4 78 0 1 0 3 5 3 2 6 3 4 0 3 2 6 3 4 1 3 2 6 3 4 2 3 2 6 3 4 4 5 7 6 4 5 2 3 2 6 3 5 3 78 0 1 0 5 4 5 7 6 4 6 2 3 2 6 3 6 4 5 7 6 4
6 2 2 3 1 4 2 3 2 4 24 0 4 1 0 1 1 1 2 1 3 1 5 1 6 1 7 2 1 2 5 2 6 3 0 3 1 3 2 3 3 3 5 3 6 3 7 4 5 5 5 1 4 2 2 2 3 2 4 75 4 2 7 20 0 4 75 4 2 7 1 0 75 4 2 7 1 1 75 4 2 7 1 2 75 4 2 7 1 3 77 4 2 7 1 5 30 4 3 7 1 6 30 4 3 7 1 7 30 4 3 7 2 1 79 2 5 1 2 5 75 4 2 7 2 6 75 4 2 7 3 0 75 4 2 7 3 1 75 4 2 7 3 2 75 4 2 7 3 3 75 4 2 7 3 5 75 4 2 7 3 6 75 4 2 7 3 7 75 4 2 7 4 5 75 4 2 7 5 5 75 4 2 7
2 1 0 5 0 3 1 1 1 2 1 3 2 3 8 0 4 2 4 0 3 1 0 1 1 1 2 1 3 2 3 1 5 1 4 2 0 4 1 5 1 4 2 4 1 4 1 4
6 3 5 4 1 4 2 4 3 3 3 4 22 0 4 2 0 2 1 2 2 2 5 2 6 2 7 3 1 3 2 3 6 4 0 4 1 4 2 4 3 4 5 5 5 6 5 1 4 2 4 3 3 3 4 3 5 81 3 0 3 17 0 4 53 0 2 0 2 0 81 3 0 3 2 1 81 3 0 3 2 2 81 3 0 3 2 5 81 3 0 3 2 6 81 3 0 3 2 7 81 3 0 3 3 1 81 3 0 3 3 2 81 3 0 3 3 6 81 3 0 3 4 0 81 3 0 3 4 1 81 3 0 3 4 2 81 3 0 3 4 3 75 2 6 4 4 5 53 0 2 0 5 5 81 3 0 3 6 5 81 3 0 3
2 0 3 6 1 0 1 1 1 2 1 3 2 2 3 2 9 0 4 4 2 0 3 1 0 1 1 1 2 1 3 2 2 3 2 6 3 0 2 2 0 4 6 3 0 2 4 2 1 4 1 4
4 1 2 5 1 3 1 4 1 5 2 3 3 3 16 0 1 0 2 1 1 2 0 2 1 2 2 2 4 2 5 2 6 4 3 1 2 1 3 1 4 1 5 2 3 3 3 83 5 0 5 10 0 1 3 0 1 0 0 2 3 0 1 0 1 1 83 5 0 5 2 0 83 5 0 5 2 1 83 5 0 5 2 2 83 5 0 5 2 4 83 5 0 5 2 5 83 5 0 5 2 6 83 5 0 5 4 3 3 0 1 0
4 1 5 5 1 2 1 3 1 4 2 4 3 4 16 0 0 0 1 0 2 0 5 0 6 1 1 2 0 2 1 2 2 4 4 1 2 1 3 1 4 1 5 2 4 3 4 83 0 0 2 10 0 0 83 0 0 2 0 1 83 0 0 2 0 2 83 0 0 2 0 5 14 6 0 5 0 6 14 6 0 5 1 1 83 0 0 2 2 0 83 0 0 2 2 1 83 0 0 2 2 2 83 0 0 2 4 4 14 6 0 5
5 1 5 4 1 3 1 4 2 3 3 3 21 0 1 0 2 0 5 0 6 0 7 1 1 1 2 1 6 2 0 2 1 2 2 2 4 2 5 2 6 2 7 4 3 1 3 1 4 1 5 2 3 3 3 75 0 1 0 16 0 1 75 0 1 0 0 2 75 0 1 0 0 5 75 0 1 0 0 6 75 0 1 0 0 7 75 0 1 0 1 1 75 0 1 0 1 2 75 0 1 0 1 6 84 0 0 0 2 0 85 5 0 7 2 1 85 5 0 7 2 2 85 5 0 7 2 4 85 5 0 7 2 5 75 0 1 0 2 6 75 0 1 0 2 7 75 0 1 0 4 3 75 0 1 0
7 3 3 3 1 4 2 4 3 4 27 0 4 2 0 2 1 2 2 2 3 2 5 2 6 2 7 3 1 3 2 3 5 3 6 4 0 4 1 4 2 4 3 4 5 4 6 4 7 5 3 5 5 6 3 6 5 1 4 2 4 3 3 3 4 75 7 6 4 23 0 4 80 0 1 0 2 0 75 7 6 4 2 1 75 7 6 4 2 2 75 7 6 4 2 3 82 0 0 0 2 5 75 7 6 4 2 6 75 7 6 4 2 7 75 7 6 4 3 1 75 7 6 4 3 2 75 7 6 4 3 5 75 7 6 4 3 6 75 7 6 4 4 0 75 7 6 4 4 1 75 7 6 4 4 2 75 7 6 4 4 3 86 4 4 7 4 5 75 7 6 4 4 6 75 7 6 4 4 7 75 7 6 4 5 3 86 4 4 7 5 5 75 7 6 4 6 3 86 4 4 7 6 5 75 7 6 4
6 4 3 4 0 3 1 3 2 3 3 3 18 0 4 1 2 1 4 1 5 1 6 2 0 2 1 2 2 2 4 3 2 4 2 5 2 5 3 0 3 1 3 2 3 3 3 4 3 2 7 5 3 13 0 4 2 7 5 3 1 2 2 7 5 3 1 4 2 7 5 3 1 5 2 7 5 3 1 6 2 7 5 3 2 0 2 7 5 3 2 1 2 7 5 3 2 2 2 7 5 3 2 4 2 7 5 3 3 2 24 0 0 0 4 2 24 0 0 0 5 2 24 0 0 0 5 3 2 7 5 3
7 2 3 3 3 3 4 3 5 3 24 0 3 0 4 1 3 1 4 2 4 3 2 3 4 3 5 3 6 4 0 4 1 4 2 4 4 5 2 5 4 5 5 5 6 6 3 6 4 7 4 2 3 3 3 4 3 5 3 13 2 6 3 20 0 3 13 2 6 3 0 4 3 2 7 3 1 3 3 2 7 3 1 4 24 1 6 0 2 4 24 1 6 0 3 2 13 2 6 3 3 4 13 2 6 3 3 5 13 2 6 3 3 6 13 2 6 3 4 0 13 2 6 3 4 1 13 2 6 3 4 2 13 2 6 3 4 4 3 2 7 3 5 2 13 2 6 3 5 4 88 4 5 6 5 5 13 2 6 3 5 6 13 2 6 3 6 3 13 2 6 3 6 4 88 4 5 6 7 4 13 2 6 3
6 4 3 4 0 3 1 3 2 3 3 3 18 0 4 1 2 1 4 1 5 1 6 2 0 2 1 2 2 2 4 3 4 4 4 5 3 5 4 0 3 1 3 2 3 3 3 4 3 2 2 5 3 13 0 4 2 2 5 3 1 2 2 2 5 3 1 4 2 2 5 3 1 5 2 2 5 3 1 6 2 2 5 3 2 0 2 2 5 3 2 1 2 2 5 3 2 2 2 2 5 3 2 4 2 2 5 3 3 4 24 0 0 0 4 4 24 0 0 0 5 3 2 2 5 3 5 4 24 0 0 0
7 2 3 3 3 3 4 3 5 3 24 0 3 0 4 1 3 1 4 2 4 3 0 3 1 3 2 3 4 4 2 4 4 4 5 4 6 5 0 5 1 5 2 5 4 6 2 6 3 7 2 2 3 3 3 4 3 5 3 5 3 0 2 20 0 3 5 3 0 2 0 4 5 7 7 4 1 3 5 7 7 4 1 4 24 4 6 6 2 4 24 4 6 6 3 0 5 3 0 2 3 1 5 3 0 2 3 2 5 3 0 2 3 4 5 3 0 2 4 2 5 7 7 4 4 4 5 3 0 2 4 5 5 3 0 2 4 6 5 3 0 2 5 0 5 3 0 2 5 1 5 3 0 2 5 2 90 1 5 0 5 4 5 3 0 2 6 2 90 1 5 0 6 3 5 3 0 2 7 2 5 3 0 2
10 4 4 2 2 4 3 4 39 0 5 1 4 1 5 2 3 2 5 2 6 2 7 3 0 3 1 3 2 3 3 3 5 3 6 3 7 4 1 4 2 4 3 4 5 4 6 4 7 5 0 5 1 5 2 5 3 5 4 5 5 5 6 5 7 6 3 6 4 6 5 6 6 6 7 7 3 7 4 7 5 2 4 3 4 4 4 31 6 0 5 36 0 5 87 0 1 0 1 4 57 5 1 7 1 5 87 0 1 0 2 3 31 6 0 5 2 5 87 0 1 0 2 6 31 6 0 5 2 7 31 6 0 5 3 0 31 6 0 5 3 1 31 6 0 5 3 2 31 6 0 5 3 3 31 6 0 5 3 5 31 6 0 5 3 6 31 6 0 5 3 7 31 6 0 5 4 1 31 6 0 5 4 2 31 6 0 5 4 3 15 6 0 5 4 5 53 7 7 5 4 6 31 6 0 5 4 7 31 6 0 5 5 0 31 6 0 5 5 1 31 6 0 5 5 2 31 6 0 5 5 3 89 1 7 1 5 4 87 0 1 0 5 5 91 4 7 7 5 6 31 6 0 5 5 7 31 6 0 5 6 3 89 1 7 1 6 4 87 0 1 0 6 5 91 4 7 7 6 6 31 6 0 5 6 7 31 6 0 5 7 3 89 1 7 1 7 4 31 6 0 5 7 5 91 4 7 7
2 1 0 7 0 2 0 3 0 4 1 1 2 1 3 1 4 1 10 0 0 0 1 0 2 0 3 0 4 1 0 1 1 2 1 3 1 4 1 19 0 0 0 2 0 0 19 0 0 0 0 1 1 6 0 1
3 1 1 6 0 2 0 3 0 4 2 1 3 1 4 1 11 0 0 0 1 1 0 1 2 0 2 0 3 0 4 1 1 2 1 3 1 4 1 0 3 0 1 4 0 0 0 3 0 1 0 1 0 3 0 1 1 0 0 3 0 1 1 2 93 0 0 0
4 4 1 8 0 2 0 3 0 4 2 1 3 1 3 2 3 3 3 4 15 0 0 0 1 1 0 1 1 1 2 4 0 0 2 0 3 0 4 2 1 3 1 3 2 3 3 3 4 4 1 1 0 3 0 6 0 0 1 0 3 0 0 1 1 0 3 0 1 0 1 0 3 0 1 1 1 0 3 0 1 2 1 0 3 0 4 0 94 0 0 0
5 2 1 7 0 2 0 3 0 4 3 1 3 2 3 3 3 4 16 0 0 0 1 1 0 1 1 1 2 2 0 4 0 4 1 0 2 0 3 0 4 2 1 3 1 3 2 3 3 3 4 1 1 3 0 8 0 0 1 1 3 0 0 1 1 1 3 0 1 0 1 1 3 0 1 1 1 1 3 0 1 2 1 1 3 0 2 0 95 0 0 0 4 0 1 1 3 0 4 1 1 1 3 0
6 2 1 8 0 1 0 4 1 1 1 2 1 3 1 4 2 4 3 4 19 2 0 2 2 3 1 3 2 3 3 3 5 4 1 4 2 4 3 4 5 0 1 0 4 1 1 1 2 1 3 1 4 2 1 2 4 3 4 1 0 1 0 10 2 0 96 2 4 1 2 2 1 0 1 0 3 1 1 0 1 0 3 2 1 0 1 0 3 3 1 0 1 0 3 5 1 0 1 0 4 1 1 0 1 0 4 2 1 0 1 0 4 3 1 0 1 0 4 5 1 0 1 0
7 0 1 7 0 4 1 1 1 2 1 3 1 4 2 4 3 4 20 0 0 2 0 2 1 2 2 3 1 3 2 3 3 3 5 4 1 4 2 4 3 4 5 0 1 0 4 1 1 1 2 1 3 1 4 2 4 3 4 1 1 1 0 12 0 0 97 0 0 0 2 0 1 1 1 0 2 1 1 1 1 0 2 2 1 1 1 0 3 1 1 1 1 0 3 2 1 1 1 0 3 3 1 1 1 0 3 5 1 1 1 0 4 1 1 1 1 0 4 2 1 1 1 0 4 3 1 1 1 0 4 5 1 1 1 0
8 1 1 6 1 2 1 3 1 4 2 3 3 3 4 3 23 0 0 0 1 1 0 2 0 2 1 2 4 2 5 3 0 3 1 3 2 4 0 4 1 4 2 4 4 5 2 5 4 1 1 1 2 1 3 1 4 2 3 3 3 4 3 47 0 1 0 16 0 0 47 0 1 0 0 1 47 0 1 0 1 0 98 7 5 4 2 0 47 0 1 0 2 1 47 0 1 0 2 4 98 7 5 4 2 5 98 7 5 4 3 0 47 0 1 0 3 1 47 0 1 0 3 2 47 0 1 0 4 0 47 0 1 0 4 1 47 0 1 0 4 2 47 0 1 0 4 4 47 0 1 0 5 2 47 0 1 0 5 4 47 0 1 0
9 1 4 5 1 2 1 3 2 3 3 3 4 3 24 0 0 0 1 0 4 1 0 1 1 2 0 2 1 2 4 2 5 3 0 3 1 3 2 4 0 4 1 4 2 4 4 5 2 5 4 1 2 1 3 1 4 2 3 3 3 4 3 1 3 0 3 18 0 0 1 3 0 3 0 1 1 3 0 3 0 4 99 0 0 0 1 0 1 3 0 3 1 1 1 3 0 3 2 0 1 3 0 3 2 1 1 3 0 3 2 4 1 3 0 3 2 5 1 3 0 3 3 0 1 3 0 3 3 1 1 3 0 3 3 2 1 3 0 3 4 0 1 3 0 3 4 1 1 3 0 3 4 2 1 3 0 3 4 4 1 3 0 3 5 2 1 3 0 3 5 4 1 3 0 3
10 1 2 4 1 3 2 3 3 3 4 3 25 0 0 0 1 0 2 0 4 1 0 1 1 1 4 2 0 2 1 2 4 2 5 3 0 3 1 3 2 4 0 4 1 4 2 4 4 5 2 5 4 1 2 1 3 2 3 3 3 4 3 1 6 0 3 20 0 0 1 6 0 3 0 1 1 6 0 3 0 2 100 0 0 0 0 4 1 6 0 3 1 0 1 6 0 3 1 1 1 6 0 3 1 4 1 6 0 3 2 0 1 6 0 3 2 1 1 6 0 3 2 4 1 6 0 3 2 5 1 6 0 3 3 0 1 6 0 3 3 1 1 6 0 3 3 2 1 6 0 3 4 0 1 6 0 3 4 1 1 6 0 3 4 2 1 6 0 3 4 4 1 6 0 3 5 2 1 6 0 3 5 4 1 6 0 3
11 4 3 3 1 3 2 3 3 3 28 0 0 0 1 0 2 0 4 1 0 1 1 1 2 1 4 2 0 2 1 2 4 2 5 3 0 3 1 3 2 4 0 4 1 4 2 4 4 5 2 5 3 5 4 6 2 6 4 1 3 2 3 3 3 4 3 3 2 6 3 24 0 0 3 2 6 3 0 1 3 2 6 3 0 2 3 2 6 3 0 4 14 0 1 2 1 0 3 2 6 3 1 1 3 2 6 3 1 2 3 2 6 3 1 4 14 0 1 2 2 0 3 2 6 3 2 1 3 2 6 3 2 4 14 0 1 2 2 5 3 2 6 3 3 0 3 2 6 3 3 1 3 2 6 3 3 2 3 2 6 3 4 0 3 2 6 3 4 1 3 2 6 3 4 2 3 2 6 3 4 4 5 7 6 4 5 2 3 2 6 3 5 3 101 0 0 0 5 4 5 7 6 4 6 2 3 2 6 3 6 4 5 7 6 4
12 2 5 2 2 3 2 4 35 0 4 1 0 1 1 1 2 1 3 1 4 1 5 1 6 1 7 1 8 2 1 2 2 2 6 2 7 3 0 3 1 3 2 3 3 3 5 3 6 3 7 3 8 4 2 4 3 4 4 4 5 4 6 5 2 5 3 5 4 5 5 5 6 2 3 2 4 2 5 31 0 1 1 32 0 4 31 0 1 1 1 0 31 0 1 1 1 1 31 1 3 1 1 2 31 1 3 1 1 3 31 1 3 1 1 4 31 0 1 1 1 5 31 4 3 7 1 6 31 4 3 7 1 7 31 4 3 7 1 8 31 4 3 7 2 1 31 0 1 1 2 2 102 2 5 2 2 6 102 7 5 6 2 7 31 4 3 7 3 0 31 0 1 1 3 1 31 0 1 1 3 2 31 0 1 1 3 3 31 0 1 1 3 5 31 5 1 7 3 6 31 5 1 7 3 7 31 5 1 7 3 8 31 4 3 7 4 2 31 0 1 1 4 3 31 0 1 1 4 4 31 0 1 1 4 5 31 0 1 1 4 6 31 0 1 1 5 2 31 0 1 1 5 3 31 0 1 1 5 4 31 0 1 1 5 5 31 0 1 1 5 6 31 0 1 1
10 2 3 2 2 4 2 5 36 0 4 1 0 1 1 1 2 1 4 1 5 1 6 1 7 1 8 2 1 2 2 2 6 2 7 3 0 3 1 3 2 3 3 3 4 3 5 3 6 3 7 3 8 4 3 4 4 4 5 4 6 4 7 5 4 5 5 5 6 5 7 6 5 6 7 2 3 2 4 2 5 30 0 1 0 33 0 4 30 0 1 0 1 0 30 1 3 0 1 1 30 1 3 0 1 2 30 1 3 0 1 4 31 1 3 1 1 5 15 1 3 1 1 6 15 4 3 7 1 7 15 4 3 7 1 8 30 0 1 0 2 1 31 1 3 1 2 2 46 5 1 8 2 6 52 7 5 6 2 7 30 0 1 0 3 0 30 0 1 0 3 1 30 0 1 0 3 2 30 0 1 0 3 3 30 0 1 0 3 4 31 1 3 1 3 5 53 0 1 0 3 6 53 0 1 0 3 7 53 0 1 0 3 8 30 0 1 0 4 3 30 0 1 0 4 4 30 0 1 0 4 5 30 0 1 0 4 6 30 0 1 0 4 7 30 0 1 0 5 4 30 0 1 0 5 5 30 0 1 0 5 6 30 0 1 0 5 7 30 0 1 0 6 5 30 0 1 0 6 7 30 0 1 0
4 1 2 4 0 5 1 3 1 4 1 5 13 0 0 0 1 0 2 0 6 1 1 2 0 2 1 2 2 0 5 1 2 1 3 1 4 1 5 1 4 1 6 8 0 0 1 4 1 6 0 1 1 4 1 6 0 2 1 4 1 6 0 6 14 6 0 5 1 1 1 4 1 6 2 0 1 4 1 6 2 1 1 4 1 6 2 2 1 4 1 6
2 1 0 5 0 2 0 3 0 4 1 1 1 2 8 0 1 1 3 0 2 0 3 0 4 1 0 1 1 1 2 19 4 1 4 2 0 1 19 4 1 4 1 3 19 0 0 0
3 1 1 4 0 2 0 3 0 4 1 2 9 0 1 0 5 1 0 1 3 0 2 0 3 0 4 1 1 1 2 6 0 0 1 4 0 1 6 0 0 1 0 5 106 0 0 0 1 0 6 0 0 1 1 3 6 0 0 1
8 4 4 3 2 3 2 4 3 4 32 0 3 1 3 1 4 3 0 3 1 3 2 3 3 3 5 3 6 3 7 4 1 4 2 4 3 4 5 4 6 5 0 5 1 5 2 5 3 5 4 5 5 5 6 5 7 6 3 6 4 6 5 7 3 7 5 2 3 2 4 3 4 4 4 107 6 0 4 28 0 3 105 2 7 3 1 3 87 0 1 0 1 4 105 2 7 3 3 0 107 6 0 4 3 1 107 6 0 4 3 2 107 6 0 4 3 3 105 2 7 3 3 5 107 6 0 4 3 6 107 6 0 4 3 7 107 6 0 4 4 1 107 6 0 4 4 2 107 6 0 4 4 3 107 6 0 4 4 5 107 6 0 4 4 6 107 6 0 4 5 0 107 6 0 4 5 1 107 6 0 4 5 2 107 6 0 4 5 3 107 6 0 4 5 4 87 0 1 0 5 5 107 6 0 4 5 6 107 6 0 4 5 7 107 6 0 4 6 3 107 6 0 4 6 4 107 6 0 4 6 5 107 6 0 4 7 3 107 6 0 4 7 5 107 6 0 4
6 2 5 3 2 2 2 3 2 4 19 0 5 1 5 1 6 1 7 2 1 2 6 3 0 3 1 3 2 3 3 3 4 3 5 3 6 4 4 5 4 2 2 2 3 2 4 2 5 3 0 2 0 15 0 5 3 0 2 0 1 5 3 0 2 0 1 6 3 0 2 0 1 7 3 0 2 0 2 1 5 4 3 7 2 6 3 0 2 0 3 0 5 4 3 7 3 1 10 7 5 6 3 2 10 7 5 6 3 3 3 0 2 0 3 4 5 4 3 7 3 5 5 4 3 7 3 6 5 4 3 7 4 4 3 0 2 0 5 4 3 0 2 0
6 4 3 3 1 3 2 3 3 3 19 0 2 0 3 1 2 2 2 3 0 3 1 3 2 4 2 4 4 4 5 5 2 5 3 5 4 6 2 6 4 1 3 2 3 3 3 4 3 14 0 1 2 15 0 2 14 0 1 2 0 3 13 6 0 3 1 2 14 0 1 2 2 2 14 0 1 2 3 0 13 6 0 3 3 1 13 6 0 3 3 2 13 6 0 3 4 2 5 2 6 2 4 4 13 6 0 3 4 5 13 6 0 3 5 2 5 2 6 2 5 3 10 1 5 0 5 4 13 6 0 3 6 2 5 2 6 2 6 4 13 6 0 3
2 1 3 5 0 3 0 4 0 5 1 1 1 2 8 1 0 1 4 0 3 0 4 0 5 1 1 1 2 1 3 19 4 1 5 2 1 0 19 4 1 5 1 4 6 4 1 4
3 1 1 4 0 3 0 4 0 5 1 2 9 0 2 1 0 1 3 1 4 0 3 0 4 0 5 1 1 1 2 19 0 0 1 4 0 2 111 0 0 0 1 0 19 0 0 1 1 3 19 0 0 1 1 4 19 0 0 1
5 1 3 4 1 4 2 3 3 3 4 3 13 0 2 0 4 1 2 1 5 2 0 2 1 2 2 5 3 1 3 1 4 2 3 3 3 4 3 1 3 0 3 8 0 2 1 3 0 3 0 4 9 0 0 0 1 2 1 3 0 3 1 5 1 3 0 3 2 0 1 3 0 3 2 1 1 3 0 3 2 2 1 3 0 3 5 3 1 3 0 3
3 1 4 5 0 4 1 1 1 2 1 3 2 3 10 0 5 1 0 2 4 2 5 0 4 1 1 1 2 1 3 1 4 2 3 1 4 1 5 4 0 5 47 0 1 0 1 0 1 4 1 5 2 4 1 4 1 5 2 5 1 4 1 5
4 1 1 4 0 4 1 2 1 3 2 3 13 0 2 0 3 0 5 0 6 1 0 1 4 2 4 2 5 0 4 1 1 1 2 1 3 2 3 22 0 0 0 8 0 2 22 0 0 0 0 3 114 0 0 0 0 5 22 0 0 0 0 6 22 0 0 0 1 0 112 4 1 6 1 4 22 0 0 0 2 4 112 4 1 6 2 5 22 0 0 0
3 1 1 5 0 4 1 2 1 3 1 4 2 3 10 0 3 0 5 1 0 2 4 0 4 1 1 1 2 1 3 1 4 2 3 1 4 1 5 4 0 3 1 4 1 5 0 5 22 0 0 0 1 0 1 4 1 5 2 4 1 4 1 5
4 1 4 5 0 4 1 2 1 3 2 3 3 3 12 0 3 0 5 1 0 1 1 2 4 4 3 0 4 1 2 1 3 1 4 2 3 3 3 6 3 0 3 6 0 3 6 3 0 3 0 5 6 3 0 3 1 0 6 3 0 3 1 1 6 3 0 3 2 4 6 3 0 3 4 3 116 0 0 0
5 3 4 4 1 3 2 3 3 3 4 2 17 0 3 2 1 2 2 3 2 3 5 3 6 4 0 4 1 4 3 4 4 5 4 6 4 1 3 2 3 3 3 3 4 4 2 22 3 0 2 12 0 3 115 4 4 6 2 1 22 3 0 2 2 2 22 3 0 2 3 2 77 2 6 3 3 5 22 3 0 2 3 6 22 3 0 2 4 0 22 3 0 2 4 1 22 3 0 2 4 3 22 3 0 2 4 4 117 4 4 6 5 4 22 3 0 2 6 4 22 3 0 2
6 4 4 3 1 3 2 3 3 3 19 0 3 2 4 2 5 3 0 3 1 3 2 3 4 4 2 4 3 4 5 4 6 5 2 5 4 6 2 6 4 1 3 2 3 3 3 4 4 112 2 6 3 15 0 3 112 2 6 3 2 4 113 1 5 0 2 5 69 2 6 3 3 0 69 2 6 3 3 1 69 2 6 3 3 2 69 2 6 3 3 4 113 1 5 0 4 2 69 2 6 3 4 3 69 2 6 3 4 5 69 2 6 3 4 6 69 2 6 3 5 2 69 2 6 3 5 4 118 5 0 6 6 2 69 2 6 3 6 4 113 1 5 0
6 2 5 3 2 2 2 3 2 4 19 0 4 1 4 1 5 1 6 2 1 2 6 3 0 3 1 3 2 3 3 3 5 3 6 3 7 4 5 5 5 2 2 2 3 2 4 2 5 33 5 2 7 15 0 4 33 5 2 7 1 4 33 5 2 7 1 5 33 5 2 7 1 6 33 5 2 7 2 1 33 5 2 7 2 6 5 0 1 0 3 0 33 5 2 7 3 1 61 7 5 6 3 2 61 7 5 6 3 3 5 0 1 0 3 5 5 0 1 0 3 6 5 0 1 0 3 7 5 0 1 0 4 5 33 5 2 7 5 5 33 5 2 7
3 1 4 6 0 2 0 3 0 4 0 5 0 6 1 3 11 0 0 0 1 0 7 1 5 0 2 0 3 0 4 0 5 0 6 1 3 1 4 6 0 0 3 4 0 0 6 0 0 3 0 1 6 0 0 3 0 7 58 0 0 0 1 5 6 0 0 3
4 1 3 5 0 2 0 3 0 4 0 5 0 6 12 0 0 0 1 0 7 1 2 1 4 1 5 0 2 0 3 0 4 0 5 0 6 1 3 1 0 0 2 6 0 0 1 0 0 2 0 1 1 0 0 2 0 7 1 0 0 2 1 2 121 0 0 0 1 4 1 0 0 2 1 5 1 0 0 2
5 0 2 4 0 3 0 4 0 5 0 6 15 0 1 0 7 0 8 1 0 1 1 1 2 1 3 1 4 1 5 1 6 0 2 0 3 0 4 0 5 0 6 2 0 0 1 10 0 1 2 0 0 1 0 7 2 0 0 1 0 8 2 0 0 1 1 0 2 0 0 1 1 1 122 5 0 8 1 2 122 5 0 8 1 3 3 0 0 0 1 4 2 0 0 1 1 5 2 0 0 1 1 6 2 0 0 1
5 1 6 4 1 2 1 3 1 4 1 5 15 0 5 0 6 0 7 1 0 1 1 1 7 2 2 2 3 2 4 2 5 1 2 1 3 1 4 1 5 1 6 2 4 1 7 10 0 5 122 0 1 0 0 6 122 0 1 0 0 7 122 0 1 0 1 0 2 4 1 7 1 1 2 4 1 7 1 7 2 4 1 7 2 2 2 4 1 7 2 3 2 4 1 7 2 4 2 4 1 7 2 5 2 4 1 7
4 1 2 4 1 3 1 4 1 5 1 6 15 0 5 0 6 0 7 1 1 2 0 2 1 2 2 2 4 2 5 2 6 1 2 1 3 1 4 1 5 1 6 2 4 1 7 10 0 5 3 0 1 0 0 6 3 0 1 0 0 7 3 0 1 0 1 1 2 4 1 7 2 0 2 4 1 7 2 1 2 4 1 7 2 2 2 4 1 7 2 4 2 4 1 7 2 5 2 4 1 7 2 6 2 4 1 7
6 1 3 3 1 4 1 5 1 6 19 0 5 0 6 0 7 0 8 1 1 1 2 1 7 1 8 2 0 2 1 2 2 2 3 2 4 2 5 2 6 1 3 1 4 1 5 1 6 5 4 2 8 15 0 5 5 4 2 8 0 6 123 0 1 0 0 7 123 0 1 0 0 8 5 0 0 1 1 1 5 0 0 1 1 2 5 4 2 8 1 7 5 0 0 1 1 8 5 0 0 1 2 0 5 0 0 1 2 1 5 4 2 8 2 2 124 0 0 1 2 3 125 0 0 0 2 4 5 0 0 1 2 5 5 0 0 1 2 6 5 0 0 1
10 3 6 2 3 4 3 5 39 0 4 0 5 0 6 0 7 0 8 1 4 1 5 1 6 1 7 1 8 2 0 2 1 2 2 2 3 2 4 2 5 2 6 2 7 2 8 2 9 3 1 3 2 3 3 3 7 3 8 4 4 4 5 4 6 4 7 4 8 4 9 5 5 5 6 5 7 6 5 6 7 3 4 3 5 3 6 11 1 5 1 36 0 4 11 1 5 1 0 5 109 1 5 2 0 6 11 1 5 1 0 7 11 1 5 1 0 8 11 1 5 1 1 4 11 1 5 1 1 5 109 1 5 2 1 6 11 1 5 1 1 7 11 1 5 1 1 8 11 1 5 1 2 0 11 1 5 1 2 1 109 1 5 2 2 2 110 3 0 3 2 3 119 3 0 3 2 4 119 3 0 3 2 5 67 1 5 1 2 6 120 1 5 2 2 7 126 1 4 0 2 8 11 1 5 1 2 9 11 1 5 1 3 1 11 1 5 1 3 2 109 1 5 2 3 3 57 3 0 3 3 7 52 6 0 7 3 8 11 1 5 1 4 4 11 1 5 1 4 5 11 1 5 1 4 6 109 1 5 2 4 7 89 2 6 1 4 8 67 1 5 1 4 9 11 1 5 1 5 5 11 1 5 1 5 6 109 1 5 2 5 7 11 1 5 1 6 5 11 1 5 1 6 7 11 1 5 1
3 1 1 6 0 3 0 4 1 2 1 3 1 4 1 5 11 1 0 2 0 2 1 2 2 0 3 0 4 1 1 1 2 1 3 1 4 1 5 6 4 1 4 4 1 0 2 0 1 0 2 0 6 4 1 4 2 1 6 4 1 4 2 2 6 4 1 4
2 0 1 6 0 2 0 3 0 4 1 1 1 3 1 4 9 0 0 1 0 0 1 0 2 0 3 0 4 1 1 1 3 1 4 1 0 0 0 2 0 0 1 0 0 0 1 0 6 5 0 4
3 2 3 7 0 2 0 3 1 0 1 1 1 2 1 3 3 2 12 2 4 3 3 4 2 4 3 0 2 0 3 1 0 1 1 1 2 1 3 2 3 3 2 1 5 1 4 4 2 4 129 7 4 3 3 3 1 5 1 4 4 2 1 5 1 4 4 3 1 5 1 4
4 0 3 6 0 2 1 0 1 1 1 2 1 3 3 2 13 0 4 2 3 2 4 3 3 4 2 4 3 0 2 0 3 1 0 1 1 1 2 1 3 3 2 1 4 1 4 6 0 4 130 0 0 0 2 3 1 4 1 4 2 4 1 4 1 4 3 3 1 4 1 4 4 2 1 4 1 4 4 3 1 4 1 4
3 0 1 6 0 2 0 3 0 4 0 5 1 3 1 4 11 0 0 1 0 1 1 1 2 0 1 0 2 0 3 0 4 0 5 1 3 1 4 6 5 0 4 4 0 0 2 0 0 0 1 0 6 5 0 4 1 1 6 5 0 4 1 2 6 5 0 4
5 1 2 6 0 3 0 4 1 3 1 4 1 5 3 3 18 0 0 0 1 0 2 1 0 1 1 2 0 2 1 2 2 3 2 4 2 4 3 0 3 0 4 1 2 1 3 1 4 1 5 3 3 128 0 0 0 11 0 0 128 0 0 0 0 1 128 0 0 0 0 2 128 0 0 0 1 0 131 5 0 5 1 1 131 5 0 5 2 0 132 1 1 0 2 1 132 1 1 0 2 2 132 1 1 0 3 2 128 0 0 0 4 2 128 0 0 0 4 3 128 0 0 0
2 3 3 7 0 2 1 2 1 3 2 0 2 1 2 2 2 3 10 3 4 4 3 0 2 1 2 1 3 2 0 2 1 2 2 2 3 3 3 6 6 0 3 2 3 4 6 6 0 3 4 3 1 5 2 4
3 2 1 6 0 2 1 2 1 3 2 0 2 2 2 3 11 1 4 3 3 3 4 4 3 0 2 1 2 1 3 2 0 2 1 2 2 2 3 1 4 2 4 4 1 4 134 0 0 0 3 3 1 4 2 4 3 4 1 4 2 4 4 3 1 4 2 4
2 0 2 5 0 1 0 3 0 4 1 3 1 4 8 0 0 1 5 0 1 0 2 0 3 0 4 1 3 1 4 1 5 0 5 2 0 0 1 5 0 5 1 5 6 5 0 4
6 2 1 5 0 3 1 3 1 4 2 3 2 4 21 1 5 2 0 2 2 3 0 3 1 3 2 3 3 3 4 3 5 4 2 4 3 4 4 5 2 5 3 5 4 0 3 1 3 1 4 2 1 2 3 2 4 136 1 2 0 15 1 5 133 7 5 4 2 0 135 0 0 1 2 2 133 7 5 4 3 0 136 1 2 0 3 1 136 1 2 0 3 2 136 1 2 0 3 3 136 1 2 0 3 4 136 1 2 0 3 5 136 1 2 0 4 2 136 1 2 0 4 3 136 1 2 0 4 4 136 1 2 0 5 2 136 1 2 0 5 3 136 1 2 0 5 4 136 1 2 0
3 0 5 4 0 3 0 4 1 2 1 3 9 0 2 0 6 1 0 1 1 0 3 0 4 0 5 1 2 1 3 6 0 0 2 4 0 2 6 0 0 2 0 6 76 0 0 0 1 0 6 0 0 2 1 1 6 0 0 2
4 3 2 4 1 3 2 3 2 4 3 3 15 0 3 2 5 2 6 3 0 3 1 3 4 4 2 4 3 5 2 6 2 1 3 2 3 2 4 3 2 3 3 138 4 3 6 10 0 3 138 4 3 6 2 5 77 7 6 3 2 6 77 7 6 3 3 0 77 7 6 3 3 1 77 7 6 3 3 4 77 7 6 3 4 2 138 4 3 6 4 3 138 4 3 6 5 2 138 4 3 6 6 2 138 4 3 6
7 1 3 4 2 3 2 4 3 3 3 4 23 0 3 2 5 2 6 3 0 3 1 3 2 4 0 4 1 4 2 4 3 4 4 4 5 5 2 5 3 5 4 6 2 6 3 6 4 1 3 2 3 2 4 3 3 3 4 7 2 5 3 18 0 3 137 0 1 0 2 5 7 2 5 3 2 6 7 2 5 3 3 0 7 2 5 3 3 1 7 2 5 3 3 2 7 2 5 3 4 0 7 2 5 3 4 1 7 2 5 3 4 2 7 2 5 3 4 3 7 2 5 3 4 4 139 0 0 0 4 5 7 2 5 3 5 2 7 2 5 3 5 3 7 2 5 3 5 4 139 0 0 0 6 2 7 2 5 3 6 3 7 2 5 3 6 4 7 2 5 3
3 1 1 6 0 3 0 4 1 2 1 3 1 4 1 5 11 1 0 2 4 2 5 2 6 0 3 0 4 1 1 1 2 1 3 1 4 1 5 6 4 1 4 4 1 0 2 5 1 6 2 4 6 4 1 4 2 5 6 4 1 4 2 6 6 4 1 4
4 3 2 5 0 3 1 3 2 3 2 4 3 3 12 2 2 2 5 2 6 3 0 3 1 4 2 0 3 1 3 2 3 2 4 3 2 3 3 1 7 4 3 6 2 2 1 7 4 3 2 5 1 7 4 3 2 6 1 7 4 3 3 0 1 7 4 3 3 1 1 7 4 3 4 2 21 4 3 6
5 4 3 5 1 3 2 3 2 4 3 3 3 4 18 0 2 1 0 1 1 1 2 2 2 2 5 2 6 4 2 5 2 5 3 6 2 6 3 1 3 2 3 2 4 3 3 3 4 4 3 128 7 6 4 12 0 2 128 7 6 4 1 0 128 7 6 4 1 1 128 7 6 4 1 2 128 7 6 4 2 2 128 7 6 4 2 5 128 7 6 4 2 6 128 7 6 4 4 2 141 7 6 4 5 2 141 7 6 4 5 3 142 1 4 0 6 2 141 7 6 4 6 3 142 1 4 0
6 3 5 4 2 3 2 4 3 3 3 4 21 0 4 1 4 2 2 3 0 3 1 3 2 3 6 3 7 4 0 4 1 4 2 4 4 4 5 4 6 5 5 6 5 2 3 2 4 3 3 3 4 3 5 58 4 3 7 16 0 4 58 4 3 7 1 4 58 4 3 7 2 2 143 7 6 6 3 0 58 4 3 7 3 1 58 4 3 7 3 2 58 4 3 7 3 6 143 7 6 6 3 7 143 7 6 6 4 0 58 4 3 7 4 1 58 4 3 7 4 2 58 4 3 7 4 4 58 4 3 7 4 5 58 4 3 7 4 6 58 4 3 7 5 5 58 4 3 7 6 5 58 4 3 7
3 3 4 6 0 3 1 3 2 2 2 3 3 2 3 3 11 2 0 2 1 3 5 4 4 0 3 1 3 2 2 2 3 3 2 3 3 3 4 1 2 4 3 4 2 0 1 2 4 3 2 1 1 2 4 3 3 5 1 2 4 3 4 4 7 1 3 0
4 4 3 5 1 2 1 3 2 2 2 3 3 3 12 0 4 1 4 1 5 2 0 2 1 5 3 1 2 1 3 2 2 2 3 3 3 4 3 6 6 1 3 6 0 4 6 6 1 3 1 4 6 6 1 3 1 5 6 6 1 3 2 0 6 6 1 3 2 1 6 6 1 3 5 3 145 1 4 0
5 3 3 5 0 3 1 3 1 4 2 3 2 4 17 2 5 3 0 3 1 3 2 3 4 4 2 4 3 4 4 5 2 5 3 5 4 0 3 1 3 1 4 2 3 2 4 3 3 128 7 5 4 11 2 5 128 7 5 4 3 0 128 7 5 4 3 1 128 7 5 4 3 2 132 2 5 3 3 4 128 7 5 4 4 2 132 2 5 3 4 3 78 0 0 0 4 4 128 7 5 4 5 2 132 2 5 3 5 3 78 0 0 0 5 4 128 7 5 4
6 3 5 4 2 3 2 4 3 3 3 4 23 0 4 1 3 1 4 2 0 2 1 2 2 3 0 3 1 3 2 3 6 3 7 4 0 4 1 4 2 4 3 5 2 5 3 6 2 2 3 2 4 3 3 3 4 3 5 58 4 3 7 18 0 4 58 4 3 7 1 3 58 4 3 7 1 4 58 4 3 7 2 0 58 4 3 7 2 1 58 4 3 7 2 2 146 3 0 2 3 0 58 4 3 7 3 1 58 4 3 7 3 2 58 4 3 7 3 6 147 7 6 5 3 7 7 1 3 1 4 0 58 4 3 7 4 1 58 4 3 7 4 2 58 4 3 7 4 3 58 4 3 7 5 2 58 4 3 7 5 3 58 4 3 7 6 2 58 4 3 7
4 1 2 5 0 3 0 4 1 3 1 4 1 5 14 0 5 1 0 1 1 1 6 1 7 2 5 2 6 2 7 0 3 0 4 1 2 1 3 1 4 1 5 58 1 1 0 8 0 5 128 5 0 7 1 0 128 5 0 7 1 1 128 5 0 7 1 6 58 1 1 0 1 7 58 1 1 0 2 5 58 1 1 0 2 6 58 1 1 0 2 7 58 1 1 0
4 2 1 5 1 3 1 4 2 2 2 3 2 4 12 0 3 2 0 3 4 3 5 4 4 5 4 1 3 1 4 2 1 2 2 2 3 2 4 6 4 2 4 6 0 3 6 4 2 4 2 0 59 2 5 1 3 4 6 4 2 4 3 5 6 4 2 4 4 4 6 4 2 4 5 4 6 4 2 4
5 3 3 6 0 3 0 4 1 3 1 4 2 3 2 4 15 2 2 2 5 2 6 3 0 3 1 3 2 4 2 4 3 0 3 0 4 1 3 1 4 2 3 2 4 3 3 6 3 0 3 8 2 2 6 3 0 3 2 5 6 3 0 3 2 6 6 3 0 3 3 0 6 3 0 3 3 1 6 3 0 3 3 2 6 3 0 3 4 2 6 3 0 3 4 3 142 0 0 0
6 2 4 5 2 3 3 3 3 4 4 3 4 4 20 0 4 0 5 1 2 1 4 1 5 1 6 1 7 2 0 2 1 2 2 2 5 3 5 5 3 6 3 2 3 2 4 3 3 3 4 4 3 4 4 58 2 6 3 14 0 4 58 2 6 3 0 5 58 2 6 3 1 2 58 2 6 3 1 4 150 7 6 5 1 5 58 2 6 3 1 6 58 2 6 3 1 7 58 2 6 3 2 0 58 2 6 3 2 1 58 2 6 3 2 2 58 2 6 3 2 5 58 2 6 3 3 5 58 2 6 3 5 3 151 4 4 7 6 3 58 6 0 4
4 2 3 6 1 1 1 3 1 4 2 1 2 2 2 4 13 0 3 1 0 3 4 3 5 4 4 5 4 1 1 1 3 1 4 2 1 2 2 2 3 2 4 1 1 2 0 6 0 3 1 1 2 0 1 0 59 2 5 1 3 4 1 1 2 0 3 5 1 1 2 0 4 4 1 1 2 0 5 4 1 1 2 0
5 2 1 6 1 1 1 2 1 3 1 4 2 3 2 4 15 0 2 1 5 2 0 2 2 3 0 3 1 4 1 5 1 1 1 1 2 1 3 1 4 2 1 2 3 2 4 1 0 1 0 8 0 2 1 0 1 0 1 5 1 0 1 0 2 0 153 5 0 5 2 2 1 0 1 0 3 0 1 0 1 0 3 1 1 0 1 0 4 1 1 0 1 0 5 1 1 0 1 0
6 1 1 5 1 2 1 3 1 4 2 3 2 4 16 0 2 1 0 1 5 2 0 2 1 2 2 3 0 3 1 4 1 5 1 1 1 1 2 1 3 1 4 2 3 2 4 6 5 1 4 10 0 2 6 5 1 4 1 0 154 0 0 0 1 5 6 5 1 4 2 0 6 5 1 4 2 1 6 5 1 4 2 2 6 5 1 4 3 0 6 5 1 4 3 1 6 5 1 4 4 1 6 5 1 4 5 1 6 5 1 4
6 2 1 5 1 3 1 4 2 2 2 3 2 4 16 0 1 1 0 1 1 2 0 2 5 3 0 3 1 3 2 4 2 5 2 1 3 1 4 2 1 2 2 2 3 2 4 6 4 2 4 10 0 1 6 4 2 4 1 0 6 4 2 4 1 1 6 4 2 4 2 0 10 2 5 0 2 5 6 4 2 4 3 0 6 4 2 4 3 1 6 4 2 4 3 2 6 4 2 4 4 2 6 4 2 4 5 2 6 4 2 4
6 4 3 5 1 2 1 3 2 2 2 3 3 3 16 0 3 3 0 3 1 3 2 4 2 4 4 4 5 5 2 5 3 5 4 1 2 1 3 2 2 2 3 3 3 4 3 6 6 1 3 10 0 3 6 6 1 3 3 0 6 6 1 3 3 1 6 6 1 3 3 2 6 6 1 3 4 2 6 6 1 3 4 4 6 6 1 3 4 5 6 6 1 3 5 2 6 6 1 3 5 3 10 1 5 0 5 4 6 6 1 3
2 0 3 6 1 0 1 1 1 2 1 3 3 2 4 2 9 0 4 2 2 0 3 1 0 1 1 1 2 1 3 3 2 4 2 35 3 0 2 2 0 4 35 3 0 2 2 2 1 4 1 4
3 3 4 6 0 3 1 3 2 2 3 1 3 2 3 3 13 2 0 2 1 2 3 3 5 4 4 4 5 0 3 1 3 2 2 3 1 3 2 3 3 3 4 158 1 4 1 6 2 0 158 1 4 1 2 1 158 1 4 1 2 3 47 4 3 5 3 5 158 1 4 1 4 4 47 4 3 5 4 5 47 4 3 5
4 3 4 7 0 2 0 3 1 2 1 3 2 3 3 2 3 3 16 2 2 2 4 2 5 3 0 3 1 4 0 4 1 4 4 0 2 0 3 1 2 1 3 2 3 3 2 3 3 3 4 1 2 4 3 8 2 2 1 2 4 3 2 4 1 2 4 3 2 5 1 2 4 3 3 0 1 2 4 3 3 1 1 2 4 3 4 0 1 2 4 3 4 1 1 2 4 3 4 4 159 5 0 5
5 3 2 6 0 2 0 3 1 2 1 3 2 3 3 3 17 2 2 2 4 2 5 3 0 3 1 3 4 4 0 4 1 4 2 4 4 0 2 0 3 1 2 1 3 2 3 3 2 3 3 1 7 4 3 10 2 2 1 7 4 3 2 4 1 7 4 3 2 5 1 7 4 3 3 0 1 7 4 3 3 1 1 7 4 3 3 4 1 7 4 3 4 0 1 7 4 3 4 1 1 7 4 3 4 2 160 0 0 0 4 4 1 7 4 3
6 3 3 5 0 2 0 3 1 2 1 3 2 3 18 2 2 2 4 2 5 3 0 3 1 3 2 3 4 4 0 4 1 4 2 4 3 4 4 0 2 0 3 1 2 1 3 2 3 3 3 6 6 0 3 12 2 2 6 6 0 3 2 4 6 6 0 3 2 5 6 6 0 3 3 0 6 6 0 3 3 1 6 6 0 3 3 2 6 6 0 3 3 4 6 6 0 3 4 0 6 6 0 3 4 1 6 6 0 3 4 2 6 6 0 3 4 3 161 0 0 0 4 4 6 6 0 3
7 2 4 4 3 3 3 4 4 3 4 4 27 0 1 0 2 0 3 0 4 0 5 1 0 1 1 1 2 1 3 1 4 1 5 1 6 2 1 2 2 2 3 2 5 2 6 2 7 3 2 5 4 6 4 7 4 2 4 3 3 3 4 4 3 4 4 149 2 7 3 22 0 1 149 2 7 3 0 2 149 2 7 3 0 3 149 2 7 3 0 4 152 5 0 7 0 5 155 6 0 5 1 0 149 2 7 3 1 1 149 2 7 3 1 2 149 2 7 3 1 3 149 2 7 3 1 4 152 5 0 7 1 5 155 6 0 5 1 6 149 2 7 3 2 1 149 2 7 3 2 2 149 2 7 3 2 3 156 3 0 2 2 5 157 1 5 1 2 6 149 2 7 3 2 7 149 2 7 3 3 2 149 2 7 3 5 4 162 1 4 1 6 4 156 3 0 2 7 4 156 3 0 2
4 1 2 5 0 3 0 4 1 3 1 4 1 5 16 1 0 1 1 1 6 1 7 2 0 2 1 2 2 2 5 2 6 2 7 0 3 0 4 1 2 1 3 1 4 1 5 128 5 0 7 10 1 0 128 5 0 7 1 1 128 5 0 7 1 6 128 0 0 0 1 7 128 0 0 0 2 0 128 5 0 7 2 1 128 5 0 7 2 2 128 5 0 7 2 5 128 0 0 0 2 6 128 0 0 0 2 7 128 0 0 0
5 3 3 6 0 2 0 3 1 2 1 3 2 0 2 3 15 2 1 2 2 3 1 3 2 3 4 4 2 4 3 4 4 0 2 0 3 1 2 1 3 2 0 2 3 3 3 6 6 0 3 8 2 1 6 6 0 3 2 2 6 6 0 3 3 1 6 6 0 3 3 2 6 6 0 3 3 4 6 6 0 3 4 2 6 6 0 3 4 3 37 6 0 4 4 4 6 6 0 3
6 2 3 7 0 2 0 3 1 0 1 1 1 2 1 3 2 0 18 2 1 2 2 2 4 3 1 3 2 3 3 3 4 4 2 4 3 4 4 0 2 0 3 1 0 1 1 1 2 1 3 2 0 2 3 1 5 1 4 10 2 1 1 5 1 4 2 2 1 5 1 4 2 4 165 0 0 0 3 1 1 5 1 4 3 2 1 5 1 4 3 3 1 5 1 4 3 4 1 5 1 4 4 2 1 5 1 4 4 3 1 5 1 4 4 4 1 5 1 4
7 2 1 6 0 3 0 4 1 1 1 2 1 3 1 4 19 2 0 2 2 2 3 2 4 2 5 3 2 3 3 3 4 3 5 4 3 4 4 4 5 0 3 0 4 1 1 1 2 1 3 1 4 2 1 1 0 1 0 12 2 0 166 0 0 1 2 2 1 0 1 0 2 3 1 0 1 0 2 4 1 0 1 0 2 5 1 0 1 0 3 2 1 0 1 0 3 3 1 0 1 0 3 4 1 0 1 0 3 5 1 0 1 0 4 3 1 0 1 0 4 4 1 0 1 0 4 5 1 0 1 0
8 0 4 5 0 3 1 1 1 2 1 3 1 4 20 0 5 2 0 2 1 2 2 2 3 2 4 2 5 3 2 3 3 3 4 3 5 4 3 4 4 4 5 0 3 0 4 1 1 1 2 1 3 1 4 1 4 1 5 14 0 5 167 0 0 0 2 0 1 4 1 5 2 1 1 4 1 5 2 2 1 4 1 5 2 3 1 4 1 5 2 4 1 4 1 5 2 5 1 4 1 5 3 2 1 4 1 5 3 3 1 4 1 5 3 4 1 4 1 5 3 5 1 4 1 5 4 3 1 4 1 5 4 4 1 4 1 5 4 5 1 4 1 5
9 1 2 4 0 3 1 3 1 4 1 5 23 0 0 0 1 0 2 1 1 2 0 2 1 2 2 2 3 2 4 2 5 2 6 3 1 3 2 3 3 3 4 4 1 4 2 4 3 0 3 1 2 1 3 1 4 1 5 3 0 1 0 18 0 0 3 0 1 0 0 1 3 0 1 0 0 2 3 0 1 0 1 1 168 5 0 6 2 0 5 1 2 0 2 1 5 1 2 0 2 2 5 1 2 0 2 3 3 0 1 0 2 4 14 6 0 5 2 5 14 6 0 5 2 6 14 6 0 5 3 1 3 0 1 0 3 2 3 0 1 0 3 3 3 0 1 0 3 4 3 0 1 0 4 1 3 0 1 0 4 2 3 0 1 0 4 3 3 0 1 0
10 1 5 4 0 3 0 4 1 3 1 4 28 0 0 0 1 0 2 1 0 1 1 1 2 1 6 1 7 2 0 2 1 2 2 2 3 2 4 2 5 2 6 2 7 3 1 3 2 3 3 3 4 4 1 4 2 4 3 0 3 0 4 1 3 1 4 1 5 58 4 1 7 23 0 0 58 4 1 7 0 1 58 4 1 7 0 2 164 0 0 0 1 0 58 4 1 7 1 1 58 4 1 7 1 2 58 4 1 7 1 6 169 0 0 0 1 7 7 1 1 1 2 0 58 4 1 7 2 1 58 4 1 7 2 2 58 4 1 7 2 3 58 4 1 7 2 4 58 4 1 7 2 5 58 4 1 7 2 6 58 4 1 7 2 7 58 4 1 7 3 1 58 4 1 7 3 2 58 4 1 7 3 3 58 4 1 7 3 4 58 4 1 7 4 1 58 4 1 7 4 2 58 4 1 7 4 3 58 4 1 7
11 3 3 3 3 4 4 3 4 4 37 0 2 0 3 0 4 0 5 0 6 1 1 1 2 1 3 1 4 1 5 1 6 1 7 2 0 2 1 2 2 2 3 2 4 2 5 2 6 2 7 3 0 3 1 3 2 3 5 3 6 3 7 4 5 4 6 4 7 5 3 5 5 6 3 7 3 3 3 3 4 4 3 4 4 144 4 6 7 33 0 2 140 3 0 1 0 3 144 4 6 7 0 4 144 4 6 7 0 5 144 4 6 7 0 6 144 4 6 7 1 1 144 4 6 7 1 2 140 3 0 1 1 3 144 4 6 7 1 4 144 4 6 7 1 5 144 4 6 7 1 6 144 4 6 7 1 7 144 4 6 7 2 0 144 4 6 7 2 1 140 3 0 1 2 2 140 3 0 1 2 3 140 3 0 1 2 4 144 4 6 7 2 5 148 6 0 6 2 6 148 6 0 6 2 7 148 6 0 6 3 0 148 6 0 6 3 1 163 5 0 7 3 2 163 5 0 7 3 5 140 1 6 0 3 6 148 6 0 6 3 7 148 6 0 6 4 5 163 5 0 7 4 6 144 4 6 7 4 7 144 4 6 7 5 3 170 4 4 7 5 5 144 4 6 7 6 3 170 4 4 7 7 3 144 4 6 7
10 1 3 3 0 5 1 4 1 5 30 0 0 0 1 0 2 0 6 0 7 0 8 1 1 1 2 1 6 1 7 2 0 2 1 2 2 2 3 2 4 2 5 2 6 2 7 2 8 3 4 3 5 3 6 3 7 4 5 4 6 4 7 0 5 1 3 1 4 1 5 77 4 1 8 26 0 0 77 4 1 8 0 1 77 4 1 8 0 2 77 4 1 8 0 6 15 4 2 7 0 7 105 0 0 0 0 8 105 0 0 0 1 1 77 4 1 8 1 2 169 5 0 8 1 6 105 0 0 0 1 7 77 4 1 8 2 0 77 4 1 8 2 1 77 4 1 8 2 2 77 4 1 8 2 3 77 4 1 8 2 4 77 4 1 8 2 5 77 4 1 8 2 6 77 4 1 8 2 7 77 4 1 8 2 8 77 4 1 8 3 4 77 4 1 8 3 5 77 4 1 8 3 6 77 4 1 8 3 7 77 4 1 8 4 5 77 4 1 8 4 6 77 4 1 8 4 7 77 4 1 8
12 2 3 2 2 4 2 5 35 0 4 1 0 1 1 1 2 1 3 1 4 1 5 1 6 1 7 1 8 2 1 2 2 2 6 2 7 3 0 3 1 3 2 3 3 3 5 3 6 3 7 3 8 4 2 4 3 4 4 4 5 4 6 5 2 5 3 5 4 5 5 5 6 2 3 2 4 2 5 31 0 1 1 32 0 4 31 0 1 1 1 0 31 0 1 1 1 1 31 1 3 1 1 2 31 1 3 1 1 3 31 1 3 1 1 4 31 0 1 1 1 5 31 4 3 7 1 6 31 4 3 7 1 7 31 4 3 7 1 8 31 4 3 7 2 1 31 0 1 1 2 2 102 2 5 2 2 6 102 7 5 6 2 7 31 4 3 7 3 0 31 0 1 1 3 1 31 0 1 1 3 2 31 0 1 1 3 3 31 0 1 1 3 5 31 5 1 7 3 6 31 5 1 7 3 7 31 5 1 7 3 8 31 4 3 7 4 2 31 0 1 1 4 3 31 0 1 1 4 4 31 0 1 1 4 5 31 0 1 1 4 6 31 0 1 1 5 2 31 0 1 1 5 3 31 0 1 1 5 4 31 0 1 1 5 5 31 0 1 1 5 6 31 0 1 1
2 4 1 5 0 0 0 2 1 1 2 1 3 1 8 1 0 1 2 0 0 0 2 1 1 2 1 3 1 4 1 0 3 0 1 2 1 0 0 3 0 1 1 2 0 6 0 1
3 0 4 5 1 1 1 2 1 3 1 4 2 4 10 0 3 0 5 1 0 2 3 0 4 1 1 1 2 1 3 1 4 2 4 1 4 1 5 4 0 3 1 4 1 5 0 5 174 6 0 4 1 0 1 4 1 5 2 3 1 4 1 5
5 1 2 4 0 5 1 3 1 4 1 5 16 0 0 0 1 0 2 0 3 0 4 1 1 1 6 2 4 2 5 2 6 2 7 0 5 1 2 1 3 1 4 1 5 175 1 2 1 11 0 0 175 1 2 1 0 1 175 1 2 1 0 2 175 1 2 1 0 3 32 1 1 0 0 4 5 1 2 0 1 1 5 5 0 7 1 6 32 1 1 0 2 4 32 1 1 0 2 5 32 1 1 0 2 6 32 1 1 0 2 7 32 1 1 0
4 0 2 4 0 3 0 4 0 5 1 5 11 0 1 1 0 1 1 1 2 1 4 1 6 0 2 0 3 0 4 0 5 1 5 1 5 0 6 6 0 1 1 5 0 6 1 0 1 5 0 6 1 1 1 5 0 6 1 2 1 5 0 6 1 4 1 5 0 6 1 6 32 0 0 0
6 2 1 5 1 3 1 4 2 2 2 3 2 4 16 0 2 1 0 1 1 1 2 2 0 2 5 3 0 3 1 4 1 5 1 1 3 1 4 2 1 2 2 2 3 2 4 6 4 2 4 10 0 2 6 4 2 4 1 0 6 4 2 4 1 1 6 4 2 4 1 2 6 4 2 4 2 0 61 2 5 0 2 5 6 4 2 4 3 0 6 4 2 4 3 1 6 4 2 4 4 1 6 4 2 4 5 1 6 4 2 4
7 3 2 6 0 3 1 3 2 3 2 4 3 3 3 4 19 1 2 2 0 2 1 2 2 3 0 3 1 3 5 4 0 4 1 4 2 5 1 6 1 0 3 1 3 2 3 2 4 3 2 3 3 3 4 1 7 4 3 12 1 2 1 7 4 3 2 0 1 7 4 3 2 1 1 7 4 3 2 2 1 7 4 3 3 0 1 7 4 3 3 1 1 7 4 3 3 5 1 7 4 3 4 0 1 7 4 3 4 1 1 7 4 3 4 2 178 0 1 0 5 1 1 7 4 3 6 1 1 7 4 3
8 3 4 5 0 3 1 3 2 3 2 4 3 3 20 1 2 2 0 2 1 2 2 3 0 3 1 3 2 3 5 4 0 4 1 4 2 4 4 5 1 6 1 0 3 1 3 2 3 2 4 3 3 3 4 1 2 4 3 14 1 2 1 2 4 3 2 0 1 2 4 3 2 1 1 2 4 3 2 2 1 2 4 3 3 0 1 2 4 3 3 1 1 2 4 3 3 2 1 2 4 3 3 5 1 2 4 3 4 0 1 2 4 3 4 1 1 2 4 3 4 2 1 2 4 3 4 4 179 0 0 0 5 1 1 2 4 3 6 1 1 2 4 3
9 4 3 4 1 3 2 3 3 3 3 4 26 0 4 1 4 2 2 2 4 3 0 3 1 3 2 4 0 4 1 4 2 4 4 4 5 5 0 5 1 5 2 5 3 5 4 6 1 6 2 6 4 7 1 1 3 2 3 3 3 3 4 4 3 3 2 6 3 21 0 4 180 0 1 0 1 4 180 0 1 0 2 2 3 2 6 3 2 4 180 0 1 0 3 0 3 2 6 3 3 1 3 2 6 3 3 2 3 2 6 3 4 0 3 2 6 3 4 1 3 2 6 3 4 2 3 2 6 3 4 4 5 7 6 4 4 5 3 2 6 3 5 0 3 2 6 3 5 1 3 2 6 3 5 2 3 2 6 3 5 3 180 0 1 0 5 4 5 7 6 4 6 1 3 2 6 3 6 2 3 2 6 3 6 4 5 7 6 4 7 1 3 2 6 3
10 2 3 3 1 5 2 4 2 5 30 0 6 1 0 1 1 1 2 1 3 1 4 1 6 1 7 1 8 2 1 2 2 2 6 2 7 3 4 3 5 3 6 3 7 3 8 4 5 4 6 4 7 4 8 4 9 5 5 5 6 5 7 1 5 2 3 2 4 2 5 75 4 2 8 26 0 6 75 4 2 8 1 0 75 4 2 8 1 1 75 4 2 8 1 2 75 4 2 8 1 3 75 4 2 8 1 4 77 4 2 8 1 6 176 0 1 0 1 7 177 1 2 0 1 8 107 4 2 7 2 1 75 4 2 8 2 2 181 2 5 2 2 6 75 4 2 8 2 7 75 4 2 8 3 4 75 4 2 8 3 5 75 4 2 8 3 6 75 4 2 8 3 7 75 4 2 8 3 8 75 4 2 8 4 5 75 4 2 8 4 6 75 4 2 8 4 7 75 4 2 8 4 8 75 4 2 8 4 9 75 4 2 8 5 5 75 4 2 8 5 6 75 4 2 8 5 7 75 4 2 8
4 3 2 5 0 3 1 3 2 2 2 3 3 3 12 2 0 2 1 3 4 3 5 4 2 4 4 0 3 1 3 2 2 2 3 3 2 3 3 1 7 4 3 6 2 0 1 7 4 3 2 1 1 7 4 3 3 4 1 7 4 3 3 5 1 7 4 3 4 2 145 0 0 0 4 4 1 7 4 3
5 3 3 5 0 3 1 2 1 3 2 2 2 3 17 2 0 2 1 3 2 3 4 3 5 4 2 4 3 4 4 5 2 5 3 5 4 0 3 1 2 1 3 2 2 2 3 3 3 128 2 5 2 11 2 0 128 2 5 2 2 1 128 2 5 2 3 2 128 2 5 2 3 4 132 7 5 3 3 5 128 2 5 2 4 2 128 2 5 2 4 3 183 0 0 0 4 4 132 7 5 3 5 2 128 2 5 2 5 3 183 0 0 0 5 4 132 7 5 3
6 2 5 4 2 3 2 4 3 3 3 4 22 0 2 1 0 1 1 1 2 1 5 1 6 1 7 2 0 2 1 2 2 2 6 2 7 3 0 3 1 3 2 4 3 5 3 2 3 2 4 2 5 3 3 3 4 58 5 2 7 17 0 2 58 5 2 7 1 0 58 5 2 7 1 1 58 5 2 7 1 2 58 5 2 7 1 5 58 5 2 7 1 6 58 5 2 7 1 7 58 5 2 7 2 0 58 5 2 7 2 1 58 5 2 7 2 2 58 5 2 7 2 6 184 7 5 5 2 7 7 0 2 1 3 0 58 5 2 7 3 1 58 5 2 7 3 2 164 1 3 0 4 3 58 5 2 7 5 3 58 5 2 7
8 4 3 3 3 3 3 4 4 4 44 0 2 0 3 0 4 0 5 0 6 1 1 1 2 1 3 1 4 1 5 1 6 1 7 2 0 2 1 2 2 2 3 2 4 2 5 2 6 3 5 3 6 3 7 4 0 4 1 4 2 4 5 4 6 4 7 5 0 5 1 5 2 5 3 5 5 5 6 5 7 6 2 6 3 6 5 7 2 7 3 3 3 3 4 4 3 4 4 144 5 1 7 40 0 2 144 5 1 7 0 3 144 5 1 7 0 4 144 5 1 7 0 5 144 5 1 7 0 6 144 5 1 7 1 1 144 5 1 7 1 2 144 5 1 7 1 3 185 4 6 7 1 4 144 5 1 7 1 5 144 5 1 7 1 6 144 5 1 7 1 7 144 5 1 7 2 0 144 5 1 7 2 1 144 5 1 7 2 2 144 5 1 7 2 3 185 4 6 7 2 4 144 5 1 7 2 5 144 5 1 7 2 6 144 5 1 7 3 5 144 6 0 6 3 6 144 5 1 7 3 7 144 5 1 7 4 0 144 6 0 6 4 1 144 6 0 6 4 2 185 3 0 1 4 5 185 3 0 1 4 6 185 3 0 1 4 7 144 6 0 6 5 0 144 5 1 7 5 1 185 3 0 1 5 2 163 5 0 7 5 3 185 4 6 7 5 5 144 6 0 6 5 6 144 6 0 6 5 7 144 6 0 6 6 2 185 4 6 7 6 3 144 5 1 7 6 5 144 5 1 7 7 2 144 6 0 6 7 3 144 5 1 7
11 4 3 3 3 3 3 4 4 4 37 0 2 0 3 0 4 0 5 0 6 1 1 1 2 1 3 1 4 1 5 1 6 1 7 2 0 2 1 2 2 2 3 2 4 2 5 2 6 2 7 3 0 3 1 3 2 3 5 3 6 3 7 4 5 4 6 4 7 5 3 5 5 6 3 7 3 3 3 3 4 4 3 4 4 144 4 6 7 33 0 2 140 3 0 1 0 3 144 4 6 7 0 4 144 4 6 7 0 5 144 4 6 7 0 6 144 4 6 7 1 1 144 4 6 7 1 2 140 3 0 1 1 3 144 4 6 7 1 4 144 4 6 7 1 5 144 4 6 7 1 6 144 4 6 7 1 7 144 4 6 7 2 0 144 4 6 7 2 1 140 3 0 1 2 2 140 3 0 1 2 3 140 3 0 1 2 4 144 4 6 7 2 5 148 6 0 6 2 6 148 6 0 6 2 7 148 6 0 6 3 0 148 6 0 6 3 1 163 5 0 7 3 2 163 5 0 7 3 5 140 1 6 0 3 6 148 6 0 6 3 7 148 6 0 6 4 5 163 5 0 7 4 6 144 4 6 7 4 7 144 4 6 7 5 3 170 4 4 7 5 5 144 4 6 7 6 3 170 4 4 7 7 3 144 4 6 7
13 5 5 2 4 4 4 5 62 0 4 0 6 0 7 1 3 1 4 1 5 1 6 1 7 2 3 2 4 2 5 2 6 2 7 2 8 2 9 3 2 3 3 3 4 3 5 3 6 3 7 3 8 4 6 4 7 4 8 4 9 5 0 5 1 5 2 5 3 5 4 5 6 5 7 5 8 6 1 6 2 6 3 6 4 6 5 6 6 6 7 6 8 6 9 7 1 7 2 7 3 7 4 7 5 7 6 7 7 7 8 8 3 8 4 8 5 8 6 8 7 8 8 9 4 9 6 4 4 4 5 5 5 108 0 2 1 59 0 4 108 0 2 1 0 6 108 0 2 1 0 7 108 0 2 1 1 3 108 0 2 1 1 4 108 0 2 1 1 5 108 0 2 1 1 6 108 0 2 1 1 7 108 0 2 1 2 3 108 0 2 1 2 4 127 6 0 8 2 5 108 0 2 1 2 6 108 0 2 1 2 7 108 0 2 1 2 8 108 0 2 1 2 9 108 0 2 1 3 2 108 0 2 1 3 3 108 0 2 1 3 4 127 6 0 8 3 5 171 1 8 1 3 6 108 0 2 1 3 7 108 0 2 1 3 8 108 0 2 1 4 6 108 0 2 1 4 7 108 0 2 1 4 8 108 0 2 1 4 9 108 0 2 1 5 0 108 0 2 1 5 1 127 6 0 8 5 2 172 2 9 4 5 3 172 2 9 4 5 4 172 2 9 4 5 6 173 2 9 3 5 7 182 2 9 3 5 8 172 2 9 4 6 1 108 0 2 1 6 2 127 6 0 8 6 3 172 2 9 4 6 4 172 2 9 4 6 5 186 7 8 8 6 6 182 2 9 3 6 7 172 2 9 4 6 8 108 0 2 1 6 9 108 0 2 1 7 1 186 7 8 8 7 2 186 7 8 8 7 3 172 2 9 4 7 4 187 7 8 8 7 5 186 7 8 8 7 6 182 2 9 3 7 7 172 2 9 4 7 8 186 7 8 8 8 3 108 0 2 1 8 4 187 7 8 8 8 5 186 7 8 8 8 6 182 2 9 3 8 7 108 0 2 1 8 8 108 0 2 1 9 4 186 7 8 8 9 6 186 7 8 8
5 4 3 4 1 3 2 3 3 3 3 4 18 0 2 1 2 2 2 3 5 4 0 4 1 4 2 4 4 5 2 5 3 5 4 6 2 6 4 1 3 2 3 3 3 3 4 4 3 78 0 1 0 13 0 2 78 0 1 0 1 2 78 0 1 0 2 2 78 0 1 0 3 5 33 7 6 3 4 0 33 7 6 3 4 1 33 7 6 3 4 2 5 2 6 2 4 4 33 7 6 3 5 2 5 2 6 2 5 3 78 0 1 0 5 4 33 7 6 3 6 2 5 2 6 2 6 4 33 7 6 3
7 3 4 3 2 5 3 3 3 5 31 0 3 1 3 1 5 2 0 2 1 2 2 2 3 2 6 2 7 2 8 3 1 3 2 3 6 3 7 4 0 4 1 4 2 4 3 4 4 4 6 4 7 4 8 5 2 5 4 5 6 6 2 6 6 2 5 3 3 3 4 3 5 77 4 3 8 27 0 3 77 4 3 8 1 3 77 4 3 8 1 5 77 4 3 8 2 0 77 4 3 8 2 1 77 4 3 8 2 2 77 4 3 8 2 3 77 4 3 8 2 6 119 6 0 6 2 7 105 0 2 0 2 8 105 0 2 0 3 1 77 4 3 8 3 2 189 2 6 2 3 6 105 0 2 0 3 7 77 4 3 8 4 0 77 4 3 8 4 1 77 4 3 8 4 2 77 4 3 8 4 3 77 4 3 8 4 4 77 4 3 8 4 6 77 4 3 8 4 7 77 4 3 8 4 8 77 4 3 8 5 2 77 4 3 8 5 4 77 4 3 8 5 6 77 4 3 8 6 2 77 4 3 8 6 6 77 4 3 8
4 1 2 5 0 5 1 3 1 4 1 5 1 6 14 0 0 0 1 0 2 0 4 1 1 2 1 2 2 2 3 0 5 1 2 1 3 1 4 1 5 1 6 2 0 1 1 8 0 0 2 0 1 1 0 1 2 0 1 1 0 2 2 0 1 1 0 4 2 0 1 1 1 1 2 0 1 1 2 1 32 1 1 0 2 2 32 1 1 0 2 3 32 1 1 0
4 4 1 5 0 1 1 1 2 1 2 2 3 1 14 1 2 3 0 4 0 4 2 5 0 5 1 5 2 6 2 0 1 1 1 2 1 2 2 3 1 4 1 2 7 5 1 8 1 2 2 7 5 1 3 0 38 2 6 1 4 0 38 2 6 1 4 2 2 7 5 1 5 0 38 2 6 1 5 1 2 7 5 1 5 2 2 7 5 1 6 2 2 7 5 1
5 1 6 4 0 5 1 3 1 4 1 5 23 0 0 0 1 0 2 0 4 0 7 0 8 0 9 1 1 1 2 1 7 1 8 2 1 2 2 2 3 2 4 2 6 2 7 2 8 0 5 1 3 1 4 1 5 1 6 13 0 1 2 18 0 0 13 0 1 2 0 1 13 0 1 2 0 2 13 0 1 2 0 4 13 0 1 2 0 7 13 0 1 2 0 8 13 0 1 2 0 9 13 0 1 2 1 1 13 0 1 2 1 2 13 0 1 2 1 7 191 0 0 0 1 8 13 0 1 2 2 1 13 0 1 2 2 2 192 2 2 3 2 3 192 2 2 3 2 4 191 0 0 0 2 6 191 0 0 0 2 7 191 0 0 0 2 8 191 0 0 0
6 2 4 3 1 5 2 3 2 5 27 0 5 1 0 1 1 1 2 1 4 1 6 1 7 1 8 1 9 2 1 2 2 2 6 2 7 2 8 3 1 3 2 3 3 3 4 3 6 3 7 3 8 4 6 5 6 1 5 2 3 2 4 2 5 177 1 2 0 23 0 5 177 1 2 0 1 0 189 2 5 2 1 1 189 2 5 2 1 2 189 2 5 2 1 4 189 2 5 2 1 6 193 0 1 0 1 7 177 1 2 0 1 8 177 1 2 0 1 9 177 1 2 0 2 1 189 2 5 2 2 2 189 2 5 2 2 6 177 1 2 0 2 7 177 1 2 0 2 8 177 1 2 0 3 1 177 1 2 0 3 2 177 1 2 0 3 3 177 1 2 0 3 4 177 1 2 0 3 6 177 1 2 0 3 7 177 1 2 0 3 8 177 1 2 0 4 6 177 1 2 0 5 6 177 1 2 0
5 1 2 4 0 5 1 3 1 4 1 5 13 0 0 0 1 0 2 0 6 1 1 2 4 2 5 2 6 0 5 1 2 1 3 1 4 1 5 1 4 1 6 8 0 0 1 4 1 6 0 1 1 4 1 6 0 2 1 4 1 6 0 6 5 1 2 0 1 1 1 4 1 6 2 4 1 4 1 6 2 5 1 4 1 6 2 6 1 4 1 6
6 1 4 4 0 3 0 5 1 3 1 5 20 0 0 0 1 0 2 0 6 0 7 0 8 1 1 1 2 1 6 1 7 2 4 2 5 2 6 2 7 2 8 0 3 0 5 1 3 1 4 1 5 77 4 1 8 15 0 0 77 4 1 8 0 1 77 4 1 8 0 2 77 4 1 8 0 6 77 1 1 0 0 7 77 1 1 0 0 8 77 1 1 0 1 1 77 1 1 0 1 2 105 5 0 8 1 6 195 0 0 0 1 7 77 1 1 0 2 4 77 1 1 0 2 5 77 1 1 0 2 6 77 1 1 0 2 7 77 1 1 0 2 8 77 1 1 0
2 0 3 7 1 0 1 1 1 2 1 3 2 3 3 2 3 3 10 0 4 4 2 0 3 1 0 1 1 1 2 1 3 2 3 3 2 3 3 1 7 4 3 2 0 4 1 7 4 3 4 2 1 4 1 4
3 3 2 6 0 3 1 3 2 1 2 3 3 1 3 3 11 2 0 3 4 4 2 4 4 0 3 1 3 2 1 2 3 3 1 3 2 3 3 1 7 4 3 4 2 0 1 7 4 3 3 4 1 7 4 3 4 2 197 6 0 4 4 4 1 7 4 3
4 1 2 5 1 3 1 4 1 5 3 4 3 5 18 0 0 0 1 0 2 0 5 0 6 1 1 2 0 2 1 2 2 2 5 2 6 4 4 1 2 1 3 1 4 1 5 3 4 3 5 198 2 4 2 12 0 0 198 2 4 2 0 1 198 2 4 2 0 2 198 2 4 2 0 5 14 6 0 5 0 6 14 6 0 5 1 1 198 2 4 2 2 0 198 2 4 2 2 1 198 2 4 2 2 2 198 2 4 2 2 5 14 6 0 5 2 6 14 6 0 5 4 4 14 6 0 5
10 3 3 4 1 4 1 5 3 4 3 5 34 0 4 2 0 2 1 2 2 2 3 2 5 2 6 2 7 2 8 3 1 3 2 3 6 3 7 4 0 4 1 4 2 4 3 4 4 4 5 4 6 4 7 4 8 5 4 5 5 5 6 5 7 6 5 6 6 6 7 1 4 1 5 3 3 3 4 3 5 199 1 4 0 29 0 4 31 0 2 1 2 0 31 0 2 1 2 1 31 1 4 1 2 2 31 1 4 1 2 3 199 1 4 0 2 5 31 4 4 7 2 6 31 4 4 7 2 7 199 1 4 0 2 8 199 1 4 0 3 1 31 0 2 1 3 2 57 2 6 2 3 6 199 1 4 0 3 7 199 1 4 0 4 0 31 0 2 1 4 1 31 0 2 1 4 2 31 0 2 1 4 3 199 1 4 0 4 4 199 1 4 0 4 5 31 5 2 7 4 6 31 5 2 7 4 7 199 1 4 0 4 8 199 1 4 0 5 4 199 1 4 0 5 5 199 1 4 0 5 6 199 1 4 0 5 7 199 1 4 0 6 5 199 1 4 0 6 6 199 1 4 0 6 7 199 1 4 0
5 4 3 5 1 3 1 4 2 3 3 3 3 4 14 0 4 3 2 3 5 3 6 4 0 4 1 4 2 5 2 1 3 1 4 2 3 3 3 3 4 4 3 1 3 0 3 8 0 4 142 0 1 0 3 2 1 3 0 3 3 5 1 3 0 3 3 6 1 3 0 3 4 0 1 3 0 3 4 1 1 3 0 3 4 2 1 3 0 3 5 2 1 3 0 3
4 0 4 5 0 3 1 2 1 3 1 4 1 5 14 0 5 1 0 1 1 1 6 1 7 2 5 2 6 2 7 0 3 0 4 1 2 1 3 1 4 1 5 58 1 1 0 8 0 5 128 5 0 7 1 0 128 5 0 7 1 1 128 5 0 7 1 6 58 1 1 0 1 7 58 1 1 0 2 5 58 1 1 0 2 6 58 1 1 0 2 7 58 1 1 0
4 1 2 4 1 3 1 4 1 5 1 6 15 0 0 0 1 0 2 0 5 0 6 0 7 1 1 2 0 2 1 2 2 1 2 1 3 1 4 1 5 1 6 2 4 1 7 10 0 0 2 4 1 7 0 1 2 4 1 7 0 2 2 4 1 7 0 5 14 6 0 5 0 6 14 6 0 5 0 7 14 6 0 5 1 1 2 4 1 7 2 0 2 4 1 7 2 1 2 4 1 7 2 2 2 4 1 7
4 0 2 5 0 3 0 4 0 5 0 6 1 5 14 0 1 0 7 0 8 1 0 1 1 1 2 1 3 1 4 0 2 0 3 0 4 0 5 0 6 1 5 2 0 0 1 8 0 1 2 0 0 1 0 7 2 0 0 1 0 8 2 0 0 1 1 0 2 0 0 1 1 1 121 5 0 8 1 2 121 5 0 8 1 3 32 0 0 0 1 4 2 0 0 1
5 1 3 4 0 5 1 4 1 5 1 6 23 0 0 0 1 0 2 0 3 0 4 0 7 0 8 0 9 1 1 1 2 1 7 1 8 2 1 2 2 2 3 2 7 2 8 2 9 0 5 1 3 1 4 1 5 1 6 14 6 0 6 18 0 0 14 6 0 6 0 1 202 5 0 8 0 2 202 5 0 8 0 3 191 0 0 0 0 4 14 6 0 6 0 7 14 6 0 6 0 8 14 6 0 6 0 9 14 6 0 6 1 1 14 6 0 6 1 2 203 5 0 9 1 7 14 6 0 6 1 8 14 6 0 6 2 1 204 1 1 0 2 2 204 1 1 0 2 3 204 1 1 0 2 7 14 6 0 6 2 8 14 6 0 6 2 9 14 6 0 6
4 0 3 5 1 3 1 4 1 5 2 4 3 4 12 0 0 0 1 0 2 1 2 1 6 4 4 0 3 1 3 1 4 1 5 2 4 3 4 6 6 0 4 6 0 0 6 6 0 4 0 1 6 6 0 4 0 2 6 6 0 4 1 2 6 6 0 4 1 6 6 6 0 4 4 4 77 1 1 0
6 3 4 4 1 5 2 5 3 5 3 6 28 0 5 2 0 2 1 2 2 2 3 2 4 2 7 2 8 2 9 3 1 3 2 3 3 3 7 3 8 4 1 4 2 4 3 4 4 4 7 4 8 4 9 5 4 6 4 1 5 2 5 3 4 3 5 3 6 75 7 6 5 23 0 5 205 0 2 0 2 0 75 7 6 5 2 1 75 7 6 5 2 2 75 7 6 5 2 3 75 7 6 5 2 4 206 1 4 1 2 7 75 7 6 5 2 8 75 7 6 5 2 9 75 7 6 5 3 1 75 7 6 5 3 2 75 7 6 5 3 3 75 7 6 5 3 7 75 7 6 5 3 8 75 7 6 5 4 1 75 7 6 5 4 2 75 7 6 5 4 3 75 7 6 5 4 4 205 0 2 0 4 7 75 7 6 5 4 8 75 7 6 5 4 9 75 7 6 5 5 4 206 1 4 1 6 4 206 1 4 1
7 4 5 4 3 5 3 6 5 5 5 6 33 0 6 1 6 2 5 2 6 4 0 4 1 4 2 4 3 4 4 4 7 4 8 4 9 5 1 5 2 5 3 5 4 5 7 5 8 6 1 6 2 6 3 6 4 6 5 6 7 6 8 6 9 7 4 8 4 3 5 3 6 4 5 5 5 5 6 77 3 0 5 28 0 6 201 0 2 2 1 6 201 0 2 2 2 5 201 0 2 2 2 6 207 0 2 0 4 0 77 3 0 5 4 1 77 3 0 5 4 2 77 3 0 5 4 3 77 3 0 5 4 4 77 3 0 5 4 7 77 3 0 5 4 8 77 3 0 5 4 9 77 3 0 5 5 1 77 3 0 5 5 2 77 3 0 5 5 3 77 3 0 5 5 4 77 3 0 5 5 7 77 3 0 5 5 8 77 3 0 5 6 1 77 3 0 5 6 2 77 3 0 5 6 3 77 3 0 5 6 4 77 3 0 5 6 5 207 0 2 0 6 7 77 3 0 5 6 8 77 3 0 5 6 9 77 3 0 5 7 4 77 3 0 5 8 4 77 3 0 5
5 1 4 4 0 3 0 5 1 3 1 5 21 0 0 0 1 0 2 0 6 0 7 0 8 1 1 1 2 1 6 1 7 2 0 2 1 2 2 2 6 2 7 2 8 0 3 0 5 1 3 1 4 1 5 77 4 1 8 16 0 0 77 4 1 8 0 1 77 4 1 8 0 2 77 4 1 8 0 6 77 1 1 0 0 7 77 1 1 0 0 8 77 1 1 0 1 1 77 1 1 0 1 2 105 5 0 8 1 6 105 0 0 0 1 7 77 1 1 0 2 0 77 1 1 0 2 1 77 1 1 0 2 2 77 1 1 0 2 6 77 1 1 0 2 7 77 1 1 0 2 8 77 1 1 0
5 1 2 3 1 3 1 4 1 5 17 0 0 0 1 0 2 0 3 0 4 0 5 0 6 0 7 1 1 1 6 2 5 2 6 2 7 1 2 1 3 1 4 1 5 13 1 1 1 13 0 0 13 1 1 1 0 1 14 2 2 2 0 2 14 2 2 2 0 3 3 1 1 0 0 4 13 1 1 1 0 5 5 5 0 7 0 6 5 5 0 7 0 7 3 1 1 0 1 1 13 1 1 1 1 6 3 1 1 0 2 5 3 1 1 0 2 6 3 1 1 0 2 7 3 1 1 0
4 0 5 4 1 2 1 3 1 4 1 5 13 0 0 0 1 0 2 0 6 1 1 2 0 2 1 2 2 0 5 1 2 1 3 1 4 1 5 1 4 1 6 8 0 0 1 4 1 6 0 1 1 4 1 6 0 2 1 4 1 6 0 6 14 6 0 5 1 1 1 4 1 6 2 0 1 4 1 6 2 1 1 4 1 6 2 2 1 4 1 6
3 0 4 5 0 1 0 2 0 3 1 2 1 4 10 0 5 1 0 1 1 1 5 0 1 0 2 0 3 0 4 1 2 1 4 1 5 0 5 4 0 5 1 5 0 5 1 0 1 5 0 5 1 1 1 5 0 5 1 5 47 5 0 5
4 3 2 6 0 3 1 3 2 1 2 3 3 3 3 4 13 2 0 2 4 2 5 3 0 3 1 4 2 0 3 1 3 2 1 2 3 3 2 3 3 3 4 1 7 4 3 6 2 0 1 7 4 3 2 4 1 7 4 3 2 5 1 7 4 3 3 0 1 7 4 3 3 1 1 7 4 3 4 2 212 4 3 5
5 3 4 5 0 3 1 3 2 1 2 3 3 3 14 2 0 2 4 2 5 3 0 3 1 3 2 4 2 4 4 0 3 1 3 2 1 2 3 3 3 3 4 1 2 4 3 8 2 0 1 2 4 3 2 4 1 2 4 3 2 5 1 2 4 3 3 0 1 2 4 3 3 1 1 2 4 3 3 2 1 2 4 3 4 2 1 2 4 3 4 4 213 0 0 0
6 4 3 4 1 3 2 1 2 3 3 3 21 0 2 0 4 1 0 1 1 1 2 1 4 2 0 2 4 2 5 4 2 4 4 5 2 5 3 5 4 6 2 6 4 1 3 2 1 2 3 3 3 4 3 211 7 6 4 16 0 2 211 7 6 4 0 4 211 2 6 2 1 0 211 2 6 2 1 1 211 2 6 2 1 2 211 7 6 4 1 4 211 2 6 2 2 0 211 2 6 2 2 4 211 2 6 2 2 5 211 2 6 2 4 2 214 1 4 0 4 4 214 1 4 0 5 2 214 1 4 0 5 3 214 1 4 0 5 4 214 1 4 0 6 2 214 1 4 0 6 4 214 1 4 0
2 1 3 7 0 1 0 2 0 3 0 4 0 5 0 6 1 4 10 0 0 0 7 0 1 0 2 0 3 0 4 0 5 0 6 1 3 1 4 6 0 0 3 2 0 0 6 0 0 3 0 7 6 5 0 4
3 1 4 6 0 1 0 2 0 3 0 4 0 5 0 6 11 0 0 0 7 1 3 1 5 0 1 0 2 0 3 0 4 0 5 0 6 1 4 1 5 0 5 4 0 0 1 5 0 5 0 7 1 5 0 5 1 3 1 5 0 5 1 5 216 0 0 0
4 1 6 5 1 1 1 2 1 3 1 4 1 5 14 0 5 0 6 0 7 1 0 1 7 2 2 2 3 2 4 1 1 1 2 1 3 1 4 1 5 1 6 2 4 1 7 8 0 5 217 5 1 7 0 6 217 5 1 7 0 7 217 5 1 7 1 0 2 4 1 7 1 7 2 4 1 7 2 2 2 4 1 7 2 3 2 4 1 7 2 4 2 4 1 7
5 1 6 4 1 2 1 3 1 4 1 5 17 0 0 0 1 0 2 0 5 0 6 0 7 1 0 1 1 1 7 2 3 2 4 2 5 1 2 1 3 1 4 1 5 1 6 2 4 1 7 12 0 0 2 4 1 7 0 1 2 4 1 7 0 2 2 4 1 7 0 5 218 5 0 7 0 6 218 5 0 7 0 7 218 5 0 7 1 0 2 4 1 7 1 1 2 4 1 7 1 7 2 4 1 7 2 3 2 4 1 7 2 4 2 4 1 7 2 5 2 4 1 7
6 1 2 3 1 3 1 4 1 5 20 0 2 0 3 0 4 0 5 0 6 0 7 1 0 1 1 1 6 1 7 2 0 2 1 2 2 2 5 2 6 2 7 1 2 1 3 1 4 1 5 14 2 2 2 16 0 2 14 2 2 2 0 3 14 2 2 2 0 4 14 2 2 2 0 5 219 4 2 7 0 6 124 1 2 0 0 7 5 0 0 0 1 0 14 2 2 2 1 1 14 2 2 2 1 6 5 0 0 0 1 7 14 2 2 2 2 0 14 2 2 2 2 1 14 2 2 2 2 2 14 2 2 2 2 5 5 0 0 0 2 6 5 0 0 0 2 7 5 0 0 0
6 1 5 3 1 2 1 3 1 4 20 0 2 0 3 0 4 0 5 0 6 0 7 1 0 1 1 1 6 1 7 2 0 2 1 2 2 2 5 2 6 2 7 1 2 1 3 1 4 1 5 14 2 2 2 16 0 2 14 2 2 2 0 3 14 2 2 2 0 4 14 2 2 2 0 5 219 4 2 7 0 6 124 1 2 0 0 7 5 0 0 0 1 0 14 2 2 2 1 1 14 2 2 2 1 6 5 0 0 0 1 7 14 2 2 2 2 0 14 2 2 2 2 1 14 2 2 2 2 2 14 2 2 2 2 5 5 0 0 0 2 6 5 0 0 0 2 7 5 0 0 0
10 3 5 3 1 4 3 3 3 4 35 0 4 0 5 1 5 2 0 2 1 2 2 2 5 2 6 2 7 2 8 3 0 3 1 3 2 3 6 3 7 4 0 4 1 4 2 4 3 4 4 4 5 4 6 4 7 4 8 5 4 5 5 5 6 5 7 6 5 6 6 6 7 1 4 3 3 3 4 3 5 31 1 4 1 31 0 4 31 1 4 1 0 5 31 1 4 1 1 5 31 1 4 1 2 0 31 1 4 1 2 1 31 1 4 1 2 2 31 1 4 1 2 5 15 1 4 1 2 6 15 4 4 7 2 7 15 4 4 7 2 8 210 1 4 0 3 0 31 1 4 1 3 1 31 1 4 1 3 2 57 2 6 2 3 6 215 6 0 6 3 7 210 1 4 0 4 0 31 1 4 1 4 1 220 1 4 0 4 2 119 3 0 2 4 3 119 3 0 2 4 4 31 1 4 1 4 5 53 4 4 8 4 6 221 4 4 7 4 7 221 4 4 7 4 8 210 1 4 0 5 4 31 1 4 1 5 5 31 1 4 1 5 6 31 1 4 1 5 7 31 1 4 1 6 5 31 1 4 1 6 6 31 1 4 1 6 7 31 1 4 1
3 1 3 4 0 3 0 4 0 5 1 2 9 0 2 0 6 1 0 1 1 0 3 0 4 0 5 1 2 1 3 6 0 0 2 4 0 2 6 0 0 2 0 6 76 0 0 0 1 0 6 0 0 2 1 1 6 0 0 2
4 1 2 4 0 6 1 3 1 4 1 5 13 0 5 1 1 2 0 2 1 2 2 2 4 2 5 2 6 0 6 1 2 1 3 1 4 1 5 0 4 1 6 8 0 5 3 0 1 0 1 1 0 4 1 6 2 0 0 4 1 6 2 1 0 4 1 6 2 2 0 4 1 6 2 4 0 4 1 6 2 5 0 4 1 6 2 6 0 4 1 6
3 1 3 6 0 3 1 0 1 1 1 2 3 2 4 2 11 0 4 2 3 2 4 3 3 0 3 1 0 1 1 1 2 1 3 3 2 4 2 1 4 1 4 4 0 4 34 0 0 0 2 3 1 4 1 4 2 4 1 4 1 4 3 3 1 4 1 4
4 4 4 6 0 3 1 3 2 3 3 0 3 1 3 3 13 3 4 4 1 4 2 4 3 5 2 5 4 0 3 1 3 2 3 3 0 3 1 3 3 4 4 0 2 4 3 6 3 4 225 6 1 4 4 1 0 2 4 3 4 2 0 2 4 3 4 3 0 2 4 3 5 2 0 2 4 3 5 4 0 2 4 3
5 3 5 8 0 2 0 4 1 2 1 4 2 4 3 2 3 3 3 4 17 1 1 2 0 2 1 3 1 4 0 4 1 4 2 4 5 0 2 0 4 1 2 1 4 2 4 3 2 3 3 3 4 3 5 1 2 4 4 8 1 1 1 2 4 4 2 0 1 2 4 4 2 1 1 2 4 4 3 1 1 2 4 4 4 0 1 2 4 4 4 1 1 2 4 4 4 2 1 2 4 4 4 5 226 6 0 5
4 4 1 5 0 1 1 1 2 1 2 2 3 1 14 1 2 3 2 4 0 4 2 5 0 5 1 5 2 6 0 0 1 1 1 2 1 2 2 3 1 4 1 2 2 5 1 8 1 2 2 2 5 1 3 2 39 7 6 2 4 0 2 2 5 1 4 2 39 7 6 2 5 0 2 2 5 1 5 1 2 2 5 1 5 2 39 7 6 2 6 0 2 2 5 1
5 3 3 6 0 3 1 3 2 0 2 1 2 2 2 3 17 1 2 3 2 3 4 4 2 4 3 4 4 5 2 5 3 5 4 6 4 0 3 1 3 2 0 2 1 2 2 2 3 3 3 1 5 2 4 10 1 2 1 5 2 4 3 2 1 5 2 4 3 4 228 5 0 4 4 2 1 5 2 4 4 3 1 5 2 4 4 4 1 5 2 4 5 2 1 5 2 4 5 3 1 5 2 4 5 4 1 5 2 4 6 4 1 5 2 4
6 3 6 7 0 4 0 6 1 4 1 6 2 4 3 4 3 5 26 1 7 2 1 2 2 2 3 2 5 2 7 2 8 3 1 3 2 3 3 3 7 4 0 4 1 4 2 4 3 4 6 4 7 4 8 0 4 0 6 1 4 1 6 2 4 3 4 3 5 3 6 75 1 3 1 18 1 7 75 1 3 1 2 1 227 5 0 8 2 2 227 5 0 8 2 3 227 5 0 8 2 5 227 5 0 8 2 7 75 1 3 1 2 8 75 1 3 1 3 1 75 1 3 1 3 2 75 1 3 1 3 3 75 1 3 1 3 7 229 6 0 6 4 0 75 1 3 1 4 1 75 1 3 1 4 2 75 1 3 1 4 3 75 1 3 1 4 6 75 1 3 1 4 7 75 1 3 1 4 8 75 1 3 1
7 3 4 6 0 4 0 6 1 4 1 6 2 4 3 5 27 1 7 2 1 2 2 2 3 2 5 2 7 2 8 3 1 3 2 3 3 3 6 3 7 4 0 4 1 4 2 4 3 4 5 4 6 4 7 4 8 0 4 0 6 1 4 1 6 2 4 3 4 3 5 1 2 4 4 20 1 7 1 2 4 4 2 1 1 2 4 4 2 2 1 2 4 4 2 3 1 2 4 4 2 5 1 2 4 4 2 7 1 2 4 4 2 8 1 2 4 4 3 1 1 2 4 4 3 2 1 2 4 4 3 3 1 2 4 4 3 6 1 2 4 4 3 7 1 2 4 4 4 0 1 2 4 4 4 1 1 2 4 4 4 2 1 2 4 4 4 3 1 2 4 4 4 5 230 0 0 0 4 6 1 2 4 4 4 7 1 2 4 4 4 8 1 2 4 4
8 3 2 5 2 4 2 5 4 3 4 4 4 5 34 0 1 0 3 1 1 1 2 1 3 1 4 2 1 2 2 3 0 3 1 3 3 4 2 4 6 4 7 5 1 5 2 5 3 5 4 5 6 5 7 5 8 6 1 6 2 6 3 7 1 7 2 7 3 8 1 2 4 2 5 3 2 4 3 4 4 4 5 223 1 4 0 28 0 1 223 1 4 0 0 3 223 1 4 0 1 1 223 1 4 0 1 2 223 1 4 0 1 3 223 1 4 0 1 4 223 1 4 0 2 1 223 1 4 0 2 2 223 1 4 0 3 0 224 5 3 8 3 1 224 5 3 8 3 3 113 2 7 1 4 2 224 5 3 8 4 6 231 7 8 5 4 7 223 1 4 0 5 1 223 1 4 0 5 2 223 1 4 0 5 3 223 1 4 0 5 4 223 1 4 0 5 6 223 1 4 0 5 7 223 1 4 0 5 8 223 1 4 0 6 1 223 1 4 0 6 2 223 1 4 0 6 3 223 1 4 0 7 1 223 1 4 0 7 2 223 1 4 0 7 3 223 1 4 0 8 1 223 1 4 0
3 1 3 6 0 2 1 2 2 0 2 1 2 2 2 3 11 1 4 3 3 3 4 4 3 0 2 1 2 1 3 2 0 2 1 2 2 2 3 1 4 2 4 4 1 4 134 0 0 0 3 3 1 4 2 4 3 4 1 4 2 4 4 3 1 4 2 4
5 2 2 5 0 3 1 3 2 3 2 4 2 5 17 1 0 1 1 1 2 2 1 3 0 3 1 3 2 3 4 3 5 3 6 4 2 0 3 1 3 2 2 2 3 2 4 2 5 3 0 2 0 11 1 0 3 0 2 0 1 1 3 0 2 0 1 2 3 0 2 0 2 1 233 5 0 5 3 0 233 5 0 5 3 1 5 1 3 0 3 2 5 1 3 0 3 4 233 5 0 5 3 5 233 5 0 5 3 6 233 5 0 5 4 2 3 0 2 0
9 4 3 5 2 4 2 5 3 5 4 4 4 5 42 0 1 0 3 1 1 1 2 1 3 1 4 2 1 2 2 3 0 3 1 3 2 3 3 3 6 3 7 3 8 4 1 4 2 4 6 4 7 5 0 5 1 5 2 5 3 5 4 5 6 5 7 5 8 6 1 6 2 6 3 6 6 7 1 7 2 7 3 7 6 8 1 2 4 2 5 3 5 4 3 4 4 4 5 77 4 4 8 36 0 1 77 4 4 8 0 3 77 4 4 8 1 1 77 4 4 8 1 2 77 4 4 8 1 3 77 4 4 8 1 4 77 4 4 8 2 1 77 4 4 8 2 2 77 4 4 8 3 0 77 4 4 8 3 1 77 4 4 8 3 2 77 4 4 8 3 3 77 4 4 8 3 6 232 0 0 0 3 7 105 0 3 0 3 8 105 0 3 0 4 1 77 4 4 8 4 2 234 5 2 8 4 6 105 0 3 0 4 7 77 4 4 8 5 0 77 4 4 8 5 1 77 4 4 8 5 2 77 4 4 8 5 3 77 4 4 8 5 4 77 4 4 8 5 6 77 4 4 8 5 7 77 4 4 8 5 8 77 4 4 8 6 1 77 4 4 8 6 2 77 4 4 8 6 3 77 4 4 8 6 6 77 4 4 8 7 1 77 4 4 8 7 2 77 4 4 8 7 3 77 4 4 8 7 6 77 4 4 8 8 1 77 4 4 8
10 4 5 4 3 5 3 6 5 5 5 6 54 0 4 0 6 1 4 1 5 1 6 1 7 1 9 2 4 2 5 2 6 2 7 2 8 2 9 3 8 3 9 4 0 4 1 4 2 4 3 4 4 4 7 4 8 4 9 4 10 5 1 5 2 5 3 5 4 5 7 5 8 5 9 6 1 6 2 6 3 6 4 6 6 6 7 6 8 6 9 6 10 7 4 7 7 7 8 7 9 8 4 8 7 8 8 8 9 9 9 3 5 3 6 4 5 5 5 5 6 105 6 0 6 49 0 4 207 0 2 0 0 6 207 0 2 0 1 4 207 0 2 0 1 5 207 0 2 0 1 6 207 0 2 0 1 7 105 6 0 6 1 9 105 6 0 6 2 4 207 0 2 0 2 5 235 5 1 10 2 6 207 0 2 0 2 7 105 6 0 6 2 8 105 6 0 6 2 9 105 6 0 6 3 8 105 6 0 6 3 9 105 6 0 6 4 0 105 6 0 6 4 1 105 6 0 6 4 2 105 6 0 6 4 3 105 6 0 6 4 4 105 6 0 6 4 7 105 6 0 6 4 8 105 6 0 6 4 9 105 6 0 6 4 10 105 6 0 6 5 1 105 6 0 6 5 2 105 6 0 6 5 3 105 6 0 6 5 4 105 6 0 6 5 7 105 6 0 6 5 8 105 6 0 6 5 9 105 6 0 6 6 1 105 6 0 6 6 2 105 6 0 6 6 3 105 6 0 6 6 4 105 6 0 6 6 6 207 0 2 0 6 7 105 6 0 6 6 8 105 6 0 6 6 9 105 6 0 6 6 10 105 6 0 6 7 4 105 6 0 6 7 7 105 6 0 6 7 8 105 6 0 6 7 9 105 6 0 6 8 4 105 6 0 6 8 7 105 6 0 6 8 8 105 6 0 6 8 9 105 6 0 6 9 9 105 6 0 6
11 5 5 3 3 5 3 6 5 6 64 0 4 0 6 1 4 1 5 1 6 1 7 1 9 2 4 2 5 2 6 2 7 2 8 2 9 3 4 3 8 3 9 4 0 4 1 4 2 4 3 4 4 4 5 4 7 4 8 4 9 4 10 5 1 5 2 5 3 5 4 5 7 5 8 5 9 6 1 6 2 6 3 6 4 6 5 6 6 6 7 6 8 6 9 6 10 7 2 7 3 7 4 7 5 7 6 7 7 7 8 7 9 8 2 8 3 8 4 8 5 8 6 8 7 8 8 8 9 9 9 3 5 3 6 5 5 5 6 209 6 0 6 60 0 4 196 6 0 6 0 6 200 5 2 10 1 4 196 6 0 6 1 5 208 0 0 0 1 6 200 5 2 10 1 7 209 6 0 6 1 9 209 6 0 6 2 4 196 6 0 6 2 5 200 5 2 10 2 6 222 5 2 9 2 7 209 6 0 6 2 8 209 6 0 6 2 9 209 6 0 6 3 4 209 6 0 6 3 8 209 6 0 6 3 9 209 6 0 6 4 0 209 6 0 6 4 1 209 6 0 6 4 2 209 6 0 6 4 3 209 6 0 6 4 4 209 6 0 6 4 5 222 5 2 9 4 7 209 6 0 6 4 8 209 6 0 6 4 9 209 6 0 6 4 10 209 6 0 6 5 1 209 6 0 6 5 2 209 6 0 6 5 3 209 6 0 6 5 4 209 6 0 6 5 7 209 6 0 6 5 8 209 6 0 6 5 9 209 6 0 6 6 1 209 6 0 6 6 2 209 6 0 6 6 3 209 6 0 6 6 4 196 7 8 6 6 5 236 0 0 0 6 6 208 0 0 0 6 7 209 6 0 6 6 8 209 6 0 6 6 9 209 6 0 6 6 10 209 6 0 6 7 2 209 6 0 6 7 3 209 6 0 6 7 4 196 7 8 6 7 5 208 0 0 0 7 6 208 0 0 0 7 7 209 6 0 6 7 8 209 6 0 6 7 9 209 6 0 6 8 2 209 6 0 6 8 3 209 6 0 6 8 4 196 7 8 6 8 5 209 6 0 6 8 6 208 0 0 0 8 7 209 6 0 6 8 8 209 6 0 6 8 9 209 6 0 6 9 9 209 6 0 6
2 0 4 5 0 1 0 3 1 0 1 1 1 3 8 0 2 1 2 0 1 0 3 0 4 1 0 1 1 1 3 35 4 1 4 2 0 2 35 4 1 4 1 2 35 0 0 0
4 1 4 4 0 5 1 2 1 3 1 5 13 0 0 0 1 0 2 0 6 1 1 2 0 2 1 2 2 0 5 1 2 1 3 1 4 1 5 1 4 1 6 8 0 0 1 4 1 6 0 1 1 4 1 6 0 2 1 4 1 6 0 6 14 6 0 5 1 1 1 4 1 6 2 0 1 4 1 6 2 1 1 4 1 6 2 2 1 4 1 6
2 0 4 5 0 3 0 5 1 1 1 2 1 3 8 0 2 1 0 0 3 0 4 0 5 1 1 1 2 1 3 6 4 1 4 2 0 2 6 4 1 4 1 0 19 0 0 1
3 1 1 4 0 1 2 1 3 1 4 1 11 3 0 3 2 4 0 4 2 5 0 5 2 0 1 1 1 2 1 3 1 4 1 2 2 5 1 6 3 0 2 2 5 1 3 2 2 7 5 1 4 0 2 2 5 1 4 2 2 7 5 1 5 0 2 2 5 1 5 2 2 7 5 1
2 0 4 5 0 3 0 5 1 1 1 2 1 3 8 1 0 1 4 0 3 0 4 0 5 1 1 1 2 1 3 19 4 1 5 2 1 0 19 4 1 5 1 4 6 4 1 4
4 4 1 5 0 1 0 2 2 1 2 2 3 1 15 1 1 1 2 3 0 3 2 4 0 4 2 5 0 5 1 5 2 0 1 0 2 2 1 2 2 3 1 4 1 240 7 5 2 9 1 1 240 7 5 2 1 2 241 0 0 0 3 0 242 7 5 2 3 2 242 7 5 2 4 0 242 7 5 2 4 2 242 7 5 2 5 0 242 7 5 2 5 1 241 0 0 0 5 2 242 7 5 2
3 0 4 4 0 3 0 5 1 2 1 3 9 0 2 0 6 1 0 1 1 0 3 0 4 0 5 1 2 1 3 6 0 0 2 4 0 2 6 0 0 2 0 6 76 0 0 0 1 0 6 0 0 2 1 1 6 0 0 2
5 1 2 4 0 3 0 5 1 3 1 5 16 0 0 0 1 0 2 0 4 0 6 1 0 1 1 1 4 2 0 2 1 2 2 0 3 0 5 1 2 1 3 1 5 238 0 0 2 11 0 0 238 0 0 2 0 1 238 0 0 2 0 2 238 0 0 2 0 4 239 0 0 0 0 6 243 7 2 5 1 0 238 0 0 2 1 1 238 0 0 2 1 4 244 0 0 0 2 0 238 0 0 2 2 1 238 0 0 2 2 2 238 0 0 2
4 1 5 3 1 2 1 3 1 4 18 0 0 0 1 0 2 0 5 0 6 0 7 1 1 1 6 2 0 2 1 2 2 2 5 2 6 2 7 1 2 1 3 1 4 1 5 14 2 2 2 14 0 0 14 2 2 2 0 1 14 2 2 2 0 2 14 2 2 2 0 5 14 6 0 5 0 6 14 6 0 5 0 7 14 6 0 5 1 1 14 2 2 2 1 6 14 6 0 5 2 0 14 2 2 2 2 1 14 2 2 2 2 2 14 2 2 2 2 5 14 6 0 5 2 6 14 6 0 5 2 7 14 6 0 5
2 1 2 5 0 2 0 3 0 4 1 1 1 3 8 0 5 1 0 0 2 0 3 0 4 1 1 1 2 1 3 6 4 1 4 2 0 5 6 4 1 4 1 0 6 0 0 1
3 3 2 6 0 3 1 3 2 1 2 3 3 3 3 4 11 2 0 2 2 3 5 4 2 0 3 1 3 2 1 2 3 3 2 3 3 3 4 1 7 4 3 4 2 0 1 7 4 3 2 2 1 7 4 3 3 5 1 7 4 3 4 2 247 1 3 0
4 3 4 5 0 3 1 3 2 1 2 3 3 3 12 2 0 2 2 3 2 3 5 4 2 4 4 0 3 1 3 2 1 2 3 3 3 3 4 1 2 4 3 6 2 0 1 2 4 3 2 2 1 2 4 3 3 2 1 2 4 3 3 5 1 2 4 3 4 2 1 2 4 3 4 4 248 0 0 0
5 4 3 4 1 3 2 3 3 1 3 3 18 0 4 1 4 2 4 3 0 3 2 4 2 4 4 4 5 5 2 5 3 5 4 6 2 6 4 1 3 2 3 3 1 3 3 4 3 3 2 6 3 13 0 4 249 0 1 0 1 4 249 0 1 0 2 4 249 0 1 0 3 0 3 2 6 3 3 2 3 2 6 3 4 2 3 2 6 3 4 4 5 7 6 4 4 5 3 2 6 3 5 2 3 2 6 3 5 3 249 0 1 0 5 4 5 7 6 4 6 2 3 2 6 3 6 4 5 7 6 4
3 3 4 6 0 3 1 3 2 3 3 1 3 2 3 3 11 2 4 2 5 3 0 4 4 0 3 1 3 2 3 3 1 3 2 3 3 3 4 1 2 4 3 4 2 4 1 2 4 3 2 5 1 2 4 3 3 0 1 2 4 3 4 4 47 1 3 0
4 3 2 5 0 3 1 3 2 3 3 1 3 3 12 2 4 2 5 3 0 3 4 4 2 4 4 0 3 1 3 2 3 3 1 3 2 3 3 1 7 4 3 6 2 4 1 7 4 3 2 5 1 7 4 3 3 0 1 7 4 3 3 4 1 7 4 3 4 2 251 0 0 0 4 4 1 7 4 3
5 4 2 4 1 2 1 4 2 2 3 2 19 0 1 0 3 1 1 1 3 1 5 2 0 2 1 4 1 4 3 5 1 5 2 5 3 6 1 6 3 1 2 1 4 2 2 3 2 4 2 14 0 1 1 14 0 1 14 0 1 1 0 3 14 0 1 1 1 1 14 0 1 1 1 3 14 0 1 1 1 5 14 0 1 1 2 0 14 0 1 1 2 1 14 0 1 1 4 1 252 4 4 5 4 3 252 4 4 5 5 1 252 4 4 5 5 2 252 4 4 5 5 3 252 4 4 5 6 1 252 4 4 5 6 3 252 4 4 5
6 3 3 3 1 5 3 4 3 5 28 0 5 2 0 2 1 2 2 2 3 2 5 2 6 2 7 2 8 3 1 3 2 3 6 3 7 4 0 4 1 4 2 4 3 4 4 4 5 4 6 4 7 4 8 5 4 5 6 1 5 3 3 3 4 3 5 55 0 2 0 24 0 5 55 0 2 0 2 0 246 0 2 1 2 1 31 1 4 1 2 2 31 1 4 1 2 3 55 0 2 0 2 5 246 0 2 1 2 6 31 4 4 7 2 7 31 4 4 7 2 8 55 0 2 0 3 1 246 0 2 1 3 2 250 3 0 2 3 6 253 7 5 6 3 7 55 0 2 0 4 0 246 0 2 1 4 1 31 0 2 1 4 2 31 0 2 1 4 3 55 0 2 0 4 4 55 0 2 0 4 5 246 0 2 1 4 6 31 5 2 7 4 7 31 5 2 7 4 8 55 0 2 0 5 4 55 0 2 0 5 6 55 0 2 0
3 0 1 5 0 2 0 3 0 4 0 5 1 3 12 0 0 1 0 1 1 1 2 1 4 1 5 0 1 0 2 0 3 0 4 0 5 1 3 2 0 0 0 6 0 0 2 0 0 0 1 0 47 0 0 0 1 1 47 0 0 0 1 2 47 0 0 0 1 4 2 0 0 0 1 5 2 0 0 0
3 4 1 5 0 1 1 1 2 1 2 2 3 1 12 0 2 1 2 3 0 4 0 5 0 5 1 0 1 1 1 2 1 2 2 3 1 4 1 2 7 5 1 6 0 2 2 7 5 1 1 2 2 7 5 1 3 0 47 2 5 1 4 0 47 2 5 1 5 0 47 2 5 1 5 1 2 7 5 1
5 3 3 4 0 3 1 3 2 3 2 4 18 0 4 1 4 2 5 3 0 3 1 3 2 3 4 4 2 4 3 4 4 5 2 5 3 5 4 0 3 1 3 2 3 2 4 3 3 255 2 5 3 13 0 4 78 0 0 0 1 4 78 0 0 0 2 5 255 2 5 3 3 0 255 2 5 3 3 1 255 2 5 3 3 2 255 2 5 3 3 4 256 0 0 2 4 2 255 2 5 3 4 3 78 0 0 0 4 4 256 0 0 2 5 2 255 2 5 3 5 3 78 0 0 0 5 4 256 0 0 2
6 3 3 4 1 4 2 4 3 4 3 5 22 0 4 2 0 2 1 2 2 2 3 2 5 2 6 2 7 3 1 3 2 3 6 4 0 4 1 4 2 4 3 5 3 6 3 1 4 2 4 3 3 3 4 3 5 75 7 6 4 17 0 4 15 5 2 7 2 0 75 7 6 4 2 1 75 7 6 4 2 2 75 7 6 4 2 3 206 1 4 0 2 5 75 7 6 4 2 6 75 7 6 4 2 7 75 7 6 4 3 1 75 7 6 4 3 2 75 7 6 4 3 6 75 7 6 4 4 0 75 7 6 4 4 1 75 7 6 4 4 2 75 7 6 4 4 3 15 5 2 7 5 3 206 1 4 0 6 3 206 1 4 0
7 2 4 3 1 4 3 4 3 5 29 0 4 1 5 2 0 2 1 2 2 2 3 2 5 2 6 2 7 3 1 3 2 3 3 3 6 4 0 4 1 4 2 4 3 4 4 4 5 5 3 5 4 5 5 6 3 6 4 6 5 1 4 2 4 3 4 3 5 75 2 6 4 25 0 4 257 0 1 1 1 5 75 2 6 4 2 0 75 2 6 4 2 1 75 2 6 4 2 2 75 2 6 4 2 3 75 2 6 4 2 5 77 2 6 4 2 6 75 2 6 4 2 7 75 2 6 4 3 1 75 2 6 4 3 2 75 2 6 4 3 3 75 2 6 4 3 6 75 2 6 4 4 0 75 2 6 4 4 1 75 2 6 4 4 2 75 2 6 4 4 3 75 2 6 4 4 4 75 2 6 4 4 5 258 0 0 0 5 3 75 2 6 4 5 4 75 2 6 4 5 5 258 0 0 0 6 3 75 2 6 4 6 4 75 2 6 4 6 5 107 2 5 4
3 0 4 4 0 3 0 5 1 2 1 3 9 0 6 1 0 1 1 1 4 0 3 0 4 0 5 1 2 1 3 6 0 0 2 4 0 6 20 0 0 0 1 0 6 0 0 2 1 1 6 0 0 2 1 4 6 0 0 2
4 4 3 4 1 4 3 3 3 4 3 5 15 0 4 2 3 2 4 3 2 3 6 4 0 4 1 4 2 5 3 6 3 1 4 3 3 3 4 3 5 4 3 77 0 3 0 10 0 4 77 0 3 0 2 3 77 0 3 0 2 4 77 0 3 0 3 2 260 7 6 4 3 6 260 7 6 4 4 0 260 7 6 4 4 1 260 7 6 4 4 2 260 7 6 4 5 3 77 0 3 0 6 3 77 0 3 0
4 4 3 4 1 4 3 3 3 4 3 5 15 0 4 2 3 2 4 3 6 4 0 4 1 4 2 4 4 5 3 6 3 1 4 3 3 3 4 3 5 4 3 75 0 3 0 10 0 4 75 0 3 0 2 3 75 0 3 0 2 4 75 0 3 0 3 6 260 7 6 4 4 0 260 7 6 4 4 1 260 7 6 4 4 2 260 7 6 4 4 4 260 7 6 4 5 3 75 0 3 0 6 3 75 0 3 0
6 3 3 4 1 4 1 5 3 4 3 5 30 0 4 2 0 2 1 2 2 2 3 2 4 2 5 2 6 2 7 2 8 3 1 3 2 3 6 3 7 4 0 4 1 4 2 4 3 4 4 4 5 4 6 4 7 4 8 5 3 6 3 1 4 1 5 3 3 3 4 3 5 55 0 2 0 25 0 4 55 0 2 0 2 0 246 0 2 1 2 1 261 0 0 0 2 2 261 0 0 0 2 3 55 0 2 0 2 4 55 0 2 0 2 5 246 0 2 1 2 6 261 0 0 0 2 7 261 0 0 0 2 8 55 0 2 0 3 1 246 0 2 1 3 2 262 0 0 0 3 6 199 1 4 0 3 7 55 0 2 0 4 0 246 0 2 1 4 1 30 0 2 0 4 2 30 0 2 0 4 3 55 0 2 0 4 4 55 0 2 0 4 5 246 0 2 1 4 6 261 0 0 0 4 7 261 0 0 0 4 8 55 0 2 0 5 3 55 0 2 0 6 3 55 0 2 0
13 3 4 3 1 4 1 5 3 5 43 0 5 2 0 2 1 2 2 2 3 2 4 2 5 2 6 2 7 2 8 2 9 3 1 3 2 3 3 3 6 3 7 3 8 4 0 4 1 4 2 4 3 4 4 4 5 4 6 4 7 4 8 4 9 5 2 5 3 5 4 5 5 5 6 5 7 6 2 6 3 6 4 6 5 6 6 6 7 1 4 1 5 3 4 3 5 245 7 6 5 39 0 5 173 0 1 0 2 0 245 7 6 5 2 1 245 7 6 5 2 2 245 7 6 5 2 3 245 7 6 5 2 4 254 0 0 0 2 5 200 5 0 9 2 6 245 7 6 5 2 7 245 7 6 5 2 8 245 7 6 5 2 9 245 7 6 5 3 1 245 7 6 5 3 2 245 7 6 5 3 3 245 7 6 5 3 6 245 7 6 5 3 7 245 7 6 5 3 8 245 7 6 5 4 0 245 7 6 5 4 1 245 7 6 5 4 2 245 7 6 5 4 3 259 5 0 9 4 4 173 0 1 0 4 5 103 0 1 1 4 6 245 7 6 5 4 7 245 7 6 5 4 8 245 7 6 5 4 9 245 7 6 5 5 2 245 7 6 5 5 3 263 5 0 9 5 4 263 5 0 9 5 5 263 5 0 9 5 6 245 7 6 5 5 7 245 7 6 5 6 2 245 7 6 5 6 3 263 5 0 9 6 4 263 5 0 9 6 5 263 5 0 9 6 6 245 7 6 5 6 7 245 7 6 5
13 3 5 3 1 4 1 5 3 4 43 0 5 2 0 2 1 2 2 2 3 2 4 2 5 2 6 2 7 2 8 2 9 3 1 3 2 3 3 3 6 3 7 3 8 4 0 4 1 4 2 4 3 4 4 4 5 4 6 4 7 4 8 4 9 5 2 5 3 5 4 5 5 5 6 5 7 6 2 6 3 6 4 6 5 6 6 6 7 1 4 1 5 3 4 3 5 245 7 6 5 39 0 5 173 0 1 0 2 0 245 7 6 5 2 1 245 7 6 5 2 2 245 7 6 5 2 3 245 7 6 5 2 4 254 0 0 0 2 5 200 5 0 9 2 6 245 7 6 5 2 7 245 7 6 5 2 8 245 7 6 5 2 9 245 7 6 5 3 1 245 7 6 5 3 2 245 7 6 5 3 3 245 7 6 5 3 6 245 7 6 5 3 7 245 7 6 5 3 8 245 7 6 5 4 0 245 7 6 5 4 1 245 7 6 5 4 2 245 7 6 5 4 3 259 5 0 9 4 4 173 0 1 0 4 5 103 0 1 1 4 6 245 7 6 5 4 7 245 7 6 5 4 8 245 7 6 5 4 9 245 7 6 5 5 2 245 7 6 5 5 3 263 5 0 9 5 4 263 5 0 9 5 5 263 5 0 9 5 6 245 7 6 5 5 7 245 7 6 5 6 2 245 7 6 5 6 3 263 5 0 9 6 4 263 5 0 9 6 5 263 5 0 9 6 6 245 7 6 5 6 7 245 7 6 5
9 2 4 3 1 4 3 3 3 4 30 0 0 0 1 0 2 0 3 0 4 0 5 1 1 1 2 1 3 1 5 1 6 2 0 2 1 2 2 2 3 2 5 2 6 2 7 4 3 4 4 4 5 5 3 5 4 5 5 6 3 6 5 1 4 2 4 3 3 3 4 75 7 6 4 26 0 0 75 7 6 4 0 1 75 7 6 4 0 2 75 7 6 4 0 3 75 7 6 4 0 4 18 0 0 0 0 5 75 7 6 4 1 1 75 7 6 4 1 2 75 7 6 4 1 3 75 7 6 4 1 5 75 7 6 4 1 6 75 7 6 4 2 0 75 7 6 4 2 1 75 7 6 4 2 2 75 7 6 4 2 3 77 7 6 4 2 5 75 7 6 4 2 6 75 7 6 4 2 7 75 7 6 4 4 3 18 0 0 0 4 4 75 7 6 4 4 5 75 7 6 4 5 3 18 0 0 0 5 4 75 7 6 4 5 5 75 7 6 4 6 3 18 0 0 0 6 5 75 7 6 4
4 1 2 4 0 5 1 3 1 4 1 5 16 0 4 1 1 1 6 2 0 2 1 2 2 2 3 2 4 2 5 2 6 2 7 0 5 1 2 1 3 1 4 1 5 3 0 1 0 11 0 4 3 0 1 0 1 1 13 0 1 1 1 6 3 0 1 0 2 0 13 0 1 1 2 1 175 1 2 1 2 2 175 1 2 1 2 3 3 0 1 0 2 4 13 0 1 1 2 5 4 7 2 5 2 6 4 7 2 5 2 7 3 0 1 0
4 1 2 4 0 5 1 3 1 4 1 5 11 0 4 0 6 1 1 2 0 2 1 2 2 0 5 1 2 1 3 1 4 1 5 1 4 1 6 6 0 4 1 4 1 6 0 6 4 7 2 5 1 1 1 4 1 6 2 0 1 4 1 6 2 1 1 4 1 6 2 2 1 4 1 6
10 1 4 3 0 5 1 3 1 5 28 0 4 0 6 0 7 0 8 1 1 1 2 1 6 1 7 2 0 2 1 2 2 2 3 2 4 2 5 2 6 2 7 2 8 3 4 3 5 3 6 3 7 4 5 4 6 4 7 0 5 1 3 1 4 1 5 77 4 1 8 24 0 4 77 4 1 8 0 6 267 0 0 0 0 7 268 0 0 0 0 8 107 4 1 7 1 1 75 4 1 8 1 2 169 5 0 8 1 6 75 4 1 8 1 7 75 4 1 8 2 0 75 4 1 8 2 1 75 4 1 8 2 2 75 4 1 8 2 3 75 4 1 8 2 4 75 4 1 8 2 5 75 4 1 8 2 6 75 4 1 8 2 7 75 4 1 8 2 8 75 4 1 8 3 4 75 4 1 8 3 5 75 4 1 8 3 6 75 4 1 8 3 7 75 4 1 8 4 5 75 4 1 8 4 6 75 4 1 8 4 7 75 4 1 8
4 3 2 6 0 1 1 1 2 1 2 2 3 1 4 1 13 4 0 4 2 5 0 5 1 6 0 6 1 0 1 1 1 2 1 2 2 3 1 3 2 4 1 1 2 4 1 6 4 0 1 2 4 1 4 2 128 7 6 2 5 0 1 2 4 1 5 1 1 2 4 1 6 0 1 2 4 1 6 1 1 2 4 1
5 4 1 5 0 1 1 1 2 1 2 2 3 1 16 3 2 4 0 4 2 5 0 5 1 5 2 6 0 6 1 6 2 7 2 0 1 1 1 2 1 2 2 3 1 4 1 2 2 5 1 10 3 2 14 0 1 0 4 0 2 2 5 1 4 2 191 7 7 2 5 0 2 2 5 1 5 1 2 2 5 1 5 2 270 0 0 0 6 0 2 2 5 1 6 1 2 2 5 1 6 2 2 2 5 1 7 2 2 2 5 1
6 1 4 5 0 5 0 7 1 5 1 6 1 7 18 0 0 0 1 0 2 0 3 0 4 0 8 1 1 1 2 1 3 2 1 2 2 2 3 0 5 0 7 1 4 1 5 1 6 1 7 1 4 1 8 12 0 0 1 4 1 8 0 1 1 4 1 8 0 2 1 4 1 8 0 3 1 4 1 8 0 4 1 4 1 8 0 8 271 7 2 7 1 1 1 4 1 8 1 2 1 4 1 8 1 3 1 4 1 8 2 1 1 4 1 8 2 2 1 4 1 8 2 3 1 4 1 8
7 1 6 4 0 5 0 7 1 5 1 7 25 0 0 0 1 0 2 0 3 0 4 0 8 0 9 0 10 1 1 1 2 1 3 1 4 1 8 1 9 2 1 2 2 2 3 2 8 2 9 2 10 0 5 0 7 1 5 1 6 1 7 77 1 1 2 20 0 0 77 1 1 2 0 1 77 1 1 2 0 2 77 4 1 10 0 3 77 4 1 10 0 4 77 4 1 10 0 8 77 1 1 2 0 9 77 1 1 2 0 10 77 1 1 2 1 1 77 1 1 2 1 2 77 1 1 2 1 3 77 1 1 2 1 4 105 5 0 10 1 8 272 0 0 0 1 9 77 1 1 2 2 1 77 1 1 2 2 2 77 1 1 2 2 3 77 1 1 2 2 8 77 1 1 2 2 9 77 1 1 2 2 10 77 1 1 2
11 2 5 3 1 5 1 7 2 7 43 0 1 0 2 0 3 0 8 0 9 0 10 1 1 1 2 1 3 1 4 1 6 1 8 1 9 1 10 2 0 2 1 2 2 2 3 2 4 2 6 2 8 2 9 2 10 3 2 3 3 3 4 3 5 3 6 3 7 3 8 3 9 3 10 4 3 4 4 4 5 4 6 5 3 5 4 5 5 1 5 1 7 2 5 2 7 209 0 1 2 39 0 1 209 0 1 2 0 2 209 0 1 2 0 3 209 0 1 2 0 8 209 0 1 2 0 9 209 0 1 2 0 10 209 0 1 2 1 1 209 0 1 2 1 2 245 4 2 10 1 3 245 4 2 10 1 4 245 4 2 10 1 6 209 0 1 2 1 8 269 5 1 10 1 9 245 0 1 2 1 10 245 0 1 2 2 0 209 0 1 2 2 1 209 0 1 2 2 2 209 0 1 2 2 3 245 4 2 10 2 4 245 5 1 10 2 6 273 1 2 0 2 8 245 0 1 2 2 9 245 0 1 2 2 10 209 0 1 2 3 2 245 4 2 10 3 3 245 4 2 10 3 4 245 4 2 10 3 5 209 0 1 2 3 6 209 0 1 2 3 7 209 0 1 2 3 8 245 0 1 2 3 9 245 0 1 2 3 10 245 0 1 2 4 3 209 0 1 2 4 4 209 0 1 2 4 5 209 0 1 2 4 6 209 0 1 2 5 3 209 0 1 2 5 4 209 0 1 2 5 5 209 0 1 2
4 3 2 6 0 1 1 1 2 1 3 1 4 1 5 1 13 2 2 4 2 5 0 6 0 6 1 7 0 0 1 1 1 2 1 3 1 3 2 4 1 5 1 1 2 4 1 6 2 2 1 2 4 1 4 2 39 7 7 2 5 0 1 2 4 1 6 0 1 2 4 1 6 1 1 2 4 1 7 0 1 2 4 1
5 1 2 6 0 6 1 3 1 4 1 5 1 6 1 7 15 0 0 0 1 0 2 0 5 1 1 2 3 2 4 2 5 0 6 1 2 1 3 1 4 1 5 1 6 1 7 0 4 1 6 8 0 0 0 4 1 6 0 1 0 4 1 6 0 2 0 4 1 6 0 5 275 6 0 7 1 1 0 4 1 6 2 3 0 4 1 6 2 4 0 4 1 6 2 5 0 4 1 6
4 1 2 4 0 6 1 3 1 4 1 5 13 0 0 0 1 0 2 0 5 1 1 2 0 2 1 2 2 0 6 1 2 1 3 1 4 1 5 0 4 1 6 8 0 0 0 4 1 6 0 1 0 4 1 6 0 2 0 4 1 6 0 5 14 6 0 5 1 1 0 4 1 6 2 0 0 4 1 6 2 1 0 4 1 6 2 2 0 4 1 6
6 1 3 5 0 6 1 4 1 5 1 6 1 7 18 0 0 0 1 0 2 0 5 1 1 1 2 2 0 2 1 2 2 2 3 2 4 2 5 0 6 1 3 1 4 1 5 1 6 1 7 2 0 1 2 12 0 0 2 0 1 2 0 1 2 0 1 2 0 2 2 0 1 2 0 5 2 0 1 2 1 1 2 0 1 2 1 2 2 0 1 2 2 0 2 0 1 2 2 1 2 0 1 2 2 2 276 0 0 0 2 3 277 0 0 0 2 4 277 0 0 0 2 5 2 0 1 2
7 1 7 4 0 6 1 4 1 5 1 6 24 0 0 0 1 0 2 0 4 0 5 1 1 1 2 1 3 1 8 1 9 2 0 2 1 2 2 2 3 2 4 2 5 2 7 2 8 2 9 0 6 1 4 1 5 1 6 1 7 13 0 1 3 19 0 0 13 0 1 3 0 1 13 0 1 3 0 2 13 0 1 3 0 4 13 0 1 3 0 5 13 0 1 3 1 1 13 0 1 3 1 2 13 0 1 3 1 3 13 0 1 3 1 8 278 0 0 0 1 9 13 0 1 3 2 0 13 0 1 3 2 1 13 0 1 3 2 2 13 0 1 3 2 3 256 2 2 4 2 4 256 2 2 4 2 5 256 2 2 4 2 7 278 0 0 0 2 8 278 0 0 0 2 9 278 0 0 0
8 2 5 3 1 6 2 4 2 6 30 0 6 1 0 1 1 1 2 1 4 1 5 1 7 1 8 1 9 2 1 2 2 2 3 2 7 2 8 2 9 3 0 3 1 3 2 3 3 3 4 3 5 3 7 3 8 3 9 4 7 5 7 1 6 2 4 2 5 2 6 75 4 2 9 26 0 6 75 4 2 9 1 0 75 4 2 9 1 1 75 4 2 9 1 2 75 4 2 9 1 4 75 4 2 9 1 5 77 4 2 9 1 7 279 0 1 0 1 8 268 0 1 1 1 9 107 4 2 8 2 1 75 4 2 9 2 2 75 4 2 9 2 3 189 2 5 3 2 7 75 4 2 9 2 8 75 4 2 9 2 9 75 4 2 9 3 0 75 4 2 9 3 1 75 4 2 9 3 2 75 4 2 9 3 3 75 4 2 9 3 4 75 4 2 9 3 5 75 4 2 9 3 7 75 4 2 9 3 8 75 4 2 9 3 9 75 4 2 9 4 7 75 4 2 9 5 7 75 4 2 9
5 1 3 4 0 4 1 4 1 5 1 6 21 0 0 0 1 0 2 0 5 0 6 0 7 0 8 1 1 1 2 1 7 2 1 2 2 2 3 2 6 2 7 2 8 0 4 1 3 1 4 1 5 1 6 14 2 2 3 16 0 0 14 2 2 3 0 1 14 2 2 3 0 2 14 2 2 3 0 5 14 2 2 3 0 6 192 7 2 6 0 7 256 7 2 6 0 8 256 7 2 6 1 1 14 2 2 3 1 2 14 2 2 3 1 7 256 7 2 6 2 1 14 2 2 3 2 2 14 2 2 3 2 3 14 2 2 3 2 6 256 7 2 6 2 7 256 7 2 6 2 8 256 7 2 6
6 2 3 3 1 5 2 4 2 5 27 0 5 1 0 1 1 1 2 1 3 1 4 1 6 1 7 1 8 1 9 2 1 2 2 2 6 2 7 2 8 3 1 3 2 3 3 3 6 3 7 3 8 4 6 5 6 1 5 2 3 2 4 2 5 75 4 2 8 23 0 5 75 4 2 8 1 0 75 4 2 8 1 1 75 4 2 8 1 2 75 4 2 8 1 3 75 4 2 8 1 4 77 4 2 8 1 6 281 5 1 9 1 7 177 1 2 0 1 8 107 4 2 7 1 9 75 4 2 8 2 1 75 4 2 8 2 2 257 2 5 3 2 6 75 4 2 8 2 7 75 4 2 8 2 8 75 4 2 8 3 1 75 4 2 8 3 2 75 4 2 8 3 3 75 4 2 8 3 6 75 4 2 8 3 7 75 4 2 8 3 8 75 4 2 8 4 6 75 4 2 8 5 6 75 4 2 8
7 4 5 4 3 4 3 5 5 4 5 5 40 0 4 0 5 0 6 1 4 1 5 1 6 2 4 2 5 2 6 2 7 2 8 3 3 4 0 4 1 4 2 4 3 4 4 4 6 4 7 4 8 4 9 5 1 5 2 5 3 5 6 5 7 5 8 6 1 6 2 6 3 6 6 6 7 6 8 7 6 8 6 3 4 3 5 4 5 5 4 5 5 189 4 6 8 35 0 4 282 0 3 0 0 5 189 4 6 8 0 6 282 0 3 0 1 4 282 0 3 0 1 5 282 0 3 0 1 6 282 0 3 0 2 4 282 0 3 0 2 5 282 0 3 0 2 6 282 0 3 0 2 7 282 0 3 0 2 8 282 0 3 0 3 3 282 0 3 0 4 0 189 4 6 8 4 1 189 4 6 8 4 2 189 4 6 8 4 3 189 4 6 8 4 4 189 4 6 8 4 6 257 4 5 8 4 7 189 4 6 8 4 8 189 4 6 8 4 9 189 4 6 8 5 1 189 4 6 8 5 2 189 4 6 8 5 3 189 4 6 8 5 6 257 4 5 8 5 7 189 4 6 8 5 8 189 4 6 8 6 1 189 4 6 8 6 2 189 4 6 8 6 3 189 4 6 8 6 6 257 4 5 8 6 7 189 4 6 8 6 8 189 4 6 8 7 6 189 4 6 8 8 6 189 4 6 8
7 3 3 3 2 5 3 4 3 5 31 0 3 1 3 1 5 2 0 2 1 2 2 2 3 2 6 2 7 2 8 3 1 3 2 3 6 3 7 4 0 4 1 4 2 4 3 4 4 4 6 4 7 4 8 5 2 5 4 5 6 6 2 6 6 2 5 3 3 3 4 3 5 77 4 3 8 27 0 3 77 4 3 8 1 3 77 4 3 8 1 5 77 4 3 8 2 0 77 4 3 8 2 1 77 4 3 8 2 2 77 4 3 8 2 3 77 4 3 8 2 6 119 6 0 6 2 7 105 0 2 0 2 8 105 0 2 0 3 1 77 4 3 8 3 2 189 2 6 2 3 6 105 0 2 0 3 7 77 4 3 8 4 0 77 4 3 8 4 1 77 4 3 8 4 2 77 4 3 8 4 3 77 4 3 8 4 4 77 4 3 8 4 6 77 4 3 8 4 7 77 4 3 8 4 8 77 4 3 8 5 2 77 4 3 8 5 4 77 4 3 8 5 6 77 4 3 8 6 2 77 4 3 8 6 6 77 4 3 8
8 3 4 4 3 3 3 5 4 3 4 5 42 0 2 0 4 0 6 1 2 1 4 1 5 1 6 2 0 2 1 2 2 2 4 2 5 2 6 2 7 2 8 3 1 3 2 4 0 4 1 4 2 4 6 4 7 5 2 5 3 5 4 5 5 5 6 6 4 6 5 6 6 6 7 6 8 7 4 7 5 7 6 8 4 8 6 3 3 3 4 3 5 4 3 4 5 105 1 4 0 37 0 2 105 1 4 0 0 4 105 1 4 0 0 6 105 1 4 0 1 2 105 1 4 0 1 4 105 1 4 0 1 5 105 1 4 0 1 6 105 1 4 0 2 0 284 2 8 2 2 1 284 2 8 2 2 2 284 2 8 2 2 4 105 1 4 0 2 5 105 1 4 0 2 6 105 1 4 0 2 7 105 1 4 0 2 8 105 1 4 0 3 1 284 2 8 2 3 2 284 2 8 2 4 0 284 2 8 2 4 1 284 2 8 2 4 2 284 2 8 2 4 6 189 6 0 6 4 7 105 1 4 0 5 2 105 1 4 0 5 3 105 1 4 0 5 4 105 1 4 0 5 5 105 1 4 0 5 6 105 1 4 0 6 4 105 1 4 0 6 5 105 1 4 0 6 6 105 1 4 0 6 7 105 1 4 0 6 8 105 1 4 0 7 4 105 1 4 0 7 5 105 1 4 0 7 6 105 1 4 0 8 4 105 1 4 0 8 6 105 1 4 0
13 3 5 3 3 6 5 5 5 6 56 0 3 0 4 0 5 0 6 0 7 0 8 1 3 1 4 1 5 1 6 1 7 1 8 2 1 2 2 2 3 2 4 2 5 2 7 2 8 2 9 2 10 3 1 3 2 3 3 3 4 3 7 3 8 3 9 4 0 4 1 4 2 4 3 4 4 4 5 4 6 4 7 4 8 4 9 4 10 5 4 6 4 6 5 6 6 6 7 6 8 6 9 7 5 7 6 7 7 8 5 8 6 8 7 3 5 3 6 5 5 5 6 245 2 8 5 52 0 3 245 2 8 5 0 4 245 2 8 5 0 5 245 2 8 5 0 6 245 2 8 5 0 7 245 2 8 5 0 8 245 2 8 5 1 3 245 2 8 5 1 4 245 2 8 5 1 5 245 2 8 5 1 6 245 2 8 5 1 7 245 2 8 5 1 8 245 2 8 5 2 1 245 2 8 5 2 2 245 2 8 5 2 3 245 2 8 5 2 4 245 2 8 5 2 5 283 1 8 1 2 7 245 2 8 5 2 8 245 2 8 5 2 9 245 2 8 5 2 10 245 2 8 5 3 1 245 2 8 5 3 2 245 2 8 5 3 3 245 2 8 5 3 4 245 2 8 5 3 7 245 2 8 5 3 8 245 2 8 5 3 9 245 2 8 5 4 0 245 2 8 5 4 1 245 2 8 5 4 2 245 2 8 5 4 3 245 2 8 5 4 4 245 2 8 5 4 5 285 7 8 9 4 6 208 1 8 0 4 7 245 2 8 5 4 8 245 2 8 5 4 9 245 2 8 5 4 10 245 2 8 5 5 4 245 2 8 5 6 4 245 2 8 5 6 5 103 1 5 2 6 6 103 1 5 2 6 7 208 1 8 0 6 8 245 2 8 5 6 9 245 2 8 5 7 5 208 1 8 0 7 6 103 1 5 2 7 7 208 1 8 0 8 5 208 1 8 0 8 6 285 7 8 9 8 7 208 1 8 0
14 6 6 2 4 5 4 6 72 0 5 1 4 1 5 1 6 1 7 2 4 2 5 2 6 2 7 2 9 3 4 3 5 3 6 3 7 3 8 3 9 4 4 4 8 4 9 5 0 5 1 5 2 5 3 5 4 5 5 5 6 5 7 5 8 5 9 5 10 6 1 6 2 6 3 6 4 6 5 6 7 6 8 6 9 7 1 7 2 7 3 7 4 7 5 7 6 7 7 7 8 7 9 7 10 8 2 8 3 8 4 8 5 8 6 8 7 8 8 8 9 9 2 9 3 9 4 9 5 9 6 9 7 9 8 9 9 10 5 10 6 10 7 10 9 11 5 4 5 4 6 6 6 194 2 9 4 69 0 5 190 2 9 3 1 4 194 2 9 4 1 5 237 0 1 0 1 6 190 2 9 3 1 7 237 0 1 0 2 4 194 2 9 4 2 5 264 0 3 1 2 6 264 0 3 1 2 7 264 0 3 1 2 9 194 2 9 4 3 4 194 2 9 4 3 5 264 0 3 1 3 6 265 5 3 10 3 7 264 0 3 1 3 8 266 1 7 2 3 9 266 1 7 2 4 4 266 1 7 2 4 8 194 2 9 4 4 9 194 2 9 4 5 0 194 2 9 4 5 1 194 2 9 4 5 2 194 2 9 4 5 3 194 2 9 4 5 4 194 2 9 4 5 5 190 2 9 3 5 6 237 0 1 0 5 7 274 7 11 7 5 8 194 2 9 4 5 9 194 2 9 4 5 10 194 2 9 4 6 1 194 2 9 4 6 2 194 2 9 4 6 3 194 2 9 4 6 4 194 2 9 4 6 5 194 2 9 4 6 7 274 7 11 7 6 8 194 2 9 4 6 9 194 2 9 4 7 1 194 2 9 4 7 2 194 2 9 4 7 3 194 2 9 4 7 4 194 2 9 4 7 5 280 2 10 4 7 6 286 1 9 0 7 7 274 7 11 7 7 8 194 2 9 4 7 9 194 2 9 4 7 10 194 2 9 4 8 2 194 2 9 4 8 3 194 2 9 4 8 4 194 2 9 4 8 5 266 1 7 2 8 6 266 1 7 2 8 7 266 1 7 2 8 8 194 2 9 4 8 9 194 2 9 4 9 2 194 2 9 4 9 3 194 2 9 4 9 4 194 2 9 4 9 5 266 1 7 2 9 6 194 2 9 4 9 7 194 2 9 4 9 8 194 2 9 4 9 9 194 2 9 4 10 5 194 2 9 4 10 6 194 2 9 4 10 7 194 2 9 4 10 9 194 2 9 4 11 5 194 2 9 4
6 2 3 3 1 5 2 4 2 5 24 0 5 1 4 1 6 1 7 1 8 2 1 2 2 2 6 2 7 3 0 3 1 3 2 3 3 3 4 3 5 3 6 3 7 3 8 4 6 5 6 1 5 2 3 2 4 2 5 75 4 2 8 20 0 5 75 4 2 8 1 4 77 4 2 8 1 6 267 0 1 0 1 7 268 0 1 0 1 8 107 4 2 7 2 1 75 4 2 8 2 2 189 2 5 2 2 6 75 4 2 8 2 7 75 4 2 8 3 0 75 4 2 8 3 1 75 4 2 8 3 2 75 4 2 8 3 3 75 4 2 8 3 4 75 4 2 8 3 5 75 4 2 8 3 6 75 4 2 8 3 7 75 4 2 8 3 8 75 4 2 8 4 6 75 4 2 8 5 6 75 4 2 8
4 1 2 4 0 5 1 3 1 4 1 5 16 0 0 0 1 0 2 0 3 0 4 1 1 1 6 2 0 2 1 2 2 2 3 0 5 1 2 1 3 1 4 1 5 12 6 0 6 11 0 0 12 6 0 6 0 1 4 7 2 5 0 2 4 7 2 5 0 3 14 6 0 5 0 4 14 6 0 5 1 1 12 6 0 6 1 6 14 6 0 5 2 0 12 6 0 6 2 1 32 1 1 0 2 2 32 1 1 0 2 3 14 6 0 5
4 3 2 5 0 3 1 3 2 3 2 4 3 3 12 2 5 2 6 3 0 3 1 3 4 4 2 0 3 1 3 2 3 2 4 3 2 3 3 1 7 4 3 6 2 5 1 7 4 3 2 6 1 7 4 3 3 0 1 7 4 3 3 1 1 7 4 3 3 4 1 7 4 3 4 2 21 0 2 0
4 2 2 6 0 3 1 3 1 4 2 3 2 4 2 5 16 1 0 1 1 1 2 2 0 2 1 3 0 3 1 3 2 4 2 0 3 1 3 1 4 2 2 2 3 2 4 2 5 128 0 1 0 9 1 0 128 0 1 0 1 1 128 0 1 0 1 2 128 0 1 0 2 0 233 5 0 5 2 1 233 5 0 5 3 0 132 1 2 0 3 1 132 1 2 0 3 2 132 1 2 0 4 2 128 0 1 0
5 3 5 7 0 4 1 3 1 4 2 3 2 4 3 3 3 4 19 2 0 2 1 2 2 3 0 3 1 3 2 4 0 4 1 4 2 4 5 5 2 0 4 1 3 1 4 2 3 2 4 3 3 3 4 3 5 1 2 4 4 11 2 0 1 2 4 4 2 1 1 2 4 4 2 2 1 2 4 4 3 0 1 2 4 4 3 1 1 2 4 4 3 2 1 2 4 4 4 0 1 2 4 4 4 1 1 2 4 4 4 2 1 2 4 4 4 5 291 0 1 0 5 2 1 2 4 4
6 2 3 6 1 2 1 3 1 4 1 5 2 2 2 4 20 0 1 0 2 1 6 3 0 3 1 3 2 3 3 4 1 4 2 4 3 5 1 5 2 5 3 1 2 1 3 1 4 1 5 2 2 2 3 2 4 6 0 1 2 13 0 1 6 0 1 2 0 2 6 0 1 2 1 6 292 7 5 5 3 0 6 0 1 2 3 1 6 0 1 2 3 2 6 0 1 2 3 3 6 0 1 2 4 1 6 0 1 2 4 2 6 0 1 2 4 3 6 0 1 2 5 1 6 0 1 2 5 2 6 0 1 2 5 3 6 0 1 2
7 2 2 5 1 2 1 3 1 4 1 5 2 4 21 0 1 0 2 1 6 2 1 2 3 3 0 3 1 3 2 3 3 4 1 4 2 4 3 5 1 5 2 5 3 1 2 1 3 1 4 1 5 2 2 2 4 1 0 1 1 15 0 1 1 0 1 1 0 2 1 0 1 1 1 6 1 0 1 1 2 1 293 0 0 0 2 3 1 0 1 1 3 0 1 0 1 1 3 1 1 0 1 1 3 2 1 0 1 1 3 3 1 0 1 1 4 1 1 0 1 1 4 2 1 0 1 1 4 3 1 0 1 1 5 1 1 0 1 1 5 2 1 0 1 1 5 3 1 0 1 1
8 1 4 4 2 3 2 4 3 4 4 4 28 0 4 0 5 1 3 1 5 1 6 1 7 2 1 2 2 3 0 3 1 3 2 3 3 4 0 4 1 4 2 4 3 4 5 5 0 5 1 5 2 5 3 5 5 6 2 1 4 2 3 2 4 3 4 4 4 290 4 4 7 23 0 4 290 4 4 7 0 5 294 7 6 5 1 3 294 7 6 5 1 5 294 7 6 5 1 6 294 7 6 5 1 7 294 7 6 5 2 1 294 7 6 5 2 2 294 7 6 5 3 0 290 4 4 7 3 1 290 4 4 7 3 2 290 4 4 7 3 3 290 4 4 7 4 0 290 4 4 7 4 1 290 4 4 7 4 2 290 4 4 7 4 3 290 4 4 7 4 5 290 4 4 7 5 0 290 4 4 7 5 1 290 4 4 7 5 2 290 4 4 7 5 3 290 4 4 7 5 5 290 4 4 7 6 2 290 4 4 7
9 4 4 3 2 3 2 4 3 4 34 0 4 0 5 1 3 1 4 1 5 1 6 1 7 2 1 2 2 3 0 3 1 3 2 3 3 4 0 4 1 4 2 4 3 4 5 5 0 5 1 5 2 5 3 5 4 5 5 6 2 6 3 6 4 6 5 7 3 7 5 2 3 2 4 3 4 4 4 105 2 7 3 30 0 4 105 2 7 3 0 5 105 2 7 3 1 3 289 2 7 3 1 4 105 2 7 3 1 5 105 2 7 3 1 6 105 2 7 3 1 7 105 2 7 3 2 1 105 2 7 3 2 2 105 2 7 3 3 0 105 2 7 3 3 1 105 2 7 3 3 2 105 2 7 3 3 3 105 2 7 3 4 0 105 2 7 3 4 1 105 2 7 3 4 2 105 2 7 3 4 3 105 2 7 3 4 5 105 2 7 3 5 0 105 2 7 3 5 1 105 2 7 3 5 2 105 2 7 3 5 3 268 2 7 3 5 4 295 0 0 0 5 5 177 7 7 4 6 2 105 2 7 3 6 3 268 2 7 3 6 4 295 0 0 0 6 5 177 7 7 4 7 3 268 2 7 3 7 5 177 7 7 4
3 1 1 5 0 4 1 2 1 3 1 4 2 3 10 0 5 1 0 2 4 2 5 0 4 1 1 1 2 1 3 1 4 2 3 1 4 1 5 4 0 5 47 0 1 0 1 0 1 4 1 5 2 4 1 4 1 5 2 5 1 4 1 5
7 3 4 5 0 2 0 3 1 3 2 3 3 3 20 1 1 1 2 2 0 2 1 2 2 2 4 2 5 3 0 3 1 3 2 4 0 4 1 4 2 4 4 0 2 0 3 1 3 2 3 3 3 3 4 1 2 4 3 14 1 1 1 2 4 3 1 2 1 2 4 3 2 0 1 2 4 3 2 1 1 2 4 3 2 2 1 2 4 3 2 4 1 2 4 3 2 5 1 2 4 3 3 0 1 2 4 3 3 1 1 2 4 3 3 2 1 2 4 3 4 0 1 2 4 3 4 1 1 2 4 3 4 2 1 2 4 3 4 4 49 0 0 0
8 3 3 4 0 2 0 3 1 3 2 3 23 1 1 1 2 2 0 2 1 2 2 2 4 2 5 3 0 3 1 3 2 3 4 4 0 4 1 4 2 4 3 4 4 5 2 5 4 0 2 0 3 1 3 2 3 3 3 14 0 0 2 18 1 1 14 0 0 2 1 2 14 0 0 2 2 0 14 0 0 2 2 1 14 0 0 2 2 2 14 0 0 2 2 4 14 0 0 2 2 5 14 0 0 2 3 0 14 0 0 2 3 1 14 0 0 2 3 2 4 5 0 4 3 4 32 7 5 3 4 0 14 0 0 2 4 1 14 0 0 2 4 2 4 5 0 4 4 3 298 0 0 0 4 4 32 7 5 3 5 2 4 5 0 4 5 4 32 7 5 3
3 2 4 7 0 3 1 1 1 3 1 4 2 1 2 2 2 3 12 1 0 3 4 3 5 4 4 0 3 1 1 1 3 1 4 2 1 2 2 2 3 2 4 1 1 2 0 4 1 0 134 0 0 1 3 4 1 1 2 0 3 5 1 1 2 0 4 4 1 1 2 0
2 1 0 5 0 1 0 3 0 4 1 1 1 3 8 0 2 1 2 0 1 0 3 0 4 1 0 1 1 1 3 35 4 1 4 2 0 2 35 4 1 4 1 2 35 0 0 0
3 1 1 6 1 2 1 3 1 4 2 2 2 4 3 2 11 0 0 0 1 2 5 4 2 1 1 1 2 1 3 1 4 2 2 2 4 3 2 1 5 1 5 4 0 0 1 5 1 5 0 1 1 5 1 5 2 5 83 5 0 4 4 2 1 5 1 5
4 2 2 7 0 3 1 2 1 3 2 4 3 2 3 3 3 4 14 0 2 2 5 3 1 4 0 4 1 4 2 0 3 1 2 1 3 2 2 2 4 3 2 3 3 3 4 6 3 0 2 6 0 2 6 3 0 2 2 5 6 3 0 2 3 1 6 3 0 2 4 0 6 3 0 2 4 1 6 3 0 2 4 2 302 1 4 0
5 3 5 6 0 4 1 4 1 5 2 3 3 3 3 4 17 0 5 2 0 2 1 2 2 2 4 2 5 3 6 4 5 4 6 4 7 0 4 1 4 1 5 2 3 3 3 3 4 3 5 301 2 4 4 10 0 5 301 2 4 4 2 0 301 2 4 4 2 1 301 2 4 4 2 2 301 2 4 4 2 4 303 5 0 7 2 5 75 1 3 0 3 6 301 2 4 4 4 5 75 1 3 0 4 6 301 2 4 4 4 7 301 2 4 4
6 1 3 6 1 4 2 4 3 2 3 3 3 4 4 3 23 0 0 0 1 0 2 0 3 1 1 1 2 2 2 2 3 2 5 2 6 2 7 4 2 4 4 4 5 4 6 5 5 1 3 1 4 2 4 3 2 3 3 3 4 4 3 300 3 0 2 16 0 0 300 3 0 2 0 1 300 3 0 2 0 2 300 3 0 2 0 3 304 4 4 7 1 1 300 3 0 2 1 2 300 3 0 2 2 2 300 3 0 2 2 3 300 3 0 2 2 5 300 3 0 2 2 6 300 3 0 2 2 7 300 3 0 2 4 2 300 3 0 2 4 4 304 4 4 7 4 5 304 4 4 7 4 6 304 4 4 7 5 5 304 4 4 7
9 3 3 5 1 5 2 5 3 4 3 5 4 4 33 0 1 0 2 0 3 0 4 1 1 1 2 1 3 1 4 2 0 2 1 2 2 2 3 2 4 2 6 2 7 2 8 3 1 3 2 4 0 4 1 4 2 4 3 4 5 4 6 4 7 5 3 5 6 1 5 2 5 3 3 3 4 3 5 4 4 297 0 2 1 27 0 1 297 0 2 1 0 2 297 0 2 1 0 3 297 0 2 1 0 4 297 0 2 1 1 1 297 0 2 1 1 2 297 0 2 1 1 3 297 0 2 1 1 4 297 0 2 1 2 0 297 0 2 1 2 1 297 0 2 1 2 2 297 0 2 1 2 3 297 0 2 1 2 4 297 0 2 1 2 6 299 6 0 5 2 7 297 0 2 1 2 8 297 0 2 1 3 1 305 0 0 1 3 2 305 0 0 1 4 0 297 0 2 1 4 1 297 0 2 1 4 2 297 0 2 1 4 3 297 0 2 1 4 5 299 6 0 5 4 6 299 6 0 5 4 7 297 0 2 1 5 3 297 0 2 1 5 6 297 0 2 1
10 1 5 4 2 5 3 4 3 5 4 4 34 0 1 0 2 0 3 0 4 0 5 1 1 1 2 1 3 1 4 2 0 2 1 2 2 2 3 2 4 2 6 2 7 2 8 3 1 3 2 3 3 4 0 4 1 4 2 4 3 4 5 4 6 4 7 5 3 5 6 1 5 2 5 3 4 3 5 4 4 6 7 4 5 29 0 1 6 7 4 5 0 2 6 7 4 5 0 3 6 7 4 5 0 4 6 7 4 5 0 5 306 0 0 0 1 1 6 7 4 5 1 2 6 7 4 5 1 3 6 7 4 5 1 4 6 7 4 5 2 0 6 7 4 5 2 1 6 7 4 5 2 2 6 7 4 5 2 3 6 7 4 5 2 4 6 7 4 5 2 6 6 7 4 5 2 7 6 7 4 5 2 8 6 7 4 5 3 1 6 7 4 5 3 2 6 7 4 5 3 3 6 7 4 5 4 0 6 7 4 5 4 1 6 7 4 5 4 2 6 7 4 5 4 3 6 7 4 5 4 5 6 7 4 5 4 6 6 7 4 5 4 7 6 7 4 5 5 3 6 7 4 5 5 6 6 7 4 5
8 1 1 5 0 3 0 4 1 2 1 3 1 4 20 1 0 2 0 2 1 2 2 2 3 2 4 2 5 3 2 3 3 3 4 3 5 4 3 4 4 4 5 0 3 0 4 1 1 1 2 1 3 1 4 6 4 1 4 14 1 0 167 0 0 0 2 0 6 4 1 4 2 1 6 4 1 4 2 2 6 4 1 4 2 3 6 4 1 4 2 4 6 4 1 4 2 5 6 4 1 4 3 2 6 4 1 4 3 3 6 4 1 4 3 4 6 4 1 4 3 5 6 4 1 4 4 3 6 4 1 4 4 4 6 4 1 4 4 5 6 4 1 4
5 3 3 5 0 3 1 3 1 4 2 3 2 4 16 0 4 2 2 2 5 2 6 3 0 3 1 3 2 4 2 4 3 5 3 0 3 1 3 1 4 2 3 2 4 3 3 58 2 5 3 10 0 4 142 0 0 0 2 2 58 2 5 3 2 5 58 2 5 3 2 6 58 2 5 3 3 0 58 2 5 3 3 1 58 2 5 3 3 2 58 2 5 3 4 2 58 2 5 3 4 3 142 0 0 0 5 3 142 0 0 0
9 3 3 4 2 3 2 4 3 4 3 5 27 0 3 1 3 2 5 3 0 3 1 3 2 3 6 3 7 4 1 4 2 4 3 4 4 4 5 4 6 4 7 5 2 5 3 5 4 5 5 6 2 6 3 6 4 2 3 2 4 3 3 3 4 3 5 149 0 2 0 22 0 3 149 0 2 0 1 3 149 0 2 0 2 5 308 5 2 7 3 0 308 5 2 7 3 1 308 5 2 7 3 2 308 5 2 7 3 6 309 7 6 5 3 7 309 7 6 5 4 1 149 0 2 0 4 2 149 0 2 0 4 3 149 0 2 0 4 4 149 0 2 0 4 5 309 7 6 5 4 6 309 7 6 5 4 7 309 7 6 5 5 2 149 0 2 0 5 3 149 0 2 0 5 4 149 0 2 0 5 5 149 0 2 0 6 2 149 0 2 0 6 3 149 0 2 0 6 4 149 0 2 0
11 2 4 3 3 4 3 5 4 5 38 0 3 0 4 1 3 1 4 1 6 2 0 2 1 2 2 2 3 2 5 2 6 2 7 3 1 3 2 3 3 4 0 4 1 4 2 4 3 4 4 4 6 4 7 4 8 5 1 5 2 5 3 5 4 5 5 6 1 6 2 6 3 6 4 6 5 7 4 2 4 3 4 3 5 4 5 21 2 6 4 34 0 3 21 2 6 4 0 4 307 1 6 0 1 3 21 2 6 4 1 4 307 1 6 0 1 6 21 2 6 4 2 0 21 2 6 4 2 1 21 2 6 4 2 2 21 2 6 4 2 3 21 2 6 4 2 5 21 6 0 5 2 6 21 2 6 4 2 7 21 2 6 4 3 1 21 2 6 4 3 2 21 2 6 4 3 3 21 2 6 4 4 0 21 2 6 4 4 1 21 2 6 4 4 2 21 2 6 4 4 3 21 2 6 4 4 4 21 2 6 4 4 6 21 2 6 4 4 7 21 2 6 4 4 8 21 2 6 4 5 1 21 2 6 4 5 2 21 2 6 4 5 3 21 2 6 4 5 4 21 2 6 4 5 5 310 7 7 7 6 1 21 2 6 4 6 2 21 2 6 4 6 3 21 2 6 4 6 4 21 2 6 4 6 5 310 7 7 7 7 4 21 2 6 4
10 4 4 3 2 4 2 5 3 4 35 0 3 1 3 1 4 2 3 3 0 3 1 3 2 3 3 3 5 3 6 3 7 4 1 4 2 4 3 4 5 4 6 5 0 5 1 5 2 5 3 5 4 5 5 5 6 5 7 6 1 6 2 6 3 6 4 6 5 7 3 7 5 2 4 2 5 3 4 4 4 289 7 7 5 31 0 3 289 7 7 5 1 3 289 7 7 5 1 4 57 0 1 1 2 3 289 7 7 5 3 0 289 7 7 5 3 1 289 7 7 5 3 2 289 7 7 5 3 3 289 7 7 5 3 5 57 0 1 1 3 6 289 7 7 5 3 7 289 7 7 5 4 1 289 7 7 5 4 2 289 7 7 5 4 3 176 7 7 5 4 5 267 7 7 5 4 6 289 7 7 5 5 0 289 7 7 5 5 1 289 7 7 5 5 2 289 7 7 5 5 3 176 7 7 5 5 4 87 0 1 0 5 5 267 7 7 5 5 6 289 7 7 5 5 7 289 7 7 5 6 1 289 7 7 5 6 2 289 7 7 5 6 3 176 7 7 5 6 4 87 0 1 0 6 5 267 7 7 5 7 3 176 7 7 5 7 5 267 7 7 5
6 2 3 3 1 5 2 4 2 5 25 0 5 1 0 1 1 1 2 1 3 1 4 1 6 1 7 1 8 2 1 2 2 2 6 2 7 2 8 3 4 3 5 3 6 3 7 3 8 4 6 5 6 1 5 2 3 2 4 2 5 75 4 2 8 21 0 5 75 4 2 8 1 0 75 4 2 8 1 1 75 4 2 8 1 2 75 4 2 8 1 3 75 4 2 8 1 4 77 4 2 8 1 6 176 0 1 0 1 7 177 1 2 0 1 8 107 4 2 7 2 1 75 4 2 8 2 2 257 2 5 3 2 6 75 4 2 8 2 7 75 4 2 8 2 8 75 4 2 8 3 4 75 4 2 8 3 5 75 4 2 8 3 6 75 4 2 8 3 7 75 4 2 8 3 8 75 4 2 8 4 6 75 4 2 8 5 6 75 4 2 8
5 2 3 5 0 3 1 3 1 4 2 4 3 3 16 0 4 2 2 2 5 2 6 3 0 3 1 3 2 4 2 4 3 5 3 0 3 1 3 1 4 2 3 2 4 3 3 58 2 5 3 10 0 4 142 0 0 0 2 2 58 2 5 3 2 5 58 2 5 3 2 6 58 2 5 3 3 0 58 2 5 3 3 1 58 2 5 3 3 2 58 2 5 3 4 2 58 2 5 3 4 3 142 0 0 0 5 3 142 0 0 0
5 2 3 5 1 3 2 4 3 3 3 4 4 3 20 0 2 0 4 1 0 1 1 1 2 1 4 2 5 3 5 3 6 4 0 4 1 4 2 4 4 5 2 1 3 2 3 2 4 3 3 3 4 4 3 290 0 1 0 14 0 2 290 0 1 0 0 4 290 0 1 0 1 0 290 0 1 0 1 1 290 0 1 0 1 2 290 0 1 0 1 4 290 0 1 0 2 5 290 0 1 0 3 5 78 1 4 0 3 6 78 1 4 0 4 0 78 1 4 0 4 1 78 1 4 0 4 2 78 1 4 0 4 4 78 1 4 0 5 2 78 1 4 0
6 2 5 4 1 3 1 4 2 3 2 4 22 0 3 1 0 1 1 1 2 2 0 2 1 2 2 2 6 2 7 3 0 3 1 3 2 3 5 3 6 3 7 4 2 5 2 1 3 1 4 2 3 2 4 2 5 58 4 2 7 17 0 3 58 4 2 7 1 0 58 4 2 7 1 1 58 4 2 7 1 2 164 0 1 0 2 0 58 4 2 7 2 1 58 4 2 7 2 2 58 4 2 7 2 6 147 7 5 5 2 7 147 7 5 5 3 0 58 4 2 7 3 1 58 4 2 7 3 2 58 4 2 7 3 5 58 4 2 7 3 6 58 4 2 7 3 7 58 4 2 7 4 2 58 4 2 7 5 2 58 4 2 7
7 4 3 5 1 4 2 3 3 3 3 4 4 4 26 0 3 0 4 1 3 3 0 3 1 3 2 4 0 4 1 4 2 4 5 4 6 4 7 5 0 5 1 5 2 5 5 5 6 5 7 6 2 7 2 1 4 2 3 3 3 3 4 4 3 4 4 129 3 0 3 20 0 3 316 0 2 0 0 4 316 0 2 0 1 3 316 0 2 0 3 0 129 3 0 3 3 1 129 3 0 3 3 2 129 3 0 3 4 0 129 3 0 3 4 1 129 3 0 3 4 2 129 3 0 3 4 5 129 3 0 3 4 6 129 3 0 3 4 7 129 3 0 3 5 0 129 3 0 3 5 1 129 3 0 3 5 2 129 3 0 3 5 5 129 3 0 3 5 6 129 3 0 3 5 7 129 3 0 3 6 2 129 3 0 3 7 2 129 3 0 3
5 2 3 5 0 3 1 2 1 3 2 2 3 3 17 2 0 2 1 3 2 3 4 3 5 4 2 4 3 4 4 5 2 5 3 5 4 0 3 1 2 1 3 2 2 2 3 3 3 128 2 5 2 11 2 0 128 2 5 2 2 1 128 2 5 2 3 2 128 2 5 2 3 4 132 7 5 3 3 5 128 2 5 2 4 2 128 2 5 2 4 3 183 0 0 0 4 4 132 7 5 3 5 2 128 2 5 2 5 3 183 0 0 0 5 4 132 7 5 3
5 2 3 5 0 3 1 3 1 4 2 4 3 3 17 2 5 3 0 3 1 3 2 3 4 4 2 4 3 4 4 5 2 5 3 5 4 0 3 1 3 1 4 2 3 2 4 3 3 128 7 5 4 11 2 5 128 7 5 4 3 0 128 7 5 4 3 1 128 7 5 4 3 2 132 2 5 3 3 4 128 7 5 4 4 2 132 2 5 3 4 3 78 0 0 0 4 4 128 7 5 4 5 2 132 2 5 3 5 3 78 0 0 0 5 4 128 7 5 4
8 2 4 4 3 3 4 3 4 4 5 4 37 0 3 0 4 0 5 1 3 1 4 1 5 2 3 2 5 2 6 2 7 3 1 3 2 3 4 3 5 4 0 4 1 4 2 5 0 5 1 5 2 5 3 5 5 5 6 5 7 6 0 6 1 6 2 6 5 6 6 6 7 7 2 8 2 2 4 3 3 4 3 4 4 5 4 314 4 5 7 32 0 3 314 4 5 7 0 4 315 5 1 7 0 5 314 4 5 7 1 3 314 4 5 7 1 4 315 5 1 7 1 5 317 0 1 0 2 3 314 4 5 7 2 5 317 0 1 0 2 6 317 0 1 0 2 7 318 1 5 1 3 1 319 4 5 7 3 2 317 0 1 0 3 4 317 0 1 0 3 5 319 4 5 7 4 0 319 4 5 7 4 1 319 4 5 7 4 2 319 4 5 7 5 0 319 4 5 7 5 1 319 4 5 7 5 2 319 4 5 7 5 3 319 4 5 7 5 5 319 4 5 7 5 6 319 4 5 7 5 7 319 4 5 7 6 0 319 4 5 7 6 1 319 4 5 7 6 2 319 4 5 7 6 5 319 4 5 7 6 6 319 4 5 7 6 7 319 4 5 7 7 2 319 4 5 7 8 2 319 4 5 7
3 0 4 4 0 2 0 3 1 1 1 2 9 0 1 0 5 1 0 1 3 0 2 0 3 0 4 1 1 1 2 6 0 0 1 4 0 1 6 0 0 1 0 5 106 0 0 0 1 0 6 0 0 1 1 3 6 0 0 1
4 2 4 5 1 3 2 3 3 2 3 3 4 3 14 0 4 1 4 2 2 2 5 2 6 3 0 3 1 5 3 1 3 2 3 2 4 3 2 3 3 4 3 47 2 5 3 8 0 4 21 4 3 6 1 4 21 4 3 6 2 2 47 2 5 3 2 5 47 2 5 3 2 6 47 2 5 3 3 0 47 2 5 3 3 1 47 2 5 3 5 3 21 4 3 6
5 4 3 5 1 3 2 3 3 3 3 4 4 4 19 0 2 1 2 2 0 2 1 2 2 2 4 3 5 3 6 4 1 4 2 5 2 5 3 6 2 1 3 2 3 3 3 3 4 4 3 4 4 145 5 1 6 13 0 2 145 5 1 6 1 2 145 5 1 6 2 0 13 6 0 3 2 1 13 6 0 3 2 2 145 5 1 6 2 4 13 6 0 3 3 5 13 6 0 3 3 6 13 6 0 3 4 1 13 6 0 3 4 2 322 5 0 6 5 2 322 5 0 6 5 3 145 5 1 6 6 2 145 5 1 6
6 1 3 4 2 3 3 3 3 4 4 4 20 0 2 0 3 1 2 2 0 2 1 2 2 2 4 3 5 3 6 4 1 4 2 4 3 5 2 5 3 6 2 1 3 2 3 3 3 3 4 4 4 6 2 4 3 15 0 2 6 2 4 3 0 3 323 0 0 0 1 2 6 2 4 3 2 0 6 2 4 3 2 1 6 2 4 3 2 2 6 2 4 3 2 4 6 2 4 3 3 5 6 2 4 3 3 6 6 2 4 3 4 1 6 2 4 3 4 2 6 2 4 3 4 3 6 2 4 3 5 2 6 2 4 3 5 3 6 2 4 3 6 2 6 2 4 3
9 3 5 3 3 4 4 3 4 4 41 0 2 0 5 0 6 1 2 1 3 1 5 1 6 2 0 2 1 2 2 2 3 2 5 2 6 2 7 3 0 3 1 3 2 3 3 3 6 3 7 4 0 4 1 4 2 4 5 5 3 5 4 5 5 5 6 5 7 5 8 6 3 6 4 6 5 6 6 7 4 7 5 7 6 3 4 3 5 4 3 4 4 21 0 3 1 37 0 2 21 0 3 1 0 5 21 0 3 1 0 6 21 0 3 1 1 2 21 0 3 1 1 3 21 0 3 1 1 5 21 0 3 1 1 6 21 0 3 1 2 0 21 0 3 1 2 1 21 0 3 1 2 2 21 0 3 1 2 3 21 0 3 1 2 5 21 0 3 1 2 6 21 0 3 1 2 7 21 0 3 1 3 0 21 0 3 1 3 1 21 0 3 1 3 2 21 0 3 1 3 3 21 0 3 1 3 6 320 2 7 0 3 7 321 4 4 6 4 0 21 0 3 1 4 1 321 0 3 2 4 2 324 6 0 7 4 5 21 4 4 7 5 3 21 0 3 1 5 4 21 0 3 1 5 5 21 0 3 1 5 6 21 0 3 1 5 7 21 0 3 1 5 8 21 0 3 1 6 3 21 0 3 1 6 4 21 0 3 1 6 5 21 0 3 1 6 6 21 0 3 1 7 4 21 0 3 1 7 5 21 0 3 1 7 6 21 0 3 1
12 4 4 2 3 4 3 5 55 0 2 0 3 0 4 0 5 1 2 1 3 1 4 1 5 2 0 2 1 2 2 2 3 2 4 2 5 3 3 3 6 3 7 3 8 4 0 4 1 4 2 4 3 4 5 4 6 4 7 4 8 5 1 5 2 5 3 5 4 5 5 5 6 5 7 5 8 6 0 6 1 6 2 6 3 6 4 6 5 6 6 6 7 6 8 7 1 7 2 7 3 7 4 7 5 7 6 7 7 8 3 8 5 3 4 3 5 4 4 288 7 8 6 52 0 2 288 7 8 6 0 3 108 5 1 8 0 4 288 7 8 6 0 5 108 5 1 8 1 2 288 7 8 6 1 3 108 5 1 8 1 4 108 5 1 8 1 5 296 5 1 8 2 0 288 7 8 6 2 1 108 5 1 8 2 2 108 5 1 8 2 3 108 5 1 8 2 4 311 2 8 1 2 5 312 0 1 0 3 3 284 7 8 7 3 6 108 5 1 8 3 7 288 7 8 6 3 8 288 7 8 6 4 0 288 7 8 6 4 1 288 7 8 6 4 2 288 7 8 6 4 3 296 5 1 8 4 5 284 7 8 7 4 6 288 7 8 6 4 7 288 7 8 6 4 8 288 7 8 6 5 1 288 7 8 6 5 2 288 7 8 6 5 3 313 7 8 6 5 4 325 4 7 8 5 5 288 7 8 6 5 6 288 7 8 6 5 7 288 7 8 6 5 8 288 7 8 6 6 0 288 7 8 6 6 1 288 7 8 6 6 2 288 7 8 6 6 3 313 7 8 6 6 4 325 4 7 8 6 5 288 7 8 6 6 6 288 7 8 6 6 7 288 7 8 6 6 8 288 7 8 6 7 1 288 7 8 6 7 2 288 7 8 6 7 3 313 7 8 6 7 4 325 4 7 8 7 5 288 7 8 6 7 6 288 7 8 6 7 7 288 7 8 6 8 3 313 7 8 6 8 5 288 7 8 6
11 4 3 3 1 3 2 3 3 3 28 0 2 0 4 1 0 1 1 1 2 1 4 2 0 2 1 2 2 3 0 3 1 3 4 3 5 4 0 4 1 4 2 4 4 5 0 5 1 5 2 5 3 5 4 6 2 6 4 1 3 2 3 3 3 4 3 14 0 1 2 24 0 2 14 0 1 2 0 4 13 6 0 3 1 0 13 6 0 3 1 1 13 6 0 3 1 2 14 0 1 2 1 4 13 6 0 3 2 0 13 6 0 3 2 1 13 6 0 3 2 2 14 0 1 2 3 0 13 6 0 3 3 1 13 6 0 3 3 4 13 6 0 3 3 5 13 6 0 3 4 0 13 6 0 3 4 1 13 6 0 3 4 2 5 2 6 2 4 4 13 6 0 3 5 0 13 6 0 3 5 1 13 6 0 3 5 2 5 2 6 2 5 3 101 1 5 0 5 4 13 6 0 3 6 2 5 2 6 2 6 4 13 6 0 3
9 1 5 4 1 4 2 4 3 4 4 4 24 0 5 2 3 3 0 3 1 3 2 3 3 3 5 4 1 4 2 4 3 4 5 4 6 5 0 5 1 5 2 5 3 5 5 6 2 7 2 1 4 1 5 2 4 3 4 4 4 1 3 0 4 19 0 5 64 0 1 0 2 3 1 3 0 4 3 0 1 3 0 4 3 1 1 3 0 4 3 2 1 3 0 4 3 3 1 3 0 4 3 5 1 3 0 4 4 1 1 3 0 4 4 2 1 3 0 4 4 3 1 3 0 4 4 5 1 3 0 4 4 6 1 3 0 4 5 0 1 3 0 4 5 1 1 3 0 4 5 2 1 3 0 4 5 3 1 3 0 4 5 5 1 3 0 4 6 2 1 3 0 4 7 2 1 3 0 4
10 4 4 3 1 4 2 4 3 4 28 0 5 1 5 2 3 2 5 3 0 3 1 3 2 3 3 3 5 4 1 4 2 4 3 4 5 4 6 5 0 5 1 5 2 5 3 5 4 5 5 6 2 6 3 6 5 7 2 1 4 2 4 3 4 4 4 14 0 1 3 24 0 5 14 0 1 3 1 5 14 0 1 3 2 3 3 2 6 4 2 5 14 0 1 3 3 0 3 2 6 4 3 1 3 2 6 4 3 2 3 2 6 4 3 3 3 2 6 4 3 5 3 2 6 4 4 1 3 2 6 4 4 2 3 2 6 4 4 3 3 2 6 4 4 5 5 7 6 5 4 6 3 2 6 4 5 0 3 2 6 4 5 1 3 2 6 4 5 2 3 2 6 4 5 3 3 2 6 4 5 4 328 0 0 0 5 5 5 7 6 5 6 2 3 2 6 4 6 3 3 2 6 4 6 5 5 7 6 5 7 2 3 2 6 4
12 2 6 2 2 4 2 5 44 0 3 0 6 1 1 1 2 1 3 1 4 1 5 1 6 1 7 1 8 1 9 2 2 2 3 2 7 2 8 3 1 3 2 3 3 3 4 3 5 3 7 3 8 3 9 4 0 4 1 4 2 4 3 4 4 4 5 4 6 4 7 4 8 5 2 5 3 5 4 5 5 5 6 5 7 5 8 6 2 6 4 2 4 2 5 2 6 30 4 3 9 41 0 3 30 4 3 9 0 6 30 4 3 9 1 1 30 4 3 9 1 2 53 4 3 9 1 3 53 4 3 9 1 4 53 0 1 1 1 5 31 5 1 8 1 6 30 4 3 9 1 7 30 4 3 9 1 8 30 4 3 9 1 9 30 4 3 9 2 2 30 4 3 9 2 3 327 2 5 3 2 7 329 7 6 7 2 8 31 5 1 8 3 1 30 4 3 9 3 2 15 0 1 2 3 3 15 0 1 2 3 4 15 0 1 2 3 5 31 5 1 8 3 7 31 5 1 8 3 8 31 5 1 8 3 9 31 5 1 8 4 0 30 4 3 9 4 1 30 4 3 9 4 2 30 4 3 9 4 3 30 4 3 9 4 4 30 4 3 9 4 5 30 4 3 9 4 6 30 4 3 9 4 7 30 4 3 9 4 8 30 4 3 9 5 2 30 4 3 9 5 3 30 4 3 9 5 4 30 4 3 9 5 5 30 4 3 9 5 6 30 4 3 9 5 7 30 4 3 9 5 8 30 4 3 9 6 2 30 4 3 9 6 4 30 4 3 9
10 2 3 2 2 4 2 5 36 0 5 1 0 1 1 1 2 1 4 1 5 1 6 1 7 1 8 2 1 2 2 2 6 2 7 3 0 3 1 3 2 3 3 3 4 3 5 3 6 3 7 3 8 4 4 4 5 4 6 4 7 4 8 5 4 5 5 5 6 5 7 6 4 6 6 2 3 2 4 2 5 55 0 1 0 33 0 5 55 0 1 0 1 0 56 4 3 7 1 1 56 4 3 7 1 2 56 4 3 7 1 4 55 0 1 0 1 5 15 1 3 1 1 6 15 4 3 7 1 7 15 4 3 7 1 8 55 0 1 0 2 1 53 4 3 8 2 2 57 2 5 2 2 6 65 5 0 8 2 7 55 0 1 0 3 0 53 4 3 8 3 1 65 5 0 8 3 2 65 5 0 8 3 3 55 0 1 0 3 4 55 0 1 0 3 5 53 0 1 0 3 6 53 0 1 0 3 7 53 0 1 0 3 8 55 0 1 0 4 4 55 0 1 0 4 5 55 0 1 0 4 6 55 0 1 0 4 7 55 0 1 0 4 8 55 0 1 0 5 4 55 0 1 0 5 5 55 0 1 0 5 6 55 0 1 0 5 7 55 0 1 0 6 4 55 0 1 0 6 6 55 0 1 0
15 4 5 1 4 6 87 0 5 0 6 0 7 0 8 1 4 1 5 1 6 1 7 1 8 1 9 2 4 2 5 2 6 2 7 2 8 2 9 2 10 3 2 3 3 3 4 3 5 3 6 3 7 3 8 3 9 3 10 4 2 4 3 4 4 4 7 4 8 4 9 4 10 5 0 5 1 5 2 5 3 5 4 5 5 5 6 5 7 5 8 5 9 5 10 6 1 6 2 6 3 6 4 6 5 6 6 6 7 6 8 6 9 6 10 7 1 7 2 7 3 7 4 7 5 7 6 7 7 7 8 7 9 7 10 8 2 8 3 8 4 8 5 8 6 8 7 8 8 8 9 9 2 9 3 9 4 9 5 9 6 9 7 9 8 9 9 10 5 10 6 10 7 10 9 11 5 4 5 4 6 28 0 1 1 85 0 5 28 0 1 1 0 6 28 0 1 1 0 7 28 0 1 1 0 8 28 0 1 1 1 4 29 0 1 2 1 5 28 5 1 10 1 6 28 0 1 1 1 7 29 0 1 2 1 8 28 0 1 1 1 9 28 0 1 1 2 4 29 0 1 2 2 5 54 0 2 2 2 6 66 0 2 2 2 7 74 0 1 1 2 8 28 0 1 1 2 9 28 0 1 1 2 10 28 0 1 1 3 2 28 0 1 1 3 3 29 0 1 2 3 4 92 3 0 3 3 5 54 0 2 2 3 6 103 1 6 2 3 7 104 5 2 10 3 8 74 0 1 1 3 9 28 5 1 10 3 10 28 0 1 1 4 2 29 0 1 2 4 3 92 2 8 3 4 4 188 0 0 1 4 7 287 0 0 0 4 8 326 5 1 10 4 9 28 0 1 1 4 10 28 0 1 1 5 0 28 0 1 1 5 1 29 0 1 2 5 2 28 5 1 10 5 3 28 5 1 10 5 4 92 2 8 3 5 5 66 1 6 2 5 6 103 0 2 2 5 7 330 0 2 1 5 8 28 0 1 1 5 9 28 0 1 1 5 10 28 0 1 1 6 1 28 0 1 1 6 2 28 0 1 1 6 3 29 0 1 2 6 4 54 0 2 2 6 5 92 2 8 3 6 6 66 1 6 2 6 7 331 5 2 10 6 8 28 0 1 1 6 9 28 0 1 1 6 10 28 0 1 1 7 1 28 0 1 1 7 2 28 0 1 1 7 3 29 0 1 2 7 4 54 0 2 2 7 5 54 0 2 2 7 6 66 1 6 2 7 7 104 5 2 10 7 8 28 0 1 1 7 9 28 0 1 1 7 10 28 0 1 1 8 2 28 0 1 1 8 3 29 0 1 2 8 4 28 0 1 1 8 5 29 0 1 2 8 6 28 0 1 1 8 7 29 0 1 2 8 8 28 0 1 1 8 9 28 0 1 1 9 2 28 0 1 1 9 3 28 0 1 1 9 4 28 0 1 1 9 5 28 0 1 1 9 6 28 0 1 1 9 7 28 0 1 1 9 8 28 0 1 1 9 9 28 0 1 1 10 5 28 0 1 1 10 6 28 0 1 1 10 7 28 0 1 1 10 9 28 0 1 1 11 5 28 0 1 1
15 4 6 1 4 5 87 0 5 0 6 0 7 0 8 1 4 1 5 1 6 1 7 1 8 1 9 2 4 2 5 2 6 2 7 2 8 2 9 2 10 3 2 3 3 3 4 3 5 3 6 3 7 3 8 3 9 3 10 4 2 4 3 4 4 4 7 4 8 4 9 4 10 5 0 5 1 5 2 5 3 5 4 5 5 5 6 5 7 5 8 5 9 5 10 6 1 6 2 6 3 6 4 6 5 6 6 6 7 6 8 6 9 6 10 7 1 7 2 7 3 7 4 7 5 7 6 7 7 7 8 7 9 7 10 8 2 8 3 8 4 8 5 8 6 8 7 8 8 8 9 9 2 9 3 9 4 9 5 9 6 9 7 9 8 9 9 10 5 10 6 10 7 10 9 11 5 4 5 4 6 28 0 1 1 85 0 5 28 0 1 1 0 6 28 0 1 1 0 7 28 0 1 1 0 8 28 0 1 1 1 4 29 0 1 2 1 5 28 5 1 10 1 6 28 0 1 1 1 7 29 0 1 2 1 8 28 0 1 1 1 9 28 0 1 1 2 4 29 0 1 2 2 5 54 0 2 2 2 6 66 0 2 2 2 7 74 0 1 1 2 8 28 0 1 1 2 9 28 0 1 1 2 10 28 0 1 1 3 2 28 0 1 1 3 3 29 0 1 2 3 4 92 3 0 3 3 5 54 0 2 2 3 6 103 1 6 2 3 7 104 5 2 10 3 8 74 0 1 1 3 9 28 5 1 10 3 10 28 0 1 1 4 2 29 0 1 2 4 3 92 2 8 3 4 4 188 0 0 1 4 7 287 0 0 0 4 8 326 5 1 10 4 9 28 0 1 1 4 10 28 0 1 1 5 0 28 0 1 1 5 1 29 0 1 2 5 2 28 5 1 10 5 3 28 5 1 10 5 4 92 2 8 3 5 5 66 1 6 2 5 6 103 0 2 2 5 7 330 0 2 1 5 8 28 0 1 1 5 9 28 0 1 1 5 10 28 0 1 1 6 1 28 0 1 1 6 2 28 0 1 1 6 3 29 0 1 2 6 4 54 0 2 2 6 5 92 2 8 3 6 6 66 1 6 2 6 7 331 5 2 10 6 8 28 0 1 1 6 9 28 0 1 1 6 10 28 0 1 1 7 1 28 0 1 1 7 2 28 0 1 1 7 3 29 0 1 2 7 4 54 0 2 2 7 5 54 0 2 2 7 6 66 1 6 2 7 7 104 5 2 10 7 8 28 0 1 1 7 9 28 0 1 1 7 10 28 0 1 1 8 2 28 0 1 1 8 3 29 0 1 2 8 4 28 0 1 1 8 5 29 0 1 2 8 6 28 0 1 1 8 7 29 0 1 2 8 8 28 0 1 1 8 9 28 0 1 1 9 2 28 0 1 1 9 3 28 0 1 1 9 4 28 0 1 1 9 5 28 0 1 1 9 6 28 0 1 1 9 7 28 0 1 1 9 8 28 0 1 1 9 9 28 0 1 1 10 5 28 0 1 1 10 6 28 0 1 1 10 7 28 0 1 1 10 9 28 0 1 1 11 5 28 0 1 1
8 1 4 3 2 4 3 4 4 4 25 0 0 0 1 0 2 0 3 0 5 1 1 1 2 1 3 1 5 1 6 2 0 2 1 2 2 2 3 2 5 2 6 2 7 4 5 5 4 5 5 6 5 1 4 2 4 3 4 4 4 3 2 6 4 21 0 0 3 2 6 4 0 1 3 2 6 4 0 2 3 2 6 4 0 3 3 2 6 4 0 5 5 2 6 3 1 1 3 2 6 4 1 2 3 2 6 4 1 3 3 2 6 4 1 5 5 2 6 3 1 6 3 2 6 4 2 0 3 2 6 4 2 1 3 2 6 4 2 2 3 2 6 4 2 3 3 2 6 4 2 5 5 2 6 3 2 6 3 2 6 4 2 7 3 2 6 4 4 5 12 1 5 3 5 4 17 1 4 0 5 5 12 1 5 3 6 5 12 1 5 3
4 1 2 5 0 6 1 3 1 4 1 5 2 4 12 0 5 1 1 2 0 2 1 2 2 2 5 0 6 1 2 1 3 1 4 1 5 2 4 0 4 1 6 6 0 5 38 0 1 0 1 1 0 4 1 6 2 0 0 4 1 6 2 1 0 4 1 6 2 2 0 4 1 6 2 5 0 4 1 6
5 0 6 5 1 3 1 4 1 5 1 6 2 4 14 0 5 0 7 1 1 1 2 2 0 2 1 2 2 2 5 0 6 1 3 1 4 1 5 1 6 2 4 1 4 1 7 8 0 5 1 4 1 7 0 7 335 0 0 0 1 1 1 4 1 7 1 2 1 4 1 7 2 0 1 4 1 7 2 1 1 4 1 7 2 2 1 4 1 7 2 5 1 4 1 7
6 3 4 4 1 3 2 3 3 3 4 3 21 0 2 1 2 2 2 2 4 3 2 3 5 3 6 4 0 4 1 4 2 5 2 5 3 5 4 6 3 6 4 7 4 1 3 2 3 3 3 3 4 4 3 142 0 1 0 16 0 2 142 0 1 0 1 2 142 0 1 0 2 2 142 0 1 0 2 4 142 0 1 0 3 2 336 2 7 2 3 5 336 2 7 2 3 6 336 2 7 2 4 0 336 2 7 2 4 1 336 2 7 2 4 2 336 2 7 2 5 2 336 2 7 2 5 3 142 0 1 0 5 4 142 0 1 0 6 3 142 0 1 0 6 4 142 0 1 0 7 4 142 0 1 0
4 1 4 4 1 3 2 2 2 3 3 3 14 0 4 1 2 1 5 1 6 2 0 2 1 2 4 4 3 5 3 1 3 1 4 2 2 2 3 3 3 21 0 1 0 9 0 4 21 0 1 0 1 2 21 0 1 0 1 5 116 7 5 4 1 6 321 4 2 5 2 0 321 0 1 1 2 1 116 7 5 4 2 4 21 4 2 6 4 3 21 0 1 0 5 3 21 0 1 0
5 3 4 5 0 3 1 3 2 3 3 3 4 3 17 1 2 2 0 2 1 2 2 2 4 3 2 3 5 3 6 4 4 5 3 6 3 0 3 1 3 2 3 3 3 3 4 4 3 1 2 4 3 11 1 2 1 2 4 3 2 0 1 2 4 3 2 1 1 2 4 3 2 2 1 2 4 3 2 4 1 2 4 3 3 2 1 2 4 3 3 5 1 2 4 3 3 6 1 2 4 3 4 4 338 5 1 6 5 3 1 2 4 3 6 3 1 2 4 3
6 5 3 4 1 3 2 3 3 3 4 3 20 0 4 1 4 2 2 2 4 3 0 3 1 3 2 3 4 4 2 4 4 4 5 4 6 5 4 6 3 7 3 1 3 2 3 3 3 4 3 5 3 2 3 0 3 15 0 4 339 0 1 0 1 4 339 0 1 0 2 2 2 3 0 3 2 4 339 0 1 0 3 0 2 3 0 3 3 1 2 3 0 3 3 2 2 3 0 3 3 4 2 3 0 3 4 2 2 3 0 3 4 4 2 3 0 3 4 5 2 3 0 3 4 6 2 3 0 3 5 4 2 3 0 3 6 3 2 3 0 3 7 3 2 3 0 3
8 4 4 3 1 4 2 4 3 4 31 0 5 1 5 2 3 2 5 3 0 3 1 3 2 3 3 3 5 3 6 3 7 4 1 4 2 4 3 4 5 4 6 4 7 5 0 5 1 5 2 5 3 5 4 5 5 6 3 6 4 7 3 7 4 1 4 2 4 3 4 4 4 5 7 6 5 27 0 5 17 0 1 0 1 5 17 0 1 0 2 3 5 7 6 5 2 5 17 0 1 0 3 0 5 7 6 5 3 1 5 7 6 5 3 2 5 7 6 5 3 3 5 7 6 5 3 5 5 7 6 5 3 6 5 7 6 5 3 7 5 7 6 5 4 1 5 7 6 5 4 2 5 7 6 5 4 3 337 5 0 7 4 5 5 7 6 5 4 6 5 7 6 5 4 7 5 7 6 5 5 0 5 7 6 5 5 1 5 7 6 5 5 2 5 7 6 5 5 3 340 0 0 1 5 4 17 0 1 0 5 5 5 7 6 5 6 3 340 0 0 1 6 4 5 7 6 5 7 3 5 7 6 5 7 4 5 7 6 5
9 3 4 2 4 4 5 4 44 0 3 0 5 1 3 1 4 1 5 2 3 2 4 2 5 3 5 4 1 4 2 4 3 4 5 4 6 4 7 4 8 5 0 5 1 5 2 5 3 5 5 5 6 5 7 6 1 6 2 6 3 6 4 6 5 6 6 6 7 6 8 7 0 7 1 7 2 7 3 7 4 7 5 8 3 8 4 9 3 9 4 3 4 4 4 5 4 56 7 7 5 41 0 3 56 7 7 5 0 5 334 1 7 0 1 3 56 7 7 5 1 4 334 1 7 0 1 5 18 4 6 8 2 3 56 7 7 5 2 4 341 0 2 0 2 5 18 4 6 8 3 5 18 4 6 8 4 1 53 3 0 3 4 2 53 3 0 3 4 3 210 6 0 5 4 5 53 3 0 3 4 6 53 3 0 3 4 7 53 3 0 3 4 8 53 3 0 3 5 0 53 3 0 3 5 1 53 3 0 3 5 2 53 3 0 3 5 3 15 7 7 5 5 5 53 3 0 3 5 6 53 3 0 3 5 7 53 3 0 3 6 1 53 3 0 3 6 2 53 3 0 3 6 3 15 7 7 5 6 4 18 4 6 8 6 5 53 3 0 3 6 6 53 3 0 3 6 7 53 3 0 3 6 8 53 3 0 3 7 0 53 3 0 3 7 1 53 3 0 3 7 2 53 3 0 3 7 3 15 7 7 5 7 4 53 3 0 3 7 5 53 3 0 3 8 3 53 3 0 3 8 4 53 3 0 3 9 3 53 3 0 3 9 4 53 3 0 3
6 2 3 4 1 5 2 4 2 5 2 6 20 0 4 1 0 1 1 1 2 1 3 1 4 2 1 2 2 2 7 2 8 3 1 3 2 3 3 4 3 5 3 1 5 2 3 2 4 2 5 2 6 14 6 1 6 15 0 4 14 6 1 6 1 0 14 6 1 6 1 1 202 5 1 8 1 2 202 5 1 8 1 3 191 0 1 0 1 4 14 6 1 6 2 1 14 6 1 6 2 2 61 2 5 2 2 7 14 6 1 6 2 8 14 6 1 6 3 1 204 1 2 0 3 2 204 1 2 0 3 3 204 1 2 0 4 3 14 6 1 6 5 3 14 6 1 6
7 3 4 5 0 5 1 5 2 5 3 5 3 6 23 1 4 2 0 2 1 2 2 2 3 2 4 3 1 3 2 3 3 3 7 3 8 4 1 4 2 4 3 4 4 5 3 6 3 0 5 1 5 2 5 3 4 3 5 3 6 1 7 4 5 17 1 4 1 7 4 5 2 0 1 7 4 5 2 1 1 7 4 5 2 2 1 7 4 5 2 3 1 7 4 5 2 4 1 7 4 5 3 1 1 7 4 5 3 2 1 7 4 5 3 3 1 7 4 5 3 7 1 7 4 5 3 8 1 7 4 5 4 1 1 7 4 5 4 2 1 7 4 5 4 3 1 7 4 5 4 4 343 0 1 0 5 3 1 7 4 5 6 3 1 7 4 5
8 3 6 4 0 5 1 5 2 5 3 5 24 1 4 2 0 2 1 2 2 2 3 2 4 3 1 3 2 3 3 3 4 3 7 3 8 4 1 4 2 4 3 4 4 4 6 5 3 6 3 0 5 1 5 2 5 3 5 3 6 1 2 4 5 19 1 4 1 2 4 5 2 0 1 2 4 5 2 1 1 2 4 5 2 2 1 2 4 5 2 3 1 2 4 5 2 4 1 2 4 5 3 1 1 2 4 5 3 2 1 2 4 5 3 3 1 2 4 5 3 4 1 2 4 5 3 7 1 2 4 5 3 8 1 2 4 5 4 1 1 2 4 5 4 2 1 2 4 5 4 3 1 2 4 5 4 4 1 2 4 5 4 6 344 0 0 0 5 3 1 2 4 5 6 3 1 2 4 5
11 1 5 3 2 5 3 5 4 5 40 0 1 0 2 0 3 0 4 0 6 1 2 1 3 1 4 1 6 1 7 2 1 2 2 2 3 2 4 2 6 2 7 2 8 3 0 3 1 3 2 3 3 3 4 4 1 4 2 4 3 4 4 4 6 4 7 4 8 5 1 5 2 5 3 5 4 5 6 6 3 7 3 1 5 2 5 3 5 4 5 17 1 4 1 36 0 1 345 0 1 0 0 2 345 0 1 0 0 3 345 0 1 0 0 4 345 0 1 0 0 6 345 0 1 0 1 2 345 0 1 0 1 3 345 0 1 0 1 4 345 0 1 0 1 6 345 0 1 0 1 7 345 0 1 0 2 1 345 0 1 0 2 2 345 0 1 0 2 3 345 0 1 0 2 4 101 0 0 2 2 6 345 0 1 0 2 7 345 0 1 0 2 8 345 0 1 0 3 0 17 1 4 1 3 1 17 1 4 1 3 2 17 1 4 1 3 3 17 1 4 1 3 4 17 1 4 1 4 1 17 1 4 1 4 2 17 1 4 1 4 3 17 1 4 1 4 4 17 1 4 1 4 6 17 1 4 1 4 7 17 1 4 1 4 8 17 1 4 1 5 1 17 1 4 1 5 2 17 1 4 1 5 3 17 1 4 1 5 4 17 1 4 1 5 6 17 1 4 1 6 3 17 1 4 1 7 3 17 1 4 1
12 4 5 2 2 5 3 5 47 0 1 0 2 0 3 0 4 0 6 1 2 1 3 1 4 1 5 1 6 1 7 2 1 2 2 2 3 2 4 2 6 2 7 2 8 3 0 3 1 3 2 3 3 3 4 4 1 4 2 4 3 4 4 4 6 4 7 4 8 5 1 5 2 5 3 5 4 5 5 5 6 6 2 6 3 6 4 6 5 6 6 7 3 7 4 7 6 2 5 3 5 4 5 55 2 7 4 44 0 1 55 2 7 4 0 2 55 2 7 4 0 3 55 2 7 4 0 4 31 6 0 6 0 6 31 3 0 4 1 2 55 2 7 4 1 3 55 2 7 4 1 4 31 6 0 6 1 5 57 0 1 2 1 6 31 3 0 4 1 7 55 2 7 4 2 1 55 2 7 4 2 2 55 2 7 4 2 3 55 2 7 4 2 4 31 6 0 6 2 6 31 3 0 4 2 7 55 2 7 4 2 8 55 2 7 4 3 0 55 2 7 4 3 1 55 2 7 4 3 2 55 2 7 4 3 3 55 2 7 4 3 4 55 2 7 4 4 1 55 2 7 4 4 2 55 2 7 4 4 3 55 2 7 4 4 4 55 2 7 4 4 6 55 2 7 4 4 7 55 2 7 4 4 8 55 2 7 4 5 1 55 2 7 4 5 2 55 2 7 4 5 3 55 2 7 4 5 4 56 6 0 6 5 5 346 0 0 0 5 6 210 2 7 4 6 2 55 2 7 4 6 3 55 2 7 4 6 4 56 6 0 6 6 5 119 5 1 8 6 6 210 2 7 4 7 3 55 2 7 4 7 4 56 6 0 6 7 6 210 2 7 4
4 1 2 5 0 5 1 3 1 4 1 5 1 6 14 0 1 0 2 0 3 0 4 1 1 2 0 2 1 2 2 0 5 1 2 1 3 1 4 1 5 1 6 2 1 1 1 8 0 1 4 7 2 5 0 2 4 7 2 5 0 3 4 7 2 5 0 4 2 1 1 1 1 1 2 1 1 1 2 0 2 1 1 1 2 1 2 1 1 1 2 2 2 1 1 1
4 2 2 7 0 3 1 2 1 3 2 0 2 1 2 3 3 3 14 3 2 3 4 4 2 4 3 5 2 5 3 0 3 1 2 1 3 2 0 2 1 2 2 2 3 3 3 1 5 2 4 6 3 2 1 5 2 4 3 4 132 7 5 3 4 2 1 5 2 4 4 3 1 5 2 4 5 2 1 5 2 4 5 3 1 5 2 4
5 3 3 6 0 3 1 2 1 3 2 0 2 1 2 3 17 2 2 3 2 3 4 4 2 4 3 4 4 5 2 5 3 5 4 6 4 0 3 1 2 1 3 2 0 2 1 2 3 3 3 158 6 0 4 10 2 2 14 0 0 2 3 2 158 6 0 4 3 4 348 2 6 2 4 2 158 6 0 4 4 3 158 6 0 4 4 4 349 0 0 0 5 2 158 6 0 4 5 3 158 6 0 4 5 4 158 6 0 4 6 4 158 6 0 4
6 3 6 7 0 4 0 5 1 4 1 5 2 5 3 4 3 5 20 2 1 2 2 2 3 2 4 3 1 3 2 3 3 4 0 4 1 4 2 4 3 4 6 0 4 0 5 1 4 1 5 2 5 3 4 3 5 3 6 1 2 4 5 12 2 1 1 2 4 5 2 2 1 2 4 5 2 3 1 2 4 5 2 4 1 2 4 5 3 1 1 2 4 5 3 2 1 2 4 5 3 3 1 2 4 5 4 0 1 2 4 5 4 1 1 2 4 5 4 2 1 2 4 5 4 3 1 2 4 5 4 6 350 6 0 6
7 3 4 6 0 4 0 5 1 4 1 5 2 5 3 5 21 2 1 2 2 2 3 2 4 3 1 3 2 3 3 3 6 4 0 4 1 4 2 4 3 4 4 4 6 0 4 0 5 1 4 1 5 2 5 3 4 3 5 1 7 4 5 14 2 1 1 7 4 5 2 2 1 7 4 5 2 3 1 7 4 5 2 4 1 7 4 5 3 1 1 7 4 5 3 2 1 7 4 5 3 3 1 7 4 5 3 6 1 7 4 5 4 0 1 7 4 5 4 1 1 7 4 5 4 2 1 7 4 5 4 3 1 7 4 5 4 4 351 0 0 0 4 6 1 7 4 5
8 2 4 5 1 1 1 2 1 3 1 4 2 3 22 0 0 0 1 2 0 2 1 2 2 2 5 3 0 3 1 3 2 4 0 4 1 4 2 5 0 5 1 5 2 6 0 1 1 1 2 1 3 1 4 2 3 2 4 1 5 1 5 16 0 0 1 5 1 5 0 1 1 5 1 5 2 0 1 5 1 5 2 1 1 5 1 5 2 2 1 5 1 5 2 5 352 7 6 4 3 0 1 5 1 5 3 1 1 5 1 5 3 2 1 5 1 5 4 0 1 5 1 5 4 1 1 5 1 5 4 2 1 5 1 5 5 0 1 5 1 5 5 1 1 5 1 5 5 2 1 5 1 5 6 0 1 5 1 5
5 1 3 5 0 5 1 4 1 5 1 6 1 7 18 0 0 0 1 0 2 0 4 0 6 0 7 0 8 1 1 1 2 2 1 2 2 2 3 0 5 1 3 1 4 1 5 1 6 1 7 2 4 1 8 12 0 0 2 4 1 8 0 1 2 4 1 8 0 2 2 4 1 8 0 4 2 4 1 8 0 6 191 0 0 0 0 7 191 0 0 0 0 8 47 1 1 2 1 1 2 4 1 8 1 2 2 4 1 8 2 1 2 4 1 8 2 2 2 4 1 8 2 3 2 4 1 8
9 1 4 4 1 5 1 6 1 7 2 5 31 0 1 0 2 0 3 0 7 0 8 1 1 1 2 1 3 2 0 2 1 2 2 2 3 2 4 2 6 2 7 2 8 3 6 3 7 3 8 4 6 4 7 4 8 5 6 5 7 5 8 6 8 1 4 1 5 1 6 1 7 2 5 228 6 0 7 26 0 1 353 5 0 8 0 2 353 5 0 8 0 3 353 5 0 8 0 7 228 6 0 7 0 8 228 6 0 7 1 1 228 6 0 7 1 2 353 5 0 8 1 3 353 5 0 8 2 0 228 6 0 7 2 1 228 6 0 7 2 2 353 5 0 8 2 3 354 1 2 0 2 4 203 1 2 1 2 6 271 6 0 7 2 7 228 6 0 7 2 8 228 6 0 7 3 6 228 6 0 7 3 7 228 6 0 7 3 8 228 6 0 7 4 6 228 6 0 7 4 7 228 6 0 7 4 8 228 6 0 7 5 6 228 6 0 7 5 7 228 6 0 7 5 8 228 6 0 7 6 8 228 6 0 7
5 1 6 4 0 5 1 3 1 4 1 5 23 0 0 0 1 0 2 0 3 0 4 0 7 0 8 0 9 1 1 1 2 1 7 1 8 2 1 2 2 2 3 2 7 2 8 2 9 0 5 1 3 1 4 1 5 1 6 14 6 0 6 18 0 0 14 6 0 6 0 1 202 5 0 8 0 2 202 5 0 8 0 3 191 0 0 0 0 4 14 6 0 6 0 7 14 6 0 6 0 8 14 6 0 6 0 9 14 6 0 6 1 1 14 6 0 6 1 2 203 5 0 9 1 7 14 6 0 6 1 8 14 6 0 6 2 1 204 1 1 0 2 2 204 1 1 0 2 3 204 1 1 0 2 7 14 6 0 6 2 8 14 6 0 6 2 9 14 6 0 6
10 1 7 3 1 5 1 6 2 5 36 0 1 0 2 0 3 0 7 0 8 0 9 1 1 1 2 1 3 1 4 1 8 1 9 2 0 2 1 2 2 2 3 2 4 2 6 2 7 2 8 2 9 2 10 3 6 3 7 3 8 4 6 4 7 4 8 5 6 5 7 5 8 6 8 1 5 1 6 1 7 2 5 75 0 1 2 32 0 1 75 0 1 2 0 2 75 0 1 2 0 3 75 0 1 2 0 7 75 0 1 2 0 8 75 0 1 2 0 9 75 0 1 2 1 1 75 0 1 2 1 2 75 0 1 2 1 3 75 0 1 2 1 4 75 0 1 2 1 8 355 0 0 0 1 9 75 0 1 2 2 0 75 0 1 2 2 1 75 0 1 2 2 2 177 5 1 10 2 3 177 5 1 10 2 4 356 4 2 10 2 6 77 0 1 2 2 7 75 0 1 2 2 8 75 0 1 2 2 9 75 0 1 2 2 10 75 0 1 2 3 6 75 0 1 2 3 7 75 0 1 2 3 8 75 0 1 2 4 6 75 0 1 2 4 7 75 0 1 2 4 8 75 0 1 2 5 6 75 0 1 2 5 7 75 0 1 2 5 8 75 0 1 2 6 8 75 0 1 2
11 3 6 3 3 5 4 5 5 5 42 0 6 1 6 2 1 2 2 2 3 2 5 2 6 2 7 2 8 2 9 3 1 3 2 3 3 3 4 3 7 3 8 3 9 4 0 4 1 4 2 4 3 4 4 4 6 4 7 4 8 4 9 4 10 5 6 5 7 5 8 6 5 6 6 6 7 6 8 7 6 7 7 7 8 8 8 3 5 3 6 4 5 5 5 107 3 1 5 38 0 6 107 3 1 5 1 6 357 0 2 0 2 1 75 3 0 5 2 2 75 3 0 5 2 3 75 3 0 5 2 5 75 3 0 5 2 6 357 0 2 0 2 7 75 3 0 5 2 8 75 3 0 5 2 9 75 3 0 5 3 1 75 3 0 5 3 2 75 3 0 5 3 3 75 3 0 5 3 4 75 3 0 5 3 7 75 3 0 5 3 8 75 3 0 5 3 9 75 3 0 5 4 0 75 3 0 5 4 1 75 3 0 5 4 2 75 3 0 5 4 3 75 3 0 5 4 4 75 3 0 5 4 6 77 3 0 5 4 7 75 3 0 5 4 8 75 3 0 5 4 9 75 3 0 5 4 10 75 3 0 5 5 6 75 3 0 5 5 7 75 3 0 5 5 8 75 3 0 5 6 5 357 0 2 0 6 6 75 3 0 5 6 7 75 3 0 5 6 8 75 3 0 5 7 6 75 3 0 5 7 7 75 3 0 5 7 8 75 3 0 5 8 8 75 3 0 5
4 1 2 4 0 4 1 3 1 4 1 5 16 0 0 0 1 0 2 0 3 0 5 1 1 1 6 2 0 2 1 2 2 2 3 0 4 1 2 1 3 1 4 1 5 12 6 0 6 11 0 0 12 6 0 6 0 1 39 0 0 0 0 2 39 0 0 0 0 3 14 6 0 5 0 5 14 6 0 5 1 1 12 6 0 6 1 6 14 6 0 5 2 0 12 6 0 6 2 1 38 1 1 0 2 2 38 1 1 0 2 3 14 6 0 5
5 2 2 4 1 4 2 3 2 4 2 5 19 0 4 1 0 1 1 1 2 1 5 1 6 2 1 3 0 3 1 3 2 3 5 3 6 4 5 5 5 1 4 2 2 2 3 2 4 2 5 47 1 2 1 14 0 4 47 1 2 1 1 0 47 1 2 1 1 1 47 1 2 1 1 2 47 1 2 1 1 5 14 6 1 5 1 6 14 6 1 5 2 1 78 2 5 2 3 0 47 1 2 1 3 1 47 1 2 1 3 2 47 1 2 1 3 5 47 1 2 1 3 6 47 1 2 1 4 5 47 1 2 1 5 5 47 1 2 1
6 1 2 5 1 3 2 2 2 3 3 3 4 3 18 0 2 3 2 3 4 3 5 4 0 4 1 4 2 4 4 5 0 5 1 5 2 5 4 1 2 1 3 2 2 2 3 3 3 4 3 1 6 0 3 12 0 2 161 0 1 0 3 2 1 6 0 3 3 4 1 6 0 3 3 5 1 6 0 3 4 0 1 6 0 3 4 1 1 6 0 3 4 2 1 6 0 3 4 4 1 6 0 3 5 0 1 6 0 3 5 1 1 6 0 3 5 2 1 6 0 3 5 4 1 6 0 3
7 4 3 4 1 3 2 2 2 3 3 3 21 0 2 1 2 3 2 3 4 3 5 4 0 4 1 4 2 4 4 5 0 5 1 5 2 5 3 5 4 6 2 6 4 1 3 2 2 2 3 3 3 4 3 47 7 5 3 16 0 2 14 0 1 2 1 2 14 0 1 2 3 2 47 7 5 3 3 4 47 7 5 3 3 5 47 7 5 3 4 0 47 7 5 3 4 1 47 7 5 3 4 2 47 7 5 3 4 4 47 7 5 3 5 0 47 7 5 3 5 1 47 7 5 3 5 2 47 7 5 3 5 3 361 0 0 0 5 4 47 7 5 3 6 2 47 7 5 3 6 4 47 7 5 3
8 3 3 3 2 4 3 4 3 5 31 0 6 0 7 1 4 1 6 1 7 2 0 2 1 2 2 2 3 2 5 2 6 2 7 2 8 3 0 3 1 3 2 3 6 3 7 4 0 4 1 4 2 4 5 4 6 4 7 4 8 5 5 6 5 2 4 3 3 3 4 3 5 359 5 2 8 27 0 6 359 5 2 8 0 7 359 5 2 8 1 4 359 5 2 8 1 6 359 5 2 8 1 7 359 5 2 8 2 0 359 5 2 8 2 1 359 5 2 8 2 2 359 5 2 8 2 3 360 0 1 0 2 5 53 5 2 8 2 6 221 5 2 7 2 7 360 0 1 0 2 8 210 0 2 0 3 0 359 5 2 8 3 1 359 5 2 8 3 2 362 3 0 2 3 6 360 0 1 0 3 7 210 0 2 0 4 0 359 5 2 8 4 1 359 5 2 8 4 2 359 5 2 8 4 5 15 0 2 1 4 6 15 5 2 7 4 7 15 5 2 7 4 8 210 0 2 0 5 5 359 5 2 8 6 5 359 5 2 8
3 0 3 6 1 0 1 1 1 2 1 3 3 2 4 2 11 0 4 2 3 2 4 3 3 0 3 1 0 1 1 1 2 1 3 3 2 4 2 1 4 1 4 4 0 4 34 0 0 0 2 3 1 4 1 4 2 4 1 4 1 4 3 3 1 4 1 4
4 3 3 7 0 2 0 3 1 2 1 3 2 0 2 1 2 3 14 3 1 3 2 3 4 4 2 4 3 4 4 0 2 0 3 1 2 1 3 2 0 2 1 2 3 3 3 6 6 0 3 6 3 1 6 6 0 3 3 2 6 6 0 3 3 4 6 6 0 3 4 2 6 6 0 3 4 3 364 6 0 4 4 4 6 6 0 3
5 2 3 8 0 2 0 3 1 0 1 1 1 2 1 3 2 0 2 1 17 2 4 3 1 3 2 3 3 3 4 4 2 4 3 4 4 0 2 0 3 1 0 1 1 1 2 1 3 2 0 2 1 2 3 1 5 1 4 8 2 4 365 0 0 0 3 1 1 5 1 4 3 2 1 5 1 4 3 3 1 5 1 4 3 4 1 5 1 4 4 2 1 5 1 4 4 3 1 5 1 4 4 4 1 5 1 4
6 1 3 7 0 3 0 4 1 1 1 2 1 4 2 1 2 2 18 2 0 2 4 2 5 3 2 3 3 3 4 3 5 4 3 4 4 4 5 0 3 0 4 1 1 1 2 1 3 1 4 2 1 2 2 1 0 1 0 10 2 0 366 0 0 1 2 4 1 0 1 0 2 5 1 0 1 0 3 2 1 0 1 0 3 3 1 0 1 0 3 4 1 0 1 0 3 5 1 0 1 0 4 3 1 0 1 0 4 4 1 0 1 0 4 5 1 0 1 0
2 0 4 5 0 2 0 3 1 1 1 2 1 3 8 0 5 1 0 0 2 0 3 0 4 1 1 1 2 1 3 6 4 1 4 2 0 5 6 4 1 4 1 0 6 0 0 1
7 3 1 7 1 2 1 3 1 4 2 1 2 2 2 4 3 2 22 0 2 2 3 3 0 3 4 3 5 4 1 4 2 4 3 4 4 4 5 5 1 5 3 5 4 5 5 1 2 1 3 1 4 2 1 2 2 2 4 3 1 3 2 368 3 0 1 14 0 2 367 0 1 0 2 3 368 3 0 1 3 0 368 3 0 1 3 4 368 3 0 1 3 5 368 3 0 1 4 1 367 0 1 0 4 2 368 3 0 1 4 3 368 3 0 1 4 4 368 3 0 1 4 5 368 3 0 1 5 1 367 0 1 0 5 3 368 3 0 1 5 4 368 3 0 1 5 5 368 3 0 1
8 2 1 7 1 1 1 2 1 3 1 4 2 3 2 4 3 3 24 0 3 2 0 2 2 3 0 3 1 3 4 3 5 4 0 4 1 4 2 4 3 4 4 5 0 5 1 5 2 5 4 1 1 1 2 1 3 1 4 2 1 2 3 2 4 3 3 1 0 1 0 16 0 3 1 0 1 0 2 0 369 5 0 5 2 2 1 0 1 0 3 0 1 0 1 0 3 1 1 0 1 0 3 4 1 0 1 0 3 5 1 0 1 0 4 0 1 0 1 0 4 1 1 0 1 0 4 2 1 0 1 0 4 3 1 0 1 0 4 4 1 0 1 0 5 0 1 0 1 0 5 1 1 0 1 0 5 2 1 0 1 0 5 4 1 0 1 0
9 2 4 6 1 1 1 2 1 3 1 4 2 3 3 3 25 0 3 2 0 2 1 2 2 2 5 3 0 3 1 3 4 3 5 4 0 4 1 4 2 4 3 4 4 5 0 5 1 5 2 5 4 1 1 1 2 1 3 1 4 2 3 2 4 3 3 1 5 1 5 18 0 3 1 5 1 5 2 0 1 5 1 5 2 1 1 5 1 5 2 2 1 5 1 5 2 5 370 0 0 0 3 0 1 5 1 5 3 1 1 5 1 5 3 4 1 5 1 5 3 5 1 5 1 5 4 0 1 5 1 5 4 1 1 5 1 5 4 2 1 5 1 5 4 3 1 5 1 5 4 4 1 5 1 5 5 0 1 5 1 5 5 1 1 5 1 5 5 2 1 5 1 5 5 4 1 5 1 5
6 0 7 5 0 5 1 4 1 5 1 6 1 7 18 0 0 0 1 0 2 0 3 0 4 0 8 1 1 1 2 1 3 2 1 2 2 2 3 0 5 0 7 1 4 1 5 1 6 1 7 1 4 1 8 12 0 0 1 4 1 8 0 1 1 4 1 8 0 2 1 4 1 8 0 3 1 4 1 8 0 4 1 4 1 8 0 8 271 7 2 7 1 1 1 4 1 8 1 2 1 4 1 8 1 3 1 4 1 8 2 1 1 4 1 8 2 2 1 4 1 8 2 3 1 4 1 8
10 1 4 5 1 5 1 6 1 7 2 5 3 5 34 0 1 0 2 0 3 0 5 1 1 1 2 1 3 2 0 2 1 2 2 2 3 2 4 2 6 2 7 2 8 3 3 3 4 3 7 3 8 4 4 4 5 4 6 4 7 4 8 5 4 5 6 5 7 5 8 1 4 1 5 1 6 1 7 2 5 3 5 228 6 0 7 28 0 1 371 5 0 8 0 2 371 5 0 8 0 3 371 5 0 8 0 5 228 6 0 7 1 1 228 6 0 7 1 2 371 5 0 8 1 3 371 5 0 8 2 0 228 6 0 7 2 1 228 6 0 7 2 2 371 5 0 8 2 3 354 1 2 0 2 4 203 1 2 1 2 6 372 1 2 0 2 7 228 6 0 7 2 8 228 6 0 7 3 3 228 6 0 7 3 4 228 6 0 7 3 7 228 6 0 7 3 8 228 6 0 7 4 4 228 6 0 7 4 5 228 6 0 7 4 6 228 6 0 7 4 7 228 6 0 7 4 8 228 6 0 7 5 4 228 6 0 7 5 6 228 6 0 7 5 7 228 6 0 7 5 8 228 6 0 7
11 1 7 4 1 5 1 6 2 5 3 5 42 0 1 0 2 0 3 0 5 0 7 0 8 0 9 0 10 1 1 1 2 1 3 1 4 1 8 1 9 2 0 2 1 2 2 2 3 2 4 2 6 2 7 2 8 2 9 2 10 3 3 3 4 3 7 3 8 4 4 4 5 4 6 4 7 4 8 5 4 5 6 5 7 5 8 1 5 1 6 1 7 2 5 3 5 75 0 1 2 37 0 1 75 0 1 2 0 2 75 0 1 2 0 3 75 0 1 2 0 5 75 0 1 2 0 7 75 0 1 2 0 8 75 0 1 2 0 9 75 0 1 2 0 10 75 0 1 2 1 1 75 0 1 2 1 2 75 0 1 2 1 3 75 0 1 2 1 4 75 0 1 2 1 8 373 0 0 0 1 9 75 0 1 2 2 0 75 0 1 2 2 1 75 0 1 2 2 2 105 4 2 10 2 3 105 4 2 10 2 4 289 4 2 10 2 6 77 0 1 2 2 7 75 0 1 2 2 8 75 0 1 2 2 9 75 0 1 2 2 10 75 0 1 2 3 3 75 0 1 2 3 4 75 0 1 2 3 7 75 0 1 2 3 8 75 0 1 2 4 4 75 0 1 2 4 5 75 0 1 2 4 6 75 0 1 2 4 7 75 0 1 2 4 8 75 0 1 2 5 4 75 0 1 2 5 6 75 0 1 2 5 7 75 0 1 2 5 8 75 0 1 2
12 4 6 3 2 5 3 5 4 5 45 0 4 0 6 0 7 0 8 1 4 1 5 1 6 1 7 1 8 2 3 2 4 2 7 2 8 3 0 3 1 3 2 3 3 3 4 3 6 3 7 3 8 3 9 3 10 4 1 4 2 4 3 4 4 4 7 4 8 4 9 5 1 5 2 5 3 5 5 5 6 5 7 5 8 5 9 5 10 6 6 7 6 2 5 3 5 4 5 4 6 75 2 7 5 41 0 4 75 2 7 5 0 6 75 2 7 5 0 7 75 2 7 5 0 8 75 2 7 5 1 4 75 2 7 5 1 5 363 0 1 1 1 6 75 2 7 5 1 7 75 2 7 5 1 8 75 2 7 5 2 3 75 2 7 5 2 4 75 2 7 5 2 7 75 2 7 5 2 8 75 2 7 5 3 0 75 2 7 5 3 1 75 2 7 5 3 2 75 2 7 5 3 3 75 2 7 5 3 4 75 2 7 5 3 6 77 2 7 5 3 7 75 2 7 5 3 8 75 2 7 5 3 9 75 2 7 5 3 10 75 2 7 5 4 1 75 2 7 5 4 2 75 2 7 5 4 3 75 2 7 5 4 4 75 2 7 5 4 7 75 2 7 5 4 8 75 2 7 5 4 9 75 2 7 5 5 1 75 2 7 5 5 2 75 2 7 5 5 3 75 2 7 5 5 5 75 2 7 5 5 6 374 1 5 0 5 7 75 2 7 5 5 8 75 2 7 5 5 9 75 2 7 5 5 10 75 2 7 5 6 6 374 1 5 0 7 6 374 1 5 0
8 1 4 3 2 4 3 4 4 4 25 0 0 0 1 0 2 0 3 0 5 1 1 1 2 1 3 1 5 1 6 2 0 2 1 2 2 2 3 2 5 2 6 2 7 4 3 5 3 5 4 6 3 1 4 2 4 3 4 4 4 13 6 0 4 21 0 0 13 6 0 4 0 1 13 6 0 4 0 2 13 6 0 4 0 3 5 7 6 5 0 5 13 6 0 4 1 1 13 6 0 4 1 2 13 6 0 4 1 3 5 7 6 5 1 5 13 6 0 4 1 6 13 6 0 4 2 0 13 6 0 4 2 1 13 6 0 4 2 2 13 6 0 4 2 3 5 7 6 5 2 5 13 6 0 4 2 6 13 6 0 4 2 7 13 6 0 4 4 3 12 1 5 3 5 3 12 1 5 3 5 4 17 1 4 0 6 3 12 1 5 3
13 5 5 2 3 5 4 5 58 0 8 1 2 1 3 1 4 1 6 1 7 1 8 2 2 2 3 2 4 2 5 2 6 2 7 2 8 3 2 3 3 3 6 3 7 3 8 4 0 4 1 4 2 4 3 4 4 4 6 4 7 4 8 4 9 4 10 5 1 5 2 5 3 5 4 5 6 5 7 5 8 5 9 6 0 6 1 6 2 6 3 6 4 6 5 6 6 6 7 6 8 6 9 7 4 7 5 7 6 7 7 7 8 7 9 8 4 8 6 3 5 4 5 5 5 31 6 1 6 55 0 8 31 6 1 6 1 2 31 6 1 6 1 3 31 6 1 6 1 4 31 6 1 6 1 6 87 0 2 1 1 7 31 6 1 6 1 8 31 6 1 6 2 2 31 6 1 6 2 3 31 6 1 6 2 4 31 6 1 6 2 5 46 2 8 4 2 6 87 0 2 1 2 7 31 6 1 6 2 8 31 6 1 6 3 2 31 6 1 6 3 3 31 6 1 6 3 6 87 0 2 1 3 7 31 6 1 6 3 8 31 6 1 6 4 0 31 6 1 6 4 1 31 6 1 6 4 2 31 6 1 6 4 3 31 6 1 6 4 4 31 6 1 6 4 6 31 6 1 6 4 7 31 6 1 6 4 8 31 6 1 6 4 9 31 6 1 6 4 10 31 6 1 6 5 1 31 6 1 6 5 2 31 6 1 6 5 3 31 6 1 6 5 4 15 6 1 6 5 6 53 7 8 6 5 7 31 6 1 6 5 8 31 6 1 6 5 9 31 6 1 6 6 0 31 6 1 6 6 1 31 6 1 6 6 2 31 6 1 6 6 3 31 6 1 6 6 4 358 1 8 0 6 5 87 0 2 1 6 6 375 5 1 10 6 7 31 6 1 6 6 8 31 6 1 6 6 9 31 6 1 6 7 4 358 1 8 0 7 5 87 0 2 1 7 6 375 5 1 10 7 7 31 6 1 6 7 8 31 6 1 6 7 9 31 6 1 6 8 4 376 4 7 9 8 6 376 4 7 9
4 3 2 5 0 1 1 1 2 1 3 1 4 1 14 1 2 2 2 4 0 4 2 5 0 5 1 6 0 6 1 0 1 1 1 2 1 3 1 3 2 4 1 1 2 4 1 8 1 2 1 2 4 1 2 2 1 2 4 1 4 0 1 2 4 1 4 2 256 0 1 0 5 0 1 2 4 1 5 1 1 2 4 1 6 0 1 2 4 1 6 1 1 2 4 1
5 1 2 4 1 3 1 4 1 5 1 6 17 0 0 0 1 0 2 0 5 0 6 0 7 1 0 1 1 2 2 2 3 2 4 2 5 1 2 1 3 1 4 1 5 1 6 2 4 1 7 12 0 0 2 4 1 7 0 1 2 4 1 7 0 2 2 4 1 7 0 5 378 6 0 6 0 6 378 6 0 6 0 7 378 6 0 6 1 0 2 4 1 7 1 1 2 4 1 7 2 2 2 4 1 7 2 3 2 4 1 7 2 4 2 4 1 7 2 5 2 4 1 7
3 3 3 7 0 2 1 2 1 3 2 0 2 1 2 3 3 1 12 2 2 3 2 3 4 4 3 0 2 1 2 1 3 2 0 2 1 2 3 3 1 3 3 6 6 0 3 4 2 2 6 6 0 3 3 2 6 6 0 3 3 4 6 6 0 3 4 3 238 1 3 0
4 3 2 8 0 2 0 3 1 1 1 2 1 3 2 3 2 4 3 3 15 2 1 2 2 3 0 3 1 4 1 4 2 0 2 0 3 1 1 1 2 1 3 2 3 2 4 3 2 3 3 1 7 4 3 6 2 1 1 7 4 3 2 2 1 7 4 3 3 0 1 7 4 3 3 1 1 7 4 3 4 1 1 7 4 3 4 2 380 6 0 4
5 2 1 7 0 3 1 1 1 2 1 3 1 4 2 2 3 2 16 2 0 2 3 2 4 2 5 3 3 3 4 3 5 4 4 0 3 1 1 1 2 1 3 1 4 2 1 2 2 3 2 1 0 1 0 8 2 0 381 2 4 1 2 3 1 0 1 0 2 4 1 0 1 0 2 5 1 0 1 0 3 3 1 0 1 0 3 4 1 0 1 0 3 5 1 0 1 0 4 4 1 0 1 0
6 1 2 7 0 3 0 4 1 3 1 4 1 5 2 4 3 4 20 1 0 1 1 2 0 2 1 2 2 2 3 2 5 2 6 3 1 3 2 3 3 4 2 0 3 0 4 1 2 1 3 1 4 1 5 2 4 3 4 47 0 1 1 12 1 0 47 0 1 1 1 1 382 5 0 6 2 0 47 0 1 1 2 1 47 0 1 1 2 2 47 0 1 1 2 3 47 0 1 1 2 5 128 0 0 0 2 6 128 0 0 0 3 1 47 0 1 1 3 2 47 0 1 1 3 3 47 0 1 1 4 2 47 0 1 1
7 1 5 6 0 3 0 4 1 3 1 4 2 4 3 4 23 0 1 0 2 1 0 1 1 1 2 1 6 2 0 2 1 2 2 2 3 2 5 2 6 3 1 3 2 3 3 4 2 0 3 0 4 1 3 1 4 1 5 2 4 3 4 7 1 1 1 16 0 1 383 0 0 0 0 2 383 0 0 0 1 0 7 1 1 1 1 1 7 1 1 1 1 2 7 1 1 1 1 6 383 0 0 0 2 0 7 1 1 1 2 1 7 1 1 1 2 2 7 1 1 1 2 3 7 1 1 1 2 5 7 1 1 1 2 6 7 1 1 1 3 1 7 1 1 1 3 2 7 1 1 1 3 3 7 1 1 1 4 2 7 1 1 1
8 1 3 5 0 3 0 4 1 4 2 4 3 4 24 0 1 0 2 1 0 1 1 1 2 1 5 1 6 2 0 2 1 2 2 2 3 2 5 2 6 3 1 3 2 3 3 4 2 4 4 0 3 0 4 1 3 1 4 2 4 3 4 6 6 0 4 18 0 1 6 6 0 4 0 2 6 6 0 4 1 0 6 6 0 4 1 1 6 6 0 4 1 2 6 6 0 4 1 5 6 6 0 4 1 6 6 6 0 4 2 0 6 6 0 4 2 1 6 6 0 4 2 2 6 6 0 4 2 3 6 6 0 4 2 5 6 6 0 4 2 6 6 6 0 4 3 1 6 6 0 4 3 2 6 6 0 4 3 3 6 6 0 4 4 2 6 6 0 4 4 4 384 0 0 0
9 1 3 4 1 4 2 4 3 4 4 4 25 0 3 1 1 1 2 2 0 2 1 2 2 2 3 2 5 2 6 3 0 3 1 3 2 3 3 3 5 3 6 4 1 4 2 4 3 5 2 5 4 1 3 1 4 2 4 3 4 4 4 1 6 0 4 20 0 3 385 0 1 0 1 1 1 6 0 4 1 2 1 6 0 4 2 0 1 6 0 4 2 1 1 6 0 4 2 2 1 6 0 4 2 3 1 6 0 4 2 5 1 6 0 4 2 6 1 6 0 4 3 0 1 6 0 4 3 1 1 6 0 4 3 2 1 6 0 4 3 3 1 6 0 4 3 5 1 6 0 4 3 6 1 6 0 4 4 1 1 6 0 4 4 2 1 6 0 4 4 3 1 6 0 4 5 2 1 6 0 4 5 4 1 6 0 4
10 4 4 3 1 4 2 4 3 4 36 0 3 1 1 1 2 1 3 2 0 2 1 2 2 2 3 2 5 2 6 3 0 3 1 3 2 3 3 3 5 3 6 3 7 4 1 4 2 4 3 4 5 4 6 5 0 5 1 5 2 5 3 5 4 5 5 6 3 6 4 7 3 7 4 1 4 2 4 3 4 4 4 13 6 0 4 32 0 3 17 0 1 0 1 1 13 6 0 4 1 2 13 6 0 4 1 3 17 0 1 0 2 0 13 6 0 4 2 1 13 6 0 4 2 2 13 6 0 4 2 3 17 0 1 0 2 5 13 6 0 4 2 6 13 6 0 4 3 0 13 6 0 4 3 1 13 6 0 4 3 2 13 6 0 4 3 3 13 6 0 4 3 5 13 6 0 4 3 6 13 6 0 4 3 7 13 6 0 4 4 1 13 6 0 4 4 2 13 6 0 4 4 3 379 2 7 3 4 5 13 6 0 4 4 6 13 6 0 4 5 0 13 6 0 4 5 1 13 6 0 4 5 2 13 6 0 4 5 3 386 0 0 0 5 4 17 0 1 0 5 5 13 6 0 4 6 3 17 0 1 0 6 4 13 6 0 4 7 3 13 6 0 4 7 4 13 6 0 4
11 3 6 2 3 4 3 5 45 0 4 0 5 1 3 1 4 1 5 2 2 2 3 2 4 2 5 2 7 2 8 2 9 3 0 3 1 3 2 3 3 3 7 3 8 4 0 4 1 4 2 4 3 4 4 4 5 4 6 4 7 4 8 4 9 5 2 5 3 5 4 5 5 5 6 6 2 6 3 6 4 6 5 6 6 7 2 7 3 7 4 7 5 3 4 3 5 3 6 56 1 4 2 42 0 4 56 1 4 2 0 5 56 1 4 2 1 3 56 1 4 2 1 4 56 1 4 2 1 5 56 1 4 2 2 2 15 1 4 2 2 3 15 1 4 2 2 4 15 1 4 2 2 5 15 1 4 2 2 7 56 1 4 2 2 8 56 1 4 2 2 9 56 1 4 2 3 0 56 1 4 2 3 1 56 1 4 2 3 2 56 1 4 2 3 3 18 2 7 3 3 7 387 7 7 7 3 8 387 7 7 7 4 0 56 1 4 2 4 1 56 1 4 2 4 2 53 5 2 9 4 3 53 5 2 9 4 4 53 5 2 9 4 5 56 1 4 2 4 6 18 2 7 3 4 7 18 2 7 3 4 8 18 2 7 3 4 9 18 2 7 3 5 2 56 1 4 2 5 3 56 1 4 2 5 4 56 1 4 2 5 5 56 1 4 2 5 6 56 1 4 2 6 2 56 1 4 2 6 3 56 1 4 2 6 4 56 1 4 2 6 5 56 1 4 2 6 6 56 1 4 2 7 2 56 1 4 2 7 3 56 1 4 2 7 4 56 1 4 2 7 5 56 1 4 2
4 1 2 5 1 3 2 2 2 3 3 3 4 3 12 0 4 1 4 1 5 2 0 2 1 5 3 1 2 1 3 2 2 2 3 3 3 4 3 6 6 1 3 6 0 4 6 6 1 3 1 4 6 6 1 3 1 5 6 6 1 3 2 0 6 6 1 3 2 1 6 6 1 3 5 3 145 1 4 0
5 4 3 5 0 3 1 3 2 2 2 3 3 3 16 0 4 1 2 1 4 1 5 2 0 2 1 3 4 4 4 5 3 5 4 0 3 1 3 2 2 2 3 3 3 4 3 2 2 5 3 10 0 4 2 2 5 3 1 2 2 2 5 3 1 4 2 2 5 3 1 5 2 2 5 3 2 0 2 2 5 3 2 1 2 2 5 3 3 4 389 0 0 0 4 4 389 0 0 0 5 3 2 2 5 3 5 4 389 0 0 0
6 4 3 5 0 3 1 3 2 3 3 3 3 4 19 1 2 2 0 2 1 2 2 2 4 3 2 3 5 3 6 4 2 5 2 5 3 6 2 6 3 0 3 1 3 2 3 3 3 3 4 4 3 2 7 5 3 13 1 2 2 7 5 3 2 0 2 7 5 3 2 1 2 7 5 3 2 2 2 7 5 3 2 4 2 7 5 3 3 2 390 5 1 6 3 5 2 7 5 3 3 6 2 7 5 3 4 2 338 5 1 6 5 2 338 5 1 6 5 3 2 7 5 3 6 2 2 7 5 3 6 3 2 7 5 3
7 3 3 4 0 3 1 3 2 3 3 4 20 1 2 2 0 2 1 2 2 2 4 3 2 3 5 3 6 4 2 4 3 4 4 5 2 5 3 6 2 6 3 0 3 1 3 2 3 3 3 3 4 1 2 4 3 15 1 2 1 2 4 3 2 0 1 2 4 3 2 1 1 2 4 3 2 2 1 2 4 3 2 4 1 2 4 3 3 2 1 2 4 3 3 5 1 2 4 3 3 6 1 2 4 3 4 2 1 2 4 3 4 3 1 2 4 3 4 4 391 0 0 0 5 2 1 2 4 3 5 3 1 2 4 3 6 2 1 2 4 3 6 3 1 2 4 3
8 2 6 3 3 3 3 4 3 5 26 0 6 1 6 2 5 2 7 2 8 3 1 3 2 3 6 3 7 3 8 3 9 4 0 4 1 4 2 4 4 4 5 4 6 4 7 4 8 4 9 5 5 6 5 2 6 3 3 3 4 3 5 223 4 3 8 22 0 6 223 4 3 8 1 6 223 4 3 8 2 5 113 7 6 7 2 7 224 0 2 0 2 8 224 0 2 0 3 1 223 4 3 8 3 2 392 2 6 3 3 6 224 0 2 0 3 7 223 4 3 8 3 8 223 4 3 8 3 9 223 4 3 8 4 0 223 4 3 8 4 1 223 4 3 8 4 2 223 4 3 8 4 4 223 4 3 8 4 5 223 4 3 8 4 6 223 4 3 8 4 7 223 4 3 8 4 8 223 4 3 8 4 9 223 4 3 8 5 5 223 4 3 8 6 5 223 4 3 8
9 3 4 3 2 6 3 5 3 6 33 0 3 1 3 1 6 2 1 2 2 2 3 2 4 2 7 2 8 2 9 3 0 3 1 3 2 3 3 3 7 3 8 4 0 4 1 4 2 4 3 4 4 4 5 4 7 4 8 4 9 5 4 5 7 6 4 6 7 2 6 3 4 3 5 3 6 77 4 3 9 29 0 3 77 4 3 9 1 3 77 4 3 9 1 6 77 4 3 9 2 1 77 4 3 9 2 2 77 4 3 9 2 3 77 4 3 9 2 4 77 4 3 9 2 7 393 5 0 9 2 8 105 0 2 1 2 9 105 0 2 1 3 0 77 4 3 9 3 1 77 4 3 9 3 2 77 4 3 9 3 3 189 2 6 3 3 7 105 0 2 1 3 8 77 4 3 9 4 0 77 4 3 9 4 1 77 4 3 9 4 2 77 4 3 9 4 3 77 4 3 9 4 4 77 4 3 9 4 5 77 4 3 9 4 7 77 4 3 9 4 8 77 4 3 9 4 9 77 4 3 9 5 4 77 4 3 9 5 7 77 4 3 9 6 4 77 4 3 9 6 7 77 4 3 9
10 4 6 3 3 5 3 6 5 6 46 0 4 0 7 1 4 1 7 2 0 2 1 2 2 2 3 2 4 2 5 2 7 2 8 2 9 2 10 3 0 3 1 3 2 3 3 3 4 3 7 3 8 3 9 3 10 4 1 4 2 4 3 4 4 4 7 4 8 4 9 4 10 4 11 5 3 6 3 6 5 6 6 6 7 7 5 7 6 7 7 8 5 8 7 3 5 3 6 4 6 5 6 105 2 8 5 42 0 4 105 2 8 5 0 7 105 2 8 5 1 4 105 2 8 5 1 7 105 2 8 5 2 0 105 2 8 5 2 1 105 2 8 5 2 2 105 2 8 5 2 3 105 2 8 5 2 4 105 2 8 5 2 5 207 4 6 11 2 7 105 2 8 5 2 8 105 2 8 5 2 9 105 2 8 5 2 10 105 2 8 5 3 0 105 2 8 5 3 1 105 2 8 5 3 2 105 2 8 5 3 3 105 2 8 5 3 4 105 2 8 5 3 7 105 2 8 5 3 8 105 2 8 5 3 9 105 2 8 5 3 10 105 2 8 5 4 1 105 2 8 5 4 2 105 2 8 5 4 3 105 2 8 5 4 4 105 2 8 5 4 7 105 2 8 5 4 8 105 2 8 5 4 9 105 2 8 5 4 10 105 2 8 5 4 11 105 2 8 5 5 3 105 2 8 5 6 3 105 2 8 5 6 5 207 4 6 11 6 6 394 1 6 0 6 7 207 4 6 11 7 5 207 4 6 11 7 6 207 4 6 11 7 7 207 4 6 11 8 5 207 4 6 11 8 7 207 4 6 11
11 3 6 3 3 5 5 5 5 6 57 0 4 0 5 0 6 0 7 0 8 0 9 1 4 1 5 1 6 1 7 1 8 1 9 2 0 2 1 2 2 2 3 2 4 2 5 2 6 2 7 2 8 2 9 2 10 3 0 3 1 3 2 3 3 3 4 3 7 3 8 3 9 3 10 4 1 4 2 4 3 4 4 4 6 4 7 4 8 4 9 4 10 4 11 5 3 5 7 6 3 6 5 6 6 6 7 7 5 7 6 7 7 8 5 8 7 3 5 3 6 5 5 5 6 209 2 8 5 53 0 4 209 2 8 5 0 5 208 4 8 11 0 6 209 2 8 5 0 7 196 3 0 5 0 8 209 2 8 5 0 9 209 2 8 5 1 4 209 2 8 5 1 5 208 4 8 11 1 6 208 4 8 11 1 7 196 3 0 5 1 8 209 2 8 5 1 9 209 2 8 5 2 0 209 2 8 5 2 1 209 2 8 5 2 2 209 2 8 5 2 3 209 2 8 5 2 4 209 2 8 5 2 5 208 4 8 11 2 6 395 0 0 0 2 7 196 3 0 5 2 8 209 2 8 5 2 9 209 2 8 5 2 10 209 2 8 5 3 0 209 2 8 5 3 1 209 2 8 5 3 2 209 2 8 5 3 3 209 2 8 5 3 4 209 2 8 5 3 7 209 2 8 5 3 8 209 2 8 5 3 9 209 2 8 5 3 10 209 2 8 5 4 1 209 2 8 5 4 2 209 2 8 5 4 3 209 2 8 5 4 4 209 2 8 5 4 6 222 1 6 2 4 7 209 2 8 5 4 8 209 2 8 5 4 9 209 2 8 5 4 10 209 2 8 5 4 11 209 2 8 5 5 3 209 2 8 5 5 7 209 2 8 5 6 3 209 2 8 5 6 5 222 1 6 2 6 6 200 1 6 1 6 7 196 2 8 5 7 5 200 1 6 1 7 6 208 4 8 11 7 7 196 2 8 5 8 5 200 1 6 1 8 7 196 2 8 5
14 6 6 2 4 5 4 6 70 0 5 1 4 1 5 1 6 1 7 2 4 2 5 2 6 2 7 3 4 3 5 3 6 3 7 3 8 3 9 4 4 4 8 5 0 5 1 5 2 5 3 5 4 5 5 5 6 5 7 5 8 5 9 5 10 6 1 6 2 6 3 6 4 6 5 6 7 6 8 6 9 6 10 6 11 7 1 7 2 7 3 7 4 7 5 7 6 7 7 7 8 7 9 7 10 7 11 8 2 8 3 8 4 8 5 8 6 8 7 8 8 9 2 9 3 9 4 9 5 9 6 9 7 9 8 10 5 10 6 10 7 11 5 4 5 4 6 6 6 194 2 9 4 67 0 5 190 2 9 3 1 4 194 2 9 4 1 5 396 4 9 11 1 6 190 2 9 3 1 7 396 4 9 11 2 4 194 2 9 4 2 5 264 0 3 1 2 6 264 0 3 1 2 7 396 4 9 11 3 4 194 2 9 4 3 5 264 0 3 1 3 6 265 5 3 10 3 7 396 4 9 11 3 8 266 1 7 2 3 9 266 1 7 2 4 4 266 1 7 2 4 8 194 2 9 4 5 0 194 2 9 4 5 1 194 2 9 4 5 2 194 2 9 4 5 3 194 2 9 4 5 4 194 2 9 4 5 5 190 2 9 3 5 6 396 4 9 11 5 7 274 7 11 7 5 8 194 2 9 4 5 9 194 2 9 4 5 10 194 2 9 4 6 1 194 2 9 4 6 2 194 2 9 4 6 3 194 2 9 4 6 4 194 2 9 4 6 5 194 2 9 4 6 7 274 7 11 7 6 8 194 2 9 4 6 9 194 2 9 4 6 10 194 2 9 4 6 11 194 2 9 4 7 1 194 2 9 4 7 2 194 2 9 4 7 3 194 2 9 4 7 4 194 2 9 4 7 5 280 2 10 4 7 6 286 1 9 0 7 7 274 7 11 7 7 8 194 2 9 4 7 9 194 2 9 4 7 10 194 2 9 4 7 11 194 2 9 4 8 2 194 2 9 4 8 3 194 2 9 4 8 4 194 2 9 4 8 5 266 1 7 2 8 6 266 1 7 2 8 7 266 1 7 2 8 8 194 2 9 4 9 2 194 2 9 4 9 3 194 2 9 4 9 4 194 2 9 4 9 5 266 1 7 2 9 6 194 2 9 4 9 7 194 2 9 4 9 8 194 2 9 4 10 5 194 2 9 4 10 6 194 2 9 4 10 7 194 2 9 4 11 5 194 2 9 4
15 5 6 1 5 5 96 0 5 0 6 0 8 1 3 1 4 1 5 1 6 1 7 1 8 1 9 2 2 2 3 2 4 2 5 2 6 2 7 2 8 2 9 3 3 3 4 3 5 3 6 3 7 3 8 3 9 3 10 4 3 4 4 4 5 4 6 4 7 4 8 4 9 4 10 5 1 5 2 5 3 5 4 5 7 5 8 5 9 5 10 6 0 6 1 6 2 6 3 6 4 6 5 6 6 6 7 6 8 6 9 6 10 7 1 7 2 7 3 7 4 7 5 7 6 7 7 7 8 7 9 7 10 7 11 8 1 8 2 8 3 8 4 8 5 8 6 8 7 8 8 8 9 8 10 8 11 9 2 9 3 9 4 9 5 9 6 9 7 9 8 9 9 10 2 10 3 10 4 10 5 10 6 10 7 10 8 11 5 11 6 11 7 12 5 5 5 5 6 342 7 9 10 94 0 5 342 7 9 10 0 6 342 7 9 10 0 8 342 7 9 10 1 3 342 7 9 10 1 4 28 0 2 1 1 5 342 7 9 10 1 6 28 0 2 1 1 7 342 7 9 10 1 8 342 7 9 10 1 9 342 7 9 10 2 2 342 7 9 10 2 3 342 7 9 10 2 4 29 0 2 2 2 5 92 3 1 3 2 6 28 0 2 1 2 7 342 7 9 10 2 8 342 7 9 10 2 9 342 7 9 10 3 3 342 7 9 10 3 4 29 0 2 2 3 5 92 3 1 3 3 6 347 2 10 3 3 7 342 7 9 10 3 8 342 7 9 10 3 9 342 7 9 10 3 10 342 7 9 10 4 3 29 0 2 2 4 4 92 3 1 3 4 5 377 3 0 2 4 6 347 2 10 3 4 7 388 0 2 1 4 8 74 0 2 1 4 9 74 0 2 1 4 10 28 0 2 1 5 1 28 0 2 1 5 2 29 0 2 2 5 3 92 2 9 3 5 4 188 0 1 1 5 7 397 0 1 0 5 8 326 5 2 10 5 9 28 0 2 1 5 10 342 7 9 10 6 0 342 7 9 10 6 1 29 0 2 2 6 2 92 2 9 3 6 3 92 2 9 3 6 4 92 2 9 3 6 5 377 2 10 2 6 6 347 3 0 3 6 7 342 7 9 10 6 8 28 0 2 1 6 9 28 0 2 1 6 10 28 0 2 1 7 1 342 7 9 10 7 2 342 7 9 10 7 3 29 0 2 2 7 4 92 2 9 3 7 5 92 2 9 3 7 6 347 3 0 3 7 7 342 7 9 10 7 8 342 7 9 10 7 9 342 7 9 10 7 10 342 7 9 10 7 11 342 7 9 10 8 1 342 7 9 10 8 2 342 7 9 10 8 3 29 0 2 2 8 4 29 4 8 9 8 5 28 4 8 10 8 6 347 3 0 3 8 7 342 7 9 10 8 8 342 7 9 10 8 9 342 7 9 10 8 10 342 7 9 10 8 11 342 7 9 10 9 2 342 7 9 10 9 3 29 0 2 2 9 4 342 7 9 10 9 5 29 0 2 2 9 6 342 7 9 10 9 7 342 7 9 10 9 8 342 7 9 10 9 9 342 7 9 10 10 2 342 7 9 10 10 3 342 7 9 10 10 4 342 7 9 10 10 5 342 7 9 10 10 6 342 7 9 10 10 7 342 7 9 10 10 8 342 7 9 10 11 5 342 7 9 10 11 6 342 7 9 10 11 7 342 7 9 10 12 5 342 7 9 10
6 2 4 3 1 5 2 3 2 5 24 0 5 1 4 1 6 1 7 1 8 2 1 2 2 2 6 2 7 3 0 3 1 3 2 3 3 3 4 3 5 3 6 3 7 3 8 4 6 5 6 1 5 2 3 2 4 2 5 75 4 2 8 20 0 5 75 4 2 8 1 4 77 4 2 8 1 6 267 0 1 0 1 7 268 0 1 0 1 8 107 4 2 7 2 1 75 4 2 8 2 2 189 2 5 2 2 6 75 4 2 8 2 7 75 4 2 8 3 0 75 4 2 8 3 1 75 4 2 8 3 2 75 4 2 8 3 3 75 4 2 8 3 4 75 4 2 8 3 5 75 4 2 8 3 6 75 4 2 8 3 7 75 4 2 8 3 8 75 4 2 8 4 6 75 4 2 8 5 6 75 4 2 8
11 3 5 3 3 6 5 5 5 6 56 0 2 0 3 0 4 0 5 0 6 0 8 1 2 1 3 1 4 1 5 1 6 1 8 2 1 2 2 2 3 2 4 2 5 2 6 2 7 2 8 2 9 2 10 3 1 3 2 3 3 3 4 3 7 3 8 3 9 4 0 4 1 4 2 4 3 4 4 4 5 4 7 4 8 4 9 4 10 5 4 5 7 6 2 6 3 6 4 6 5 6 6 6 7 7 4 7 5 7 6 8 4 8 6 3 5 3 6 5 5 5 6 209 6 0 6 52 0 2 209 6 0 6 0 3 209 6 0 6 0 4 196 6 0 6 0 5 209 6 0 6 0 6 208 1 8 0 0 8 209 6 0 6 1 2 209 6 0 6 1 3 209 6 0 6 1 4 196 6 0 6 1 5 208 1 8 0 1 6 208 1 8 0 1 8 209 6 0 6 2 1 209 6 0 6 2 2 209 6 0 6 2 3 209 6 0 6 2 4 196 6 0 6 2 5 285 2 8 2 2 6 208 1 8 0 2 7 209 6 0 6 2 8 209 6 0 6 2 9 209 6 0 6 2 10 209 6 0 6 3 1 209 6 0 6 3 2 209 6 0 6 3 3 209 6 0 6 3 4 209 6 0 6 3 7 209 6 0 6 3 8 209 6 0 6 3 9 209 6 0 6 4 0 209 6 0 6 4 1 209 6 0 6 4 2 209 6 0 6 4 3 209 6 0 6 4 4 209 6 0 6 4 5 222 4 6 9 4 7 209 6 0 6 4 8 209 6 0 6 4 9 209 6 0 6 4 10 209 6 0 6 5 4 209 6 0 6 5 7 209 6 0 6 6 2 209 6 0 6 6 3 209 6 0 6 6 4 196 7 8 6 6 5 200 4 6 10 6 6 222 4 6 9 6 7 209 6 0 6 7 4 196 7 8 6 7 5 208 1 8 0 7 6 200 4 6 10 8 4 196 7 8 6 8 6 200 4 6 10
6 2 3 3 1 4 2 2 2 4 24 0 4 1 0 1 1 1 2 1 3 1 5 1 6 1 7 2 1 2 5 2 6 3 0 3 1 3 2 3 3 3 5 3 6 3 7 4 5 5 5 1 4 2 2 2 3 2 4 75 4 2 7 20 0 4 75 4 2 7 1 0 75 4 2 7 1 1 75 4 2 7 1 2 75 4 2 7 1 3 77 4 2 7 1 5 30 4 3 7 1 6 30 4 3 7 1 7 30 4 3 7 2 1 79 2 5 1 2 5 75 4 2 7 2 6 75 4 2 7 3 0 75 4 2 7 3 1 75 4 2 7 3 2 75 4 2 7 3 3 75 4 2 7 3 5 75 4 2 7 3 6 75 4 2 7 3 7 75 4 2 7 4 5 75 4 2 7 5 5 75 4 2 7
6 4 3 4 1 3 1 4 2 3 3 3 18 0 3 2 4 3 4 3 5 4 0 4 1 4 2 4 4 5 2 5 3 5 4 6 2 6 4 1 3 1 4 2 3 3 3 4 3 32 2 6 3 13 0 3 32 2 6 3 2 4 61 1 5 0 3 4 32 2 6 3 3 5 32 2 6 3 4 0 32 2 6 3 4 1 32 2 6 3 4 2 32 2 6 3 4 4 4 0 1 2 5 2 32 2 6 3 5 3 61 1 5 0 5 4 4 0 1 2 6 2 32 2 6 3 6 4 4 0 1 2
7 2 4 3 1 5 2 3 2 5 28 0 3 0 5 1 0 1 1 1 2 1 3 1 4 1 6 1 7 1 8 2 1 2 2 2 6 2 7 3 0 3 1 3 2 3 6 3 7 3 8 4 2 4 6 5 2 5 6 1 5 2 3 2 4 2 5 75 4 2 8 24 0 3 75 4 2 8 0 5 75 4 2 8 1 0 75 4 2 8 1 1 75 4 2 8 1 2 75 4 2 8 1 3 75 4 2 8 1 4 77 4 2 8 1 6 402 7 5 6 1 7 177 1 2 0 1 8 107 4 2 7 2 1 75 4 2 8 2 2 79 2 5 2 2 6 75 4 2 8 2 7 75 4 2 8 3 0 75 4 2 8 3 1 75 4 2 8 3 2 75 4 2 8 3 6 75 4 2 8 3 7 75 4 2 8 3 8 75 4 2 8 4 2 75 4 2 8 4 6 75 4 2 8 5 2 75 4 2 8 5 6 75 4 2 8
6 2 4 3 1 5 2 3 2 5 25 0 5 1 0 1 1 1 2 1 3 1 4 1 6 1 7 1 8 2 1 2 2 2 6 2 7 2 8 3 4 3 5 3 6 3 7 3 8 4 6 5 6 1 5 2 3 2 4 2 5 75 4 2 8 21 0 5 75 4 2 8 1 0 75 4 2 8 1 1 75 4 2 8 1 2 75 4 2 8 1 3 75 4 2 8 1 4 77 4 2 8 1 6 176 0 1 0 1 7 177 1 2 0 1 8 107 4 2 7 2 1 75 4 2 8 2 2 257 2 5 3 2 6 75 4 2 8 2 7 75 4 2 8 2 8 75 4 2 8 3 4 75 4 2 8 3 5 75 4 2 8 3 6 75 4 2 8 3 7 75 4 2 8 3 8 75 4 2 8 4 6 75 4 2 8 5 6 75 4 2 8
14 6 6 2 4 5 4 6 67 0 5 1 4 1 5 1 6 1 7 2 4 2 5 2 6 2 7 3 2 3 3 3 4 3 5 3 6 3 7 3 8 3 9 4 4 4 7 5 0 5 1 5 2 5 3 5 4 5 5 5 6 5 7 5 8 5 9 5 10 6 1 6 2 6 3 6 4 6 5 6 7 6 8 6 9 7 1 7 2 7 3 7 4 7 5 7 6 7 7 7 8 7 9 7 10 8 2 8 3 8 4 8 5 8 6 8 7 8 8 9 2 9 3 9 4 9 5 9 6 9 7 9 8 10 5 10 7 4 5 4 6 6 6 399 2 9 4 64 0 5 399 2 9 4 1 4 399 2 9 4 1 5 400 1 9 0 1 6 399 2 9 4 1 7 400 1 9 0 2 4 399 2 9 4 2 5 264 0 3 1 2 6 264 0 3 1 2 7 400 1 9 0 3 2 399 2 9 4 3 3 399 2 9 4 3 4 399 2 9 4 3 5 264 0 3 1 3 6 265 5 3 10 3 7 264 0 3 1 3 8 266 1 7 2 3 9 266 1 7 2 4 4 266 1 7 2 4 7 401 2 8 4 5 0 399 2 9 4 5 1 399 2 9 4 5 2 399 2 9 4 5 3 399 2 9 4 5 4 399 2 9 4 5 5 190 2 9 3 5 6 400 1 9 0 5 7 403 2 9 4 5 8 399 2 9 4 5 9 399 2 9 4 5 10 399 2 9 4 6 1 399 2 9 4 6 2 399 2 9 4 6 3 399 2 9 4 6 4 399 2 9 4 6 5 399 2 9 4 6 7 404 2 9 4 6 8 399 2 9 4 6 9 399 2 9 4 7 1 399 2 9 4 7 2 399 2 9 4 7 3 399 2 9 4 7 4 399 2 9 4 7 5 399 2 9 4 7 6 286 1 9 0 7 7 404 2 9 4 7 8 399 2 9 4 7 9 399 2 9 4 7 10 399 2 9 4 8 2 399 2 9 4 8 3 399 2 9 4 8 4 399 2 9 4 8 5 399 2 9 4 8 6 401 2 8 4 8 7 404 2 9 4 8 8 399 2 9 4 9 2 399 2 9 4 9 3 399 2 9 4 9 4 399 2 9 4 9 5 399 2 9 4 9 6 399 2 9 4 9 7 401 2 8 4 9 8 399 2 9 4 10 5 399 2 9 4 10 7 399 2 9 4
15 5 5 1 5 6 98 0 4 0 6 0 8 1 2 1 3 1 4 1 5 1 6 1 7 1 8 1 9 2 1 2 2 2 3 2 4 2 5 2 6 2 7 2 8 2 9 3 2 3 3 3 4 3 5 3 6 3 7 3 8 3 9 3 10 4 1 4 2 4 3 4 4 4 5 4 6 4 7 4 8 4 9 4 10 5 4 5 7 5 8 5 9 5 10 6 0 6 1 6 2 6 3 6 4 6 5 6 6 6 7 6 8 6 9 6 10 7 1 7 2 7 3 7 4 7 5 7 6 7 7 7 8 7 9 7 10 7 11 8 1 8 2 8 3 8 4 8 5 8 6 8 7 8 8 8 9 8 10 8 11 9 2 9 3 9 4 9 5 9 6 9 7 9 8 9 9 10 2 10 3 10 4 10 5 10 6 10 7 10 8 11 5 11 6 11 7 12 5 5 5 5 6 92 2 9 3 96 0 4 92 2 9 3 0 6 92 2 9 3 0 8 92 2 9 3 1 2 92 2 9 3 1 3 92 2 9 3 1 4 92 2 9 3 1 5 92 2 9 3 1 6 92 2 9 3 1 7 92 2 9 3 1 8 92 2 9 3 1 9 92 2 9 3 2 1 92 2 9 3 2 2 92 2 9 3 2 3 92 2 9 3 2 4 92 2 9 3 2 5 92 3 1 3 2 6 347 2 10 3 2 7 326 0 2 1 2 8 347 2 10 3 2 9 92 3 1 3 3 2 92 2 9 3 3 3 92 2 9 3 3 4 92 2 9 3 3 5 92 3 1 3 3 6 347 2 10 3 3 7 326 0 2 1 3 8 347 2 10 3 3 9 92 3 1 3 3 10 92 2 9 3 4 1 92 2 9 3 4 2 92 2 9 3 4 3 92 3 1 3 4 4 92 3 1 3 4 5 377 3 0 2 4 6 347 2 10 3 4 7 326 0 2 1 4 8 326 0 2 1 4 9 326 0 2 1 4 10 326 0 2 1 5 4 188 0 1 1 5 7 397 0 1 0 5 8 405 0 1 0 5 9 405 0 1 0 5 10 347 2 10 3 6 0 92 2 9 3 6 1 92 2 9 3 6 2 92 2 9 3 6 3 92 2 9 3 6 4 92 2 9 3 6 5 377 2 10 2 6 6 347 3 0 3 6 7 326 1 8 1 6 8 326 1 8 1 6 9 326 1 8 1 6 10 326 0 2 1 7 1 92 2 9 3 7 2 92 2 9 3 7 3 92 2 9 3 7 4 92 2 9 3 7 5 92 2 9 3 7 6 347 3 0 3 7 7 326 1 8 1 7 8 347 3 0 3 7 9 92 2 9 3 7 10 92 2 9 3 7 11 92 2 9 3 8 1 92 2 9 3 8 2 92 2 9 3 8 3 92 2 9 3 8 4 92 2 9 3 8 5 92 2 9 3 8 6 347 3 0 3 8 7 326 1 8 1 8 8 347 3 0 3 8 9 92 2 9 3 8 10 92 2 9 3 8 11 92 2 9 3 9 2 92 2 9 3 9 3 92 2 9 3 9 4 92 2 9 3 9 5 92 2 9 3 9 6 92 3 1 3 9 7 92 2 9 3 9 8 92 3 1 3 9 9 92 2 9 3 10 2 92 2 9 3 10 3 92 2 9 3 10 4 92 2 9 3 10 5 92 2 9 3 10 6 92 2 9 3 10 7 92 2 9 3 10 8 92 2 9 3 11 5 92 2 9 3 11 6 92 2 9 3 11 7 92 2 9 3 12 5 92 2 9 3
4 4 1 4 0 1 1 1 2 1 3 1 15 0 2 1 2 2 2 3 0 4 0 4 2 5 0 5 1 5 2 6 2 0 1 1 1 2 1 3 1 4 1 2 7 5 1 10 0 2 2 7 5 1 1 2 2 7 5 1 2 2 2 7 5 1 3 0 3 2 6 1 4 0 3 2 6 1 4 2 2 7 5 1 5 0 3 2 6 1 5 1 2 7 5 1 5 2 2 7 5 1 6 2 2 7 5 1
6 2 3 3 2 4 2 5 2 6 21 0 3 1 1 1 2 1 3 2 1 2 2 2 7 2 8 3 0 3 1 3 2 3 3 3 4 3 5 3 6 4 4 5 4 2 3 2 4 2 5 2 6 14 6 1 6 17 0 3 14 6 1 6 1 1 10 2 5 2 1 2 123 0 2 0 1 3 123 0 2 0 2 1 14 6 1 6 2 2 10 2 5 2 2 7 14 6 1 6 2 8 14 6 1 6 3 0 14 6 1 6 3 1 10 2 5 2 3 2 124 5 1 8 3 3 407 6 1 6 3 4 14 6 1 6 3 5 14 6 1 6 3 6 14 6 1 6 4 4 14 6 1 6 5 4 14 6 1 6
5 4 1 4 0 1 1 1 2 1 3 1 15 0 2 1 2 2 2 3 2 4 0 4 2 5 0 5 1 5 2 6 0 0 1 1 1 2 1 3 1 4 1 2 2 5 1 10 0 2 2 2 5 1 1 2 2 2 5 1 2 2 2 2 5 1 3 2 5 7 6 2 4 0 2 2 5 1 4 2 5 7 6 2 5 0 2 2 5 1 5 1 2 2 5 1 5 2 5 7 6 2 6 0 2 2 5 1
10 4 4 3 1 4 2 4 3 4 34 0 2 0 4 1 0 1 1 1 2 1 3 1 5 2 0 2 1 2 2 2 3 2 5 2 6 3 0 3 1 3 2 3 3 3 5 3 6 3 7 4 1 4 2 4 3 5 3 5 4 5 5 6 3 6 4 6 5 7 5 1 4 2 4 3 4 4 4 407 0 1 3 30 0 2 407 0 1 3 0 4 407 0 1 3 1 0 407 0 1 3 1 1 407 0 1 3 1 2 407 0 1 3 1 3 407 0 1 3 1 5 409 5 1 5 2 0 407 0 1 3 2 1 407 0 1 3 2 2 407 0 1 3 2 3 407 0 1 3 2 5 409 5 1 5 2 6 407 0 1 3 3 0 407 0 1 3 3 1 407 0 1 3 3 2 407 0 1 3 3 3 407 0 1 3 3 5 409 5 1 5 3 6 407 0 1 3 3 7 407 0 1 3 4 1 407 0 1 3 4 2 407 0 1 3 4 3 18 0 1 0 5 3 18 0 1 0 5 4 386 1 5 0 5 5 386 1 5 0 6 3 18 0 1 0 6 4 386 1 5 0 6 5 386 1 5 0 7 5 386 1 5 0
8 4 4 3 1 4 2 4 3 4 29 0 0 0 1 0 2 0 3 0 5 1 1 1 2 1 3 1 5 1 6 2 0 2 1 2 2 2 3 2 5 2 6 2 7 5 3 5 4 5 5 6 3 6 4 6 5 7 3 7 5 1 4 2 4 3 4 4 4 203 2 7 3 25 0 0 203 2 7 3 0 1 203 2 7 3 0 2 203 2 7 3 0 3 203 7 7 5 0 5 203 2 7 3 1 1 203 2 7 3 1 2 203 2 7 3 1 3 203 7 7 5 1 5 203 2 7 3 1 6 203 2 7 3 2 0 203 2 7 3 2 1 203 2 7 3 2 2 203 2 7 3 2 3 203 7 7 5 2 5 203 2 7 3 2 6 203 2 7 3 2 7 203 2 7 3 5 3 17 1 4 0 5 4 17 1 4 0 5 5 17 1 4 0 6 3 17 1 4 0 6 4 17 1 4 0 6 5 17 1 4 0 7 3 17 1 4 0 7 5 17 1 4 0
5 1 2 4 0 4 1 3 1 4 1 5 17 0 2 0 3 0 5 0 6 0 7 1 0 1 1 1 6 1 7 2 0 2 1 2 2 0 4 1 2 1 3 1 4 1 5 47 1 1 1 12 0 2 47 1 1 1 0 3 47 1 1 1 0 5 202 5 0 7 0 6 202 5 0 7 0 7 47 1 1 1 1 0 47 1 1 1 1 1 255 4 1 7 1 6 47 1 1 1 1 7 47 1 1 1 2 0 47 1 1 1 2 1 47 1 1 1 2 2 47 1 1 1
6 3 5 5 0 4 1 4 2 4 3 3 3 4 20 2 2 2 3 2 5 2 6 2 7 3 0 3 1 3 2 3 6 3 7 4 0 4 1 4 2 4 5 0 4 1 4 2 4 3 3 3 4 3 5 1 2 4 4 14 2 2 1 2 4 4 2 3 1 2 4 4 2 5 1 2 4 4 2 6 1 2 4 4 2 7 1 2 4 4 3 0 1 2 4 4 3 1 1 2 4 4 3 2 1 2 4 4 3 6 1 2 4 4 3 7 1 2 4 4 4 0 1 2 4 4 4 1 1 2 4 4 4 2 1 2 4 4 4 5 412 0 2 0
7 3 3 4 0 4 1 4 2 4 3 4 21 2 2 2 3 2 5 2 6 2 7 3 0 3 1 3 2 3 5 3 6 3 7 4 0 4 1 4 2 4 3 4 5 0 4 1 4 2 4 3 3 3 4 1 7 4 4 16 2 2 1 7 4 4 2 3 1 7 4 4 2 5 1 7 4 4 2 6 1 7 4 4 2 7 1 7 4 4 3 0 1 7 4 4 3 1 1 7 4 4 3 2 1 7 4 4 3 5 1 7 4 4 3 6 1 7 4 4 3 7 1 7 4 4 4 0 1 7 4 4 4 1 1 7 4 4 4 2 1 7 4 4 4 3 413 0 0 0 4 5 1 7 4 4
8 3 4 3 0 4 1 4 2 4 30 0 3 1 1 1 2 1 3 1 5 2 2 2 3 2 5 2 6 2 7 3 0 3 1 3 2 3 3 3 5 3 6 3 7 4 0 4 1 4 2 4 3 4 4 4 5 5 3 5 4 5 5 0 4 1 4 2 4 3 4 14 0 0 3 26 0 3 14 0 0 3 1 1 14 0 0 3 1 2 14 0 0 3 1 3 14 0 0 3 1 5 14 0 0 3 2 2 14 0 0 3 2 3 14 0 0 3 2 5 14 0 0 3 2 6 14 0 0 3 2 7 14 0 0 3 3 0 14 0 0 3 3 1 14 0 0 3 3 2 14 0 0 3 3 3 88 5 0 7 3 5 90 5 0 7 3 6 14 0 0 3 3 7 14 0 0 3 4 0 14 0 0 3 4 1 14 0 0 3 4 2 14 0 0 3 4 3 88 5 0 7 4 4 414 0 0 0 4 5 90 5 0 7 5 3 88 5 0 7 5 4 14 0 0 3 5 5 90 5 0 7
11 4 6 2 4 4 4 5 57 0 4 0 5 0 6 0 7 0 8 1 4 1 5 1 6 1 7 1 8 2 3 2 4 2 5 2 6 2 7 2 8 3 0 3 1 3 2 3 4 3 5 3 6 3 7 3 8 3 9 3 10 4 1 4 2 4 3 4 7 4 8 4 9 5 0 5 1 5 2 5 4 5 5 5 6 5 7 5 8 5 9 5 10 6 3 6 4 6 5 6 6 6 7 7 4 7 5 7 6 7 7 8 4 8 5 8 6 4 4 4 5 4 6 408 4 6 10 54 0 4 408 4 6 10 0 5 408 4 6 10 0 6 408 4 6 10 0 7 408 4 6 10 0 8 408 4 6 10 1 4 408 4 6 10 1 5 408 4 6 10 1 6 408 5 2 10 1 7 408 4 6 10 1 8 408 4 6 10 2 3 408 4 6 10 2 4 408 4 6 10 2 5 408 4 6 10 2 6 408 5 2 10 2 7 408 4 6 10 2 8 408 4 6 10 3 0 408 4 6 10 3 1 408 4 6 10 3 2 408 4 6 10 3 4 408 5 2 10 3 5 408 5 2 10 3 6 408 5 2 10 3 7 410 2 8 3 3 8 411 6 0 7 3 9 411 6 0 7 3 10 408 5 2 10 4 1 408 4 6 10 4 2 415 3 0 4 4 3 415 3 0 4 4 7 411 6 0 7 4 8 411 6 0 7 4 9 411 6 0 7 5 0 408 4 6 10 5 1 408 4 6 10 5 2 408 4 6 10 5 4 408 4 6 10 5 5 408 4 6 10 5 6 408 4 6 10 5 7 410 3 0 3 5 8 411 6 0 7 5 9 411 6 0 7 5 10 408 4 6 10 6 3 408 4 6 10 6 4 408 4 6 10 6 5 408 4 6 10 6 6 408 4 6 10 6 7 408 5 2 10 7 4 408 4 6 10 7 5 408 4 6 10 7 6 408 4 6 10 7 7 408 4 6 10 8 4 408 4 6 10 8 5 408 4 6 10 8 6 408 4 6 10
2 1 1 7 0 2 0 3 0 4 1 2 1 3 3 1 4 1 10 1 0 2 1 0 2 0 3 0 4 1 1 1 2 1 3 3 1 4 1 35 3 0 1 2 1 0 35 3 0 1 2 1 6 4 1 4
3 1 2 7 0 2 0 3 0 4 1 3 3 1 3 2 4 1 12 1 0 1 1 2 1 2 2 0 2 0 3 0 4 1 2 1 3 3 1 3 2 4 1 35 7 4 2 4 1 0 35 7 4 2 1 1 35 7 4 2 2 1 35 7 4 2 2 2 417 0 0 0
4 4 1 8 0 2 0 3 0 4 1 3 3 1 3 2 3 3 3 4 15 1 0 1 1 1 2 2 1 2 2 4 0 0 2 0 3 0 4 1 3 3 1 3 2 3 3 3 4 4 1 1 0 3 0 6 1 0 1 0 3 0 1 1 1 0 3 0 1 2 1 0 3 0 2 1 1 0 3 0 2 2 1 0 3 0 4 0 418 0 0 0
2 1 1 5 0 2 0 3 0 4 1 0 1 3 8 0 1 1 2 0 2 0 3 0 4 1 0 1 1 1 3 35 4 1 4 2 0 1 35 4 1 4 1 2 19 0 0 0
3 4 3 6 0 2 1 3 2 3 3 1 3 2 3 3 11 1 2 3 0 4 4 5 4 0 2 1 3 2 3 3 1 3 2 3 3 4 3 0 6 0 3 4 1 2 83 6 1 4 3 0 0 6 0 3 4 4 0 6 0 3 5 4 0 6 0 3
4 3 3 6 0 2 0 3 1 3 2 3 3 1 3 2 13 1 2 3 0 4 2 4 3 4 4 5 4 0 2 0 3 1 3 2 3 3 1 3 2 3 3 1 7 4 3 6 1 2 1 7 4 3 3 0 1 7 4 3 4 2 421 0 0 0 4 3 1 7 4 3 4 4 1 7 4 3 5 4 1 7 4 3
5 1 2 9 0 4 0 5 0 6 1 5 2 2 2 5 3 3 3 4 3 5 20 0 2 0 3 1 3 1 4 2 1 2 4 3 1 3 2 4 0 4 1 0 4 0 5 0 6 1 2 1 5 2 2 2 5 3 3 3 4 3 5 420 0 0 2 10 0 2 420 0 0 2 0 3 422 6 0 5 1 3 422 6 0 5 1 4 422 6 0 5 2 1 420 0 0 2 2 4 420 0 0 2 3 1 420 0 0 2 3 2 420 0 0 2 4 0 420 0 0 2 4 1 420 0 0 2
6 2 2 9 0 4 0 5 0 6 1 5 2 5 3 3 3 4 3 5 3 6 22 0 2 0 3 1 2 1 3 1 4 2 1 2 3 2 4 3 1 3 2 4 0 4 1 0 4 0 5 0 6 1 5 2 2 2 5 3 3 3 4 3 5 3 6 0 1 3 2 12 0 2 0 1 3 2 0 3 0 1 3 2 1 2 0 1 3 2 1 3 0 1 3 2 1 4 0 1 3 2 2 1 0 1 3 2 2 3 423 0 0 0 2 4 0 1 3 2 3 1 0 1 3 2 3 2 0 1 3 2 4 0 0 1 3 2 4 1 0 1 3 2
7 3 3 8 0 4 0 5 0 6 1 5 2 5 3 4 3 5 3 6 25 0 2 0 3 1 2 1 3 1 4 2 0 2 1 2 2 2 3 2 4 3 1 3 2 4 0 4 1 4 2 4 3 0 4 0 5 0 6 1 5 2 5 3 3 3 4 3 5 3 6 191 0 2 0 16 0 2 191 0 2 0 0 3 191 0 2 0 1 2 191 0 2 0 1 3 191 0 2 0 1 4 191 0 2 0 2 0 45 6 2 6 2 1 419 0 0 2 2 2 419 0 0 2 2 3 191 0 2 0 2 4 45 6 2 6 3 1 45 6 2 6 3 2 419 0 0 2 4 0 191 0 2 0 4 1 419 0 0 2 4 2 424 0 0 0 4 3 424 0 0 0
8 0 4 7 0 1 1 1 1 2 1 3 1 4 2 1 2 4 26 0 5 2 2 2 3 3 0 3 1 3 2 3 3 3 4 4 0 4 1 4 2 4 3 4 4 5 0 5 1 5 2 6 0 6 2 0 1 0 4 1 1 1 2 1 3 1 4 2 1 2 4 1 4 1 5 18 0 5 425 7 6 4 2 2 1 4 1 5 2 3 1 4 1 5 3 0 1 4 1 5 3 1 1 4 1 5 3 2 1 4 1 5 3 3 1 4 1 5 3 4 1 4 1 5 4 0 1 4 1 5 4 1 1 4 1 5 4 2 1 4 1 5 4 3 1 4 1 5 4 4 1 4 1 5 5 0 1 4 1 5 5 1 1 4 1 5 5 2 1 4 1 5 6 0 1 4 1 5 6 2 1 4 1 5
9 0 4 6 1 1 1 2 1 3 1 4 2 1 2 4 27 0 0 0 1 0 5 2 2 2 3 3 1 3 2 3 3 3 4 3 5 4 1 4 2 4 3 4 4 4 5 5 3 5 4 5 5 6 3 6 5 0 4 1 1 1 2 1 3 1 4 2 1 2 4 1 4 1 5 20 0 0 1 4 1 5 0 1 1 4 1 5 0 5 426 5 0 5 2 2 1 4 1 5 2 3 1 4 1 5 3 1 1 4 1 5 3 2 1 4 1 5 3 3 1 4 1 5 3 4 1 4 1 5 3 5 1 4 1 5 4 1 1 4 1 5 4 2 1 4 1 5 4 3 1 4 1 5 4 4 1 4 1 5 4 5 1 4 1 5 5 3 1 4 1 5 5 4 1 4 1 5 5 5 1 4 1 5 6 3 1 4 1 5 6 5 1 4 1 5
10 2 4 5 1 1 1 2 1 3 1 4 2 1 28 0 0 0 1 0 4 0 5 2 2 2 3 2 5 3 0 3 1 3 2 3 3 3 4 4 0 4 1 4 2 4 3 4 4 5 0 5 1 5 2 6 0 6 2 1 1 1 2 1 3 1 4 2 1 2 4 1 5 1 5 22 0 0 1 5 1 5 0 1 1 5 1 5 0 4 1 5 1 5 0 5 1 5 1 5 2 2 1 5 1 5 2 3 1 5 1 5 2 5 427 5 0 5 3 0 1 5 1 5 3 1 1 5 1 5 3 2 1 5 1 5 3 3 1 5 1 5 3 4 1 5 1 5 4 0 1 5 1 5 4 1 1 5 1 5 4 2 1 5 1 5 4 3 1 5 1 5 4 4 1 5 1 5 5 0 1 5 1 5 5 1 1 5 1 5 5 2 1 5 1 5 6 0 1 5 1 5 6 2 1 5 1 5
11 2 4 4 1 1 1 2 1 3 1 4 29 0 0 0 1 0 4 0 5 2 0 2 1 2 2 2 3 2 5 3 1 3 2 3 3 3 4 3 5 4 1 4 2 4 3 4 4 4 5 5 3 5 4 5 5 6 3 6 5 1 1 1 2 1 3 1 4 2 4 1 5 1 5 24 0 0 1 5 1 5 0 1 1 5 1 5 0 4 1 5 1 5 0 5 1 5 1 5 2 0 1 5 1 5 2 1 1 5 1 5 2 2 1 5 1 5 2 3 1 5 1 5 2 5 428 5 0 5 3 1 1 5 1 5 3 2 1 5 1 5 3 3 1 5 1 5 3 4 1 5 1 5 3 5 1 5 1 5 4 1 1 5 1 5 4 2 1 5 1 5 4 3 1 5 1 5 4 4 1 5 1 5 4 5 1 5 1 5 5 3 1 5 1 5 5 4 1 5 1 5 5 5 1 5 1 5 6 3 1 5 1 5 6 5 1 5 1 5
12 1 2 3 1 3 1 4 1 5 32 0 0 0 1 0 2 0 5 0 6 1 1 2 0 2 1 2 2 2 3 2 4 2 5 2 6 3 1 3 2 3 3 3 4 3 5 4 1 4 2 4 3 4 4 4 5 5 1 5 2 5 3 6 1 6 3 1 2 1 3 1 4 1 5 3 0 1 0 28 0 0 3 0 1 0 0 1 3 0 1 0 0 2 3 0 1 0 0 5 3 0 1 0 0 6 3 0 1 0 1 1 429 5 0 6 2 0 5 1 2 0 2 1 5 1 2 0 2 2 5 1 2 0 2 3 3 0 1 0 2 4 14 6 0 5 2 5 14 6 0 5 2 6 14 6 0 5 3 1 3 0 1 0 3 2 3 0 1 0 3 3 3 0 1 0 3 4 3 0 1 0 3 5 3 0 1 0 4 1 3 0 1 0 4 2 3 0 1 0 4 3 3 0 1 0 4 4 3 0 1 0 4 5 3 0 1 0 5 1 3 0 1 0 5 2 3 0 1 0 5 3 3 0 1 0 6 1 3 0 1 0 6 3 3 0 1 0
6 1 3 3 1 4 1 5 1 6 19 0 0 0 1 0 2 0 3 0 4 0 5 0 6 1 1 1 2 1 7 1 8 2 1 2 2 2 3 2 4 1 3 1 4 1 5 1 6 14 6 0 6 15 0 0 14 6 0 6 0 1 12 6 0 7 0 2 124 4 2 8 0 3 407 7 2 6 0 4 14 6 0 6 0 5 14 6 0 6 0 6 14 6 0 6 1 1 14 6 0 6 1 2 12 6 0 7 1 7 14 6 0 6 1 8 14 6 0 6 2 1 12 6 0 7 2 2 123 1 1 0 2 3 123 1 1 0 2 4 14 6 0 6
13 1 6 2 1 4 1 5 47 0 1 0 2 0 3 0 4 0 7 0 8 0 9 1 1 1 2 1 3 1 7 1 8 1 9 2 0 2 1 2 2 2 3 2 4 2 5 2 6 2 7 2 8 2 9 3 2 3 3 3 4 3 5 3 6 3 7 3 8 4 2 4 3 4 4 4 5 4 6 4 7 4 8 5 2 5 4 5 6 5 7 5 8 6 6 6 8 1 4 1 5 1 6 246 0 0 2 44 0 1 246 0 0 2 0 2 15 1 2 2 0 3 15 1 2 2 0 4 15 1 2 2 0 7 53 1 2 1 0 8 53 1 2 1 0 9 53 1 2 1 1 1 246 0 0 2 1 2 246 0 0 2 1 3 430 5 0 9 1 7 46 0 0 1 1 8 53 1 2 1 1 9 246 0 0 2 2 0 246 0 0 2 2 1 246 0 0 2 2 2 221 1 2 2 2 3 221 1 2 2 2 4 53 1 2 1 2 5 246 0 0 2 2 6 246 0 0 2 2 7 431 1 2 0 2 8 431 1 2 0 2 9 53 1 2 1 3 2 246 0 0 2 3 3 246 0 0 2 3 4 246 0 0 2 3 5 246 0 0 2 3 6 246 0 0 2 3 7 246 0 0 2 3 8 246 0 0 2 4 2 246 0 0 2 4 3 246 0 0 2 4 4 246 0 0 2 4 5 246 0 0 2 4 6 246 0 0 2 4 7 246 0 0 2 4 8 246 0 0 2 5 2 246 0 0 2 5 4 246 0 0 2 5 6 246 0 0 2 5 7 246 0 0 2 5 8 246 0 0 2 6 6 246 0 0 2 6 8 246 0 0 2
3 1 3 6 0 2 0 3 0 4 0 5 0 6 1 4 11 0 0 0 1 1 2 1 5 0 2 0 3 0 4 0 5 0 6 1 3 1 4 1 0 0 2 4 0 0 1 0 0 2 0 1 1 0 0 2 1 2 58 0 0 0 1 5 1 0 0 2
5 0 3 5 0 4 0 5 0 6 0 7 1 5 14 0 1 0 2 1 0 1 1 1 2 1 3 1 4 1 6 0 3 0 4 0 5 0 6 0 7 1 5 2 0 0 2 8 0 1 2 0 0 2 0 2 2 0 0 2 1 0 2 0 0 2 1 1 2 0 0 2 1 2 433 0 0 1 1 3 177 0 0 0 1 4 38 0 0 1 1 6 2 0 0 2
4 2 2 7 1 1 1 2 1 3 1 4 2 1 2 3 2 4 18 0 2 0 3 3 0 3 1 3 4 3 5 4 1 4 4 5 1 5 4 1 1 1 2 1 3 1 4 2 1 2 2 2 3 2 4 59 2 5 1 10 0 2 59 2 5 1 0 3 59 7 5 4 3 0 59 2 5 1 3 1 59 2 5 1 3 4 59 7 5 4 3 5 59 7 5 4 4 1 59 2 5 1 4 4 59 7 5 4 5 1 59 2 5 1 5 4 59 7 5 4
5 2 1 6 1 1 1 2 1 3 1 4 2 3 2 4 19 0 2 0 3 2 0 2 2 3 0 3 1 3 4 3 5 4 1 4 4 5 1 5 4 1 1 1 2 1 3 1 4 2 1 2 3 2 4 1 0 1 0 12 0 2 1 0 1 0 0 3 1 0 1 0 2 0 435 0 0 0 2 2 1 0 1 0 3 0 1 0 1 0 3 1 1 0 1 0 3 4 1 0 1 0 3 5 1 0 1 0 4 1 1 0 1 0 4 4 1 0 1 0 5 1 1 0 1 0 5 4 1 0 1 0
6 2 4 5 1 1 1 2 1 3 1 4 2 3 20 0 2 0 3 2 0 2 1 2 2 2 5 3 0 3 1 3 4 3 5 4 1 4 4 5 1 5 4 1 1 1 2 1 3 1 4 2 3 2 4 1 5 1 5 14 0 2 1 5 1 5 0 3 1 5 1 5 2 0 1 5 1 5 2 1 1 5 1 5 2 2 1 5 1 5 2 5 436 0 0 0 3 0 1 5 1 5 3 1 1 5 1 5 3 4 1 5 1 5 3 5 1 5 1 5 4 1 1 5 1 5 4 4 1 5 1 5 5 1 1 5 1 5 5 4 1 5 1 5
7 1 4 4 1 5 1 6 1 7 2 5 29 0 1 0 2 0 3 0 5 0 6 1 1 1 2 1 3 2 0 2 1 2 2 2 3 2 4 2 6 2 7 2 8 3 3 3 4 3 7 3 8 4 4 4 7 5 4 5 7 1 4 1 5 1 6 1 7 2 5 228 6 0 7 24 0 1 434 0 1 0 0 2 434 0 1 0 0 3 434 0 1 0 0 5 228 6 0 7 0 6 228 6 0 7 1 1 228 6 0 7 1 2 437 5 0 8 1 3 437 5 0 8 2 0 228 6 0 7 2 1 228 6 0 7 2 2 437 5 0 8 2 3 354 1 2 0 2 4 203 1 2 1 2 6 271 6 0 7 2 7 228 6 0 7 2 8 228 6 0 7 3 3 228 6 0 7 3 4 228 6 0 7 3 7 228 6 0 7 3 8 228 6 0 7 4 4 228 6 0 7 4 7 228 6 0 7 5 4 228 6 0 7 5 7 228 6 0 7
6 4 3 4 1 2 1 3 2 3 3 3 18 0 3 2 2 3 0 3 1 3 2 4 2 4 4 4 5 5 2 5 3 5 4 6 2 6 4 1 2 1 3 2 3 3 3 4 3 32 7 6 3 13 0 3 32 7 6 3 2 2 10 1 5 0 3 0 32 7 6 3 3 1 32 7 6 3 3 2 32 7 6 3 4 2 4 5 1 4 4 4 32 7 6 3 4 5 32 7 6 3 5 2 4 5 1 4 5 3 10 1 5 0 5 4 32 7 6 3 6 2 4 5 1 4 6 4 32 7 6 3
8 2 7 3 2 5 2 6 3 5 37 0 8 1 1 1 2 1 3 1 5 1 6 1 8 1 9 1 10 2 1 2 2 2 3 2 4 2 8 2 9 3 0 3 1 3 2 3 3 3 4 3 6 3 7 3 8 3 9 3 10 4 3 4 4 4 7 4 8 5 4 5 7 6 4 6 7 2 5 2 6 2 7 3 5 75 0 2 2 33 0 8 75 0 2 2 1 1 75 0 2 2 1 2 75 0 2 2 1 3 75 0 2 2 1 5 75 0 2 2 1 6 75 0 2 2 1 8 75 0 2 2 1 9 75 0 2 2 1 10 75 0 2 2 2 1 75 0 2 2 2 2 75 0 2 2 2 3 75 0 2 2 2 4 75 0 2 2 2 8 438 0 1 0 2 9 75 0 2 2 3 0 75 0 2 2 3 1 75 0 2 2 3 2 107 0 2 3 3 3 105 4 3 10 3 4 439 2 5 4 3 6 77 0 2 2 3 7 75 0 2 2 3 8 75 0 2 2 3 9 75 0 2 2 3 10 75 0 2 2 4 3 75 0 2 2 4 4 75 0 2 2 4 7 75 0 2 2 4 8 75 0 2 2 5 4 75 0 2 2 5 7 75 0 2 2 6 4 75 0 2 2 6 7 75 0 2 2
2 1 2 5 0 3 0 4 0 5 1 1 1 3 8 0 2 1 0 0 3 0 4 0 5 1 1 1 2 1 3 6 4 1 4 2 0 2 6 4 1 4 1 0 19 0 0 1
2 0 3 5 0 2 0 4 1 0 1 1 1 2 8 0 1 1 3 0 2 0 3 0 4 1 0 1 1 1 2 19 4 1 4 2 0 1 19 4 1 4 1 3 19 0 0 0
6 4 2 6 0 3 1 3 2 1 2 2 2 3 2 4 18 0 2 1 0 1 1 1 2 3 0 3 1 3 2 3 3 4 1 5 1 5 2 0 3 1 3 2 1 2 2 2 3 2 4 4 2 441 7 5 3 11 0 2 441 7 5 3 1 0 441 7 5 3 1 1 441 7 5 3 1 2 441 7 5 3 3 0 441 7 5 3 3 1 441 7 5 3 3 2 214 7 5 4 3 3 214 7 5 4 4 1 441 7 5 3 5 1 441 7 5 3 5 2 442 3 0 2
7 2 1 5 0 3 1 3 2 2 2 3 2 4 21 0 2 1 0 1 1 1 2 1 4 1 5 2 0 3 0 3 1 3 2 3 3 4 1 4 2 5 1 5 2 0 3 1 3 2 1 2 2 2 3 2 4 47 1 2 0 15 0 2 47 1 2 0 1 0 47 1 2 0 1 1 47 1 2 0 1 2 47 1 2 0 1 4 443 0 0 0 1 5 443 0 0 0 2 0 443 0 0 0 3 0 47 1 2 0 3 1 47 1 2 0 3 2 47 1 2 0 3 3 47 1 2 0 4 1 47 1 2 0 4 2 47 1 2 0 5 1 47 1 2 0 5 2 47 1 2 0
3 1 2 4 0 2 0 3 0 4 1 1 9 0 1 0 5 1 0 1 3 0 2 0 3 0 4 1 1 1 2 6 0 0 1 4 0 1 6 0 0 1 0 5 106 0 0 0 1 0 6 0 0 1 1 3 6 0 0 1
3 1 4 6 0 2 0 3 0 4 1 3 2 3 3 3 11 0 0 0 1 1 5 4 3 0 2 0 3 0 4 1 3 1 4 2 3 3 3 6 3 0 3 4 0 0 6 3 0 3 0 1 6 3 0 3 1 5 6 3 0 3 4 3 58 0 0 0
4 3 3 6 0 2 0 3 0 4 1 3 2 3 3 2 13 0 0 0 1 1 4 1 5 4 2 4 3 0 2 0 3 0 4 1 3 2 3 3 2 3 3 1 7 4 3 6 0 0 1 7 4 3 0 1 1 7 4 3 1 4 1 7 4 3 1 5 1 7 4 3 4 2 446 0 0 0 4 3 1 7 4 3
4 1 3 6 0 3 1 2 2 2 3 1 3 2 3 3 15 2 0 2 1 2 3 3 4 3 5 4 2 4 4 4 5 0 3 1 2 1 3 2 2 3 1 3 2 3 3 6 3 0 2 8 2 0 6 3 0 2 2 1 6 3 0 2 2 3 6 3 0 2 3 4 6 3 0 2 3 5 6 3 0 2 4 2 159 0 0 0 4 4 6 3 0 2 4 5 6 3 0 2
5 4 2 5 1 2 1 3 1 4 2 3 3 3 18 0 0 0 1 0 3 1 0 1 1 2 2 2 4 2 5 3 2 4 3 5 2 5 3 1 2 1 3 1 4 2 3 3 3 4 2 445 7 5 3 12 0 0 445 7 5 3 0 1 445 7 5 3 0 3 447 0 1 0 1 0 445 7 5 3 1 1 445 7 5 3 2 2 447 0 1 0 2 4 445 7 5 3 2 5 445 7 5 3 3 2 447 0 1 0 4 3 448 4 4 5 5 2 448 4 4 5 5 3 445 7 5 3
3 1 1 5 0 4 1 2 1 3 1 4 2 4 10 0 3 0 5 1 0 2 3 0 4 1 1 1 2 1 3 1 4 2 4 1 4 1 5 4 0 3 1 4 1 5 0 5 174 6 0 4 1 0 1 4 1 5 2 3 1 4 1 5
8 2 2 4 1 4 2 3 2 4 3 4 25 0 3 1 3 2 0 2 1 2 5 3 0 3 1 3 2 3 3 3 5 3 6 3 7 4 3 4 4 4 5 4 6 4 7 5 3 5 4 5 5 1 4 2 2 2 3 2 4 3 4 75 5 2 7 20 0 3 75 5 2 7 1 3 75 5 2 7 2 0 75 5 2 7 2 1 444 2 5 2 2 5 75 5 2 7 3 0 75 5 2 7 3 1 75 5 2 7 3 2 75 5 2 7 3 3 77 5 2 7 3 5 449 7 5 5 3 6 450 1 3 0 3 7 450 1 3 0 4 3 75 5 2 7 4 4 75 5 2 7 4 5 75 5 2 7 4 6 75 5 2 7 4 7 75 5 2 7 5 3 75 5 2 7 5 4 75 5 2 7 5 5 75 5 2 7
4 3 2 4 1 3 2 3 2 4 3 3 15 0 3 2 2 2 5 2 6 3 0 3 1 4 2 4 3 5 2 6 2 1 3 2 3 2 4 3 2 3 3 21 4 3 6 10 0 3 21 4 3 6 2 2 77 7 6 3 2 5 75 7 6 3 2 6 75 7 6 3 3 0 75 7 6 3 3 1 75 7 6 3 4 2 21 4 3 6 4 3 21 4 3 6 5 2 21 4 3 6 6 2 21 4 3 6
9 3 3 3 3 4 3 5 4 4 33 0 5 0 6 1 5 1 6 2 0 2 1 2 2 2 4 2 5 2 6 2 7 2 8 3 1 3 2 3 6 3 7 4 0 4 1 4 2 4 3 4 5 4 6 4 7 5 4 5 5 6 4 6 5 7 4 7 5 3 3 3 4 3 5 4 4 139 3 0 2 29 0 5 30 0 2 0 0 6 139 3 0 2 1 5 30 0 2 0 1 6 139 3 0 2 2 0 139 3 0 2 2 1 139 3 0 2 2 2 139 3 0 2 2 4 139 3 0 2 2 5 15 4 4 7 2 6 15 4 4 7 2 7 338 7 6 6 2 8 338 7 6 6 3 1 139 3 0 2 3 2 451 2 7 2 3 6 338 7 6 6 3 7 139 3 0 2 4 0 139 3 0 2 4 1 139 3 0 2 4 2 139 3 0 2 4 3 139 3 0 2 4 5 452 3 0 2 4 6 139 3 0 2 4 7 139 3 0 2 5 4 30 0 2 0 5 5 139 3 0 2 6 4 30 0 2 0 6 5 139 3 0 2 7 4 139 3 0 2 7 5 139 3 0 2
4 3 3 6 0 3 1 2 1 3 2 0 2 1 2 3 16 0 2 3 1 3 2 3 4 4 2 4 3 4 4 5 2 5 4 0 3 1 2 1 3 2 0 2 1 2 3 3 3 364 6 0 4 9 0 2 364 6 0 4 3 1 38 7 5 3 3 2 39 2 5 2 3 4 38 7 5 3 4 2 39 2 5 2 4 3 364 6 0 4 4 4 38 7 5 3 5 2 39 2 5 2 5 4 38 7 5 3
5 3 3 7 0 3 0 4 1 3 1 4 2 4 3 4 3 5 19 1 2 2 0 2 1 2 2 2 5 3 1 3 2 4 0 4 1 4 2 4 3 0 3 0 4 1 3 1 4 2 4 3 3 3 4 3 5 1 7 4 4 11 1 2 1 7 4 4 2 0 1 7 4 4 2 1 1 7 4 4 2 2 1 7 4 4 2 5 1 7 4 4 3 1 1 7 4 4 3 2 1 7 4 4 4 0 1 7 4 4 4 1 1 7 4 4 4 2 1 7 4 4 4 3 454 6 0 5
6 3 5 6 0 3 0 4 1 3 1 4 2 4 3 4 20 1 2 2 0 2 1 2 2 2 5 3 1 3 2 3 3 4 0 4 1 4 2 4 3 4 5 0 3 0 4 1 3 1 4 2 4 3 4 3 5 1 2 4 4 13 1 2 1 2 4 4 2 0 1 2 4 4 2 1 1 2 4 4 2 2 1 2 4 4 2 5 1 2 4 4 3 1 1 2 4 4 3 2 1 2 4 4 3 3 1 2 4 4 4 0 1 2 4 4 4 1 1 2 4 4 4 2 1 2 4 4 4 3 1 2 4 4 4 5 455 0 0 0
7 2 4 5 1 1 1 2 1 3 1 4 2 3 21 0 0 0 1 0 2 2 0 2 1 2 5 3 0 3 1 3 2 3 3 4 0 4 1 4 2 5 0 5 2 1 1 1 2 1 3 1 4 2 3 2 4 1 5 1 5 15 0 0 1 5 1 5 0 1 1 5 1 5 0 2 1 5 1 5 2 0 1 5 1 5 2 1 1 5 1 5 2 5 456 7 5 4 3 0 1 5 1 5 3 1 1 5 1 5 3 2 1 5 1 5 3 3 1 5 1 5 4 0 1 5 1 5 4 1 1 5 1 5 4 2 1 5 1 5 5 0 1 5 1 5 5 2 1 5 1 5
5 1 3 5 0 5 1 4 1 5 1 6 1 7 18 0 0 0 1 0 2 0 4 1 1 1 2 2 1 2 2 2 3 2 6 2 7 2 8 0 5 1 3 1 4 1 5 1 6 1 7 2 5 1 8 12 0 0 2 5 1 8 0 1 2 5 1 8 0 2 2 5 1 8 0 4 2 5 1 8 1 1 2 5 1 8 1 2 2 5 1 8 2 1 2 5 1 8 2 2 2 5 1 8 2 3 2 5 1 8 2 6 191 0 0 0 2 7 191 0 0 0 2 8 191 0 0 0
8 1 4 4 1 5 1 6 1 7 2 5 30 0 1 0 2 0 3 0 6 0 7 0 8 1 1 1 2 1 3 2 0 2 1 2 2 2 3 2 4 2 7 2 8 3 5 3 6 3 7 3 8 4 6 4 7 4 8 5 6 5 8 1 4 1 5 1 6 1 7 2 5 203 0 0 1 25 0 1 457 5 0 8 0 2 457 5 0 8 0 3 457 5 0 8 0 6 271 6 0 7 0 7 271 6 0 7 0 8 271 6 0 7 1 1 203 0 0 1 1 2 457 5 0 8 1 3 457 5 0 8 2 0 203 0 0 1 2 1 457 5 0 8 2 2 457 5 0 8 2 3 458 1 2 0 2 4 203 0 0 1 2 7 203 0 0 1 2 8 203 0 0 1 3 5 203 0 0 1 3 6 203 0 0 1 3 7 203 0 0 1 3 8 203 0 0 1 4 6 203 0 0 1 4 7 203 0 0 1 4 8 203 0 0 1 5 6 203 0 0 1 5 8 203 0 0 1
9 3 7 3 3 5 3 6 4 5 39 0 8 1 6 1 8 2 1 2 2 2 3 2 6 2 7 2 8 2 9 2 10 3 1 3 2 3 3 3 4 3 8 3 9 4 0 4 1 4 2 4 3 4 4 4 7 4 8 4 9 4 10 5 5 5 6 5 7 5 8 6 6 6 7 6 8 7 6 7 8 3 5 3 6 3 7 4 5 77 0 3 2 35 0 8 77 0 3 2 1 6 77 0 3 2 1 8 77 0 3 2 2 1 77 0 3 2 2 2 77 0 3 2 2 3 77 0 3 2 2 6 77 0 3 2 2 7 77 0 3 2 2 8 77 0 3 2 2 9 77 0 3 2 2 10 77 0 3 2 3 1 77 0 3 2 3 2 77 0 3 2 3 3 77 0 3 2 3 4 105 4 4 10 3 8 459 0 2 0 3 9 77 0 3 2 4 0 77 0 3 2 4 1 77 0 3 2 4 2 105 4 4 10 4 3 105 4 4 10 4 4 119 2 6 4 4 7 77 0 3 2 4 8 77 0 3 2 4 9 77 0 3 2 4 10 77 0 3 2 5 5 77 0 3 2 5 6 77 0 3 2 5 7 77 0 3 2 5 8 77 0 3 2 6 6 77 0 3 2 6 7 77 0 3 2 6 8 77 0 3 2 7 6 77 0 3 2 7 8 77 0 3 2
6 4 3 4 1 2 1 3 2 3 3 3 18 0 3 2 2 3 4 3 5 4 0 4 1 4 2 4 4 5 2 5 3 5 4 6 2 6 4 1 2 1 3 2 3 3 3 4 3 32 7 6 3 13 0 3 32 7 6 3 2 2 61 1 5 0 3 4 32 7 6 3 3 5 32 7 6 3 4 0 32 7 6 3 4 1 32 7 6 3 4 2 4 5 1 4 4 4 32 7 6 3 5 2 4 5 1 4 5 3 61 1 5 0 5 4 32 7 6 3 6 2 4 5 1 4 6 4 32 7 6 3
6 2 6 4 1 5 2 3 2 4 2 5 20 0 4 1 0 1 1 1 2 1 3 1 4 2 1 2 2 2 7 2 8 3 1 3 2 3 3 4 3 5 3 1 5 2 3 2 4 2 5 2 6 14 6 1 6 15 0 4 14 6 1 6 1 0 14 6 1 6 1 1 202 5 1 8 1 2 202 5 1 8 1 3 191 0 1 0 1 4 14 6 1 6 2 1 14 6 1 6 2 2 61 2 5 2 2 7 14 6 1 6 2 8 14 6 1 6 3 1 204 1 2 0 3 2 204 1 2 0 3 3 204 1 2 0 4 3 14 6 1 6 5 3 14 6 1 6
5 3 3 6 0 2 1 3 2 0 2 1 2 2 2 3 17 1 2 3 4 4 2 4 3 4 4 5 2 5 3 5 4 6 2 6 4 0 2 1 3 2 0 2 1 2 2 2 3 3 3 1 5 2 4 10 1 2 1 5 2 4 3 4 277 2 6 2 4 2 1 5 2 4 4 3 1 5 2 4 4 4 1 5 2 4 5 2 1 5 2 4 5 3 1 5 2 4 5 4 1 5 2 4 6 2 1 5 2 4 6 4 1 5 2 4
6 1 3 5 0 2 2 0 2 1 2 2 2 3 18 1 2 1 4 3 3 3 4 4 2 4 3 4 4 5 2 5 3 5 4 6 2 6 4 0 2 1 3 2 0 2 1 2 2 2 3 1 4 2 4 12 1 2 1 4 2 4 1 4 463 0 0 0 3 3 1 4 2 4 3 4 1 4 2 4 4 2 1 4 2 4 4 3 1 4 2 4 4 4 1 4 2 4 5 2 1 4 2 4 5 3 1 4 2 4 5 4 1 4 2 4 6 2 1 4 2 4 6 4 1 4 2 4
7 2 4 5 0 6 1 5 2 5 2 6 2 7 30 1 0 1 1 1 2 1 3 1 4 1 6 1 7 1 8 2 1 2 2 2 3 3 1 3 2 3 3 3 7 3 8 4 6 4 7 4 8 5 6 5 7 5 8 6 6 6 8 0 6 1 5 2 4 2 5 2 6 2 7 271 7 3 7 24 1 0 464 0 0 4 1 1 464 0 0 4 1 2 464 0 0 4 1 3 464 0 0 4 1 4 464 0 0 4 1 6 271 7 3 7 1 7 271 7 3 7 1 8 271 7 3 7 2 1 464 0 0 4 2 2 464 0 0 4 2 3 464 0 0 4 3 1 434 1 2 0 3 2 434 1 2 0 3 3 434 1 2 0 3 7 271 7 3 7 3 8 271 7 3 7 4 6 271 7 3 7 4 7 271 7 3 7 4 8 271 7 3 7 5 6 271 7 3 7 5 7 271 7 3 7 5 8 271 7 3 7 6 6 271 7 3 7 6 8 271 7 3 7
8 2 7 4 0 6 1 5 2 5 2 6 35 1 0 1 1 1 2 1 3 1 4 1 6 1 7 1 8 1 9 1 10 2 1 2 2 2 3 2 4 2 8 2 9 3 1 3 2 3 3 3 7 3 8 3 9 4 6 4 7 4 8 5 6 5 7 5 8 6 6 6 8 0 6 1 5 2 5 2 6 2 7 75 1 2 2 30 1 0 75 1 2 2 1 1 75 1 2 2 1 2 177 4 2 10 1 3 177 4 2 10 1 4 462 5 0 10 1 6 77 1 2 2 1 7 75 1 2 2 1 8 75 1 2 2 1 9 75 1 2 2 1 10 75 1 2 2 2 1 75 1 2 2 2 2 75 1 2 2 2 3 75 1 2 2 2 4 75 1 2 2 2 8 465 0 0 0 2 9 75 1 2 2 3 1 75 1 2 2 3 2 75 1 2 2 3 3 75 1 2 2 3 7 75 1 2 2 3 8 75 1 2 2 3 9 75 1 2 2 4 6 75 1 2 2 4 7 75 1 2 2 4 8 75 1 2 2 5 6 75 1 2 2 5 7 75 1 2 2 5 8 75 1 2 2 6 6 75 1 2 2 6 8 75 1 2 2
4 2 2 4 1 3 1 4 2 3 3 3 14 0 4 1 2 1 5 1 6 2 0 2 1 2 4 4 3 5 3 1 3 1 4 2 2 2 3 3 3 21 0 1 0 9 0 4 21 0 1 0 1 2 21 0 1 0 1 5 116 7 5 4 1 6 321 4 2 5 2 0 321 0 1 1 2 1 116 7 5 4 2 4 21 4 2 6 4 3 21 0 1 0 5 3 21 0 1 0
9 4 6 4 2 5 2 6 3 5 4 5 40 0 5 1 5 3 0 3 1 3 2 3 3 3 4 3 6 3 7 3 8 3 9 3 10 4 1 4 2 4 3 4 4 4 7 4 8 4 9 5 1 5 2 5 3 5 5 5 6 5 7 5 8 5 9 6 6 6 7 6 8 7 6 7 7 7 8 8 6 8 8 2 5 2 6 3 5 4 5 4 6 75 2 7 5 35 0 5 75 2 7 5 1 5 466 0 2 0 3 0 75 2 7 5 3 1 75 2 7 5 3 2 75 2 7 5 3 3 75 2 7 5 3 4 75 2 7 5 3 6 77 2 7 5 3 7 75 2 7 5 3 8 75 2 7 5 3 9 75 2 7 5 3 10 75 2 7 5 4 1 75 2 7 5 4 2 75 2 7 5 4 3 75 2 7 5 4 4 75 2 7 5 4 7 75 2 7 5 4 8 75 2 7 5 4 9 75 2 7 5 5 1 75 2 7 5 5 2 75 2 7 5 5 3 75 2 7 5 5 5 75 2 7 5 5 6 466 0 2 0 5 7 75 2 7 5 5 8 75 2 7 5 5 9 75 2 7 5 6 6 467 1 5 2 6 7 75 2 7 5 6 8 75 2 7 5 7 6 107 2 6 5 7 7 75 2 7 5 7 8 75 2 7 5 8 6 75 2 7 5 8 8 75 2 7 5
5 1 2 4 0 6 1 3 1 4 1 5 13 0 0 0 1 0 2 0 5 1 1 2 4 2 5 2 6 0 6 1 2 1 3 1 4 1 5 0 4 1 6 8 0 0 0 4 1 6 0 1 0 4 1 6 0 2 0 4 1 6 0 5 5 1 2 0 1 1 0 4 1 6 2 4 0 4 1 6 2 5 0 4 1 6 2 6 0 4 1 6
10 4 4 4 1 4 1 5 2 4 3 4 32 0 2 0 4 1 1 1 2 1 3 2 0 2 1 2 2 2 3 2 5 2 6 3 0 3 1 3 2 3 3 3 5 3 6 4 1 4 2 4 3 5 3 5 4 5 5 6 3 6 4 6 5 7 5 1 4 1 5 2 4 3 4 4 4 4 0 1 3 27 0 2 4 0 1 3 0 4 4 0 1 3 1 1 4 0 1 3 1 2 4 0 1 3 1 3 4 0 1 3 2 0 4 0 1 3 2 1 4 0 1 3 2 2 4 0 1 3 2 3 4 0 1 3 2 5 409 5 1 5 2 6 4 0 1 3 3 0 4 0 1 3 3 1 4 0 1 3 3 2 4 0 1 3 3 3 4 0 1 3 3 5 4 0 1 3 3 6 4 0 1 3 4 1 4 0 1 3 4 2 4 0 1 3 4 3 469 7 7 5 5 3 469 7 7 5 5 4 386 1 5 0 5 5 4 0 1 3 6 3 469 7 7 5 6 4 4 0 1 3 6 5 4 0 1 3 7 5 4 0 1 3
11 6 5 3 4 5 4 6 5 5 56 0 4 0 6 1 4 1 5 1 6 2 4 2 5 2 6 3 3 3 5 4 2 4 3 4 4 5 0 5 1 5 2 5 3 5 4 5 6 5 7 5 8 5 9 5 10 6 1 6 2 6 3 6 4 6 6 6 7 6 8 6 9 7 1 7 2 7 3 7 4 7 5 7 6 7 7 7 8 7 9 8 4 8 5 8 6 8 7 8 8 9 4 9 5 9 6 9 7 9 8 10 6 10 8 4 5 4 6 5 5 6 5 439 5 3 8 52 0 4 439 5 3 8 0 6 439 5 3 8 1 4 439 5 3 8 1 5 439 5 3 8 1 6 439 5 3 8 2 4 439 5 3 8 2 5 439 5 3 8 2 6 439 5 3 8 3 3 439 5 3 8 3 5 299 5 4 8 4 2 439 5 3 8 4 3 439 5 3 8 4 4 439 5 3 8 5 0 439 5 3 8 5 1 439 5 3 8 5 2 439 5 3 8 5 3 439 5 3 8 5 4 439 5 3 8 5 6 119 5 3 8 5 7 439 5 3 8 5 8 439 5 3 8 5 9 439 5 3 8 5 10 439 5 3 8 6 1 439 5 3 8 6 2 439 5 3 8 6 3 439 5 3 8 6 4 439 5 3 8 6 6 461 5 3 8 6 7 461 5 3 8 6 8 461 5 3 8 6 9 439 5 3 8 7 1 439 5 3 8 7 2 439 5 3 8 7 3 461 5 3 8 7 4 468 0 2 0 7 5 411 1 7 1 7 6 470 0 3 1 7 7 439 5 3 8 7 8 439 5 3 8 7 9 439 5 3 8 8 4 411 1 7 1 8 5 119 0 3 2 8 6 411 1 7 1 8 7 439 5 3 8 8 8 439 5 3 8 9 4 411 1 7 1 9 5 439 5 3 8 9 6 411 1 7 1 9 7 439 5 3 8 9 8 439 5 3 8 10 6 439 5 3 8 10 8 439 5 3 8
8 3 3 3 2 4 3 4 3 5 31 0 4 0 6 0 7 1 4 1 6 1 7 2 2 2 3 2 5 2 6 2 7 2 8 3 0 3 1 3 2 3 6 3 7 4 0 4 1 4 2 4 4 4 5 4 6 4 7 4 8 5 5 6 5 2 4 3 3 3 4 3 5 452 2 6 2 27 0 4 412 0 2 0 0 6 452 2 6 2 0 7 452 2 6 2 1 4 412 0 2 0 1 6 452 2 6 2 1 7 452 2 6 2 2 2 452 2 6 2 2 3 452 2 6 2 2 5 452 2 6 2 2 6 452 2 6 2 2 7 452 2 6 2 2 8 452 2 6 2 3 0 452 2 6 2 3 1 452 2 6 2 3 2 362 3 0 2 3 6 338 6 0 6 3 7 452 2 6 2 4 0 452 2 6 2 4 1 452 2 6 2 4 2 452 2 6 2 4 4 412 0 2 0 4 5 412 0 2 0 4 6 412 0 2 0 4 7 338 6 0 6 4 8 338 6 0 6 5 5 412 0 2 0 6 5 412 0 2 0
10 1 3 3 0 5 1 4 1 5 28 0 4 0 6 0 7 0 8 1 1 1 2 1 6 1 7 2 0 2 1 2 2 2 3 2 4 2 5 2 6 2 7 2 8 3 4 3 5 3 6 3 7 4 5 4 6 4 7 0 5 1 3 1 4 1 5 77 4 1 8 24 0 4 77 4 1 8 0 6 267 0 0 0 0 7 268 0 0 0 0 8 107 4 1 7 1 1 75 4 1 8 1 2 169 5 0 8 1 6 75 4 1 8 1 7 75 4 1 8 2 0 75 4 1 8 2 1 75 4 1 8 2 2 75 4 1 8 2 3 75 4 1 8 2 4 75 4 1 8 2 5 75 4 1 8 2 6 75 4 1 8 2 7 75 4 1 8 2 8 75 4 1 8 3 4 75 4 1 8 3 5 75 4 1 8 3 6 75 4 1 8 3 7 75 4 1 8 4 5 75 4 1 8 4 6 75 4 1 8 4 7 75 4 1 8
2 0 2 6 0 1 0 3 0 4 1 1 1 3 1 4 9 0 0 1 0 0 1 0 2 0 3 0 4 1 1 1 3 1 4 1 0 0 0 2 0 0 1 0 0 0 1 0 6 5 0 4
3 0 1 5 0 3 0 4 1 1 1 3 1 4 10 0 0 0 2 1 0 1 2 0 1 0 3 0 4 1 1 1 3 1 4 301 0 0 0 4 0 0 301 0 0 0 0 2 474 1 1 0 1 0 301 1 1 0 1 2 474 0 0 0
4 4 3 6 0 4 1 3 1 4 3 3 3 4 3 5 13 2 3 3 6 4 0 4 1 4 2 4 4 0 4 1 3 1 4 3 3 3 4 3 5 4 3 35 3 0 3 6 2 3 75 0 3 0 3 6 35 3 0 3 4 0 35 3 0 3 4 1 35 3 0 3 4 2 35 3 0 3 4 4 35 3 0 3
4 2 3 6 0 4 1 3 1 4 3 3 3 4 3 5 13 2 0 2 1 2 2 3 2 3 6 4 3 0 4 1 3 1 4 2 3 3 3 3 4 3 5 6 3 0 3 6 2 0 6 3 0 3 2 1 6 3 0 3 2 2 6 3 0 3 3 2 6 3 0 3 3 6 6 3 0 3 4 3 77 1 3 0
6 2 3 6 0 4 1 3 1 4 3 3 3 4 3 5 20 2 0 2 1 2 2 3 1 3 2 4 0 4 1 4 2 4 3 4 4 4 5 4 6 5 2 0 4 1 3 1 4 2 3 3 3 3 4 3 5 6 3 0 3 13 2 0 6 3 0 3 2 1 6 3 0 3 2 2 6 3 0 3 3 1 6 3 0 3 3 2 6 3 0 3 4 0 6 3 0 3 4 1 6 3 0 3 4 2 6 3 0 3 4 3 234 0 1 0 4 4 6 3 0 3 4 5 6 3 0 3 4 6 6 3 0 3 5 2 6 3 0 3
7 3 3 5 0 4 1 3 1 4 3 4 3 5 22 2 0 2 1 2 2 2 3 3 1 3 2 3 6 4 0 4 1 4 2 4 3 4 4 4 5 4 6 4 7 5 2 0 4 1 3 1 4 3 3 3 4 3 5 476 0 0 0 16 2 0 476 0 0 0 2 1 476 0 0 0 2 2 476 0 0 0 2 3 15 4 4 7 3 1 477 0 0 0 3 2 476 0 0 0 3 6 478 0 0 0 4 0 477 0 0 0 4 1 477 0 0 0 4 2 477 0 0 0 4 3 53 1 4 0 4 4 477 0 0 0 4 5 477 0 0 0 4 6 477 0 0 0 4 7 477 0 0 0 5 2 477 0 0 0
8 1 3 6 0 4 0 5 1 4 1 5 3 4 3 5 27 0 6 0 7 1 2 2 0 2 1 2 2 2 3 3 1 3 2 3 3 3 6 4 0 4 1 4 2 4 3 4 4 4 5 4 6 4 7 5 2 0 4 0 5 1 3 1 4 1 5 3 4 3 5 368 0 0 2 20 0 6 479 0 0 0 0 7 479 0 0 0 1 2 479 0 0 0 2 0 368 0 0 2 2 1 368 0 0 2 2 2 368 0 0 2 2 3 368 0 0 2 3 1 368 0 0 2 3 2 368 0 0 2 3 3 368 0 0 2 3 6 368 0 0 2 4 0 368 0 0 2 4 1 368 0 0 2 4 2 368 0 0 2 4 3 368 0 0 2 4 4 368 0 0 2 4 5 368 0 0 2 4 6 368 0 0 2 4 7 368 0 0 2 5 2 368 0 0 2
5 2 3 4 1 3 1 4 3 3 4 3 13 0 2 0 4 1 2 1 5 2 0 2 1 2 2 5 3 1 3 1 4 2 3 3 3 4 3 1 3 0 3 8 0 2 1 3 0 3 0 4 9 0 0 0 1 2 1 3 0 3 1 5 1 3 0 3 2 0 1 3 0 3 2 1 1 3 0 3 2 2 1 3 0 3 5 3 1 3 0 3
5 2 2 6 1 1 1 3 1 4 2 1 2 3 2 4 15 0 1 2 0 2 5 3 0 3 1 3 2 4 2 5 2 1 1 1 3 1 4 2 1 2 2 2 3 2 4 6 4 2 4 8 0 1 6 4 2 4 2 0 9 2 5 0 2 5 6 4 2 4 3 0 6 4 2 4 3 1 6 4 2 4 3 2 6 4 2 4 4 2 6 4 2 4 5 2 6 4 2 4
9 4 4 5 1 4 1 5 2 4 2 5 4 5 29 0 4 1 6 1 7 2 2 2 3 3 0 3 1 3 2 3 3 3 4 4 1 4 2 4 3 4 6 5 0 5 1 5 2 5 3 5 4 5 5 5 6 5 7 6 2 1 4 1 5 2 4 2 5 4 4 4 5 474 2 5 4 23 0 4 474 2 5 4 1 6 474 2 5 4 1 7 474 2 5 4 2 2 474 2 5 4 2 3 474 2 5 4 3 0 474 2 5 4 3 1 474 2 5 4 3 2 474 2 5 4 3 3 474 2 5 4 3 4 480 0 1 0 4 1 474 2 5 4 4 2 474 2 5 4 4 3 474 2 5 4 4 6 474 2 5 4 5 0 474 2 5 4 5 1 474 2 5 4 5 2 474 2 5 4 5 3 474 2 5 4 5 4 481 1 5 1 5 5 482 7 5 6 5 6 474 2 5 4 5 7 474 2 5 4 6 2 474 2 5 4
8 1 2 5 1 1 1 3 1 4 2 3 2 4 22 0 0 0 1 2 0 2 1 2 2 2 5 3 0 3 1 3 2 4 0 4 1 4 2 5 0 5 1 5 2 6 0 1 1 1 2 1 3 1 4 2 3 2 4 1 5 1 5 16 0 0 1 5 1 5 0 1 1 5 1 5 2 0 1 5 1 5 2 1 1 5 1 5 2 2 1 5 1 5 2 5 352 7 6 4 3 0 1 5 1 5 3 1 1 5 1 5 3 2 1 5 1 5 4 0 1 5 1 5 4 1 1 5 1 5 4 2 1 5 1 5 5 0 1 5 1 5 5 1 1 5 1 5 5 2 1 5 1 5 6 0 1 5 1 5
10 4 5 4 1 4 1 5 2 4 2 5 37 0 4 1 6 1 7 2 2 2 3 3 0 3 1 3 2 3 3 3 4 3 5 3 7 3 8 3 9 4 1 4 2 4 3 4 4 4 6 4 7 4 8 5 0 5 1 5 2 5 3 5 4 5 5 5 6 5 7 5 8 5 9 6 2 1 4 1 5 2 4 2 5 4 5 136 7 5 5 32 0 4 475 2 5 4 1 6 136 7 5 5 1 7 136 7 5 5 2 2 136 7 5 5 2 3 136 7 5 5 3 0 136 7 5 5 3 1 136 7 5 5 3 2 136 7 5 5 3 3 136 7 5 5 3 4 136 7 5 5 3 5 483 0 0 0 3 7 136 7 5 5 3 8 136 7 5 5 3 9 136 7 5 5 4 1 136 7 5 5 4 2 136 7 5 5 4 3 136 7 5 5 4 4 136 7 5 5 4 6 136 7 5 5 4 7 136 7 5 5 4 8 136 7 5 5 5 0 136 7 5 5 5 1 136 7 5 5 5 2 136 7 5 5 5 3 136 7 5 5 5 4 136 7 5 5 5 5 484 7 5 6 5 6 136 7 5 5 5 7 136 7 5 5 5 8 136 7 5 5 5 9 136 7 5 5 6 2 136 7 5 5
11 4 4 3 4 5 5 4 5 5 52 0 6 0 8 1 3 1 4 1 5 1 6 1 7 1 8 2 2 2 3 2 4 2 5 2 6 2 7 2 8 2 9 3 0 3 1 3 2 3 3 3 4 3 5 3 6 3 7 3 8 3 9 4 1 4 2 4 3 4 6 4 7 4 8 5 6 5 7 5 8 6 4 6 7 6 8 7 4 7 6 7 7 7 8 8 4 8 6 8 7 8 8 9 6 9 8 4 4 4 5 5 4 5 5 144 4 7 8 48 0 6 144 4 7 8 0 8 144 4 7 8 1 3 473 1 5 0 1 4 144 4 7 8 1 5 144 4 7 8 1 6 144 4 7 8 1 7 144 4 7 8 1 8 144 4 7 8 2 2 144 4 7 8 2 3 473 1 5 0 2 4 144 4 7 8 2 5 144 4 7 8 2 6 144 4 7 8 2 7 144 4 7 8 2 8 144 4 7 8 2 9 144 4 7 8 3 0 144 4 7 8 3 1 144 4 7 8 3 2 485 3 0 3 3 3 485 3 0 3 3 4 485 3 0 3 3 5 144 4 7 8 3 6 148 6 1 7 3 7 148 6 1 7 3 8 148 6 1 7 3 9 144 4 7 8 4 1 148 6 1 7 4 2 163 5 1 8 4 3 163 5 1 8 4 6 140 1 7 1 4 7 148 6 1 7 4 8 148 6 1 7 5 6 163 5 1 8 5 7 144 4 7 8 5 8 144 4 7 8 6 4 473 1 5 0 6 7 144 4 7 8 6 8 144 4 7 8 7 4 473 1 5 0 7 6 144 4 7 8 7 7 144 4 7 8 7 8 144 4 7 8 8 4 144 4 7 8 8 6 144 4 7 8 8 7 144 4 7 8 8 8 144 4 7 8 9 6 144 4 7 8 9 8 144 4 7 8
6 3 2 6 0 3 1 1 1 2 1 3 1 4 2 2 17 2 0 2 1 2 3 2 4 2 5 3 3 3 4 3 5 4 2 4 4 0 3 1 1 1 2 1 3 1 4 2 2 3 2 6 3 0 2 10 2 0 6 3 0 2 2 1 6 3 0 2 2 3 6 3 0 2 2 4 6 3 0 2 2 5 6 3 0 2 3 3 6 3 0 2 3 4 6 3 0 2 3 5 6 3 0 2 4 2 382 0 0 0 4 4 6 3 0 2
4 1 2 5 0 5 1 3 1 4 1 5 1 6 14 0 0 0 1 0 2 0 4 1 1 2 5 2 6 2 7 0 5 1 2 1 3 1 4 1 5 1 6 2 5 1 7 8 0 0 2 5 1 7 0 1 2 5 1 7 0 2 2 5 1 7 0 4 2 5 1 7 1 1 2 5 1 7 2 5 32 1 1 0 2 6 32 1 1 0 2 7 32 1 1 0
7 1 3 5 0 5 1 4 1 5 1 6 2 4 24 0 0 0 1 0 2 0 4 1 1 1 2 2 1 2 2 2 3 2 5 2 6 2 7 3 4 3 5 3 6 3 7 4 4 4 6 0 5 1 3 1 4 1 5 1 6 2 4 228 6 0 6 18 0 0 487 0 0 2 0 1 487 0 0 2 0 2 487 0 0 2 0 4 228 6 0 6 1 1 487 0 0 2 1 2 487 0 0 2 2 1 488 0 0 0 2 2 488 0 0 0 2 3 488 0 0 0 2 5 191 0 0 0 2 6 191 0 0 0 2 7 191 0 0 0 3 4 191 0 0 0 3 5 191 0 0 0 3 6 191 0 0 0 3 7 191 0 0 0 4 4 191 0 0 0 4 6 191 0 0 0
5 4 3 4 1 3 2 3 2 4 3 3 21 0 2 1 0 1 1 1 2 2 2 2 5 2 6 3 4 4 2 5 2 5 3 5 4 6 2 6 3 6 4 7 4 1 3 2 3 2 4 3 3 4 3 191 7 7 4 16 0 2 191 7 7 4 1 0 191 7 7 4 1 1 191 7 7 4 1 2 191 7 7 4 2 2 191 7 7 4 2 5 191 7 7 4 2 6 191 7 7 4 3 4 142 1 4 0 4 2 142 1 4 0 5 2 142 1 4 0 5 3 142 1 4 0 5 4 142 1 4 0 6 2 142 1 4 0 6 3 142 1 4 0 6 4 142 1 4 0 7 4 142 1 4 0
8 2 4 4 1 3 2 3 3 2 3 3 26 0 1 0 2 1 0 1 1 1 2 2 1 2 2 2 5 2 6 3 0 3 1 3 4 4 2 4 3 5 2 5 3 5 4 6 2 6 3 6 4 7 4 1 3 2 3 2 4 3 2 3 3 21 0 2 0 21 0 1 21 0 2 0 0 2 21 0 2 0 1 0 21 0 2 0 1 1 21 0 2 0 1 2 21 0 2 0 2 1 21 0 2 0 2 2 21 0 2 0 2 5 489 7 7 4 2 6 489 7 7 4 3 0 490 0 0 0 3 1 490 0 0 0 3 4 21 4 3 6 4 2 21 0 2 0 4 3 21 0 2 0 5 2 21 0 2 0 5 3 21 0 2 0 5 4 21 0 2 0 6 2 21 0 2 0 6 3 21 0 2 0 6 4 21 0 2 0 7 4 21 0 2 0
9 3 3 3 2 5 3 4 3 5 34 0 3 0 5 1 2 1 3 1 4 1 5 2 0 2 1 2 2 2 3 2 4 2 6 2 7 2 8 3 1 3 2 3 6 3 7 3 8 4 0 4 1 4 2 4 4 4 5 4 7 4 8 4 9 5 2 5 4 6 4 2 5 3 3 3 4 3 5 75 4 3 8 30 0 3 75 4 3 8 0 5 75 4 3 8 1 2 75 4 3 8 1 3 75 4 3 8 1 4 75 4 3 8 1 5 75 4 3 8 2 0 75 4 3 8 2 1 75 4 3 8 2 2 75 4 3 8 2 3 75 4 3 8 2 4 77 4 3 8 2 6 439 6 0 6 2 7 105 0 2 0 2 8 107 4 3 7 3 1 75 4 3 8 3 2 491 3 0 2 3 6 75 4 3 8 3 7 75 4 3 8 3 8 75 4 3 8 4 0 75 4 3 8 4 1 75 4 3 8 4 2 75 4 3 8 4 4 75 4 3 8 4 5 75 4 3 8 4 7 75 4 3 8 4 8 75 4 3 8 4 9 75 4 3 8 5 2 75 4 3 8 5 4 75 4 3 8 6 4 75 4 3 8
12 5 5 2 4 6 5 6 79 0 3 0 4 0 5 0 7 1 3 1 4 1 5 1 6 1 7 2 0 2 1 2 2 2 3 2 4 2 5 2 6 2 7 2 8 3 1 3 2 3 3 3 4 3 5 3 6 4 0 4 1 4 2 4 3 4 4 4 5 4 7 4 8 4 9 4 10 4 11 5 1 5 2 5 3 5 4 5 7 5 8 5 9 5 10 6 1 6 2 6 3 6 4 6 5 6 6 6 8 6 9 6 10 7 2 7 3 7 4 7 5 7 6 7 7 7 8 7 9 8 1 8 2 8 3 8 4 8 5 8 6 8 7 8 8 8 9 8 10 9 3 9 4 9 5 9 6 9 7 10 5 4 6 5 5 5 6 363 5 2 10 76 0 3 363 5 2 10 0 4 363 5 2 10 0 5 363 5 2 10 0 7 363 5 2 10 1 3 363 5 2 10 1 4 363 5 2 10 1 5 363 5 2 10 1 6 363 5 2 10 1 7 363 5 2 10 2 0 363 5 2 10 2 1 363 5 2 10 2 2 363 5 2 10 2 3 440 7 10 8 2 4 453 4 8 10 2 5 363 5 2 10 2 6 363 5 2 10 2 7 363 5 2 10 2 8 363 5 2 10 3 1 363 5 2 10 3 2 363 5 2 10 3 3 453 4 8 10 3 4 453 4 8 10 3 5 363 5 2 10 3 6 357 4 6 11 4 0 363 5 2 10 4 1 363 5 2 10 4 2 440 7 10 8 4 3 440 7 10 8 4 4 440 7 10 8 4 5 460 4 8 11 4 7 471 7 10 10 4 8 440 7 10 8 4 9 472 5 2 10 4 10 472 5 2 10 4 11 363 5 2 10 5 1 363 5 2 10 5 2 363 5 2 10 5 3 440 7 10 8 5 4 440 7 10 8 5 7 486 3 0 1 5 8 440 7 10 8 5 9 440 7 10 8 5 10 440 7 10 8 6 1 363 5 2 10 6 2 492 3 0 3 6 3 492 3 0 3 6 4 492 0 2 1 6 5 357 4 6 11 6 6 363 5 2 10 6 8 440 7 10 8 6 9 440 7 10 8 6 10 440 7 10 8 7 2 363 5 2 10 7 3 363 5 2 10 7 4 363 5 2 10 7 5 357 4 6 11 7 6 363 5 2 10 7 7 363 5 2 10 7 8 363 5 2 10 7 9 363 5 2 10 8 1 363 5 2 10 8 2 363 5 2 10 8 3 363 5 2 10 8 4 363 5 2 10 8 5 460 4 8 11 8 6 363 5 2 10 8 7 363 5 2 10 8 8 363 5 2 10 8 9 363 5 2 10 8 10 363 5 2 10 9 3 363 5 2 10 9 4 363 5 2 10 9 5 363 5 2 10 9 6 363 5 2 10 9 7 363 5 2 10 10 5 363 5 2 10
6 4 3 3 1 3 2 3 3 3 19 0 2 0 3 1 2 2 2 3 4 3 5 4 0 4 1 4 2 4 4 5 2 5 3 5 4 6 2 6 4 1 3 2 3 3 3 4 3 14 0 1 2 15 0 2 14 0 1 2 0 3 13 6 0 3 1 2 14 0 1 2 2 2 14 0 1 2 3 4 13 6 0 3 3 5 13 6 0 3 4 0 13 6 0 3 4 1 13 6 0 3 4 2 5 2 6 2 4 4 13 6 0 3 5 2 5 2 6 2 5 3 61 1 5 0 5 4 13 6 0 3 6 2 5 2 6 2 6 4 13 6 0 3
11 3 4 2 1 4 2 4 50 0 2 0 4 0 5 0 6 1 0 1 1 1 2 1 3 1 5 1 6 1 7 1 8 2 0 2 1 2 2 2 3 2 5 2 6 2 7 2 8 3 0 3 1 3 2 3 3 3 5 3 6 3 7 3 8 4 0 4 1 4 2 4 3 4 4 4 5 4 6 4 7 5 0 5 1 5 2 5 3 5 4 5 5 6 3 6 4 6 5 7 3 7 5 1 4 2 4 3 4 110 5 0 7 47 0 2 110 5 0 7 0 4 415 0 1 0 0 5 119 0 0 1 0 6 110 5 0 7 1 0 110 5 0 7 1 1 110 5 0 7 1 2 110 5 0 7 1 3 110 5 0 7 1 5 119 0 0 1 1 6 110 5 0 7 1 7 110 5 0 7 1 8 110 5 0 7 2 0 110 5 0 7 2 1 110 5 0 7 2 2 110 5 0 7 2 3 110 5 0 7 2 5 119 5 0 7 2 6 110 5 0 7 2 7 110 5 0 7 2 8 110 5 0 7 3 0 110 5 0 7 3 1 110 5 0 7 3 2 110 5 0 7 3 3 110 5 0 7 3 5 494 5 0 7 3 6 27 0 0 1 3 7 27 0 0 1 3 8 110 5 0 7 4 0 110 5 0 7 4 1 110 5 0 7 4 2 27 0 0 1 4 3 410 5 0 8 4 4 87 0 0 0 4 5 410 0 0 0 4 6 110 5 0 7 4 7 110 5 0 7 5 0 110 5 0 7 5 1 110 5 0 7 5 2 110 5 0 7 5 3 27 0 0 1 5 4 119 0 0 1 5 5 68 0 0 1 6 3 68 0 0 1 6 4 110 5 0 7 6 5 68 0 0 1 7 3 110 5 0 7 7 5 110 5 0 7
5 1 2 4 1 3 1 4 1 5 1 6 17 0 0 0 1 0 2 0 3 0 4 0 5 1 0 1 1 1 7 2 0 2 1 2 2 1 2 1 3 1 4 1 5 1 6 2 1 1 1 12 0 0 2 1 1 1 0 1 218 4 2 7 0 2 218 4 2 7 0 3 14 6 0 5 0 4 2 1 1 1 0 5 2 1 1 1 1 0 2 1 1 1 1 1 2 1 1 1 1 7 2 1 1 1 2 0 2 1 1 1 2 1 2 1 1 1 2 2 2 1 1 1
6 1 6 3 1 3 1 4 1 5 22 0 0 0 1 0 2 0 3 0 4 0 5 0 6 0 7 0 8 0 9 1 1 1 2 1 7 1 8 1 9 2 7 2 8 2 9 1 3 1 4 1 5 1 6 3 1 1 1 18 0 0 3 1 1 1 0 1 13 1 1 2 0 2 123 4 1 9 0 3 496 5 0 9 0 4 3 1 1 1 0 5 13 1 1 2 0 6 203 5 0 9 0 7 123 1 1 0 0 8 3 1 1 1 0 9 3 1 1 1 1 1 3 1 1 1 1 2 13 1 1 2 1 7 3 1 1 1 1 8 3 1 1 1 1 9 3 1 1 1 2 7 3 1 1 1 2 8 3 1 1 1 2 9 3 1 1 1
3 1 4 5 0 4 1 1 1 2 1 3 2 2 10 0 5 1 5 2 0 2 1 0 4 1 1 1 2 1 3 1 4 2 2 1 4 1 5 4 0 5 47 5 1 5 1 5 1 4 1 5 2 0 1 4 1 5 2 1 1 4 1 5
5 1 3 5 0 7 1 4 1 5 1 6 2 5 16 0 0 0 1 0 2 0 6 1 1 1 2 2 1 2 2 2 3 2 4 0 7 1 3 1 4 1 5 1 6 2 5 0 4 1 7 10 0 0 0 4 1 7 0 1 0 4 1 7 0 2 0 4 1 7 0 6 348 1 2 0 1 1 0 4 1 7 1 2 0 4 1 7 2 1 0 4 1 7 2 2 0 4 1 7 2 3 0 4 1 7 2 4 0 4 1 7
6 0 7 4 1 4 1 5 1 6 2 5 20 0 0 0 1 0 2 0 6 0 8 0 9 1 1 1 2 1 3 1 7 1 8 2 1 2 2 2 3 2 4 0 7 1 4 1 5 1 6 2 5 223 4 1 9 15 0 0 223 4 1 9 0 1 223 4 1 9 0 2 223 4 1 9 0 6 498 0 0 3 0 8 499 0 0 0 0 9 498 0 0 3 1 1 223 4 1 9 1 2 223 4 1 9 1 3 498 0 0 3 1 7 499 0 0 0 1 8 223 4 1 9 2 1 223 4 1 9 2 2 223 4 1 9 2 3 223 4 1 9 2 4 223 4 1 9
8 4 3 4 2 4 3 3 3 4 4 4 31 0 1 0 4 1 0 1 1 1 2 1 4 2 0 2 1 2 2 2 3 3 0 3 1 3 2 4 0 4 1 4 2 4 5 4 6 4 7 5 0 5 1 5 2 5 3 6 1 6 2 7 2 2 4 3 3 3 4 4 3 4 4 58 6 0 4 26 0 1 58 6 0 4 0 4 163 3 0 0 1 0 58 6 0 4 1 1 58 6 0 4 1 2 58 6 0 4 1 4 163 3 0 0 2 0 58 6 0 4 2 1 58 6 0 4 2 2 58 6 0 4 2 3 58 6 0 4 3 0 58 6 0 4 3 1 58 6 0 4 3 2 58 6 0 4 4 0 58 6 0 4 4 1 58 6 0 4 4 2 58 6 0 4 4 5 58 6 0 4 4 6 58 6 0 4 4 7 58 6 0 4 5 0 58 6 0 4 5 1 58 6 0 4 5 2 58 6 0 4 5 3 163 3 0 0 6 1 58 6 0 4 6 2 58 6 0 4 7 2 58 6 0 4
5 4 3 4 1 3 2 3 2 4 3 3 21 0 2 1 0 1 1 1 2 1 4 2 5 2 6 3 4 4 4 5 2 5 3 5 4 6 2 6 3 6 4 7 2 1 3 2 3 2 4 3 3 4 3 38 2 6 3 16 0 2 38 2 6 3 1 0 38 2 6 3 1 1 38 2 6 3 1 2 38 2 6 3 1 4 348 7 7 4 2 5 38 2 6 3 2 6 38 2 6 3 3 4 38 2 6 3 4 4 268 7 7 4 5 2 38 2 6 3 5 3 290 1 4 0 5 4 268 7 7 4 6 2 38 2 6 3 6 3 38 2 6 3 6 4 268 7 7 4 7 2 38 2 6 3
9 4 5 3 3 4 3 5 3 6 45 0 4 0 6 1 4 1 6 2 0 2 1 2 2 2 4 2 6 2 7 2 8 2 9 3 1 3 2 3 3 3 7 3 8 4 1 4 2 4 3 4 4 4 6 5 1 5 2 5 3 5 4 5 5 5 6 5 7 6 2 6 3 6 4 6 5 6 6 6 7 6 8 7 3 7 4 7 5 7 6 7 7 3 4 3 5 3 6 4 5 139 3 0 3 41 0 4 139 3 0 3 0 6 500 0 2 0 1 4 139 3 0 3 1 6 500 0 2 0 2 0 139 3 0 3 2 1 139 3 0 3 2 2 139 3 0 3 2 4 139 3 0 3 2 6 501 7 7 8 2 7 501 7 7 8 2 8 502 6 0 7 2 9 502 6 0 7 3 1 139 3 0 3 3 2 139 3 0 3 3 3 501 7 7 8 3 7 502 6 0 7 3 8 139 3 0 3 4 1 139 3 0 3 4 2 139 3 0 3 4 3 139 3 0 3 4 4 139 3 0 3 4 6 500 0 2 0 5 1 139 3 0 3 5 2 139 3 0 3 5 3 139 3 0 3 5 4 139 3 0 3 5 5 500 0 2 0 5 6 139 3 0 3 5 7 139 3 0 3 6 2 139 3 0 3 6 3 139 3 0 3 6 4 139 3 0 3 6 5 500 0 2 0 6 6 139 3 0 3 6 7 139 3 0 3 6 8 139 3 0 3 7 3 139 3 0 3 7 4 139 3 0 3 7 5 139 3 0 3 7 6 139 3 0 3 7 7 139 3 0 3
5 4 1 4 0 1 1 1 2 1 3 1 17 1 2 2 2 3 2 4 0 4 2 5 0 5 1 5 2 6 0 6 1 6 2 7 2 0 1 1 1 2 1 3 1 4 1 2 2 5 1 12 1 2 2 2 5 1 2 2 2 2 5 1 3 2 14 0 1 0 4 0 2 2 5 1 4 2 407 0 1 0 5 0 2 2 5 1 5 1 2 2 5 1 5 2 378 0 0 0 6 0 2 2 5 1 6 1 2 2 5 1 6 2 2 2 5 1 7 2 2 2 5 1
6 1 4 4 0 7 1 5 1 6 1 7 19 0 1 0 2 0 3 0 8 1 1 1 2 1 3 2 0 2 1 2 2 2 3 2 4 2 5 2 6 0 7 1 4 1 5 1 6 1 7 1 4 1 8 14 0 1 1 4 1 8 0 2 1 4 1 8 0 3 1 4 1 8 0 8 504 6 0 7 1 1 1 4 1 8 1 2 1 4 1 8 1 3 1 4 1 8 2 0 1 4 1 8 2 1 1 4 1 8 2 2 1 4 1 8 2 3 1 4 1 8 2 4 1 4 1 8 2 5 1 4 1 8 2 6 1 4 1 8
4 1 2 6 0 3 0 4 0 5 1 3 2 3 2 4 13 0 6 1 0 1 1 2 2 2 5 2 6 0 3 0 4 0 5 1 2 1 3 2 3 2 4 6 0 0 2 6 0 6 21 5 1 6 1 0 6 0 0 2 1 1 6 0 0 2 2 2 6 0 0 2 2 5 6 0 0 2 2 6 6 0 0 2
5 3 4 5 1 3 1 4 1 5 2 3 3 3 18 0 3 1 6 2 0 2 1 2 2 3 2 3 5 3 6 4 3 4 4 5 4 6 4 1 3 1 4 1 5 2 3 3 3 3 4 77 2 6 3 12 0 3 506 0 1 0 1 6 77 2 6 3 2 0 77 2 6 3 2 1 77 2 6 3 2 2 77 2 6 3 3 2 77 2 6 3 3 5 77 2 6 3 3 6 77 2 6 3 4 3 506 0 1 0 4 4 506 0 1 0 5 4 506 0 1 0 6 4 506 0 1 0
4 1 2 6 0 5 1 3 1 4 1 5 2 3 2 4 13 0 0 0 1 0 2 0 6 1 0 1 1 0 5 1 2 1 3 1 4 1 5 2 3 2 4 1 4 1 6 6 0 0 1 4 1 6 0 1 1 4 1 6 0 2 1 4 1 6 0 6 128 1 2 0 1 0 1 4 1 6 1 1 1 4 1 6
5 3 5 6 0 4 1 3 1 4 2 3 2 4 2 5 17 2 0 2 1 2 2 3 0 3 1 3 2 3 4 3 6 4 5 5 5 0 4 1 3 1 4 2 3 2 4 2 5 3 5 76 2 5 4 10 2 0 76 2 5 4 2 1 76 2 5 4 2 2 76 2 5 4 3 0 76 2 5 4 3 1 76 2 5 4 3 2 76 2 5 4 3 4 508 1 3 0 3 6 76 2 5 4 4 5 508 1 3 0 5 5 508 1 3 0
6 2 5 5 0 4 1 3 1 4 2 3 2 4 20 1 2 2 0 2 1 2 2 2 6 2 7 3 0 3 1 3 2 3 4 3 5 3 6 4 5 5 5 0 4 1 3 1 4 2 3 2 4 2 5 58 4 2 7 14 1 2 509 0 0 0 2 0 58 4 2 7 2 1 58 4 2 7 2 2 58 4 2 7 2 6 509 0 0 0 2 7 509 0 0 0 3 0 58 4 2 7 3 1 58 4 2 7 3 2 58 4 2 7 3 4 58 4 2 7 3 5 58 4 2 7 3 6 58 4 2 7 4 5 58 4 2 7 5 5 58 4 2 7
4 0 3 5 1 3 2 3 2 4 3 3 3 4 12 2 5 3 0 3 1 3 2 4 2 4 4 0 3 1 3 2 3 2 4 3 3 3 4 1 2 4 3 6 2 5 1 2 4 3 3 0 1 2 4 3 3 1 1 2 4 3 3 2 1 2 4 3 4 2 1 2 4 3 4 4 59 0 0 0
4 3 3 5 0 4 1 4 2 3 2 4 2 5 14 1 3 2 2 2 6 3 0 3 1 3 2 4 3 5 3 0 4 1 4 2 3 2 4 2 5 3 3 20 7 5 4 8 1 3 77 0 2 0 2 2 20 7 5 4 2 6 20 7 5 4 3 0 20 7 5 4 3 1 20 7 5 4 3 2 20 7 5 4 4 3 77 0 2 0 5 3 77 0 2 0
1 0 3 5 0 1 0 2 0 4 1 0 1 1 6 0 1 0 2 0 3 0 4 1 0 1 1 -1 0
6 4 3 6 0 4 1 3 1 4 2 3 2 4 2 5 20 1 0 1 1 1 2 2 0 2 1 2 2 3 0 3 1 3 2 3 3 4 2 5 2 5 3 0 4 1 3 1 4 2 3 2 4 2 5 4 3 513 3 0 3 13 1 0 513 3 0 3 1 1 513 3 0 3 1 2 513 3 0 3 2 0 513 3 0 3 2 1 513 3 0 3 2 2 513 3 0 3 3 0 513 3 0 3 3 1 513 3 0 3 3 2 513 3 0 3 3 3 133 0 1 0 4 2 513 3 0 3 5 2 513 3 0 3 5 3 513 3 0 3
7 2 5 5 0 4 1 3 1 4 2 3 2 4 21 1 0 1 1 1 2 2 0 2 1 2 2 2 6 3 0 3 1 3 2 3 3 4 2 4 3 5 2 5 3 0 4 1 3 1 4 2 3 2 4 2 5 7 1 2 1 15 1 0 7 1 2 1 1 1 511 7 5 6 1 2 512 0 0 0 2 0 7 1 2 1 2 1 7 1 2 1 2 2 7 1 2 1 2 6 514 0 0 0 3 0 7 1 2 1 3 1 7 1 2 1 3 2 7 1 2 1 3 3 7 1 2 1 4 2 7 1 2 1 4 3 7 1 2 1 5 2 7 1 2 1 5 3 7 1 2 1
8 2 3 4 0 4 1 3 1 4 2 4 30 1 0 1 1 1 2 2 0 2 1 2 2 2 5 2 6 2 7 3 0 3 1 3 2 3 3 3 4 3 5 3 6 3 7 4 2 4 3 4 4 4 5 5 2 5 3 5 4 5 5 0 4 1 3 1 4 2 3 2 4 147 5 0 7 25 1 0 147 5 0 7 1 1 147 5 0 7 1 2 147 5 0 7 2 0 147 5 0 7 2 1 147 5 0 7 2 2 137 5 0 7 2 5 147 5 0 7 2 6 147 5 0 7 2 7 147 5 0 7 3 0 147 5 0 7 3 1 147 5 0 7 3 2 147 5 0 7 3 3 510 0 0 0 3 4 515 0 0 0 3 5 515 0 0 0 3 6 515 0 0 0 3 7 510 0 0 0 4 2 147 5 0 7 4 3 510 0 0 0 4 4 510 0 0 0 4 5 515 0 0 0 5 2 147 5 0 7 5 3 510 0 0 0 5 4 510 0 0 0 5 5 515 0 0 0
9 1 3 5 0 4 0 5 0 6 1 4 2 4 33 0 7 1 0 1 1 1 2 2 0 2 1 2 2 2 3 2 5 2 6 2 7 3 0 3 1 3 2 3 3 3 4 3 5 3 6 3 7 4 2 4 3 4 4 4 5 5 2 5 3 5 4 5 5 0 4 0 5 0 6 1 3 1 4 2 4 6 0 0 3 27 0 7 516 0 0 0 1 0 6 0 0 3 1 1 6 0 0 3 1 2 6 0 0 3 2 0 6 0 0 3 2 1 6 0 0 3 2 2 6 0 0 3 2 3 6 0 0 3 2 5 6 0 0 3 2 6 6 0 0 3 2 7 6 0 0 3 3 0 6 0 0 3 3 1 6 0 0 3 3 2 6 0 0 3 3 3 6 0 0 3 3 4 6 0 0 3 3 5 6 0 0 3 3 6 6 0 0 3 3 7 6 0 0 3 4 2 6 0 0 3 4 3 6 0 0 3 4 4 6 0 0 3 4 5 6 0 0 3 5 2 6 0 0 3 5 3 6 0 0 3 5 4 6 0 0 3 5 5 6 0 0 3
2 1 3 6 0 3 1 0 1 1 1 2 2 2 4 2 9 0 4 3 2 0 3 1 0 1 1 1 2 1 3 2 2 4 2 513 3 0 2 2 0 4 513 3 0 2 3 2 1 4 1 4
3 4 4 6 0 3 1 3 2 3 3 0 3 2 3 3 11 3 1 3 4 4 3 5 4 0 3 1 3 2 3 3 0 3 2 3 3 4 4 0 2 4 3 4 3 1 0 2 4 3 3 4 518 6 1 4 4 3 0 2 4 3 5 4 0 2 4 3
4 3 3 5 0 3 1 3 2 3 3 0 3 2 12 3 1 3 4 4 2 4 3 4 4 5 4 0 3 1 3 2 3 3 0 3 2 3 3 1 7 4 3 6 3 1 1 7 4 3 3 4 1 7 4 3 4 2 519 0 0 0 4 3 1 7 4 3 4 4 1 7 4 3 5 4 1 7 4 3
5 4 2 5 0 3 1 3 2 3 3 3 4 0 14 3 2 4 1 4 3 4 4 5 2 5 3 5 4 6 4 0 3 1 3 2 3 3 3 4 0 4 2 0 7 4 3 8 3 2 520 0 1 0 4 1 0 7 4 3 4 3 0 7 4 3 4 4 0 7 4 3 5 2 0 7 4 3 5 3 0 7 4 3 5 4 0 7 4 3 6 4 0 7 4 3
4 3 1 4 0 1 1 1 2 1 4 2 11 3 0 3 2 4 0 4 1 5 0 5 2 0 1 1 1 2 1 3 1 4 2 0 2 4 1 6 3 0 0 2 4 1 3 2 44 6 0 2 4 0 0 2 4 1 4 1 0 2 4 1 5 0 0 2 4 1 5 2 0 2 4 1
5 2 3 6 0 3 1 0 1 1 1 2 1 3 4 2 15 2 4 3 2 3 3 3 4 4 3 4 4 5 2 5 4 0 3 1 0 1 1 1 2 1 3 2 3 4 2 1 5 1 4 8 2 4 522 5 0 4 3 2 1 5 1 4 3 3 1 5 1 4 3 4 1 5 1 4 4 3 1 5 1 4 4 4 1 5 1 4 5 2 1 5 1 4 5 4 1 5 1 4
6 1 3 5 0 3 1 0 1 1 1 2 4 2 16 0 4 2 3 2 4 3 2 3 3 3 4 4 3 4 4 5 2 5 4 0 3 1 0 1 1 1 2 1 3 4 2 1 4 1 4 10 0 4 523 0 0 0 2 3 1 4 1 4 2 4 1 4 1 4 3 2 1 4 1 4 3 3 1 4 1 4 3 4 1 4 1 4 4 3 1 4 1 4 4 4 1 4 1 4 5 2 1 4 1 4 5 4 1 4 1 4
7 4 5 5 0 4 1 4 2 4 3 1 3 4 18 3 0 3 2 3 5 4 1 4 2 4 3 4 4 5 0 5 1 5 2 5 3 5 5 0 4 1 4 2 4 3 1 3 4 4 5 0 2 4 4 12 3 0 0 2 4 4 3 2 0 2 4 4 3 5 524 6 1 5 4 1 0 2 4 4 4 2 0 2 4 4 4 3 0 2 4 4 4 4 0 2 4 4 5 0 0 2 4 4 5 1 0 2 4 4 5 2 0 2 4 4 5 3 0 2 4 4 5 5 0 2 4 4
8 4 2 7 0 5 1 2 1 3 1 4 1 5 2 5 3 5 30 0 0 0 1 0 2 1 1 2 0 2 1 3 0 3 1 3 2 3 4 4 0 4 1 4 3 4 4 4 5 4 6 5 0 5 2 5 4 5 5 5 6 6 6 0 5 1 2 1 3 1 4 1 5 2 5 3 5 4 2 521 0 0 2 22 0 0 521 0 0 2 0 1 521 0 0 2 0 2 521 0 0 2 1 1 521 0 0 2 2 0 521 0 0 2 2 1 521 0 0 2 3 0 521 0 0 2 3 1 521 0 0 2 3 2 521 0 0 2 3 4 525 7 5 5 4 0 521 0 0 2 4 1 521 0 0 2 4 3 525 7 5 5 4 4 525 7 5 5 4 5 525 7 5 5 4 6 525 7 5 5 5 0 521 0 0 2 5 2 521 0 0 2 5 4 525 7 5 5 5 5 525 7 5 5 5 6 525 7 5 5 6 6 525 7 5 5
9 0 5 6 1 2 1 3 1 4 1 5 2 5 3 5 31 0 0 0 1 0 2 0 6 1 1 2 0 2 1 3 0 3 1 3 2 3 4 4 0 4 1 4 2 4 3 4 4 4 5 4 6 5 0 5 2 5 4 5 5 5 6 6 6 0 5 1 2 1 3 1 4 1 5 2 5 3 5 1 4 1 6 24 0 0 1 4 1 6 0 1 1 4 1 6 0 2 1 4 1 6 0 6 526 0 0 0 1 1 1 4 1 6 2 0 1 4 1 6 2 1 1 4 1 6 3 0 1 4 1 6 3 1 1 4 1 6 3 2 1 4 1 6 3 4 1 4 1 6 4 0 1 4 1 6 4 1 1 4 1 6 4 2 1 4 1 6 4 3 1 4 1 6 4 4 1 4 1 6 4 5 1 4 1 6 4 6 1 4 1 6 5 0 1 4 1 6 5 2 1 4 1 6 5 4 1 4 1 6 5 5 1 4 1 6 5 6 1 4 1 6 6 6 1 4 1 6
10 1 2 5 1 3 1 4 1 5 2 5 3 5 32 0 0 0 1 0 2 0 5 0 6 1 1 2 0 2 1 2 6 3 0 3 1 3 2 3 4 4 0 4 1 4 2 4 3 4 4 4 5 4 6 5 0 5 2 5 4 5 5 5 6 6 6 1 2 1 3 1 4 1 5 2 5 3 5 1 5 1 6 26 0 0 1 5 1 6 0 1 1 5 1 6 0 2 1 5 1 6 0 5 1 5 1 6 0 6 1 5 1 6 1 1 1 5 1 6 2 0 1 5 1 6 2 1 1 5 1 6 2 6 527 0 0 0 3 0 1 5 1 6 3 1 1 5 1 6 3 2 1 5 1 6 3 4 1 5 1 6 4 0 1 5 1 6 4 1 1 5 1 6 4 2 1 5 1 6 4 3 1 5 1 6 4 4 1 5 1 6 4 5 1 5 1 6 4 6 1 5 1 6 5 0 1 5 1 6 5 2 1 5 1 6 5 4 1 5 1 6 5 5 1 5 1 6 5 6 1 5 1 6 6 6 1 5 1 6
5 1 5 5 1 2 1 3 1 4 2 4 3 4 15 0 0 0 1 0 2 0 3 0 5 0 6 0 7 1 6 4 4 1 2 1 3 1 4 1 5 2 4 3 4 81 2 4 3 9 0 0 81 2 4 3 0 1 81 2 4 3 0 2 81 2 4 3 0 3 83 0 0 2 0 5 206 0 0 0 0 6 81 2 4 3 0 7 81 2 4 3 1 6 81 2 4 3 4 4 13 1 1 1
11 5 4 4 3 4 3 5 3 6 4 4 50 0 3 1 3 1 4 2 3 2 4 2 7 2 8 2 9 3 7 3 8 4 0 4 1 4 2 4 3 4 8 4 9 5 0 5 1 5 2 5 3 5 5 5 6 5 7 5 8 5 9 6 0 6 1 6 2 6 3 6 4 6 5 6 6 6 7 6 8 6 9 7 2 7 3 7 4 7 5 7 7 7 9 8 2 8 3 8 4 8 5 3 4 3 5 3 6 4 4 5 4 85 2 7 3 45 0 3 85 2 7 3 1 3 507 0 2 1 1 4 85 2 7 3 2 3 507 0 2 1 2 4 517 0 3 0 2 7 85 2 7 3 2 8 85 2 7 3 2 9 85 2 7 3 3 7 119 5 2 7 3 8 85 2 7 3 4 0 85 2 7 3 4 1 85 2 7 3 4 2 85 2 7 3 4 3 85 2 7 3 4 8 85 2 7 3 4 9 85 2 7 3 5 0 85 2 7 3 5 1 85 2 7 3 5 2 85 2 7 3 5 3 528 5 2 9 5 5 529 2 7 3 5 6 85 2 7 3 5 7 85 2 7 3 5 8 85 2 7 3 5 9 85 2 7 3 6 0 85 2 7 3 6 1 85 2 7 3 6 2 85 2 7 3 6 3 507 0 2 1 6 4 529 2 7 3 6 5 529 2 7 3 6 6 85 2 7 3 6 7 85 2 7 3 6 8 85 2 7 3 6 9 85 2 7 3 7 2 85 2 7 3 7 3 507 0 2 1 7 4 85 2 7 3 7 5 529 2 7 3 7 7 85 2 7 3 7 9 85 2 7 3 8 2 85 2 7 3 8 3 85 2 7 3 8 4 85 2 7 3 8 5 85 2 7 3
12 4 6 3 4 5 5 5 6 5 66 0 6 0 7 0 8 1 4 1 6 1 7 1 8 2 4 2 6 2 7 2 8 2 9 2 10 3 1 3 2 3 3 3 4 3 6 3 7 3 8 3 9 3 10 4 1 4 2 4 3 4 4 4 7 4 8 4 9 4 10 5 0 5 1 5 2 5 3 5 4 5 7 5 8 5 9 5 10 6 4 6 7 6 8 7 4 7 5 7 7 7 8 7 9 8 4 8 5 8 6 8 7 8 8 9 4 9 5 9 6 9 7 9 8 9 9 10 4 10 5 10 6 11 4 4 5 4 6 5 5 6 5 505 7 11 6 62 0 6 505 7 11 6 0 7 505 7 11 6 0 8 505 7 11 6 1 4 505 7 11 6 1 6 505 7 11 6 1 7 505 7 11 6 1 8 505 7 11 6 2 4 505 7 11 6 2 6 505 7 11 6 2 7 505 7 11 6 2 8 505 7 11 6 2 9 505 7 11 6 2 10 505 7 11 6 3 1 505 7 11 6 3 2 505 7 11 6 3 3 505 7 11 6 3 4 505 7 11 6 3 6 207 1 7 0 3 7 505 7 11 6 3 8 505 7 11 6 3 9 505 7 11 6 3 10 505 7 11 6 4 1 505 7 11 6 4 2 505 7 11 6 4 3 505 7 11 6 4 4 505 7 11 6 4 7 505 7 11 6 4 8 505 7 11 6 4 9 505 7 11 6 4 10 505 7 11 6 5 0 505 7 11 6 5 1 505 7 11 6 5 2 505 7 11 6 5 3 505 7 11 6 5 4 530 3 0 2 5 7 505 7 11 6 5 8 505 7 11 6 5 9 505 7 11 6 5 10 505 7 11 6 6 4 207 1 7 0 6 7 505 7 11 6 6 8 505 7 11 6 7 4 207 1 7 0 7 5 284 4 7 10 7 7 505 7 11 6 7 8 505 7 11 6 7 9 505 7 11 6 8 4 207 1 7 0 8 5 207 1 7 0 8 6 207 1 7 0 8 7 505 7 11 6 8 8 505 7 11 6 9 4 207 1 7 0 9 5 207 1 7 0 9 6 207 1 7 0 9 7 505 7 11 6 9 8 505 7 11 6 9 9 505 7 11 6 10 4 207 1 7 0 10 5 207 1 7 0 10 6 207 1 7 0 11 4 207 1 7 0
6 3 4 5 0 5 1 5 2 5 3 5 3 6 26 2 0 2 1 2 2 2 3 2 4 2 7 2 8 2 9 3 1 3 2 3 3 3 7 3 8 4 1 4 2 4 3 4 4 4 7 4 8 4 9 0 5 1 5 2 5 3 4 3 5 3 6 1 7 4 5 20 2 0 1 7 4 5 2 1 1 7 4 5 2 2 1 7 4 5 2 3 1 7 4 5 2 4 1 7 4 5 2 7 1 7 4 5 2 8 1 7 4 5 2 9 1 7 4 5 3 1 1 7 4 5 3 2 1 7 4 5 3 3 1 7 4 5 3 7 1 7 4 5 3 8 1 7 4 5 4 1 1 7 4 5 4 2 1 7 4 5 4 3 1 7 4 5 4 4 205 0 2 0 4 7 1 7 4 5 4 8 1 7 4 5 4 9 1 7 4 5
7 3 6 4 0 5 1 5 2 5 3 5 27 2 0 2 1 2 2 2 3 2 4 2 7 2 8 2 9 3 1 3 2 3 3 3 4 3 7 3 8 4 1 4 2 4 3 4 4 4 6 4 7 4 8 4 9 0 5 1 5 2 5 3 5 3 6 1 2 4 5 22 2 0 1 2 4 5 2 1 1 2 4 5 2 2 1 2 4 5 2 3 1 2 4 5 2 4 1 2 4 5 2 7 1 2 4 5 2 8 1 2 4 5 2 9 1 2 4 5 3 1 1 2 4 5 3 2 1 2 4 5 3 3 1 2 4 5 3 4 1 2 4 5 3 7 1 2 4 5 3 8 1 2 4 5 4 1 1 2 4 5 4 2 1 2 4 5 4 3 1 2 4 5 4 4 1 2 4 5 4 6 532 0 0 0 4 7 1 2 4 5 4 8 1 2 4 5 4 9 1 2 4 5
8 4 5 3 1 5 2 5 3 5 33 0 6 1 6 2 6 3 0 3 1 3 2 3 3 3 4 3 7 3 8 3 9 4 1 4 2 4 3 4 4 4 6 4 7 4 8 5 1 5 2 5 3 5 4 5 5 5 6 5 7 5 8 5 9 6 4 6 6 1 5 2 5 3 5 4 5 14 0 1 4 29 0 6 14 0 1 4 1 6 14 0 1 4 2 6 14 0 1 4 3 0 3 2 6 5 3 1 3 2 6 5 3 2 3 2 6 5 3 3 3 2 6 5 3 4 3 2 6 5 3 7 3 2 6 5 3 8 3 2 6 5 3 9 3 2 6 5 4 1 3 2 6 5 4 2 3 2 6 5 4 3 3 2 6 5 4 4 3 2 6 5 4 6 5 7 6 6 4 7 3 2 6 5 4 8 3 2 6 5 5 1 3 2 6 5 5 2 3 2 6 5 5 3 3 2 6 5 5 4 3 2 6 5 5 5 533 0 1 0 5 6 5 7 6 6 5 7 3 2 6 5 5 8 3 2 6 5 5 9 3 2 6 5 6 4 3 2 6 5 6 6 5 7 6 6
13 4 5 2 5 5 6 5 81 0 6 0 7 0 8 1 4 1 6 1 7 1 8 2 1 2 2 2 3 2 4 2 5 2 6 2 7 2 8 2 9 2 10 3 1 3 2 3 3 3 4 3 5 3 6 3 7 3 8 3 9 3 10 4 1 4 2 4 3 4 4 4 6 4 7 4 8 4 9 4 10 5 0 5 1 5 2 5 3 5 4 5 7 5 8 5 9 5 10 6 1 6 2 6 3 6 4 6 6 6 7 6 8 7 1 7 2 7 3 7 4 7 5 7 7 7 8 7 9 8 2 8 3 8 4 8 5 8 6 8 7 8 8 9 3 9 4 9 5 9 6 9 7 9 8 9 9 10 4 10 5 10 6 11 4 4 5 5 5 6 5 494 1 7 2 78 0 6 494 1 7 2 0 7 494 1 7 2 0 8 494 1 7 2 1 4 376 0 2 1 1 6 497 3 1 4 1 7 494 1 7 2 1 8 494 1 7 2 2 1 494 1 7 2 2 2 494 1 7 2 2 3 494 1 7 2 2 4 503 7 10 8 2 5 119 4 7 8 2 6 497 3 1 4 2 7 494 1 7 2 2 8 494 1 7 2 2 9 494 1 7 2 2 10 494 1 7 2 3 1 494 1 7 2 3 2 497 3 1 4 3 3 497 3 1 4 3 4 503 7 10 8 3 5 531 0 0 0 3 6 497 3 1 4 3 7 494 1 7 2 3 8 494 1 7 2 3 9 494 1 7 2 3 10 494 1 7 2 4 1 494 1 7 2 4 2 494 1 7 2 4 3 494 1 7 2 4 4 494 1 7 2 4 6 497 3 1 4 4 7 497 3 1 4 4 8 494 1 7 2 4 9 494 1 7 2 4 10 494 1 7 2 5 0 494 1 7 2 5 1 494 1 7 2 5 2 494 1 7 2 5 3 494 1 7 2 5 4 376 0 2 1 5 7 494 1 7 2 5 8 494 1 7 2 5 9 494 1 7 2 5 10 494 1 7 2 6 1 494 1 7 2 6 2 494 1 7 2 6 3 494 1 7 2 6 4 119 4 7 8 6 6 494 1 7 2 6 7 494 1 7 2 6 8 494 1 7 2 7 1 494 1 7 2 7 2 494 1 7 2 7 3 494 1 7 2 7 4 119 4 7 8 7 5 534 4 7 10 7 7 494 1 7 2 7 8 494 1 7 2 7 9 494 1 7 2 8 2 494 1 7 2 8 3 494 1 7 2 8 4 494 1 7 2 8 5 494 1 7 2 8 6 494 1 7 2 8 7 494 1 7 2 8 8 494 1 7 2 9 3 494 1 7 2 9 4 494 1 7 2 9 5 494 1 7 2 9 6 494 1 7 2 9 7 494 1 7 2 9 8 494 1 7 2 9 9 494 1 7 2 10 4 494 1 7 2 10 5 494 1 7 2 10 6 494 1 7 2 11 4 494 1 7 2
8 2 3 4 0 4 1 4 2 4 2 5 28 0 5 1 0 1 1 1 2 1 3 1 5 1 6 1 7 2 1 2 2 2 6 2 7 3 0 3 1 3 2 3 4 3 5 3 6 3 7 4 5 4 6 5 5 5 6 0 4 1 4 2 3 2 4 2 5 30 0 1 0 23 0 5 30 0 1 0 1 0 30 1 3 0 1 1 30 1 3 0 1 2 30 1 3 0 1 3 30 0 1 0 1 5 53 1 3 0 1 6 53 1 3 0 1 7 53 1 3 0 2 1 444 5 0 7 2 2 444 5 0 7 2 6 360 0 0 0 2 7 30 0 1 0 3 0 30 0 1 0 3 1 30 0 1 0 3 2 30 0 1 0 3 4 210 0 1 0 3 5 15 5 1 7 3 6 15 5 1 7 3 7 15 5 1 7 4 5 30 0 1 0 4 6 30 0 1 0 5 5 30 0 1 0 5 6 30 0 1 0
9 3 5 3 1 4 2 4 3 4 32 0 4 1 5 2 0 2 1 2 2 2 3 2 5 2 6 2 7 2 8 3 1 3 2 3 3 3 6 3 7 4 0 4 1 4 2 4 3 4 4 4 5 4 6 4 7 4 8 5 5 5 6 6 5 6 6 1 4 2 4 3 4 3 5 75 2 6 4 28 0 4 536 0 1 0 1 5 75 2 6 4 2 0 75 2 6 4 2 1 75 2 6 4 2 2 75 2 6 4 2 3 75 2 6 4 2 5 77 2 6 4 2 6 75 2 6 4 2 7 75 2 6 4 2 8 75 2 6 4 3 1 75 2 6 4 3 2 75 2 6 4 3 3 75 2 6 4 3 6 75 2 6 4 3 7 75 2 6 4 4 0 75 2 6 4 4 1 75 2 6 4 4 2 75 2 6 4 4 3 75 2 6 4 4 4 75 2 6 4 4 5 86 1 4 1 4 6 75 2 6 4 4 7 75 2 6 4 4 8 75 2 6 4 5 5 86 1 4 1 5 6 75 2 6 4 6 5 107 2 5 4 6 6 75 2 6 4
5 1 3 5 0 6 1 4 1 5 1 6 1 7 18 0 2 0 3 0 4 0 5 1 1 1 2 2 0 2 1 2 2 2 4 2 5 2 6 0 6 1 3 1 4 1 5 1 6 1 7 2 1 1 2 12 0 2 224 0 0 0 0 3 224 0 0 0 0 4 224 0 0 0 0 5 2 1 1 2 1 1 2 1 1 2 1 2 2 1 1 2 2 0 2 1 1 2 2 1 2 1 1 2 2 2 2 1 1 2 2 4 2 1 1 2 2 5 2 1 1 2 2 6 2 1 1 2
7 1 4 4 1 5 1 6 1 7 2 6 28 0 0 0 1 0 2 0 4 0 5 0 6 1 1 1 2 1 3 2 2 2 3 2 4 2 5 2 7 2 8 3 3 3 4 3 7 3 8 4 4 4 7 5 4 5 7 1 4 1 5 1 6 1 7 2 6 47 0 1 3 23 0 0 47 0 1 3 0 1 47 0 1 3 0 2 47 0 1 3 0 4 47 0 1 3 0 5 47 0 1 3 0 6 47 0 1 3 1 1 47 0 1 3 1 2 47 0 1 3 1 3 437 0 0 3 2 2 47 0 1 3 2 3 47 0 1 3 2 4 47 0 1 3 2 5 47 0 1 3 2 7 538 1 2 0 2 8 38 0 1 2 3 3 47 0 1 3 3 4 47 0 1 3 3 7 47 0 1 3 3 8 47 0 1 3 4 4 47 0 1 3 4 7 47 0 1 3 5 4 47 0 1 3 5 7 47 0 1 3
9 1 7 4 0 5 1 5 1 6 2 5 37 0 1 0 2 0 3 0 6 0 7 0 8 0 9 0 10 1 1 1 2 1 3 1 4 1 8 1 9 2 0 2 1 2 2 2 3 2 4 2 7 2 8 2 9 2 10 3 5 3 6 3 7 3 8 4 6 4 7 4 8 5 6 5 8 0 5 1 5 1 6 1 7 2 5 77 0 1 2 32 0 1 77 0 1 2 0 2 77 0 1 2 0 3 77 0 1 2 0 6 77 0 1 2 0 7 77 0 1 2 0 8 77 0 1 2 0 9 77 0 1 2 0 10 77 0 1 2 1 1 77 0 1 2 1 2 77 0 1 2 1 3 77 0 1 2 1 4 105 4 2 10 1 8 459 0 0 0 1 9 77 0 1 2 2 0 77 0 1 2 2 1 77 0 1 2 2 2 105 4 2 10 2 3 105 4 2 10 2 4 289 5 0 10 2 7 77 0 1 2 2 8 77 0 1 2 2 9 77 0 1 2 2 10 77 0 1 2 3 5 77 0 1 2 3 6 77 0 1 2 3 7 77 0 1 2 3 8 77 0 1 2 4 6 77 0 1 2 4 7 77 0 1 2 4 8 77 0 1 2 5 6 77 0 1 2 5 8 77 0 1 2
4 1 2 5 0 6 1 3 1 4 1 5 2 5 12 0 5 1 1 2 0 2 1 2 2 2 4 0 6 1 2 1 3 1 4 1 5 2 5 0 4 1 6 6 0 5 32 0 1 0 1 1 0 4 1 6 2 0 0 4 1 6 2 1 0 4 1 6 2 2 0 4 1 6 2 4 0 4 1 6
5 2 2 6 0 3 1 3 1 4 2 3 3 3 4 3 20 2 0 2 1 2 4 3 2 3 4 3 5 3 6 4 4 5 2 5 3 6 2 6 3 7 2 0 3 1 3 1 4 2 2 2 3 3 3 4 3 541 7 7 4 13 2 0 541 7 7 4 2 1 541 7 7 4 2 4 290 5 0 6 3 2 142 5 0 6 3 4 541 7 7 4 3 5 541 7 7 4 3 6 541 7 7 4 4 4 541 7 7 4 5 2 142 5 0 6 5 3 142 5 0 6 6 2 142 5 0 6 6 3 142 5 0 6 7 2 142 5 0 6
6 4 3 5 0 3 1 3 1 4 2 3 3 3 23 2 0 2 1 2 2 2 4 3 2 3 4 3 5 3 6 4 4 5 2 5 3 5 4 6 2 6 3 6 4 7 2 7 4 0 3 1 3 1 4 2 3 3 3 4 3 2 2 5 3 17 2 0 2 2 5 3 2 1 2 2 5 3 2 2 2 2 5 3 2 4 2 2 5 3 3 2 2 2 5 3 3 4 277 7 7 4 3 5 2 2 5 3 3 6 2 2 5 3 4 4 277 7 7 4 5 2 2 2 5 3 5 3 2 2 5 3 5 4 542 0 0 0 6 2 2 2 5 3 6 3 2 2 5 3 6 4 2 2 5 3 7 2 2 2 5 3 7 4 2 2 5 3
7 3 2 5 1 3 2 3 2 4 3 3 4 3 20 0 4 1 4 2 5 2 6 3 0 3 1 3 4 3 5 4 2 4 4 4 5 4 6 5 4 5 5 1 3 2 3 2 4 3 2 3 3 4 3 21 0 2 0 14 0 4 21 0 2 0 1 4 21 0 2 0 2 5 290 5 1 6 2 6 290 5 1 6 3 0 487 3 0 2 3 1 487 3 0 2 3 4 290 5 1 6 3 5 21 0 2 0 4 2 21 0 2 0 4 4 21 0 2 0 4 5 21 0 2 0 4 6 21 0 2 0 5 4 21 0 2 0 5 5 21 0 2 0
8 4 3 4 1 3 2 3 2 4 3 3 29 0 4 1 4 2 5 2 6 3 0 3 1 3 2 3 4 3 5 4 2 4 4 4 5 4 6 5 3 5 4 5 5 6 2 6 3 6 4 7 2 7 3 7 4 8 2 8 4 1 3 2 3 2 4 3 3 4 3 47 2 5 3 24 0 4 38 2 6 3 1 4 543 0 1 0 2 5 47 2 5 3 2 6 47 2 5 3 3 0 47 2 5 3 3 1 47 2 5 3 3 2 47 2 5 3 3 4 47 2 5 3 3 5 47 2 5 3 4 2 47 2 5 3 4 4 47 2 5 3 4 5 47 2 5 3 4 6 47 2 5 3 5 3 544 0 0 0 5 4 47 2 5 3 5 5 47 2 5 3 6 2 47 2 5 3 6 3 47 2 5 3 6 4 47 2 5 3 7 2 47 2 5 3 7 3 47 2 5 3 7 4 47 2 5 3 8 2 47 2 5 3 8 4 47 2 5 3
9 3 3 3 2 5 3 4 3 5 32 0 4 1 3 1 4 2 0 2 1 2 2 2 3 2 4 2 6 2 7 2 8 3 1 3 2 3 6 3 7 4 0 4 1 4 2 4 3 4 4 5 2 5 3 5 4 6 2 6 3 6 4 7 2 7 4 2 5 3 3 3 4 3 5 75 4 3 8 28 0 4 75 4 3 8 1 3 75 4 3 8 1 4 75 4 3 8 2 0 75 4 3 8 2 1 75 4 3 8 2 2 75 4 3 8 2 3 75 4 3 8 2 4 77 4 3 8 2 6 289 0 2 0 2 7 177 1 3 0 2 8 177 1 3 0 3 1 75 4 3 8 3 2 18 2 7 2 3 6 75 4 3 8 3 7 75 4 3 8 4 0 75 4 3 8 4 1 75 4 3 8 4 2 75 4 3 8 4 3 75 4 3 8 4 4 75 4 3 8 5 2 75 4 3 8 5 3 75 4 3 8 5 4 75 4 3 8 6 2 75 4 3 8 6 3 75 4 3 8 6 4 75 4 3 8 7 2 75 4 3 8 7 4 75 4 3 8
12 5 5 3 4 6 5 6 6 6 67 0 5 1 3 1 4 1 5 2 0 2 1 2 2 2 3 2 4 2 5 3 1 3 2 3 3 3 4 3 5 4 0 4 1 4 2 4 3 4 4 4 5 4 8 4 9 4 10 5 1 5 2 5 3 5 4 5 7 5 8 5 9 5 10 6 1 6 2 6 3 6 4 6 5 6 7 6 8 6 9 6 10 6 11 7 2 7 3 7 4 7 5 7 6 7 7 8 3 8 4 8 5 8 6 9 3 9 4 9 5 9 6 9 7 10 3 10 5 10 6 10 7 11 5 11 7 4 6 5 5 5 6 6 6 539 7 11 7 63 0 5 539 7 11 7 1 3 539 7 11 7 1 4 539 7 11 7 1 5 539 7 11 7 2 0 539 7 11 7 2 1 539 7 11 7 2 2 539 7 11 7 2 3 539 7 11 7 2 4 539 7 11 7 2 5 539 7 11 7 3 1 539 7 11 7 3 2 539 7 11 7 3 3 539 7 11 7 3 4 363 4 8 10 3 5 540 5 4 11 4 0 539 7 11 7 4 1 539 7 11 7 4 2 545 5 3 9 4 3 545 5 3 9 4 4 545 5 3 9 4 5 357 5 4 11 4 8 539 7 11 7 4 9 539 7 11 7 4 10 539 7 11 7 5 1 539 7 11 7 5 2 539 7 11 7 5 3 539 7 11 7 5 4 539 7 11 7 5 7 545 5 3 9 5 8 539 7 11 7 5 9 539 7 11 7 5 10 539 7 11 7 6 1 539 7 11 7 6 2 539 7 11 7 6 3 539 7 11 7 6 4 539 7 11 7 6 5 540 5 4 11 6 7 471 7 10 10 6 8 539 7 11 7 6 9 539 7 11 7 6 10 539 7 11 7 6 11 539 7 11 7 7 2 108 7 9 8 7 3 546 1 8 1 7 4 453 5 2 10 7 5 363 4 8 10 7 6 108 7 9 8 7 7 108 7 9 8 8 3 539 7 11 7 8 4 546 1 8 1 8 5 363 4 8 10 8 6 108 7 9 8 9 3 539 7 11 7 9 4 539 7 11 7 9 5 363 4 8 10 9 6 108 7 9 8 9 7 108 7 9 8 10 3 539 7 11 7 10 5 539 7 11 7 10 6 108 7 9 8 10 7 108 7 9 8 11 5 539 7 11 7 11 7 108 7 9 8
13 4 6 2 5 6 6 6 77 0 5 1 3 1 4 1 5 1 7 2 0 2 1 2 2 2 3 2 4 2 5 2 6 2 7 3 1 3 2 3 3 3 4 3 5 3 6 3 7 3 8 3 9 4 0 4 1 4 2 4 3 4 4 4 5 4 8 4 9 4 10 5 1 5 2 5 3 5 4 5 5 5 7 5 8 5 9 5 10 6 1 6 2 6 3 6 4 6 5 6 7 6 8 6 9 6 10 6 11 7 2 7 3 7 4 7 5 7 6 7 7 7 8 7 9 7 10 8 3 8 4 8 5 8 6 9 3 9 4 9 5 9 6 9 7 10 3 10 5 10 6 10 7 11 5 11 7 4 6 5 6 6 6 109 7 8 8 74 0 5 109 7 8 8 1 3 109 7 8 8 1 4 109 7 8 8 1 5 109 7 8 8 1 7 26 1 7 2 2 0 109 7 8 8 2 1 109 7 8 8 2 2 109 7 8 8 2 3 109 7 8 8 2 4 109 7 8 8 2 5 26 4 7 10 2 6 537 5 3 10 2 7 26 1 7 2 3 1 109 7 8 8 3 2 109 7 8 8 3 3 109 7 8 8 3 4 109 7 8 8 3 5 26 4 7 10 3 6 547 0 0 0 3 7 26 1 7 2 3 8 26 1 7 2 3 9 109 7 8 8 4 0 109 7 8 8 4 1 109 7 8 8 4 2 109 7 8 8 4 3 494 4 7 9 4 4 26 1 7 2 4 5 26 1 7 2 4 8 109 7 8 8 4 9 109 7 8 8 4 10 109 7 8 8 5 1 109 7 8 8 5 2 109 7 8 8 5 3 109 7 8 8 5 4 109 7 8 8 5 5 494 4 7 9 5 7 109 7 8 8 5 8 109 7 8 8 5 9 109 7 8 8 5 10 109 7 8 8 6 1 109 7 8 8 6 2 109 7 8 8 6 3 109 7 8 8 6 4 109 7 8 8 6 5 494 4 7 9 6 7 109 7 8 8 6 8 109 7 8 8 6 9 109 7 8 8 6 10 109 7 8 8 6 11 109 7 8 8 7 2 109 7 8 8 7 3 109 7 8 8 7 4 109 7 8 8 7 5 494 4 7 9 7 6 26 1 7 2 7 7 109 7 8 8 7 8 109 7 8 8 7 9 109 7 8 8 7 10 109 7 8 8 8 3 109 7 8 8 8 4 109 7 8 8 8 5 110 1 7 3 8 6 109 7 8 8 9 3 109 7 8 8 9 4 109 7 8 8 9 5 109 7 8 8 9 6 109 7 8 8 9 7 109 7 8 8 10 3 109 7 8 8 10 5 109 7 8 8 10 6 109 7 8 8 10 7 109 7 8 8 11 5 109 7 8 8 11 7 109 7 8 8
6 1 4 5 1 3 2 3 2 4 3 4 4 4 20 0 4 0 5 1 5 1 6 2 1 2 2 3 3 3 5 4 0 4 1 4 2 4 3 5 2 5 3 1 3 1 4 2 3 2 4 3 4 4 4 145 1 4 1 14 0 4 145 1 4 1 0 5 154 7 5 5 1 5 154 7 5 5 1 6 154 7 5 5 2 1 154 7 5 5 2 2 154 7 5 5 3 3 145 1 4 1 3 5 145 1 4 1 4 0 145 1 4 1 4 1 145 1 4 1 4 2 145 1 4 1 4 3 145 1 4 1 5 2 145 1 4 1 5 3 145 1 4 1
7 2 4 4 1 4 3 3 3 4 4 3 21 0 2 0 3 0 4 1 0 1 1 1 2 1 3 2 3 2 5 3 1 3 2 4 4 4 5 4 6 5 4 5 5 1 4 2 4 3 3 3 4 4 3 6 7 4 4 16 0 2 6 7 4 4 0 3 6 7 4 4 0 4 549 1 5 0 1 0 6 7 4 4 1 1 6 7 4 4 1 2 6 7 4 4 1 3 6 7 4 4 2 3 6 7 4 4 2 5 6 7 4 4 3 1 6 7 4 4 3 2 6 7 4 4 4 4 6 7 4 4 4 5 6 7 4 4 4 6 6 7 4 4 5 4 6 7 4 4 5 5 6 7 4 4
3 0 3 5 0 1 0 2 0 4 1 2 1 4 10 0 5 1 0 1 1 1 5 0 1 0 2 0 3 0 4 1 2 1 4 1 5 0 5 4 0 5 1 5 0 5 1 0 1 5 0 5 1 1 1 5 0 5 1 5 47 5 0 5
2 1 2 5 0 3 1 0 1 1 1 3 2 3 8 0 4 2 4 0 3 1 0 1 1 1 2 1 3 2 3 1 5 1 4 2 0 4 1 5 1 4 2 4 1 4 1 4
4 4 3 5 0 4 1 4 3 3 3 4 3 5 12 2 4 3 2 3 6 4 0 4 1 4 2 0 4 1 4 3 3 3 4 3 5 4 3 35 7 4 4 6 2 4 77 0 3 0 3 2 35 7 4 4 3 6 35 7 4 4 4 0 35 7 4 4 4 1 35 7 4 4 4 2 35 7 4 4
5 3 5 4 0 4 1 4 3 3 3 4 22 2 0 2 1 2 2 2 4 2 5 2 6 2 7 3 1 3 2 3 6 4 0 4 1 4 2 4 3 4 5 4 6 4 7 0 4 1 4 3 3 3 4 3 5 552 3 0 3 17 2 0 552 3 0 3 2 1 552 3 0 3 2 2 552 3 0 3 2 4 55 0 2 0 2 5 552 3 0 3 2 6 552 3 0 3 2 7 552 3 0 3 3 1 552 3 0 3 3 2 552 3 0 3 3 6 552 3 0 3 4 0 552 3 0 3 4 1 552 3 0 3 4 2 552 3 0 3 4 3 55 0 2 0 4 5 553 0 0 0 4 6 552 3 0 3 4 7 552 3 0 3
4 3 2 5 0 4 1 4 3 3 3 4 3 5 18 1 5 2 0 2 1 2 2 2 5 2 6 3 1 4 0 4 1 4 2 4 5 4 6 0 4 1 4 3 2 3 3 3 4 3 5 14 6 2 5 12 1 5 14 6 2 5 2 0 364 1 4 2 2 1 364 1 4 2 2 2 364 1 4 2 2 5 14 6 2 5 2 6 14 6 2 5 3 1 364 1 4 2 4 0 364 1 4 2 4 1 364 1 4 2 4 2 364 1 4 2 4 5 14 6 2 5 4 6 14 6 2 5
4 2 2 6 0 3 1 1 1 3 1 4 2 1 2 3 13 1 0 2 0 2 4 3 4 3 5 4 4 0 3 1 1 1 3 1 4 2 1 2 2 2 3 6 4 2 4 6 1 0 6 4 2 4 2 0 300 0 0 0 2 4 6 4 2 4 3 4 6 4 2 4 3 5 6 4 2 4 4 4 6 4 2 4
5 2 1 5 1 3 2 2 2 3 2 4 4 2 16 0 1 1 0 1 1 1 4 1 5 2 0 3 0 3 1 3 2 5 2 1 3 2 1 2 2 2 3 2 4 4 2 47 1 2 0 10 0 1 47 1 2 0 1 0 47 1 2 0 1 1 47 1 2 0 1 4 249 7 5 4 1 5 249 7 5 4 2 0 249 7 5 4 3 0 47 1 2 0 3 1 47 1 2 0 3 2 47 1 2 0 5 2 47 1 2 0
3 4 2 6 0 3 1 0 1 1 1 2 1 3 3 2 11 2 2 2 3 2 4 3 3 0 3 1 0 1 1 1 2 1 3 3 2 4 2 35 3 0 2 4 2 2 34 0 0 0 2 3 35 3 0 2 2 4 35 3 0 2 3 3 35 3 0 2
4 0 3 5 1 0 1 1 1 2 1 3 3 2 12 0 4 2 2 2 3 2 4 3 3 4 2 0 3 1 0 1 1 1 2 1 3 3 2 1 4 1 4 6 0 4 558 0 0 0 2 2 1 4 1 4 2 3 1 4 1 4 2 4 1 4 1 4 3 3 1 4 1 4 4 2 1 4 1 4
5 1 2 4 1 3 1 4 1 5 3 3 18 0 0 0 1 0 2 0 4 0 5 0 6 1 1 2 0 2 1 2 2 2 3 3 2 4 3 1 2 1 3 1 4 1 5 3 3 3 1 1 0 13 0 0 5 0 0 0 0 1 5 0 0 0 0 2 5 0 0 0 0 4 559 5 0 5 0 5 559 5 0 5 0 6 559 5 0 5 1 1 559 5 0 5 2 0 3 1 1 0 2 1 3 1 1 0 2 2 3 1 1 0 2 3 3 1 1 0 3 2 3 1 1 0 4 3 3 1 1 0
6 4 3 4 1 3 2 3 3 1 3 3 20 0 4 1 4 2 4 3 0 3 4 3 5 4 0 4 1 4 2 4 4 5 2 5 3 5 4 6 2 6 4 1 3 2 3 3 1 3 3 4 3 3 2 6 3 15 0 4 214 0 1 0 1 4 214 0 1 0 2 4 214 0 1 0 3 0 3 2 6 3 3 4 3 2 6 3 3 5 3 2 6 3 4 0 3 2 6 3 4 1 3 2 6 3 4 2 3 2 6 3 4 4 5 7 6 4 5 2 3 2 6 3 5 3 214 0 1 0 5 4 5 7 6 4 6 2 3 2 6 3 6 4 5 7 6 4
7 3 4 6 1 2 1 4 2 2 2 4 2 5 3 2 29 0 1 0 5 1 1 1 5 2 1 3 0 3 1 3 3 3 5 4 1 4 2 4 3 4 4 4 5 4 6 5 1 5 2 5 3 5 4 5 5 6 1 6 3 1 2 1 4 2 2 2 4 2 5 3 2 3 4 556 0 1 1 22 0 1 556 0 1 1 0 5 556 0 1 1 1 1 556 0 1 1 1 5 556 0 1 1 2 1 557 7 5 6 3 0 556 0 1 1 3 1 560 2 6 1 3 3 561 5 0 5 3 5 557 7 5 6 4 1 556 0 1 1 4 2 556 0 1 1 4 3 556 0 1 1 4 4 556 0 1 1 4 5 560 2 6 1 4 6 560 2 6 1 5 1 556 0 1 1 5 2 556 0 1 1 5 3 556 0 1 1 5 4 556 0 1 1 5 5 560 2 6 1 6 1 556 0 1 1 6 3 556 0 1 1
4 2 3 6 0 3 1 1 1 3 1 4 2 1 2 2 13 1 0 2 0 2 4 3 4 3 5 4 4 0 3 1 1 1 3 1 4 2 1 2 2 2 3 6 4 2 4 6 1 0 6 4 2 4 2 0 300 0 0 0 2 4 6 4 2 4 3 4 6 4 2 4 3 5 6 4 2 4 4 4 6 4 2 4
5 2 3 6 1 3 1 4 1 5 3 4 3 5 4 4 19 0 3 0 4 1 2 1 6 2 0 2 1 2 2 3 3 4 1 4 2 4 3 5 2 1 3 1 4 1 5 2 3 3 4 3 5 4 4 77 0 1 0 12 0 3 77 0 1 0 0 4 77 0 1 0 1 2 563 6 0 5 1 6 563 6 0 5 2 0 563 6 0 5 2 1 563 6 0 5 2 2 563 6 0 5 3 3 77 0 1 0 4 1 77 0 1 0 4 2 77 0 1 0 4 3 77 0 1 0 5 2 77 0 1 0
8 4 3 5 1 4 2 4 2 5 4 4 4 5 36 0 2 1 1 1 2 1 3 1 5 1 6 2 1 2 2 2 3 3 0 3 1 3 2 3 3 3 6 3 7 3 8 4 1 4 2 4 6 4 7 5 0 5 1 5 2 5 3 5 4 5 5 5 6 5 7 5 8 6 3 1 4 2 4 2 5 4 3 4 4 4 5 555 5 1 8 30 0 2 555 5 1 8 1 1 555 5 1 8 1 2 555 5 1 8 1 3 555 5 1 8 1 5 555 5 1 8 1 6 555 5 1 8 2 1 555 5 1 8 2 2 555 5 1 8 2 3 53 1 5 0 3 0 555 5 1 8 3 1 555 5 1 8 3 2 15 1 5 1 3 3 15 1 5 1 3 6 53 1 5 0 3 7 53 1 5 0 3 8 53 1 5 0 4 1 555 5 1 8 4 2 555 5 1 8 4 6 562 7 6 6 4 7 53 1 5 0 5 0 555 5 1 8 5 1 555 5 1 8 5 2 564 1 5 0 5 3 53 1 5 0 5 4 555 5 1 8 5 5 555 5 1 8 5 6 564 1 5 0 5 7 564 1 5 0 5 8 53 1 5 0 6 3 555 5 1 8
3 1 3 5 0 4 1 1 1 2 1 4 2 2 10 0 5 1 5 2 0 2 1 0 4 1 1 1 2 1 3 1 4 2 2 1 4 1 5 4 0 5 47 5 1 5 1 5 1 4 1 5 2 0 1 4 1 5 2 1 1 4 1 5
2 1 3 6 0 3 1 0 1 1 1 2 2 2 3 2 9 0 4 4 2 0 3 1 0 1 1 1 2 1 3 2 2 3 2 6 3 0 2 2 0 4 6 3 0 2 4 2 1 4 1 4
3 4 4 6 0 3 1 3 2 3 3 1 3 2 3 3 11 3 0 3 4 4 3 5 4 0 3 1 3 2 3 3 1 3 2 3 3 4 4 0 2 4 3 4 3 0 0 2 4 3 3 4 567 6 1 4 4 3 0 2 4 3 5 4 0 2 4 3
4 3 3 5 0 3 1 3 2 3 3 1 3 2 12 3 0 3 4 4 2 4 3 4 4 5 4 0 3 1 3 2 3 3 1 3 2 3 3 1 7 4 3 6 3 0 1 7 4 3 3 4 1 7 4 3 4 2 568 0 0 0 4 3 1 7 4 3 4 4 1 7 4 3 5 4 1 7 4 3
5 1 2 8 0 4 0 5 1 4 1 5 2 2 3 3 3 4 3 5 19 0 2 0 6 1 1 1 3 2 1 3 1 3 2 4 0 4 1 4 2 0 4 0 5 1 2 1 4 1 5 2 2 3 3 3 4 3 5 136 1 1 1 10 0 2 136 1 1 1 0 6 569 6 0 5 1 1 569 6 0 5 1 3 569 6 0 5 2 1 136 1 1 1 3 1 136 1 1 1 3 2 136 1 1 1 4 0 136 1 1 1 4 1 136 1 1 1 4 2 136 1 1 1
6 4 5 7 1 3 1 4 1 5 2 2 3 4 3 5 4 4 22 0 0 0 1 0 2 0 4 1 1 1 2 2 1 2 4 3 1 3 2 3 3 4 2 4 6 5 5 1 3 1 4 1 5 2 2 3 4 3 5 4 4 4 5 136 3 0 4 14 0 0 136 3 0 4 0 1 136 3 0 4 0 2 136 3 0 4 0 4 570 1 4 0 1 1 136 3 0 4 1 2 136 3 0 4 2 1 136 3 0 4 2 4 570 1 4 0 3 1 136 3 0 4 3 2 136 3 0 4 3 3 136 3 0 4 4 2 136 3 0 4 4 6 136 3 0 4 5 5 570 1 4 0
7 2 6 6 1 3 1 4 1 5 3 3 3 4 4 4 31 0 0 0 1 0 2 0 4 0 6 0 7 0 8 1 1 1 2 1 6 1 7 2 0 2 1 2 2 2 4 2 5 2 7 3 5 3 6 3 7 4 2 4 3 4 6 5 3 1 3 1 4 1 5 2 6 3 3 3 4 4 4 277 1 2 0 24 0 0 571 5 0 8 0 1 571 5 0 8 0 2 571 5 0 8 0 4 277 1 2 0 0 6 277 1 2 0 0 7 277 1 2 0 0 8 277 1 2 0 1 1 571 5 0 8 1 2 571 5 0 8 1 6 277 1 2 0 1 7 277 1 2 0 2 0 571 5 0 8 2 1 571 5 0 8 2 2 571 5 0 8 2 4 277 1 2 0 2 5 571 5 0 8 2 7 277 1 2 0 3 5 277 1 2 0 3 6 277 1 2 0 3 7 277 1 2 0 4 2 277 1 2 0 4 3 277 1 2 0 4 6 277 1 2 0 5 3 277 1 2 0
8 1 3 5 1 4 1 5 3 4 3 5 4 4 32 0 0 0 1 0 2 0 3 0 4 0 6 0 7 0 8 1 1 1 2 1 6 1 7 2 1 2 2 2 3 2 4 2 6 2 7 2 8 3 1 3 2 3 3 4 2 4 5 4 6 5 5 1 3 1 4 1 5 3 4 3 5 4 4 566 2 5 3 26 0 0 566 2 5 3 0 1 566 2 5 3 0 2 566 2 5 3 0 3 572 5 0 8 0 4 555 4 4 8 0 6 566 2 5 3 0 7 566 2 5 3 0 8 566 2 5 3 1 1 566 2 5 3 1 2 566 2 5 3 1 6 566 2 5 3 1 7 566 2 5 3 2 1 566 2 5 3 2 2 566 2 5 3 2 3 566 2 5 3 2 4 555 4 4 8 2 6 566 2 5 3 2 7 566 2 5 3 2 8 566 2 5 3 3 1 566 2 5 3 3 2 566 2 5 3 3 3 566 2 5 3 4 2 566 2 5 3 4 5 555 4 4 8 4 6 566 2 5 3 5 5 555 4 4 8
9 4 4 4 1 4 2 4 2 5 4 5 38 0 2 0 5 1 1 1 2 1 3 1 5 1 6 2 1 2 2 2 3 3 0 3 1 3 2 3 3 3 4 3 6 3 7 3 8 4 1 4 2 4 3 4 6 4 7 5 0 5 1 5 2 5 3 5 4 5 5 5 6 5 7 5 8 6 3 1 4 2 4 2 5 4 4 4 5 551 3 0 4 33 0 2 551 3 0 4 0 5 554 5 1 8 1 1 551 3 0 4 1 2 551 3 0 4 1 3 551 3 0 4 1 5 554 5 1 8 1 6 551 3 0 4 2 1 551 3 0 4 2 2 551 3 0 4 2 3 551 3 0 4 3 0 551 3 0 4 3 1 551 3 0 4 3 2 551 3 0 4 3 3 551 3 0 4 3 4 565 0 0 0 3 6 551 3 0 4 3 7 551 3 0 4 3 8 551 3 0 4 4 1 551 3 0 4 4 2 551 3 0 4 4 3 551 3 0 4 4 6 551 3 0 4 4 7 551 3 0 4 5 0 551 3 0 4 5 1 551 3 0 4 5 2 551 3 0 4 5 3 551 3 0 4 5 4 554 5 1 8 5 5 573 1 5 0 5 6 551 3 0 4 5 7 551 3 0 4 5 8 551 3 0 4 6 3 551 3 0 4
6 2 3 4 1 3 3 3 3 4 4 4 20 0 2 0 3 1 2 2 0 2 1 2 2 2 4 3 5 3 6 4 1 4 2 4 3 5 2 5 3 6 2 1 3 2 3 3 3 3 4 4 4 6 2 4 3 15 0 2 6 2 4 3 0 3 323 0 0 0 1 2 6 2 4 3 2 0 6 2 4 3 2 1 6 2 4 3 2 2 6 2 4 3 2 4 6 2 4 3 3 5 6 2 4 3 3 6 6 2 4 3 4 1 6 2 4 3 4 2 6 2 4 3 4 3 6 2 4 3 5 2 6 2 4 3 5 3 6 2 4 3 6 2 6 2 4 3
6 2 4 5 1 3 1 4 2 1 2 2 2 3 20 0 1 0 3 1 0 1 1 2 5 3 0 3 1 3 2 3 4 3 5 4 2 4 4 5 2 5 4 1 3 1 4 2 1 2 2 2 3 2 4 59 2 5 1 14 0 1 59 2 5 1 0 3 10 2 5 0 1 0 59 2 5 1 1 1 59 2 5 1 2 5 59 2 5 1 3 0 59 2 5 1 3 1 59 2 5 1 3 2 59 2 5 1 3 4 10 2 5 0 3 5 10 2 5 0 4 2 59 2 5 1 4 4 10 2 5 0 5 2 59 2 5 1 5 4 10 2 5 0
7 2 2 4 1 3 1 4 2 1 2 3 21 0 1 0 3 1 0 1 1 2 0 2 4 2 5 3 0 3 1 3 2 3 4 3 5 4 2 4 4 5 2 5 4 1 3 1 4 2 1 2 2 2 3 6 4 2 4 16 0 1 6 4 2 4 0 3 6 4 2 4 1 0 6 4 2 4 1 1 6 4 2 4 2 0 576 0 0 0 2 4 6 4 2 4 2 5 6 4 2 4 3 0 6 4 2 4 3 1 6 4 2 4 3 2 6 4 2 4 3 4 6 4 2 4 3 5 6 4 2 4 4 2 6 4 2 4 4 4 6 4 2 4 5 2 6 4 2 4 5 4 6 4 2 4
9 3 4 3 2 3 2 4 4 4 34 0 4 0 5 1 3 1 4 1 5 1 6 1 7 2 1 2 2 3 0 3 1 3 2 3 3 4 0 4 1 4 2 4 3 4 5 5 0 5 1 5 2 5 3 5 4 5 5 6 2 6 3 6 4 6 5 7 3 7 5 2 3 2 4 3 4 4 4 105 2 7 3 30 0 4 105 2 7 3 0 5 105 2 7 3 1 3 289 2 7 3 1 4 105 2 7 3 1 5 105 2 7 3 1 6 105 2 7 3 1 7 105 2 7 3 2 1 105 2 7 3 2 2 105 2 7 3 3 0 105 2 7 3 3 1 105 2 7 3 3 2 105 2 7 3 3 3 105 2 7 3 4 0 105 2 7 3 4 1 105 2 7 3 4 2 105 2 7 3 4 3 105 2 7 3 4 5 105 2 7 3 5 0 105 2 7 3 5 1 105 2 7 3 5 2 105 2 7 3 5 3 268 2 7 3 5 4 295 0 0 0 5 5 177 7 7 4 6 2 105 2 7 3 6 3 268 2 7 3 6 4 295 0 0 0 6 5 177 7 7 4 7 3 268 2 7 3 7 5 177 7 7 4
4 1 3 6 1 2 2 2 2 3 3 3 4 2 4 3 13 0 4 1 4 1 5 2 0 2 1 5 2 1 2 1 3 2 2 2 3 3 3 4 2 4 3 1 7 5 3 6 0 4 1 7 5 3 1 4 1 7 5 3 1 5 1 7 5 3 2 0 1 7 5 3 2 1 1 7 5 3 5 2 145 1 4 0
5 2 5 6 1 3 1 4 1 5 3 4 3 5 4 4 23 0 0 0 1 0 2 0 4 1 1 1 2 2 0 2 1 2 2 2 6 3 2 3 3 4 5 4 6 4 7 5 6 1 3 1 4 1 5 2 5 3 4 3 5 4 4 579 1 5 2 16 0 0 579 1 5 2 0 1 579 1 5 2 0 2 579 1 5 2 0 4 105 1 2 0 1 1 579 1 5 2 1 2 579 1 5 2 2 0 579 1 5 2 2 1 579 1 5 2 2 2 579 1 5 2 2 6 579 1 5 2 3 2 105 1 2 0 3 3 105 1 2 0 4 5 105 1 2 0 4 6 105 1 2 0 4 7 105 1 2 0 5 6 105 1 2 0
6 1 3 5 1 4 1 5 3 4 3 5 4 4 36 0 0 0 1 0 2 0 3 0 4 0 6 0 7 0 8 1 1 1 2 1 6 1 7 2 0 2 1 2 2 2 3 2 5 2 6 2 7 2 8 3 2 3 3 4 1 4 2 4 3 4 5 4 6 4 7 5 2 5 6 1 3 1 4 1 5 3 4 3 5 4 4 555 4 4 8 30 0 0 555 4 4 8 0 1 555 4 4 8 0 2 564 0 0 0 0 3 580 0 0 0 0 4 555 4 4 8 0 6 56 1 2 1 0 7 56 1 2 1 0 8 56 1 2 1 1 1 555 4 4 8 1 2 555 4 4 8 1 6 580 0 0 0 1 7 580 0 0 0 2 0 555 4 4 8 2 1 555 4 4 8 2 2 53 5 0 8 2 3 53 5 0 8 2 5 555 4 4 8 2 6 564 0 0 0 2 7 580 0 0 0 2 8 580 0 0 0 3 2 555 4 4 8 3 3 56 1 2 1 4 1 555 4 4 8 4 2 555 4 4 8 4 3 555 4 4 8 4 5 555 4 4 8 4 6 555 4 4 8 4 7 555 4 4 8 5 2 555 4 4 8 5 6 555 4 4 8
5 4 2 6 0 3 1 3 3 1 3 2 3 3 3 4 15 0 1 1 1 2 0 2 1 2 3 4 0 4 1 5 2 0 3 1 3 3 1 3 2 3 3 3 4 4 2 35 7 4 3 8 0 1 35 7 4 3 1 1 35 7 4 3 2 0 35 7 4 3 2 1 35 7 4 3 2 3 78 6 0 4 4 0 35 7 4 3 4 1 35 7 4 3 5 2 35 7 4 3
6 3 2 5 0 4 1 4 3 3 3 4 3 5 20 0 2 1 2 2 0 2 1 2 2 2 4 2 5 2 6 3 1 4 0 4 1 4 2 4 3 5 3 0 4 1 4 3 2 3 3 3 4 3 5 3 1 3 0 14 0 2 3 1 3 0 1 2 3 1 3 0 2 0 5 0 2 0 2 1 5 0 2 0 2 2 5 0 2 0 2 4 14 6 2 5 2 5 14 6 2 5 2 6 14 6 2 5 3 1 582 0 0 1 4 0 3 1 3 0 4 1 3 1 3 0 4 2 3 1 3 0 4 3 3 1 3 0 5 3 3 1 3 0
4 3 2 5 0 4 1 4 3 3 3 4 3 5 16 2 0 2 1 2 2 2 4 3 1 4 0 4 1 4 2 4 5 4 6 0 4 1 4 3 2 3 3 3 4 3 5 158 1 4 2 10 2 0 158 1 4 2 2 1 158 1 4 2 2 2 158 1 4 2 2 4 14 6 2 5 3 1 158 1 4 2 4 0 158 1 4 2 4 1 158 1 4 2 4 2 158 1 4 2 4 5 14 6 2 5 4 6 14 6 2 5
7 3 5 4 0 4 1 4 3 3 3 4 28 0 6 1 6 2 0 2 1 2 2 2 3 2 4 2 5 2 6 2 7 2 8 3 1 3 2 3 6 3 7 4 0 4 1 4 2 4 5 4 6 4 7 4 8 5 5 0 4 1 4 3 3 3 4 3 5 553 5 0 8 23 0 6 553 5 0 8 1 6 553 5 0 8 2 0 553 5 0 8 2 1 553 5 0 8 2 2 553 5 0 8 2 3 553 5 0 8 2 4 31 0 2 1 2 5 553 5 0 8 2 6 553 5 0 8 2 7 553 5 0 8 2 8 553 5 0 8 3 1 553 5 0 8 3 2 583 5 0 8 3 6 584 0 0 0 3 7 553 5 0 8 4 0 553 5 0 8 4 1 553 5 0 8 4 2 553 5 0 8 4 5 15 0 2 1 4 6 15 5 2 7 4 7 584 0 0 0 4 8 584 0 0 0 5 5 553 5 0 8
4 1 4 4 0 5 1 2 1 3 1 5 13 0 6 1 1 2 0 2 1 2 2 2 4 2 5 2 6 0 5 1 2 1 3 1 4 1 5 1 4 1 6 8 0 6 3 0 1 0 1 1 1 4 1 6 2 0 1 4 1 6 2 1 1 4 1 6 2 2 1 4 1 6 2 4 1 4 1 6 2 5 1 4 1 6 2 6 1 4 1 6
3 0 4 4 0 1 0 2 0 3 0 5 11 1 0 1 1 1 2 1 4 1 5 1 6 0 1 0 2 0 3 0 4 0 5 2 5 0 6 6 1 0 2 5 0 6 1 1 2 5 0 6 1 2 2 5 0 6 1 4 2 0 0 0 1 5 2 0 0 0 1 6 2 0 0 0
4 1 1 6 0 2 0 3 0 5 1 2 1 3 1 5 15 0 4 1 4 2 0 2 1 2 2 2 4 2 5 2 6 0 2 0 3 0 5 1 1 1 2 1 3 1 5 513 0 0 1 8 0 4 587 0 1 0 1 4 513 0 0 1 2 0 513 0 0 1 2 1 513 0 0 1 2 2 513 0 0 1 2 4 513 0 0 1 2 5 513 0 0 1 2 6 513 0 0 1
5 1 2 5 0 2 0 3 0 5 1 3 1 5 16 0 4 0 6 1 1 1 4 2 0 2 1 2 2 2 4 2 5 2 6 0 2 0 3 0 5 1 2 1 3 1 5 238 0 0 2 10 0 4 586 0 0 0 0 6 588 0 0 0 1 1 238 0 0 2 1 4 136 5 0 6 2 0 136 5 0 6 2 1 136 5 0 6 2 2 136 5 0 6 2 4 136 5 0 6 2 5 136 5 0 6 2 6 136 5 0 6
5 1 3 4 0 5 1 4 1 5 1 6 22 0 0 0 1 0 2 0 4 0 6 0 7 0 8 1 1 1 2 1 7 1 8 2 1 2 2 2 3 2 7 2 8 2 9 0 5 1 3 1 4 1 5 1 6 47 1 1 2 17 0 0 47 1 1 2 0 1 47 1 1 2 0 2 47 1 1 2 0 4 47 1 1 2 0 6 191 0 0 0 0 7 39 0 0 1 0 8 47 1 1 2 1 1 47 1 1 2 1 2 228 2 2 3 1 7 47 1 1 2 1 8 47 1 1 2 2 1 47 1 1 2 2 2 47 1 1 2 2 3 47 1 1 2 2 7 47 1 1 2 2 8 47 1 1 2 2 9 47 1 1 2
6 3 6 5 0 5 1 5 2 5 3 4 3 5 25 2 0 2 1 2 2 2 4 2 6 2 7 2 8 3 1 3 2 3 3 3 7 3 8 4 1 4 2 4 3 4 6 4 7 4 8 4 9 0 5 1 5 2 5 3 4 3 5 3 6 1 2 4 5 19 2 0 1 2 4 5 2 1 1 2 4 5 2 2 1 2 4 5 2 4 1 2 4 5 2 6 1 2 4 5 2 7 1 2 4 5 2 8 1 2 4 5 3 1 1 2 4 5 3 2 1 2 4 5 3 3 1 2 4 5 3 7 1 2 4 5 3 8 1 2 4 5 4 1 1 2 4 5 4 2 1 2 4 5 4 3 1 2 4 5 4 6 590 0 2 0 4 7 1 2 4 5 4 8 1 2 4 5 4 9 1 2 4 5
7 3 5 5 1 5 2 4 2 5 4 4 4 5 31 0 4 1 4 3 0 3 1 3 2 3 4 3 6 3 7 3 8 4 1 4 2 4 3 4 6 4 7 4 8 5 1 5 2 5 3 5 5 5 6 5 7 5 8 5 9 6 6 7 6 1 5 2 4 2 5 3 5 4 4 4 5 47 7 5 5 25 0 4 591 0 1 0 1 4 591 0 1 0 3 0 47 7 5 5 3 1 47 7 5 5 3 2 47 7 5 5 3 4 47 7 5 5 3 6 47 7 5 5 3 7 47 7 5 5 3 8 47 7 5 5 4 1 47 7 5 5 4 2 47 7 5 5 4 3 47 7 5 5 4 6 47 7 5 5 4 7 47 7 5 5 4 8 47 7 5 5 5 1 47 7 5 5 5 2 47 7 5 5 5 3 47 7 5 5 5 5 591 0 1 0 5 6 47 7 5 5 5 7 47 7 5 5 5 8 47 7 5 5 5 9 47 7 5 5 6 6 47 7 5 5 7 6 47 7 5 5
7 4 3 5 1 4 2 4 2 5 4 4 4 5 28 0 5 0 6 1 2 1 5 1 6 1 7 2 2 2 3 3 0 3 1 3 2 3 4 3 5 3 6 4 1 4 2 5 0 5 1 5 2 5 3 5 4 6 3 1 4 2 4 2 5 4 3 4 4 4 5 566 3 0 3 22 0 5 580 1 5 0 0 6 566 3 0 3 1 2 566 3 0 3 1 5 583 0 1 0 1 6 566 3 0 3 1 7 566 3 0 3 2 2 566 3 0 3 2 3 566 3 0 3 3 0 566 3 0 3 3 1 566 3 0 3 3 2 566 3 0 3 3 4 580 1 5 0 3 5 566 3 0 3 3 6 566 3 0 3 4 1 566 3 0 3 4 2 566 3 0 3 5 0 566 3 0 3 5 1 566 3 0 3 5 2 566 3 0 3 5 3 580 1 5 0 5 4 583 0 1 0 6 3 566 3 0 3
9 5 5 4 2 5 3 4 3 5 5 4 44 0 3 1 3 1 4 1 7 2 2 2 3 2 4 2 6 2 7 2 8 3 6 3 7 3 8 4 0 4 1 4 2 4 3 4 4 4 5 4 6 4 7 4 8 4 9 5 1 5 2 5 3 5 6 5 7 5 8 6 1 6 2 6 3 6 5 6 6 6 7 6 8 6 9 7 6 8 6 2 5 3 4 3 5 5 4 5 5 589 6 0 5 39 0 3 581 4 6 9 1 3 585 0 2 1 1 4 581 4 6 9 1 7 589 6 0 5 2 2 589 6 0 5 2 3 585 0 2 1 2 4 585 0 2 1 2 6 589 6 0 5 2 7 589 6 0 5 2 8 589 6 0 5 3 6 589 6 0 5 3 7 589 6 0 5 3 8 589 6 0 5 4 0 589 6 0 5 4 1 589 6 0 5 4 2 589 6 0 5 4 3 592 0 1 0 4 4 573 4 6 9 4 5 581 4 6 9 4 6 589 6 0 5 4 7 589 6 0 5 4 8 589 6 0 5 4 9 589 6 0 5 5 1 589 6 0 5 5 2 589 6 0 5 5 3 593 5 1 9 5 6 589 6 0 5 5 7 589 6 0 5 5 8 589 6 0 5 6 1 589 6 0 5 6 2 589 6 0 5 6 3 593 5 1 9 6 5 585 0 2 1 6 6 589 6 0 5 6 7 589 6 0 5 6 8 589 6 0 5 6 9 589 6 0 5 7 6 589 6 0 5 8 6 589 6 0 5
14 5 4 3 2 5 3 4 3 5 57 0 3 1 3 1 4 1 7 2 1 2 2 2 3 2 4 2 6 2 7 2 8 3 6 3 7 3 8 4 0 4 1 4 2 4 3 4 4 4 5 4 6 4 7 4 8 4 9 5 1 5 2 5 3 5 5 5 6 5 7 5 8 6 0 6 1 6 2 6 3 6 4 6 5 6 6 6 7 6 8 6 9 7 2 7 3 7 4 7 5 7 6 7 7 8 2 8 3 8 4 8 5 8 6 8 7 2 5 3 4 3 5 5 4 575 1 6 1 53 0 3 550 4 6 8 1 3 574 5 1 9 1 4 265 0 2 0 1 7 575 1 6 1 2 1 575 1 6 1 2 2 574 5 1 9 2 3 265 0 2 0 2 4 265 0 2 0 2 6 575 1 6 1 2 7 575 1 6 1 2 8 575 1 6 1 3 6 265 0 2 0 3 7 577 7 6 6 3 8 575 1 6 1 4 0 575 1 6 1 4 1 550 4 6 8 4 2 550 4 6 8 4 3 578 5 1 8 4 4 574 5 1 9 4 5 577 7 6 6 4 6 575 1 6 1 4 7 575 1 6 1 4 8 575 1 6 1 4 9 575 1 6 1 5 1 575 1 6 1 5 2 575 1 6 1 5 3 550 4 6 8 5 5 575 1 6 1 5 6 575 1 6 1 5 7 575 1 6 1 5 8 575 1 6 1 6 0 575 1 6 1 6 1 575 1 6 1 6 2 575 1 6 1 6 3 550 4 6 8 6 4 594 0 0 0 6 5 575 1 6 1 6 6 575 1 6 1 6 7 575 1 6 1 6 8 575 1 6 1 6 9 575 1 6 1 7 2 575 1 6 1 7 3 575 1 6 1 7 4 575 1 6 1 7 5 575 1 6 1 7 6 575 1 6 1 7 7 575 1 6 1 8 2 575 1 6 1 8 3 575 1 6 1 8 4 575 1 6 1 8 5 575 1 6 1 8 6 575 1 6 1 8 7 575 1 6 1
7 3 4 5 0 4 1 4 1 5 2 4 2 6 23 0 5 2 0 2 1 2 2 2 5 3 1 3 2 3 3 3 5 4 0 4 1 4 2 4 3 4 4 4 5 5 3 5 5 0 4 1 4 1 5 2 4 2 6 3 4 38 2 5 4 17 0 5 464 6 0 6 2 0 38 2 5 4 2 1 38 2 5 4 2 2 38 2 5 4 2 5 38 2 5 4 3 1 38 2 5 4 3 2 38 2 5 4 3 3 38 2 5 4 3 5 39 7 5 5 4 0 38 2 5 4 4 1 38 2 5 4 4 2 38 2 5 4 4 3 38 2 5 4 4 4 464 6 0 6 4 5 39 7 5 5 5 3 38 2 5 4 5 5 39 7 5 5
8 3 5 6 0 4 1 3 1 4 2 4 3 3 3 4 26 2 0 2 1 2 2 2 3 2 5 3 1 3 2 4 0 4 1 4 2 4 5 5 1 5 2 5 3 6 1 6 2 6 3 7 1 7 3 0 4 1 3 1 4 2 4 3 3 3 4 3 5 1 2 4 4 19 2 0 1 2 4 4 2 1 1 2 4 4 2 2 1 2 4 4 2 3 1 2 4 4 2 5 1 2 4 4 3 1 1 2 4 4 3 2 1 2 4 4 4 0 1 2 4 4 4 1 1 2 4 4 4 2 1 2 4 4 4 5 596 7 7 5 5 1 1 2 4 4 5 2 1 2 4 4 5 3 1 2 4 4 6 1 1 2 4 4 6 2 1 2 4 4 6 3 1 2 4 4 7 1 1 2 4 4 7 3 1 2 4 4
9 3 3 5 0 4 1 3 1 4 2 4 3 4 27 2 0 2 1 2 2 2 3 2 5 3 1 3 2 3 5 4 0 4 1 4 2 4 3 4 5 5 1 5 2 5 3 6 1 6 2 6 3 7 1 7 3 0 4 1 3 1 4 2 4 3 3 3 4 1 7 4 4 21 2 0 1 7 4 4 2 1 1 7 4 4 2 2 1 7 4 4 2 3 1 7 4 4 2 5 1 7 4 4 3 1 1 7 4 4 3 2 1 7 4 4 3 5 1 7 4 4 4 0 1 7 4 4 4 1 1 7 4 4 4 2 1 7 4 4 4 3 597 0 0 0 4 5 1 7 4 4 5 1 1 7 4 4 5 2 1 7 4 4 5 3 1 7 4 4 6 1 1 7 4 4 6 2 1 7 4 4 6 3 1 7 4 4 7 1 1 7 4 4 7 3 1 7 4 4
10 2 3 4 1 4 2 4 3 4 4 4 34 0 5 1 5 1 6 1 7 2 1 2 2 2 5 3 0 3 1 3 2 3 3 3 5 4 1 4 2 4 3 4 5 5 0 5 1 5 2 5 3 5 5 6 1 6 2 6 3 7 1 7 2 7 3 8 1 8 3 1 4 2 3 2 4 3 4 4 4 142 4 4 7 29 0 5 598 0 1 0 1 5 598 0 1 0 1 6 598 0 1 0 1 7 598 0 1 0 2 1 598 0 1 0 2 2 598 0 1 0 2 5 598 0 1 0 3 0 142 4 4 7 3 1 142 4 4 7 3 2 142 4 4 7 3 3 142 4 4 7 3 5 142 4 4 7 4 1 142 4 4 7 4 2 142 4 4 7 4 3 142 4 4 7 4 5 142 4 4 7 5 0 142 4 4 7 5 1 142 4 4 7 5 2 142 4 4 7 5 3 142 4 4 7 5 5 142 4 4 7 6 1 142 4 4 7 6 2 142 4 4 7 6 3 142 4 4 7 7 1 142 4 4 7 7 2 142 4 4 7 7 3 142 4 4 7 8 1 142 4 4 7 8 3 142 4 4 7
11 4 4 3 1 4 2 4 3 4 36 0 5 1 5 1 6 1 7 2 1 2 2 2 3 2 5 3 0 3 1 3 2 3 3 3 5 4 1 4 2 4 3 4 5 5 0 5 1 5 2 5 3 5 4 5 5 6 1 6 2 6 3 6 5 7 1 7 2 7 3 8 1 8 3 1 4 2 4 3 4 4 4 14 0 1 3 32 0 5 14 0 1 3 1 5 14 0 1 3 1 6 3 2 6 4 1 7 3 2 6 4 2 1 3 2 6 4 2 2 3 2 6 4 2 3 3 2 6 4 2 5 14 0 1 3 3 0 3 2 6 4 3 1 3 2 6 4 3 2 3 2 6 4 3 3 3 2 6 4 3 5 3 2 6 4 4 1 3 2 6 4 4 2 3 2 6 4 4 3 3 2 6 4 4 5 5 7 6 5 5 0 3 2 6 4 5 1 3 2 6 4 5 2 3 2 6 4 5 3 3 2 6 4 5 4 599 0 0 0 5 5 5 7 6 5 6 1 3 2 6 4 6 2 3 2 6 4 6 3 3 2 6 4 6 5 5 7 6 5 7 1 3 2 6 4 7 2 3 2 6 4 7 3 3 2 6 4 8 1 3 2 6 4 8 3 3 2 6 4
12 3 7 3 2 5 3 5 3 6 40 0 7 1 7 2 2 2 3 2 4 2 6 2 7 2 8 2 9 2 10 3 3 3 4 3 8 3 9 4 0 4 1 4 2 4 3 4 4 4 5 4 6 5 1 5 2 5 3 5 4 5 5 5 6 6 0 6 1 6 2 6 3 6 4 6 5 6 6 7 3 7 5 2 5 3 5 3 6 3 7 75 1 3 2 36 0 7 75 1 3 2 1 7 75 1 3 2 2 2 107 1 3 3 2 3 177 4 3 10 2 4 176 5 2 10 2 6 77 1 3 2 2 7 75 1 3 2 2 8 75 1 3 2 2 9 75 1 3 2 2 10 75 1 3 2 3 3 75 1 3 2 3 4 75 1 3 2 3 8 600 7 7 8 3 9 75 1 3 2 4 0 75 1 3 2 4 1 75 1 3 2 4 2 75 1 3 2 4 3 75 1 3 2 4 4 75 1 3 2 4 5 75 1 3 2 4 6 75 1 3 2 5 1 75 1 3 2 5 2 75 1 3 2 5 3 75 1 3 2 5 4 75 1 3 2 5 5 75 1 3 2 5 6 75 1 3 2 6 0 75 1 3 2 6 1 75 1 3 2 6 2 75 1 3 2 6 3 75 1 3 2 6 4 75 1 3 2 6 5 75 1 3 2 6 6 75 1 3 2 7 3 75 1 3 2 7 5 75 1 3 2
15 4 6 2 3 5 4 5 73 0 6 0 7 0 8 1 6 1 7 1 8 1 9 2 3 2 6 2 7 2 8 2 9 2 10 3 2 3 3 3 4 3 6 3 7 3 8 3 9 3 10 4 2 4 3 4 4 4 7 4 8 4 9 5 0 5 1 5 2 5 3 5 4 5 5 5 6 5 7 5 8 5 9 5 10 6 1 6 2 6 3 6 4 6 5 6 6 6 7 6 8 6 9 7 0 7 1 7 2 7 3 7 4 7 5 7 6 7 7 7 8 7 9 7 10 8 3 8 4 8 5 8 6 8 7 8 8 9 3 9 4 9 5 9 6 9 7 9 8 3 5 4 5 4 6 108 3 0 3 70 0 6 473 5 3 10 0 7 108 3 0 3 0 8 473 5 3 10 1 6 473 5 3 10 1 7 473 5 3 10 1 8 473 5 3 10 1 9 108 3 0 3 2 3 108 3 0 3 2 6 473 5 3 10 2 7 473 5 3 10 2 8 473 5 3 10 2 9 108 3 0 3 2 10 108 3 0 3 3 2 108 3 0 3 3 3 312 2 8 3 3 4 312 2 8 3 3 6 172 5 3 10 3 7 473 5 3 10 3 8 473 5 3 10 3 9 473 5 3 10 3 10 473 5 3 10 4 2 108 3 0 3 4 3 108 3 0 3 4 4 171 6 0 9 4 7 595 5 1 10 4 8 595 5 1 10 4 9 595 5 1 10 5 0 108 3 0 3 5 1 108 3 0 3 5 2 108 3 0 3 5 3 108 3 0 3 5 4 108 3 0 3 5 5 108 3 0 3 5 6 103 0 2 2 5 7 601 0 1 0 5 8 601 0 1 0 5 9 601 0 1 0 5 10 171 6 0 9 6 1 108 3 0 3 6 2 108 3 0 3 6 3 108 3 0 3 6 4 108 3 0 3 6 5 108 3 0 3 6 6 66 1 6 2 6 7 473 5 3 10 6 8 473 5 3 10 6 9 108 3 0 3 7 0 108 3 0 3 7 1 108 3 0 3 7 2 108 3 0 3 7 3 108 3 0 3 7 4 108 3 0 3 7 5 108 3 0 3 7 6 473 5 3 10 7 7 108 3 0 3 7 8 473 5 3 10 7 9 108 3 0 3 7 10 108 3 0 3 8 3 108 3 0 3 8 4 108 3 0 3 8 5 108 3 0 3 8 6 108 3 0 3 8 7 108 3 0 3 8 8 108 3 0 3 9 3 108 3 0 3 9 4 108 3 0 3 9 5 108 3 0 3 9 6 108 3 0 3 9 7 108 3 0 3 9 8 108 3 0 3
5 1 3 4 0 6 1 4 1 5 1 6 17 0 1 0 2 0 3 0 7 1 1 1 2 2 0 2 1 2 2 2 4 2 5 2 6 0 6 1 3 1 4 1 5 1 6 1 4 1 7 12 0 1 1 4 1 7 0 2 1 4 1 7 0 3 1 4 1 7 0 7 407 6 0 6 1 1 1 4 1 7 1 2 1 4 1 7 2 0 1 4 1 7 2 1 1 4 1 7 2 2 1 4 1 7 2 4 1 4 1 7 2 5 1 4 1 7 2 6 1 4 1 7
6 1 5 4 0 4 0 6 1 4 1 6 26 0 1 0 2 0 3 0 7 0 8 0 9 1 1 1 2 1 3 1 7 1 8 1 9 2 0 2 1 2 2 2 4 2 5 2 6 2 8 2 9 2 10 0 4 0 6 1 4 1 5 1 6 77 4 1 9 21 0 1 77 4 1 9 0 2 77 4 1 9 0 3 77 4 1 9 0 7 77 1 1 1 0 8 77 1 1 1 0 9 77 1 1 1 1 1 77 1 1 1 1 2 77 1 1 1 1 3 603 5 0 10 1 7 603 0 0 0 1 8 77 1 1 1 1 9 77 1 1 1 2 0 77 1 1 1 2 1 77 1 1 1 2 2 77 1 1 1 2 4 77 1 1 1 2 5 77 1 1 1 2 6 77 1 1 1 2 8 77 1 1 1 2 9 77 1 1 1 2 10 77 1 1 1
6 3 3 3 1 5 3 4 3 5 28 0 5 1 6 2 0 2 1 2 2 2 3 2 5 2 6 2 7 2 8 3 1 3 2 3 6 3 7 4 0 4 1 4 2 4 3 4 4 4 5 4 6 4 7 4 8 5 4 1 5 3 3 3 4 3 5 55 0 2 0 24 0 5 55 0 2 0 1 6 55 0 2 0 2 0 246 0 2 1 2 1 31 1 4 1 2 2 31 1 4 1 2 3 55 0 2 0 2 5 246 0 2 1 2 6 31 4 4 7 2 7 31 4 4 7 2 8 55 0 2 0 3 1 246 0 2 1 3 2 560 4 4 8 3 6 253 7 5 6 3 7 55 0 2 0 4 0 246 0 2 1 4 1 31 0 2 1 4 2 31 0 2 1 4 3 55 0 2 0 4 4 55 0 2 0 4 5 246 0 2 1 4 6 31 5 2 7 4 7 31 5 2 7 4 8 55 0 2 0 5 4 55 0 2 0
10 5 5 4 4 5 4 6 6 5 6 6 58 0 9 1 4 1 7 1 8 1 9 2 4 2 7 2 8 2 9 3 1 3 2 3 3 3 4 3 6 3 7 3 8 3 9 3 10 4 1 4 2 4 3 4 4 4 7 4 8 4 9 5 0 5 1 5 2 5 3 5 4 5 7 5 8 5 9 5 10 6 8 6 9 7 5 7 6 7 7 7 8 7 9 8 4 8 5 8 6 8 7 8 9 9 4 9 5 9 6 10 4 10 5 10 6 11 6 4 5 4 6 5 5 6 5 6 6 272 7 11 6 53 0 9 272 7 11 6 1 4 272 7 11 6 1 7 272 7 11 6 1 8 272 7 11 6 1 9 272 7 11 6 2 4 272 7 11 6 2 7 272 7 11 6 2 8 272 7 11 6 2 9 272 7 11 6 3 1 272 7 11 6 3 2 272 7 11 6 3 3 272 7 11 6 3 4 272 7 11 6 3 6 207 1 7 0 3 7 272 7 11 6 3 8 272 7 11 6 3 9 272 7 11 6 3 10 272 7 11 6 4 1 272 7 11 6 4 2 272 7 11 6 4 3 272 7 11 6 4 4 272 7 11 6 4 7 272 7 11 6 4 8 272 7 11 6 4 9 272 7 11 6 5 0 272 7 11 6 5 1 272 7 11 6 5 2 272 7 11 6 5 3 272 7 11 6 5 4 272 7 11 6 5 7 272 7 11 6 5 8 272 7 11 6 5 9 272 7 11 6 5 10 272 7 11 6 6 8 272 7 11 6 6 9 272 7 11 6 7 5 235 4 8 10 7 6 207 1 7 0 7 7 272 7 11 6 7 8 272 7 11 6 7 9 272 7 11 6 8 4 207 1 7 0 8 5 207 1 7 0 8 6 207 1 7 0 8 7 272 7 11 6 8 9 272 7 11 6 9 4 207 1 7 0 9 5 207 1 7 0 9 6 207 1 7 0 10 4 207 1 7 0 10 5 207 1 7 0 10 6 207 1 7 0 11 6 207 1 7 0
13 1 4 2 1 5 1 6 47 0 1 0 2 0 3 0 4 0 7 0 8 0 9 1 1 1 2 1 3 1 7 1 8 1 9 2 0 2 1 2 2 2 3 2 4 2 5 2 6 2 7 2 8 2 9 3 2 3 3 3 4 3 5 3 6 3 7 3 8 4 2 4 3 4 4 4 5 4 6 4 7 4 8 5 2 5 4 5 6 5 7 5 8 6 6 6 8 1 4 1 5 1 6 246 0 0 2 44 0 1 246 0 0 2 0 2 15 1 2 2 0 3 15 1 2 2 0 4 15 1 2 2 0 7 53 1 2 1 0 8 53 1 2 1 0 9 53 1 2 1 1 1 246 0 0 2 1 2 246 0 0 2 1 3 430 5 0 9 1 7 46 0 0 1 1 8 53 1 2 1 1 9 246 0 0 2 2 0 246 0 0 2 2 1 246 0 0 2 2 2 221 1 2 2 2 3 221 1 2 2 2 4 53 1 2 1 2 5 246 0 0 2 2 6 246 0 0 2 2 7 431 1 2 0 2 8 431 1 2 0 2 9 53 1 2 1 3 2 246 0 0 2 3 3 246 0 0 2 3 4 246 0 0 2 3 5 246 0 0 2 3 6 246 0 0 2 3 7 246 0 0 2 3 8 246 0 0 2 4 2 246 0 0 2 4 3 246 0 0 2 4 4 246 0 0 2 4 5 246 0 0 2 4 6 246 0 0 2 4 7 246 0 0 2 4 8 246 0 0 2 5 2 246 0 0 2 5 4 246 0 0 2 5 6 246 0 0 2 5 7 246 0 0 2 5 8 246 0 0 2 6 6 246 0 0 2 6 8 246 0 0 2
14 5 6 3 5 5 7 5 7 6 74 0 6 0 8 1 2 1 4 1 6 1 7 1 8 2 2 2 3 2 4 2 5 2 6 2 7 2 8 3 2 3 3 3 4 3 5 3 6 3 7 3 8 4 0 4 1 4 2 4 3 4 4 4 5 4 6 4 7 4 8 4 9 4 10 5 1 5 2 5 3 5 4 5 7 5 8 5 9 5 10 6 1 6 2 6 3 6 4 6 6 6 7 6 8 6 9 6 10 6 11 7 2 7 3 7 7 8 2 8 3 8 4 8 5 8 6 9 2 9 4 9 5 9 6 9 7 10 5 10 6 10 7 11 5 11 6 11 7 12 5 5 5 5 6 7 5 7 6 604 2 11 5 70 0 6 604 2 11 5 0 8 604 2 11 5 1 2 604 2 11 5 1 4 604 2 11 5 1 6 604 2 11 5 1 7 605 1 8 1 1 8 604 2 11 5 2 2 604 2 11 5 2 3 604 2 11 5 2 4 604 2 11 5 2 5 605 1 8 1 2 6 605 1 8 1 2 7 605 1 8 1 2 8 604 2 11 5 3 2 604 2 11 5 3 3 604 2 11 5 3 4 604 2 11 5 3 5 208 4 10 11 3 6 605 1 8 1 3 7 605 1 8 1 3 8 604 2 11 5 4 0 604 2 11 5 4 1 604 2 11 5 4 2 604 2 11 5 4 3 604 2 11 5 4 4 604 2 11 5 4 5 208 4 10 11 4 6 606 5 1 11 4 7 604 2 11 5 4 8 604 2 11 5 4 9 604 2 11 5 4 10 604 2 11 5 5 1 604 2 11 5 5 2 604 2 11 5 5 3 604 2 11 5 5 4 604 2 11 5 5 7 273 2 12 5 5 8 604 2 11 5 5 9 604 2 11 5 5 10 604 2 11 5 6 1 604 2 11 5 6 2 604 2 11 5 6 3 604 2 11 5 6 4 604 2 11 5 6 6 607 1 6 0 6 7 273 2 12 5 6 8 604 2 11 5 6 9 604 2 11 5 6 10 604 2 11 5 6 11 604 2 11 5 7 2 604 2 11 5 7 3 604 2 11 5 7 7 273 2 12 5 8 2 604 2 11 5 8 3 604 2 11 5 8 4 604 2 11 5 8 5 605 1 8 1 8 6 607 1 6 0 9 2 604 2 11 5 9 4 604 2 11 5 9 5 605 1 8 1 9 6 605 1 8 1 9 7 605 1 8 1 10 5 605 1 8 1 10 6 605 1 8 1 10 7 605 1 8 1 11 5 604 2 11 5 11 6 604 2 11 5 11 7 605 1 8 1 12 5 604 2 11 5
13 3 5 3 3 6 5 5 5 6 59 0 4 0 5 0 6 0 7 0 8 1 4 1 5 1 6 1 7 1 8 2 0 2 1 2 2 2 3 2 4 2 5 2 7 2 8 2 9 2 10 3 0 3 1 3 2 3 3 3 4 3 7 3 8 3 9 3 10 4 0 4 1 4 2 4 3 4 4 4 5 4 6 4 7 4 8 4 9 4 10 4 11 5 3 5 4 6 3 6 5 6 6 6 7 6 8 6 9 7 5 7 6 7 7 8 5 8 6 8 7 3 5 3 6 5 5 5 6 245 2 8 5 55 0 4 245 2 8 5 0 5 245 2 8 5 0 6 245 2 8 5 0 7 245 2 8 5 0 8 245 2 8 5 1 4 245 2 8 5 1 5 245 2 8 5 1 6 245 2 8 5 1 7 245 2 8 5 1 8 245 2 8 5 2 0 245 2 8 5 2 1 245 2 8 5 2 2 245 2 8 5 2 3 245 2 8 5 2 4 245 2 8 5 2 5 283 1 8 1 2 7 245 2 8 5 2 8 245 2 8 5 2 9 245 2 8 5 2 10 245 2 8 5 3 0 245 2 8 5 3 1 245 2 8 5 3 2 245 2 8 5 3 3 245 2 8 5 3 4 245 2 8 5 3 7 245 2 8 5 3 8 245 2 8 5 3 9 245 2 8 5 3 10 245 2 8 5 4 0 245 2 8 5 4 1 245 2 8 5 4 2 245 2 8 5 4 3 245 2 8 5 4 4 245 2 8 5 4 5 395 0 0 0 4 6 208 1 8 0 4 7 245 2 8 5 4 8 245 2 8 5 4 9 245 2 8 5 4 10 245 2 8 5 4 11 245 2 8 5 5 3 245 2 8 5 5 4 245 2 8 5 6 3 245 2 8 5 6 5 103 1 5 2 6 6 103 1 5 2 6 7 208 1 8 0 6 8 245 2 8 5 6 9 245 2 8 5 7 5 208 1 8 0 7 6 103 1 5 2 7 7 208 1 8 0 8 5 208 1 8 0 8 6 395 0 0 0 8 7 208 1 8 0
5 3 1 6 0 1 0 2 1 0 1 1 2 1 3 2 15 1 2 2 0 4 0 4 1 4 2 5 0 5 1 6 0 0 1 0 2 1 0 1 1 2 1 3 1 3 2 1 2 4 1 8 1 2 1 2 4 1 2 0 1 2 4 1 4 0 1 2 4 1 4 1 1 2 4 1 4 2 541 7 6 2 5 0 1 2 4 1 5 1 1 2 4 1 6 0 1 2 4 1
6 0 3 5 0 6 1 4 1 5 1 6 2 5 21 0 2 0 4 0 5 1 1 1 2 1 3 1 7 1 8 2 0 2 1 2 2 2 4 2 7 2 8 2 9 0 3 0 6 1 4 1 5 1 6 2 5 445 1 1 2 15 0 2 335 5 0 9 0 4 610 7 2 6 0 5 335 5 0 9 1 1 445 1 1 2 1 2 445 1 1 2 1 3 335 5 0 9 1 7 610 7 2 6 1 8 445 1 1 2 2 0 445 1 1 2 2 1 445 1 1 2 2 2 445 1 1 2 2 4 445 1 1 2 2 7 445 1 1 2 2 8 445 1 1 2 2 9 445 1 1 2
7 4 5 4 2 6 3 4 3 5 3 6 28 0 4 0 6 1 4 1 6 2 1 2 2 2 3 2 4 2 5 3 1 3 2 3 3 3 7 3 8 4 0 4 1 4 2 4 4 4 7 4 8 4 9 5 5 6 5 2 6 3 4 3 5 3 6 4 5 138 3 0 5 23 0 4 138 3 0 5 0 6 139 6 0 7 1 4 138 3 0 5 1 6 139 6 0 7 2 1 138 3 0 5 2 2 138 3 0 5 2 3 138 3 0 5 2 4 138 3 0 5 2 5 139 6 0 7 3 1 138 3 0 5 3 2 138 3 0 5 3 3 138 3 0 5 3 7 138 3 0 5 3 8 138 3 0 5 4 0 138 3 0 5 4 1 138 3 0 5 4 2 138 3 0 5 4 4 138 3 0 5 4 7 138 3 0 5 4 8 138 3 0 5 4 9 138 3 0 5 5 5 611 0 2 0 6 5 611 0 2 0
8 3 5 3 2 6 3 4 3 6 33 0 4 0 6 1 4 1 6 2 1 2 2 2 3 2 4 2 5 2 7 2 8 2 9 3 1 3 2 3 3 3 7 3 8 4 0 4 1 4 2 4 4 4 5 4 7 4 8 4 9 5 5 5 7 6 5 6 7 2 6 3 4 3 5 3 6 77 4 3 9 29 0 4 77 4 3 9 0 6 77 4 3 9 1 4 77 4 3 9 1 6 77 4 3 9 2 1 77 4 3 9 2 2 77 4 3 9 2 3 77 4 3 9 2 4 77 4 3 9 2 5 77 4 3 9 2 7 612 0 0 0 2 8 177 1 3 1 2 9 177 1 3 1 3 1 77 4 3 9 3 2 77 4 3 9 3 3 79 2 6 3 3 7 177 1 3 1 3 8 77 4 3 9 4 0 77 4 3 9 4 1 77 4 3 9 4 2 77 4 3 9 4 4 77 4 3 9 4 5 77 4 3 9 4 7 77 4 3 9 4 8 77 4 3 9 4 9 77 4 3 9 5 5 77 4 3 9 5 7 77 4 3 9 6 5 77 4 3 9 6 7 77 4 3 9
15 7 6 2 5 5 5 6 81 0 6 1 4 1 5 1 6 2 4 2 5 2 6 2 7 3 4 3 5 3 6 3 7 3 9 4 3 4 5 4 6 4 7 4 8 4 9 5 3 5 4 5 8 5 9 6 0 6 1 6 2 6 3 6 4 6 5 6 6 6 7 6 8 6 9 6 10 6 11 7 0 7 1 7 2 7 3 7 4 7 5 7 7 7 8 7 9 7 10 8 0 8 1 8 2 8 3 8 4 8 5 8 6 8 7 8 8 8 9 8 10 8 11 9 3 9 4 9 5 9 6 9 7 9 8 9 9 10 3 10 4 10 5 10 6 10 7 10 8 10 9 11 3 11 4 11 5 11 7 11 9 12 3 12 5 5 5 5 6 7 6 194 2 10 4 78 0 6 194 2 10 4 1 4 194 2 10 4 1 5 403 2 10 4 1 6 194 2 10 4 2 4 194 2 10 4 2 5 264 0 4 1 2 6 403 2 10 4 2 7 264 0 4 1 3 4 194 2 10 4 3 5 264 0 4 1 3 6 264 0 4 1 3 7 264 0 4 1 3 9 194 2 10 4 4 3 194 2 10 4 4 5 264 0 4 1 4 6 265 5 4 10 4 7 264 0 4 1 4 8 266 1 8 2 4 9 266 1 8 2 5 3 194 2 10 4 5 4 266 1 8 2 5 8 194 2 10 4 5 9 194 2 10 4 6 0 194 2 10 4 6 1 194 2 10 4 6 2 194 2 10 4 6 3 194 2 10 4 6 4 194 2 10 4 6 5 190 2 10 3 6 6 608 4 12 11 6 7 403 2 10 4 6 8 194 2 10 4 6 9 194 2 10 4 6 10 194 2 10 4 6 11 194 2 10 4 7 0 194 2 10 4 7 1 194 2 10 4 7 2 194 2 10 4 7 3 194 2 10 4 7 4 194 2 10 4 7 5 194 2 10 4 7 7 403 2 10 4 7 8 194 2 10 4 7 9 194 2 10 4 7 10 194 2 10 4 8 0 194 2 10 4 8 1 194 2 10 4 8 2 194 2 10 4 8 3 194 2 10 4 8 4 194 2 10 4 8 5 280 2 11 4 8 6 609 1 10 0 8 7 613 2 11 3 8 8 194 2 10 4 8 9 194 2 10 4 8 10 194 2 10 4 8 11 194 2 10 4 9 3 194 2 10 4 9 4 194 2 10 4 9 5 266 1 8 2 9 6 266 1 8 2 9 7 266 1 8 2 9 8 194 2 10 4 9 9 194 2 10 4 10 3 194 2 10 4 10 4 194 2 10 4 10 5 266 1 8 2 10 6 194 2 10 4 10 7 194 2 10 4 10 8 194 2 10 4 10 9 194 2 10 4 11 3 194 2 10 4 11 4 194 2 10 4 11 5 194 2 10 4 11 7 194 2 10 4 11 9 194 2 10 4 12 3 194 2 10 4 12 5 194 2 10 4
6 3 5 4 2 3 2 4 2 5 2 6 23 0 4 0 6 1 3 1 4 1 6 1 7 1 8 2 1 2 2 2 7 2 8 3 0 3 1 3 2 3 4 3 6 4 5 5 5 2 3 2 4 2 5 2 6 3 5 177 0 2 0 18 0 4 177 0 2 0 0 6 177 0 2 0 1 3 177 0 2 0 1 4 177 0 2 0 1 6 177 0 2 0 1 7 177 0 2 0 1 8 177 0 2 0 2 1 389 7 5 7 2 2 390 2 5 3 2 7 177 0 2 0 2 8 177 0 2 0 3 0 389 7 5 7 3 1 389 7 5 7 3 2 389 7 5 7 3 4 389 7 5 7 3 6 390 2 5 3 4 5 177 0 2 0 5 5 177 0 2 0
2 0 3 7 1 0 1 1 1 2 1 3 3 2 3 3 4 2 10 0 4 2 3 0 3 1 0 1 1 1 2 1 3 3 2 3 3 4 2 35 7 4 3 2 0 4 35 7 4 3 2 3 1 4 1 4
3 3 3 8 0 2 0 3 1 2 1 3 2 0 2 1 2 3 3 1 13 3 2 3 4 4 3 4 4 0 2 0 3 1 2 1 3 2 0 2 1 2 3 3 1 3 3 6 6 0 3 4 3 2 6 6 0 3 3 4 6 6 0 3 4 3 616 6 0 4 4 4 6 6 0 3
4 2 3 9 0 2 0 3 1 0 1 1 1 2 1 3 2 0 2 1 3 1 16 2 4 3 2 3 3 3 4 4 3 4 4 0 2 0 3 1 0 1 1 1 2 1 3 2 0 2 1 2 3 3 1 1 5 1 4 6 2 4 617 0 0 0 3 2 1 5 1 4 3 3 1 5 1 4 3 4 1 5 1 4 4 3 1 5 1 4 4 4 1 5 1 4
5 2 1 8 0 3 0 4 1 1 1 2 1 3 1 4 2 2 3 2 17 2 0 2 4 2 5 3 3 3 4 3 5 4 4 4 5 0 3 0 4 1 1 1 2 1 3 1 4 2 1 2 2 3 2 1 0 1 0 8 2 0 618 0 0 1 2 4 1 0 1 0 2 5 1 0 1 0 3 3 1 0 1 0 3 4 1 0 1 0 3 5 1 0 1 0 4 4 1 0 1 0 4 5 1 0 1 0
6 0 4 7 0 3 1 1 1 2 1 3 1 4 2 2 3 2 18 0 5 2 0 2 1 2 4 2 5 3 3 3 4 3 5 4 4 4 5 0 3 0 4 1 1 1 2 1 3 1 4 2 2 3 2 1 4 1 5 10 0 5 619 0 0 0 2 0 1 4 1 5 2 1 1 4 1 5 2 4 1 4 1 5 2 5 1 4 1 5 3 3 1 4 1 5 3 4 1 4 1 5 3 5 1 4 1 5 4 4 1 4 1 5 4 5 1 4 1 5
7 1 2 7 0 3 0 4 1 3 1 4 1 5 2 4 3 4 22 0 1 0 2 1 0 1 1 2 0 2 1 2 2 2 5 2 6 3 1 3 2 3 3 4 1 4 2 0 3 0 4 1 2 1 3 1 4 1 5 2 4 3 4 47 0 1 1 14 0 1 47 0 1 1 0 2 47 0 1 1 1 0 47 0 1 1 1 1 620 5 0 6 2 0 47 0 1 1 2 1 47 0 1 1 2 2 47 0 1 1 2 5 128 0 0 0 2 6 128 0 0 0 3 1 47 0 1 1 3 2 47 0 1 1 3 3 47 0 1 1 4 1 47 0 1 1 4 2 47 0 1 1
8 1 5 6 0 3 0 4 1 3 1 4 2 4 3 4 25 0 1 0 2 1 0 1 1 1 2 1 6 1 7 2 0 2 1 2 2 2 5 2 6 2 7 3 1 3 2 3 3 4 1 4 2 0 3 0 4 1 3 1 4 1 5 2 4 3 4 138 1 1 1 18 0 1 164 0 0 0 0 2 164 0 0 0 1 0 138 1 1 1 1 1 138 1 1 1 1 2 138 1 1 1 1 6 621 0 0 0 1 7 621 0 0 0 2 0 138 1 1 1 2 1 138 1 1 1 2 2 138 1 1 1 2 5 138 1 1 1 2 6 138 1 1 1 2 7 138 1 1 1 3 1 138 1 1 1 3 2 138 1 1 1 3 3 138 1 1 1 4 1 138 1 1 1 4 2 138 1 1 1
9 0 3 5 0 4 1 3 1 4 2 4 3 4 26 0 1 0 2 1 0 1 1 1 2 1 5 1 6 1 7 2 0 2 1 2 2 2 5 2 6 2 7 3 1 3 2 3 3 4 1 4 2 4 4 0 3 0 4 1 3 1 4 2 4 3 4 6 6 0 4 20 0 1 6 6 0 4 0 2 6 6 0 4 1 0 6 6 0 4 1 1 6 6 0 4 1 2 6 6 0 4 1 5 6 6 0 4 1 6 6 6 0 4 1 7 6 6 0 4 2 0 6 6 0 4 2 1 6 6 0 4 2 2 6 6 0 4 2 5 6 6 0 4 2 6 6 6 0 4 2 7 6 6 0 4 3 1 6 6 0 4 3 2 6 6 0 4 3 3 6 6 0 4 4 1 6 6 0 4 4 2 6 6 0 4 4 4 622 0 0 0
10 2 3 4 1 4 2 4 3 4 4 4 30 0 4 1 1 1 2 1 3 2 0 2 1 2 2 2 5 2 6 2 7 3 0 3 1 3 2 3 5 3 6 3 7 4 1 4 2 4 3 4 5 5 1 5 2 5 4 5 5 6 5 1 4 2 3 2 4 3 4 4 4 39 2 6 3 25 0 4 39 2 6 3 1 1 39 2 6 3 1 2 39 2 6 3 1 3 452 5 0 7 2 0 39 2 6 3 2 1 39 2 6 3 2 2 39 2 6 3 2 5 39 2 6 3 2 6 39 2 6 3 2 7 39 2 6 3 3 0 39 2 6 3 3 1 39 2 6 3 3 2 39 2 6 3 3 5 39 2 6 3 3 6 39 2 6 3 3 7 39 2 6 3 4 1 39 2 6 3 4 2 39 2 6 3 4 3 39 2 6 3 4 5 623 0 1 0 5 1 39 2 6 3 5 2 39 2 6 3 5 4 452 5 0 7 5 5 623 0 1 0 6 5 623 0 1 0
2 1 0 7 0 2 0 3 0 4 1 1 2 1 2 3 2 4 10 0 1 2 2 0 2 0 3 0 4 1 0 1 1 2 1 2 3 2 4 35 1 2 0 2 0 1 35 1 2 0 2 2 19 0 0 0
3 1 3 5 0 4 1 0 1 1 1 2 1 4 10 0 5 2 3 2 4 2 5 0 4 1 0 1 1 1 2 1 3 1 4 1 4 1 5 4 0 5 2 5 1 5 2 3 1 4 1 5 2 4 1 4 1 5 2 5 1 4 1 5
2 0 2 5 0 1 0 3 0 4 0 5 1 1 8 1 0 1 2 0 1 0 2 0 3 0 4 0 5 1 1 0 0 0 1 2 1 0 0 0 0 1 1 2 1 0 0 0
2 0 4 7 1 0 1 1 1 2 1 3 2 3 3 3 4 3 10 0 3 1 4 0 4 1 0 1 1 1 2 1 3 2 3 3 3 4 3 0 3 0 3 2 0 3 0 3 0 3 1 4 0 4 1 4
3 3 4 8 0 2 0 4 1 2 1 4 2 4 3 1 3 2 3 3 15 2 2 3 5 4 0 4 1 4 4 4 5 0 2 0 4 1 2 1 4 2 4 3 1 3 2 3 3 3 4 628 1 4 1 6 2 2 628 1 4 1 3 5 158 4 4 4 4 0 628 1 4 1 4 1 628 1 4 1 4 4 158 4 4 4 4 5 158 4 4 4
4 3 5 6 0 5 1 5 2 5 3 2 3 3 3 4 17 2 0 2 1 2 2 3 1 3 6 4 0 4 1 4 2 4 5 4 6 0 5 1 5 2 5 3 2 3 3 3 4 3 5 628 1 4 2 10 2 0 628 1 4 2 2 1 628 1 4 2 2 2 628 1 4 2 3 1 628 1 4 2 3 6 14 6 2 5 4 0 628 1 4 2 4 1 628 1 4 2 4 2 628 1 4 2 4 5 14 6 2 5 4 6 14 6 2 5
2 1 1 7 0 1 0 2 0 3 0 4 2 2 3 2 4 2 10 1 0 1 2 0 1 0 2 0 3 0 4 1 1 2 2 3 2 4 2 19 6 0 2 2 1 0 19 6 0 2 1 2 1 0 0 0
3 4 1 9 0 3 1 1 1 3 2 1 2 3 3 1 4 2 4 3 4 4 16 3 3 3 4 3 5 4 0 5 0 5 1 0 3 1 1 1 3 2 1 2 3 3 1 4 1 4 2 4 3 4 4 628 3 1 0 6 3 3 628 3 1 0 3 4 628 3 1 0 3 5 628 3 1 0 4 0 631 4 4 5 5 0 631 4 4 5 5 1 631 4 4 5
5 4 2 8 0 3 1 3 1 5 2 3 2 5 3 5 4 3 4 4 21 3 0 3 1 3 2 3 3 4 1 4 5 4 6 5 0 5 1 5 2 5 5 5 6 0 3 1 3 1 5 2 3 2 5 3 5 4 2 4 3 4 4 627 7 5 3 12 3 0 627 7 5 3 3 1 627 7 5 3 3 2 629 0 1 1 3 3 630 0 1 0 4 1 627 7 5 3 4 5 627 7 5 3 4 6 627 7 5 3 5 0 627 7 5 3 5 1 627 7 5 3 5 2 632 5 0 6 5 5 627 7 5 3 5 6 627 7 5 3
6 4 3 7 0 3 1 3 1 5 2 3 2 5 3 5 4 4 23 3 0 3 1 3 2 3 3 4 1 4 2 4 5 4 6 5 0 5 1 5 2 5 4 5 5 5 6 6 6 0 3 1 3 1 5 2 3 2 5 3 5 4 3 4 4 625 7 5 5 15 3 0 625 7 5 5 3 1 625 7 5 5 3 2 625 7 5 5 3 3 569 0 1 2 4 1 625 7 5 5 4 2 625 7 5 5 4 5 626 6 0 4 4 6 625 7 5 5 5 0 625 7 5 5 5 1 625 7 5 5 5 2 625 7 5 5 5 4 633 0 0 0 5 5 625 7 5 5 5 6 625 7 5 5 6 6 625 7 5 5
2 1 1 7 0 2 0 3 0 4 1 0 2 1 2 2 2 3 10 0 1 2 4 0 2 0 3 0 4 1 0 1 1 2 1 2 2 2 3 6 1 2 0 2 0 1 6 1 2 0 2 4 19 0 0 0
7 4 4 6 0 3 1 3 1 5 2 3 2 5 3 5 26 0 5 3 0 3 1 3 2 3 3 3 4 4 1 4 2 4 3 4 5 4 6 5 0 5 1 5 2 5 4 5 5 5 6 6 4 6 6 0 3 1 3 1 5 2 3 2 5 3 5 4 4 635 2 4 3 19 0 5 634 0 0 0 3 0 635 2 4 3 3 1 635 2 4 3 3 2 635 2 4 3 3 3 223 7 6 5 3 4 634 0 0 0 4 1 635 2 4 3 4 2 635 2 4 3 4 3 635 2 4 3 4 5 635 2 4 3 4 6 635 2 4 3 5 0 635 2 4 3 5 1 635 2 4 3 5 2 635 2 4 3 5 4 635 2 4 3 5 5 635 2 4 3 5 6 635 2 4 3 6 4 635 2 4 3 6 6 635 2 4 3
8 3 4 7 0 5 1 3 1 4 1 5 2 5 3 5 3 6 29 0 0 0 1 0 2 1 1 1 2 1 6 2 0 2 1 2 2 2 3 3 2 3 3 4 1 4 2 4 3 4 4 5 1 5 2 5 3 6 1 6 3 0 5 1 3 1 4 1 5 2 5 3 4 3 5 3 6 1 7 4 5 21 0 0 1 7 4 5 0 1 1 7 4 5 0 2 1 7 4 5 1 1 1 7 4 5 1 2 1 7 4 5 1 6 1 7 4 5 2 0 1 7 4 5 2 1 1 7 4 5 2 2 1 7 4 5 2 3 1 7 4 5 3 2 1 7 4 5 3 3 1 7 4 5 4 1 1 7 4 5 4 2 1 7 4 5 4 3 1 7 4 5 4 4 636 7 6 6 5 1 1 7 4 5 5 2 1 7 4 5 5 3 1 7 4 5 6 1 1 7 4 5 6 3 1 7 4 5
9 3 6 6 0 5 1 3 1 4 1 5 2 5 3 5 30 0 0 0 1 0 2 1 1 1 2 1 6 2 0 2 1 2 2 2 3 3 2 3 3 3 4 4 1 4 2 4 3 4 4 4 6 5 1 5 2 5 3 6 1 6 3 0 5 1 3 1 4 1 5 2 5 3 5 3 6 1 2 4 5 23 0 0 1 2 4 5 0 1 1 2 4 5 0 2 1 2 4 5 1 1 1 2 4 5 1 2 1 2 4 5 1 6 1 2 4 5 2 0 1 2 4 5 2 1 1 2 4 5 2 2 1 2 4 5 2 3 1 2 4 5 3 2 1 2 4 5 3 3 1 2 4 5 3 4 1 2 4 5 4 1 1 2 4 5 4 2 1 2 4 5 4 3 1 2 4 5 4 4 1 2 4 5 4 6 637 0 0 0 5 1 1 2 4 5 5 2 1 2 4 5 5 3 1 2 4 5 6 1 1 2 4 5 6 3 1 2 4 5
10 1 4 5 1 5 1 6 1 7 2 5 3 5 41 0 1 0 2 0 3 0 5 0 7 0 8 1 1 1 2 1 3 2 0 2 1 2 2 2 3 2 4 2 7 2 8 3 6 3 7 3 8 3 9 3 10 4 4 4 5 4 6 4 7 4 8 4 9 5 4 5 5 5 6 5 8 5 9 5 10 6 4 6 6 1 4 1 5 1 6 1 7 2 5 3 5 271 6 0 7 35 0 1 638 2 6 4 0 2 638 2 6 4 0 3 638 2 6 4 0 5 271 6 0 7 0 7 271 6 0 7 0 8 271 6 0 7 1 1 638 2 6 4 1 2 638 2 6 4 1 3 638 2 6 4 2 0 638 2 6 4 2 1 638 2 6 4 2 2 638 2 6 4 2 3 638 2 6 4 2 4 638 2 6 4 2 7 271 6 0 7 2 8 271 6 0 7 3 6 271 6 0 7 3 7 271 6 0 7 3 8 271 6 0 7 3 9 271 6 0 7 3 10 271 6 0 7 4 4 271 6 0 7 4 5 271 6 0 7 4 6 271 6 0 7 4 7 271 6 0 7 4 8 271 6 0 7 4 9 271 6 0 7 5 4 271 6 0 7 5 5 271 6 0 7 5 6 271 6 0 7 5 8 271 6 0 7 5 9 271 6 0 7 5 10 271 6 0 7 6 4 271 6 0 7 6 6 271 6 0 7
3 3 1 6 0 3 1 3 2 3 3 0 3 2 3 3 11 2 4 3 4 4 3 4 4 0 3 1 3 2 3 3 0 3 1 3 2 3 3 1 4 3 4 4 2 4 628 1 4 0 3 4 1 4 3 4 4 3 1 4 3 4 4 4 1 4 3 4
4 3 3 5 0 3 1 3 2 3 3 0 3 2 12 2 4 3 1 3 4 4 2 4 3 4 4 0 3 1 3 2 3 3 0 3 2 3 3 1 7 4 3 6 2 4 1 7 4 3 3 1 1 7 4 3 3 4 1 7 4 3 4 2 640 0 0 0 4 3 1 7 4 3 4 4 1 7 4 3
4 1 3 5 0 3 0 5 1 2 2 2 3 2 12 0 4 0 6 1 0 1 1 1 4 4 2 0 3 0 5 1 2 1 3 2 2 3 2 6 3 0 2 6 0 4 6 3 0 2 0 6 6 3 0 2 1 0 6 3 0 2 1 1 6 3 0 2 1 4 6 3 0 2 4 2 260 0 0 0
5 4 3 4 1 4 2 4 3 4 4 1 18 0 4 3 2 3 3 3 5 3 6 4 0 4 2 4 4 4 5 5 3 5 4 5 5 6 3 1 4 2 4 3 4 4 1 4 3 223 7 6 4 13 0 4 641 0 1 1 3 2 223 7 6 4 3 3 641 0 1 1 3 5 223 7 6 4 3 6 223 7 6 4 4 0 223 7 6 4 4 2 223 7 6 4 4 4 642 4 4 6 4 5 223 7 6 4 5 3 642 4 4 6 5 4 223 7 6 4 5 5 223 7 6 4 6 3 642 4 4 6
6 4 2 6 1 3 1 4 1 5 1 6 2 5 3 5 30 0 0 0 1 0 2 0 5 1 1 1 2 2 1 2 2 2 3 3 2 3 3 3 4 3 6 3 7 4 1 4 3 4 4 4 5 4 6 5 4 5 5 5 6 6 4 1 3 1 4 1 5 1 6 2 5 3 5 4 2 643 0 0 1 23 0 0 643 0 0 1 0 1 643 0 0 1 0 2 643 0 0 1 0 5 521 7 4 6 1 1 643 0 0 1 1 2 643 0 0 1 2 1 643 0 0 1 2 2 643 0 0 1 2 3 643 0 0 1 3 2 643 0 0 1 3 3 521 7 4 6 3 4 521 7 4 6 3 6 521 7 4 6 3 7 521 7 4 6 4 1 521 7 4 6 4 3 521 7 4 6 4 4 521 7 4 6 4 5 521 7 4 6 4 6 521 7 4 6 5 4 521 7 4 6 5 5 521 7 4 6 5 6 521 7 4 6 6 4 521 7 4 6
11 2 7 5 1 5 2 5 2 6 3 5 4 5 48 0 7 1 1 1 2 1 3 1 7 1 8 1 9 1 10 2 1 2 2 2 3 2 4 2 8 2 9 3 0 3 1 3 2 3 3 3 4 3 7 3 8 3 9 3 10 4 6 4 7 4 8 4 9 4 10 5 4 5 5 5 6 5 7 5 8 5 9 6 4 6 5 6 6 6 8 6 9 6 10 7 4 7 6 1 5 2 5 2 6 2 7 3 5 4 5 77 0 2 2 42 0 7 77 0 2 2 1 1 77 0 2 2 1 2 77 0 2 2 1 3 77 0 2 2 1 7 77 0 2 2 1 8 77 0 2 2 1 9 77 0 2 2 1 10 77 0 2 2 2 1 77 0 2 2 2 2 77 0 2 2 2 3 77 0 2 2 2 4 105 4 3 10 2 8 639 0 1 0 2 9 77 0 2 2 3 0 77 0 2 2 3 1 77 0 2 2 3 2 105 4 3 10 3 3 105 4 3 10 3 4 644 2 7 4 3 7 77 0 2 2 3 8 77 0 2 2 3 9 77 0 2 2 3 10 77 0 2 2 4 6 77 0 2 2 4 7 77 0 2 2 4 8 77 0 2 2 4 9 77 0 2 2 4 10 77 0 2 2 5 4 77 0 2 2 5 5 77 0 2 2 5 6 77 0 2 2 5 7 77 0 2 2 5 8 77 0 2 2 5 9 77 0 2 2 6 4 77 0 2 2 6 5 77 0 2 2 6 6 77 0 2 2 6 8 77 0 2 2 6 9 77 0 2 2 6 10 77 0 2 2 7 4 77 0 2 2 7 6 77 0 2 2
4 4 3 5 1 2 1 3 1 4 2 3 3 3 12 0 4 1 5 2 0 2 1 2 2 5 3 1 2 1 3 1 4 2 3 3 3 4 3 1 3 0 3 6 0 4 8 0 1 0 1 5 1 3 0 3 2 0 1 3 0 3 2 1 1 3 0 3 2 2 1 3 0 3 5 3 1 3 0 3
4 1 2 5 1 3 1 4 1 5 2 4 3 4 16 0 0 0 1 0 2 0 5 0 6 1 1 2 0 2 1 2 2 4 4 1 2 1 3 1 4 1 5 2 4 3 4 83 0 0 2 10 0 0 83 0 0 2 0 1 83 0 0 2 0 2 83 0 0 2 0 5 14 6 0 5 0 6 14 6 0 5 1 1 83 0 0 2 2 0 83 0 0 2 2 1 83 0 0 2 2 2 83 0 0 2 4 4 14 6 0 5
6 1 4 4 1 5 1 6 2 5 3 5 27 0 1 0 2 0 3 0 6 0 7 0 8 0 9 1 1 1 2 1 3 1 7 1 8 2 0 2 1 2 2 2 3 2 4 2 7 2 8 2 9 4 5 5 5 1 4 1 5 1 6 2 5 3 5 206 5 0 9 22 0 1 206 5 0 9 0 2 206 5 0 9 0 3 206 5 0 9 0 6 205 1 2 0 0 7 646 0 0 2 0 8 647 0 0 1 0 9 647 0 0 1 1 1 206 5 0 9 1 2 206 5 0 9 1 3 646 0 0 2 1 7 647 0 0 1 1 8 206 5 0 9 2 0 206 5 0 9 2 1 206 5 0 9 2 2 206 5 0 9 2 3 206 5 0 9 2 4 206 5 0 9 2 7 206 5 0 9 2 8 206 5 0 9 2 9 206 5 0 9 4 5 205 1 2 0 5 5 206 5 0 9
12 2 6 4 1 5 2 5 3 5 4 5 49 0 7 1 1 1 2 1 3 1 6 1 7 1 8 1 9 1 10 2 1 2 2 2 3 2 4 2 7 2 8 2 9 3 0 3 1 3 2 3 3 3 4 3 7 3 8 3 9 3 10 4 6 4 7 4 8 4 9 4 10 5 4 5 5 5 6 5 7 5 8 5 9 6 4 6 5 6 6 6 8 6 9 6 10 7 4 7 6 1 5 2 5 2 6 3 5 4 5 38 2 6 5 44 0 7 38 2 6 5 1 1 38 2 6 5 1 2 38 2 6 5 1 3 38 2 6 5 1 6 645 0 0 0 1 7 38 2 6 5 1 8 38 2 6 5 1 9 38 2 6 5 1 10 38 2 6 5 2 1 38 2 6 5 2 2 38 2 6 5 2 3 38 2 6 5 2 4 38 2 6 5 2 7 38 2 6 5 2 8 38 2 6 5 2 9 38 2 6 5 3 0 38 2 6 5 3 1 38 2 6 5 3 2 38 2 6 5 3 3 38 2 6 5 3 4 38 2 6 5 3 7 38 2 6 5 3 8 38 2 6 5 3 9 38 2 6 5 3 10 38 2 6 5 4 6 648 0 1 0 4 7 38 2 6 5 4 8 38 2 6 5 4 9 38 2 6 5 4 10 38 2 6 5 5 4 38 2 6 5 5 5 540 0 1 0 5 6 648 0 1 0 5 7 38 2 6 5 5 8 38 2 6 5 5 9 38 2 6 5 6 4 38 2 6 5 6 5 38 2 6 5 6 6 648 0 1 0 6 8 38 2 6 5 6 9 38 2 6 5 6 10 38 2 6 5 7 4 38 2 6 5 7 6 38 2 6 5
13 3 5 3 4 5 5 5 6 5 56 0 4 0 5 0 6 1 4 1 5 1 6 1 8 1 9 1 10 2 4 2 5 2 6 2 7 2 8 2 9 3 4 3 6 3 7 3 8 3 9 3 10 4 0 4 1 4 2 4 3 4 4 4 7 4 8 4 9 4 10 5 1 5 2 5 3 5 4 5 6 5 7 5 8 5 9 6 1 6 2 6 3 6 6 6 7 6 8 6 9 6 10 7 4 7 5 7 7 8 4 8 5 9 4 3 5 4 5 5 5 6 5 14 1 6 4 52 0 4 14 1 6 4 0 5 14 1 6 4 0 6 14 1 6 4 1 4 10 0 2 2 1 5 14 1 6 4 1 6 10 0 2 2 1 8 14 1 6 4 1 9 14 1 6 4 1 10 14 1 6 4 2 4 615 7 9 7 2 5 10 0 2 2 2 6 624 4 7 9 2 7 14 1 6 4 2 8 14 1 6 4 2 9 14 1 6 4 3 4 649 1 7 0 3 6 496 3 0 4 3 7 14 1 6 4 3 8 14 1 6 4 3 9 14 1 6 4 3 10 14 1 6 4 4 0 14 1 6 4 4 1 14 1 6 4 4 2 14 1 6 4 4 3 14 1 6 4 4 4 14 1 6 4 4 7 14 1 6 4 4 8 14 1 6 4 4 9 14 1 6 4 4 10 14 1 6 4 5 1 14 1 6 4 5 2 14 1 6 4 5 3 14 1 6 4 5 4 14 1 6 4 5 6 14 1 6 4 5 7 14 1 6 4 5 8 14 1 6 4 5 9 14 1 6 4 6 1 14 1 6 4 6 2 14 1 6 4 6 3 14 1 6 4 6 6 14 1 6 4 6 7 14 1 6 4 6 8 14 1 6 4 6 9 14 1 6 4 6 10 14 1 6 4 7 4 14 1 6 4 7 5 14 1 6 4 7 7 14 1 6 4 8 4 14 1 6 4 8 5 14 1 6 4 9 4 14 1 6 4
6 1 7 4 0 5 1 4 1 5 1 6 22 0 0 0 1 0 2 0 3 0 4 0 6 0 8 0 9 0 10 1 1 1 2 1 3 1 8 1 9 2 7 2 8 2 9 0 5 1 4 1 5 1 6 1 7 47 4 1 8 17 0 0 47 4 1 8 0 1 47 4 1 8 0 2 47 4 1 8 0 3 39 5 0 9 0 4 191 5 0 10 0 6 47 4 1 8 0 8 47 4 1 8 0 9 47 4 1 8 0 10 47 4 1 8 1 1 47 4 1 8 1 2 47 4 1 8 1 3 47 4 1 8 1 8 434 1 1 0 1 9 47 4 1 8 2 7 47 4 1 8 2 8 47 4 1 8 2 9 47 4 1 8
3 2 3 6 0 3 1 3 2 4 3 2 3 3 3 4 11 2 5 3 0 3 1 4 2 0 3 1 3 2 3 2 4 3 2 3 3 3 4 1 7 4 3 4 2 5 1 7 4 3 3 0 1 7 4 3 3 1 1 7 4 3 4 2 58 1 3 0
5 3 3 6 0 3 1 2 1 3 2 0 2 1 2 3 15 0 2 2 2 3 4 4 3 4 4 5 3 5 4 6 4 0 3 1 2 1 3 2 0 2 1 2 3 3 3 158 6 0 4 8 0 2 158 6 0 4 2 2 39 2 5 2 3 4 268 2 6 2 4 3 158 6 0 4 4 4 652 2 5 0 5 3 158 6 0 4 5 4 158 6 0 4 6 4 158 6 0 4
6 3 4 7 0 4 0 5 1 4 1 5 2 5 3 5 3 6 18 2 4 2 6 3 1 3 2 3 3 4 0 4 1 4 2 4 3 4 4 0 4 0 5 1 4 1 5 2 5 3 4 3 5 3 6 1 7 4 5 10 2 4 1 7 4 5 2 6 1 7 4 5 3 1 1 7 4 5 3 2 1 7 4 5 3 3 1 7 4 5 4 0 1 7 4 5 4 1 1 7 4 5 4 2 1 7 4 5 4 3 1 7 4 5 4 4 653 6 0 6
7 3 6 6 0 4 0 5 1 4 1 5 2 5 3 5 19 2 4 2 6 3 1 3 2 3 3 3 4 4 0 4 1 4 2 4 3 4 4 4 6 0 4 0 5 1 4 1 5 2 5 3 5 3 6 1 2 4 5 12 2 4 1 2 4 5 2 6 1 2 4 5 3 1 1 2 4 5 3 2 1 2 4 5 3 3 1 2 4 5 3 4 1 2 4 5 4 0 1 2 4 5 4 1 1 2 4 5 4 2 1 2 4 5 4 3 1 2 4 5 4 4 1 2 4 5 4 6 654 0 0 0
8 2 4 5 1 1 1 2 1 3 1 4 2 3 20 0 0 0 1 0 2 2 0 2 1 2 2 2 5 3 0 3 1 4 0 4 1 5 0 5 1 6 0 1 1 1 2 1 3 1 4 2 3 2 4 1 5 1 5 14 0 0 1 5 1 5 0 1 1 5 1 5 0 2 1 5 1 5 2 0 1 5 1 5 2 1 1 5 1 5 2 2 1 5 1 5 2 5 655 7 6 4 3 0 1 5 1 5 3 1 1 5 1 5 4 0 1 5 1 5 4 1 1 5 1 5 5 0 1 5 1 5 5 1 1 5 1 5 6 0 1 5 1 5
9 1 2 4 1 3 1 4 1 5 2 3 22 0 4 0 5 0 6 1 1 2 0 2 1 2 2 2 4 2 5 2 6 3 5 3 6 4 5 4 6 5 5 5 6 6 6 1 2 1 3 1 4 1 5 2 3 3 0 1 0 17 0 4 3 0 1 0 0 5 3 0 1 0 0 6 3 0 1 0 1 1 656 5 0 6 2 0 12 2 2 1 2 1 12 2 2 1 2 2 12 2 2 1 2 4 5 0 0 0 2 5 5 0 0 0 2 6 5 0 0 0 3 5 3 0 1 0 3 6 3 0 1 0 4 5 3 0 1 0 4 6 3 0 1 0 5 5 3 0 1 0 5 6 3 0 1 0 6 6 3 0 1 0
10 1 3 3 1 4 1 5 2 5 28 0 0 0 1 0 2 0 3 0 4 1 1 1 2 1 6 1 7 2 0 2 1 2 2 2 3 2 4 2 6 2 7 2 8 3 2 3 3 4 2 4 3 5 2 5 3 6 2 1 3 1 4 1 5 2 5 75 5 1 8 24 0 0 75 5 1 8 0 1 75 5 1 8 0 2 75 5 1 8 0 3 75 5 1 8 0 4 75 5 1 8 1 1 75 5 1 8 1 2 657 5 0 8 1 6 75 5 1 8 1 7 75 5 1 8 2 0 75 5 1 8 2 1 75 5 1 8 2 2 75 5 1 8 2 3 75 5 1 8 2 4 77 5 1 8 2 6 289 1 2 0 2 7 105 1 2 0 2 8 107 5 1 7 3 2 75 5 1 8 3 3 75 5 1 8 4 2 75 5 1 8 4 3 75 5 1 8 5 2 75 5 1 8 5 3 75 5 1 8 6 2 75 5 1 8
11 4 5 3 5 4 5 5 5 6 52 0 4 0 6 1 4 1 5 1 6 2 4 2 5 2 6 2 7 2 8 2 9 2 10 3 4 3 5 3 6 3 7 3 8 3 9 4 0 4 1 4 2 4 4 4 6 4 7 4 8 4 9 4 10 5 1 5 2 5 3 5 7 5 8 5 9 6 1 6 2 6 3 6 5 6 6 7 4 7 5 7 6 8 4 8 5 8 6 9 4 9 5 9 6 10 6 4 5 5 4 5 5 5 6 651 5 4 10 48 0 4 651 5 4 10 0 6 651 5 4 10 1 4 651 5 4 10 1 5 651 5 4 10 1 6 651 5 4 10 2 4 651 5 4 10 2 5 651 5 4 10 2 6 651 5 4 10 2 7 651 5 4 10 2 8 651 5 4 10 2 9 651 5 4 10 2 10 651 5 4 10 3 4 651 5 4 10 3 5 651 5 4 10 3 6 651 5 4 10 3 7 651 5 4 10 3 8 651 5 4 10 3 9 651 5 4 10 4 0 540 2 10 4 4 1 540 2 10 4 4 2 540 2 10 4 4 4 357 2 10 4 4 6 540 2 10 4 4 7 658 3 0 4 4 8 658 3 0 4 4 9 658 3 0 4 4 10 540 2 10 4 5 1 540 2 10 4 5 2 540 2 10 4 5 3 540 2 10 4 5 7 357 2 10 4 5 8 540 2 10 4 5 9 540 2 10 4 6 1 540 2 10 4 6 2 540 2 10 4 6 3 540 2 10 4 6 5 651 5 4 10 6 6 651 5 4 10 7 4 651 5 4 10 7 5 651 5 4 10 7 6 651 5 4 10 8 4 651 5 4 10 8 5 651 5 4 10 8 6 651 5 4 10 9 4 651 5 4 10 9 5 651 5 4 10 9 6 651 5 4 10 10 6 651 5 4 10
5 1 3 4 0 5 1 4 1 5 1 7 20 0 0 0 1 0 2 0 3 0 4 0 6 0 7 0 8 1 1 1 2 1 6 2 0 2 1 2 2 2 3 0 5 1 3 1 4 1 5 1 7 587 1 1 2 15 0 0 587 1 1 2 0 1 587 1 1 2 0 2 75 4 1 8 0 3 75 4 1 8 0 4 77 4 1 8 0 6 289 0 0 0 0 7 105 0 0 0 0 8 107 4 1 7 1 1 587 1 1 2 1 2 587 1 1 2 1 6 75 4 1 8 2 0 587 1 1 2 2 1 587 1 1 2 2 2 587 1 1 2 2 3 587 1 1 2
6 1 4 4 1 5 1 7 2 5 3 5 30 0 0 0 1 0 2 0 3 0 4 1 1 1 2 1 3 1 6 2 0 2 1 2 2 2 3 2 4 2 6 2 7 2 8 4 4 4 5 4 6 5 4 5 5 5 6 6 4 6 6 1 4 1 5 1 7 2 5 3 5 105 2 6 4 25 0 0 105 2 6 4 0 1 105 2 6 4 0 2 105 2 6 4 0 3 105 2 6 4 0 4 660 1 2 0 1 1 105 2 6 4 1 2 105 2 6 4 1 3 105 2 6 4 1 6 105 2 6 4 2 0 105 2 6 4 2 1 105 2 6 4 2 2 105 2 6 4 2 3 105 2 6 4 2 4 105 2 6 4 2 6 105 2 6 4 2 7 105 2 6 4 2 8 105 2 6 4 4 4 660 1 2 0 4 5 660 1 2 0 4 6 177 7 6 5 5 4 660 1 2 0 5 5 660 1 2 0 5 6 177 7 6 5 6 4 660 1 2 0 6 6 177 7 6 5
7 4 5 5 0 5 1 5 2 5 2 7 3 5 33 1 0 1 1 1 2 1 3 1 4 2 1 2 2 2 3 2 4 2 6 3 0 3 1 3 2 3 3 3 4 3 6 3 7 3 8 4 6 5 4 5 5 5 6 6 4 6 5 6 6 7 4 7 6 0 5 1 5 2 5 2 7 3 5 4 5 2 2 5 5 27 1 0 2 2 5 5 1 1 2 2 5 5 1 2 2 2 5 5 1 3 2 2 5 5 1 4 2 2 5 5 2 1 2 2 5 5 2 2 2 2 5 5 2 3 2 2 5 5 2 4 2 2 5 5 2 6 2 2 5 5 3 0 2 2 5 5 3 1 2 2 5 5 3 2 2 2 5 5 3 3 2 2 5 5 3 4 2 2 5 5 3 6 407 5 1 6 3 7 2 2 5 5 3 8 2 2 5 5 4 6 661 0 1 0 5 4 2 2 5 5 5 5 2 2 5 5 5 6 339 0 0 2 6 4 2 2 5 5 6 5 2 2 5 5 6 6 2 2 5 5 7 4 2 2 5 5 7 6 2 2 5 5
7 1 7 4 0 5 0 7 1 5 1 6 25 0 0 0 1 0 2 0 3 0 4 0 8 0 9 0 10 1 1 1 2 1 3 1 4 1 8 1 9 2 1 2 2 2 3 2 8 2 9 2 10 0 5 0 7 1 5 1 6 1 7 77 1 1 2 20 0 0 77 1 1 2 0 1 77 1 1 2 0 2 77 4 1 10 0 3 77 4 1 10 0 4 77 4 1 10 0 8 77 1 1 2 0 9 77 1 1 2 0 10 77 1 1 2 1 1 77 1 1 2 1 2 77 1 1 2 1 3 77 1 1 2 1 4 105 5 0 10 1 8 272 0 0 0 1 9 77 1 1 2 2 1 77 1 1 2 2 2 77 1 1 2 2 3 77 1 1 2 2 8 77 1 1 2 2 9 77 1 1 2 2 10 77 1 1 2
8 3 6 4 1 5 2 5 2 7 3 5 31 0 5 2 0 2 1 2 2 2 3 2 4 2 8 2 9 2 10 3 1 3 2 3 3 3 4 3 7 3 8 3 9 4 1 4 2 4 3 4 5 4 6 4 8 4 9 4 10 5 6 6 6 1 5 2 5 2 7 3 5 3 6 77 2 6 5 26 0 5 663 0 2 0 2 0 77 2 6 5 2 1 77 2 6 5 2 2 77 2 6 5 2 3 77 2 6 5 2 4 77 2 6 5 2 8 77 2 6 5 2 9 77 2 6 5 2 10 77 2 6 5 3 1 77 2 6 5 3 2 77 2 6 5 3 3 77 2 6 5 3 4 77 2 6 5 3 7 77 2 6 5 3 8 77 2 6 5 3 9 77 2 6 5 4 1 77 2 6 5 4 2 77 2 6 5 4 3 77 2 6 5 4 5 663 0 2 0 4 6 663 0 2 0 4 8 77 2 6 5 4 9 77 2 6 5 4 10 77 2 6 5 5 6 663 0 2 0 6 6 663 0 2 0
2 1 1 6 0 3 0 4 1 2 1 3 1 4 2 4 9 1 0 2 5 0 3 0 4 1 1 1 2 1 3 1 4 2 4 1 5 1 5 2 1 0 1 5 1 5 2 5 6 4 1 4
2 3 2 6 0 3 1 3 2 3 2 4 3 1 3 3 9 3 0 4 2 0 3 1 3 2 3 2 4 3 1 3 2 3 3 1 7 4 3 2 3 0 1 7 4 3 4 2 6 4 3 4
3 2 4 8 0 3 1 1 1 2 1 3 1 4 2 3 3 1 3 3 13 2 5 3 0 3 2 4 2 0 3 1 1 1 2 1 3 1 4 2 3 2 4 3 1 3 3 1 5 1 5 4 2 5 666 0 0 0 3 0 1 5 1 5 3 2 1 5 1 5 4 2 1 5 1 5
4 3 1 8 0 2 0 3 1 1 1 2 1 3 1 4 2 3 3 3 17 2 0 2 1 2 4 2 5 3 0 3 2 4 1 4 2 0 2 0 3 1 1 1 2 1 3 1 4 2 3 3 1 3 3 666 7 4 4 8 2 0 667 0 0 0 2 1 667 0 0 0 2 4 666 7 4 4 2 5 666 7 4 4 3 0 666 7 4 4 3 2 666 7 4 4 4 1 667 0 0 0 4 2 666 7 4 4
5 1 4 7 0 2 0 3 1 1 1 2 1 3 2 3 3 3 20 0 0 0 1 1 5 2 0 2 1 2 4 2 5 3 0 3 1 3 2 4 1 4 2 0 2 0 3 1 1 1 2 1 3 1 4 2 3 3 3 47 4 1 5 12 0 0 668 0 0 0 0 1 668 0 0 0 1 5 668 0 0 0 2 0 47 4 1 5 2 1 47 4 1 5 2 4 47 4 1 5 2 5 47 4 1 5 3 0 47 4 1 5 3 1 47 4 1 5 3 2 47 4 1 5 4 1 47 4 1 5 4 2 47 4 1 5
4 1 5 5 0 3 0 4 1 2 1 3 1 4 14 0 1 0 2 1 0 1 1 1 6 2 0 2 1 2 2 0 3 0 4 1 2 1 3 1 4 1 5 47 4 1 6 8 0 1 128 0 0 0 0 2 128 0 0 0 1 0 47 4 1 6 1 1 47 4 1 6 1 6 128 0 0 0 2 0 47 4 1 6 2 1 47 4 1 6 2 2 47 4 1 6
6 1 3 6 0 3 0 4 1 2 1 4 2 4 3 4 23 0 1 0 2 1 0 1 1 1 5 1 6 2 0 2 1 2 2 2 5 2 6 3 1 3 2 3 3 4 2 4 3 0 3 0 4 1 2 1 3 1 4 2 4 3 4 665 0 0 0 16 0 1 665 0 0 0 0 2 665 0 0 0 1 0 669 0 0 1 1 1 669 0 0 1 1 5 665 0 0 0 1 6 665 0 0 0 2 0 665 0 0 0 2 1 665 0 0 0 2 2 665 0 0 0 2 5 670 0 0 0 2 6 665 0 0 0 3 1 665 0 0 0 3 2 665 0 0 0 3 3 665 0 0 0 4 2 665 0 0 0 4 3 665 0 0 0
7 1 3 5 1 4 2 2 2 4 3 4 4 4 24 0 3 1 1 1 2 2 0 2 1 2 3 2 5 2 6 3 0 3 1 3 2 3 5 3 6 4 1 4 2 4 3 5 2 5 3 1 3 1 4 2 2 2 4 3 4 4 4 1 6 0 4 18 0 3 671 0 1 0 1 1 1 6 0 4 1 2 1 6 0 4 2 0 1 6 0 4 2 1 1 6 0 4 2 3 1 6 0 4 2 5 1 6 0 4 2 6 1 6 0 4 3 0 1 6 0 4 3 1 1 6 0 4 3 2 1 6 0 4 3 5 1 6 0 4 3 6 1 6 0 4 4 1 1 6 0 4 4 2 1 6 0 4 4 3 1 6 0 4 5 2 1 6 0 4 5 3 1 6 0 4
4 1 2 4 0 5 1 3 1 4 1 5 17 0 0 0 1 0 2 0 4 1 1 1 6 2 1 2 2 2 3 2 5 2 6 2 7 0 5 1 2 1 3 1 4 1 5 13 0 1 1 12 0 0 13 0 1 1 0 1 13 0 1 1 0 2 13 0 1 1 0 4 13 0 1 1 1 1 13 0 1 1 1 6 32 1 1 0 2 1 32 1 1 0 2 2 32 1 1 0 2 3 32 1 1 0 2 5 32 1 1 0 2 6 32 1 1 0 2 7 32 1 1 0
10 1 4 3 0 5 1 3 1 5 30 0 0 0 1 0 2 0 4 0 6 0 7 0 8 1 1 1 2 1 6 1 7 2 1 2 2 2 3 2 4 2 5 2 6 2 7 2 8 3 4 3 5 3 6 3 7 4 5 4 6 4 7 0 5 1 3 1 4 1 5 77 4 1 8 26 0 0 77 4 1 8 0 1 77 4 1 8 0 2 77 4 1 8 0 4 77 4 1 8 0 6 673 0 0 0 0 7 177 1 1 0 0 8 177 1 1 0 1 1 77 4 1 8 1 2 169 5 0 8 1 6 177 1 1 0 1 7 77 4 1 8 2 1 77 4 1 8 2 2 77 4 1 8 2 3 77 4 1 8 2 4 77 4 1 8 2 5 77 4 1 8 2 6 77 4 1 8 2 7 77 4 1 8 2 8 77 4 1 8 3 4 77 4 1 8 3 5 77 4 1 8 3 6 77 4 1 8 3 7 77 4 1 8 4 5 77 4 1 8 4 6 77 4 1 8 4 7 77 4 1 8
2 2 3 7 0 3 1 0 1 1 1 2 1 3 3 2 3 3 10 2 4 4 2 0 3 1 0 1 1 1 2 1 3 2 3 3 2 3 3 1 7 4 3 2 2 4 1 7 4 3 4 2 1 5 1 4
3 0 3 6 1 0 1 1 1 2 1 3 3 2 3 3 11 0 4 2 3 2 4 4 2 0 3 1 0 1 1 1 2 1 3 3 2 3 3 1 4 1 4 4 0 4 675 0 0 0 2 3 1 4 1 4 2 4 1 4 1 4 4 2 1 4 1 4
4 1 2 6 1 1 1 3 1 4 2 4 3 1 3 2 13 0 0 0 1 2 0 2 1 2 5 4 2 1 1 1 2 1 3 1 4 2 4 3 1 3 2 1 5 1 5 6 0 0 1 5 1 5 0 1 1 5 1 5 2 0 1 5 1 5 2 1 1 5 1 5 2 5 676 5 0 4 4 2 1 5 1 5
4 3 4 5 0 3 1 3 2 3 3 3 3 5 12 2 0 2 1 2 2 2 4 3 6 4 4 0 3 1 3 2 3 3 3 3 4 3 5 1 2 4 3 6 2 0 1 2 4 3 2 1 1 2 4 3 2 2 1 2 4 3 2 4 1 2 4 3 3 6 1 2 4 3 4 4 75 1 3 0
5 2 3 5 1 3 1 5 3 3 4 3 4 4 14 0 4 1 4 1 6 2 0 2 1 2 2 2 4 5 4 1 3 1 5 2 3 3 3 4 3 4 4 1 2 5 3 8 0 4 1 2 5 3 1 4 1 2 5 3 1 6 1 2 5 3 2 0 1 2 5 3 2 1 1 2 5 3 2 2 1 2 5 3 2 4 1 2 5 3 5 4 678 1 4 0
2 0 1 5 0 2 0 3 0 4 1 1 1 4 8 1 0 1 5 0 1 0 2 0 3 0 4 1 1 1 4 1 5 0 5 2 1 0 1 5 0 5 1 5 1 0 0 0
3 0 3 5 0 2 0 4 1 1 1 2 1 4 10 0 1 0 5 1 0 1 5 0 2 0 3 0 4 1 1 1 2 1 4 6 0 0 1 4 0 1 6 0 0 1 0 5 680 0 0 0 1 0 6 0 0 1 1 5 6 0 0 1
4 3 4 6 0 3 1 3 2 1 2 3 3 1 3 3 13 2 0 2 2 2 4 3 0 3 5 4 4 0 3 1 3 2 1 2 3 3 1 3 3 3 4 1 2 4 3 6 2 0 1 2 4 3 2 2 1 2 4 3 2 4 1 2 4 3 3 0 1 2 4 3 3 5 1 2 4 3 4 4 681 5 2 5
5 3 3 6 1 3 1 4 2 1 3 1 3 2 3 4 15 0 3 0 4 2 0 2 3 4 3 4 4 4 5 5 4 1 3 1 4 2 1 3 1 3 2 3 3 3 4 1 1 3 0 8 0 3 1 1 3 0 0 4 1 1 3 0 2 0 682 3 0 1 2 3 1 1 3 0 4 3 1 1 3 0 4 4 1 1 3 0 4 5 1 1 3 0 5 4 1 1 3 0
11 4 5 5 1 4 1 5 2 5 3 3 4 3 35 0 4 3 0 3 1 3 2 3 4 3 5 3 6 3 7 3 8 4 1 4 2 4 4 4 6 4 7 5 0 5 1 5 2 5 3 5 4 5 5 5 6 5 7 6 1 6 2 6 3 6 4 7 1 7 2 7 3 1 4 1 5 2 5 3 3 4 3 4 5 677 7 5 6 29 0 4 674 5 3 8 3 0 677 7 5 6 3 1 677 7 5 6 3 2 679 4 5 8 3 4 677 7 5 6 3 5 674 5 3 8 3 6 677 7 5 6 3 7 677 7 5 6 3 8 677 7 5 6 4 1 677 7 5 6 4 2 677 7 5 6 4 4 683 3 0 2 4 6 679 4 5 8 4 7 677 7 5 6 5 0 677 7 5 6 5 1 677 7 5 6 5 2 677 7 5 6 5 3 677 7 5 6 5 4 683 3 0 2 5 5 677 7 5 6 5 6 679 4 5 8 5 7 677 7 5 6 6 1 677 7 5 6 6 2 677 7 5 6 6 3 677 7 5 6 6 4 677 7 5 6 7 1 677 7 5 6 7 2 677 7 5 6 7 3 677 7 5 6
12 2 3 6 1 3 1 4 1 5 1 6 3 5 4 5 38 0 4 2 2 3 0 3 1 3 2 3 3 3 4 3 6 3 7 3 8 4 1 4 2 4 3 4 4 4 6 4 7 5 1 5 2 5 3 5 4 5 5 5 6 5 7 5 8 6 4 6 5 6 6 6 7 7 5 7 6 7 7 1 3 1 4 1 5 1 6 2 3 3 5 4 5 1 0 1 2 31 0 4 1 0 1 2 2 2 684 5 0 8 3 0 1 0 1 2 3 1 1 0 1 2 3 2 1 0 1 2 3 3 1 0 1 2 3 4 1 0 1 2 3 6 1 0 1 2 3 7 1 0 1 2 3 8 1 0 1 2 4 1 1 0 1 2 4 2 1 0 1 2 4 3 1 0 1 2 4 4 1 0 1 2 4 6 1 0 1 2 4 7 1 0 1 2 5 1 1 0 1 2 5 2 1 0 1 2 5 3 1 0 1 2 5 4 1 0 1 2 5 5 1 0 1 2 5 6 1 0 1 2 5 7 1 0 1 2 5 8 1 0 1 2 6 4 1 0 1 2 6 5 1 0 1 2 6 6 1 0 1 2 6 7 1 0 1 2 7 5 1 0 1 2 7 6 1 0 1 2 7 7 1 0 1 2
13 4 5 5 1 3 1 4 1 5 1 6 3 5 40 0 4 0 6 2 2 2 3 2 5 3 0 3 1 3 2 3 3 3 4 3 6 3 7 3 8 4 1 4 2 4 3 4 4 4 6 4 7 5 1 5 2 5 3 5 4 5 5 5 6 5 7 5 8 6 4 6 5 6 6 6 7 7 5 7 6 7 7 1 3 1 4 1 5 1 6 3 5 4 5 552 2 4 4 34 0 4 239 7 6 6 0 6 239 2 6 4 2 2 552 2 4 4 2 3 552 2 4 4 2 5 685 0 0 0 3 0 552 2 4 4 3 1 552 2 4 4 3 2 552 2 4 4 3 3 552 2 4 4 3 4 552 2 4 4 3 6 552 2 4 4 3 7 552 2 4 4 3 8 552 2 4 4 4 1 552 2 4 4 4 2 552 2 4 4 4 3 552 2 4 4 4 4 552 2 4 4 4 6 552 2 4 4 4 7 552 2 4 4 5 1 552 2 4 4 5 2 552 2 4 4 5 3 552 2 4 4 5 4 552 2 4 4 5 5 552 2 4 4 5 6 552 2 4 4 5 7 552 2 4 4 5 8 552 2 4 4 6 4 552 2 4 4 6 5 552 2 4 4 6 6 552 2 4 4 6 7 552 2 4 4 7 5 552 2 4 4 7 6 552 2 4 4 7 7 552 2 4 4
5 4 1 5 0 1 1 1 2 1 2 2 3 1 16 1 2 3 0 3 2 4 0 5 0 5 1 5 2 6 1 6 2 7 2 0 1 1 1 2 1 2 2 3 1 4 1 2 7 5 1 10 1 2 2 7 5 1 3 0 177 2 7 1 3 2 2 7 5 1 4 0 177 2 7 1 5 0 177 2 7 1 5 1 2 7 5 1 5 2 2 7 5 1 6 1 2 7 5 1 6 2 2 7 5 1 7 2 2 7 5 1
6 2 4 6 0 5 1 5 2 5 2 6 2 7 3 5 29 1 0 1 1 1 2 1 3 1 4 2 1 2 2 2 3 3 0 3 1 3 2 3 3 3 4 3 6 4 5 4 6 5 4 5 5 5 6 6 4 6 5 7 4 0 5 1 5 2 4 2 5 2 6 2 7 3 5 14 6 1 7 22 1 0 14 6 1 7 1 1 14 6 1 7 1 2 687 5 0 6 1 3 687 5 0 6 1 4 228 6 1 7 2 1 14 6 1 7 2 2 14 6 1 7 2 3 687 5 0 6 3 0 14 6 1 7 3 1 14 6 1 7 3 2 687 5 0 6 3 3 687 5 0 6 3 4 192 6 1 7 3 6 14 6 1 7 4 5 14 6 1 7 4 6 14 6 1 7 5 4 14 6 1 7 5 5 14 6 1 7 5 6 14 6 1 7 6 4 14 6 1 7 6 5 14 6 1 7 7 4 14 6 1 7
7 2 6 5 0 5 1 5 2 5 2 7 3 5 30 1 0 1 1 1 2 1 3 1 4 2 1 2 2 2 3 2 4 2 8 3 0 3 1 3 2 3 3 3 4 3 6 4 5 4 6 5 4 5 5 5 6 6 4 6 5 7 4 0 5 1 5 2 5 2 6 2 7 3 5 81 4 3 8 24 1 0 81 4 3 8 1 1 81 4 3 8 1 2 81 4 3 8 1 3 81 4 3 8 1 4 75 0 2 2 2 1 81 4 3 8 2 2 81 4 3 8 2 3 81 4 3 8 2 4 81 4 3 8 2 8 688 0 0 0 3 0 81 4 3 8 3 1 81 4 3 8 3 2 81 4 3 8 3 3 81 4 3 8 3 4 77 1 2 2 3 6 81 4 3 8 4 5 81 4 3 8 4 6 81 4 3 8 5 4 81 4 3 8 5 5 81 4 3 8 5 6 81 4 3 8 6 4 81 4 3 8 6 5 81 4 3 8 7 4 81 4 3 8
14 5 5 4 3 7 4 7 5 7 6 7 68 0 5 1 3 1 4 1 5 2 3 2 4 2 5 2 6 3 3 3 4 3 5 3 6 4 2 4 3 4 4 4 5 4 8 4 9 4 10 4 11 4 12 5 0 5 1 5 2 5 3 5 4 5 6 5 8 5 9 5 10 5 11 5 12 6 1 6 2 6 3 6 4 6 5 6 6 6 8 6 9 6 10 6 11 6 12 7 1 7 2 7 3 7 4 7 5 7 6 7 7 7 9 7 10 7 11 8 3 8 5 8 6 8 7 8 8 9 6 9 7 9 8 10 6 10 8 3 7 4 7 5 5 5 7 6 7 662 5 3 12 63 0 5 662 5 3 12 1 3 662 5 3 12 1 4 662 5 3 12 1 5 662 5 3 12 2 3 662 5 3 12 2 4 662 5 3 12 2 5 662 5 3 12 2 6 662 5 3 12 3 3 662 5 3 12 3 4 662 5 3 12 3 5 662 5 3 12 3 6 662 5 3 12 4 2 662 5 3 12 4 3 662 5 3 12 4 4 662 5 3 12 4 5 662 5 3 12 4 8 664 5 3 12 4 9 664 5 3 12 4 10 672 1 7 3 4 11 672 1 7 3 4 12 672 1 7 3 5 0 662 5 3 12 5 1 662 5 3 12 5 2 662 5 3 12 5 3 662 5 3 12 5 4 662 5 3 12 5 6 664 5 3 12 5 8 686 6 0 8 5 9 686 6 0 8 5 10 672 1 7 3 5 11 672 1 7 3 5 12 662 5 3 12 6 1 662 5 3 12 6 2 662 5 3 12 6 3 662 5 3 12 6 4 689 5 3 12 6 5 689 5 3 12 6 6 686 6 0 8 6 8 672 1 7 3 6 9 672 1 7 3 6 10 672 1 7 3 6 11 672 1 7 3 6 12 672 1 7 3 7 1 662 5 3 12 7 2 662 5 3 12 7 3 662 5 3 12 7 4 662 5 3 12 7 5 662 5 3 12 7 6 686 6 0 8 7 7 672 1 7 3 7 9 662 5 3 12 7 10 662 5 3 12 7 11 662 5 3 12 8 3 662 5 3 12 8 5 662 5 3 12 8 6 672 1 7 3 8 7 672 1 7 3 8 8 672 1 7 3 9 6 689 5 3 12 9 7 672 1 7 3 9 8 672 1 7 3 10 6 689 5 3 12 10 8 672 1 7 3
15 3 7 3 4 7 5 7 6 7 74 0 5 0 8 1 3 1 4 1 5 1 6 1 7 1 8 2 3 2 4 2 5 2 6 2 7 2 8 3 3 3 4 3 5 3 6 4 2 4 3 4 4 4 5 4 8 4 9 4 10 4 11 4 12 5 0 5 1 5 2 5 3 5 4 5 5 5 6 5 8 5 9 5 10 5 11 5 12 6 1 6 2 6 3 6 4 6 5 6 6 6 8 6 9 6 10 6 11 6 12 7 1 7 2 7 3 7 4 7 5 7 6 7 7 7 9 7 10 7 11 8 3 8 5 8 6 8 7 8 8 9 6 9 7 9 8 10 6 10 8 3 7 4 7 5 7 6 7 407 1 6 6 70 0 5 407 1 6 6 0 8 33 6 1 7 1 3 407 1 6 6 1 4 407 1 6 6 1 5 407 1 6 6 1 6 24 4 7 10 1 7 33 6 1 7 1 8 33 6 1 7 2 3 407 1 6 6 2 4 407 1 6 6 2 5 407 1 6 6 2 6 24 4 7 10 2 7 690 0 0 0 2 8 33 6 1 7 3 3 407 1 6 6 3 4 407 1 6 6 3 5 407 1 6 6 3 6 24 4 7 10 4 2 407 1 6 6 4 3 407 1 6 6 4 4 407 1 6 6 4 5 407 1 6 6 4 8 33 6 1 7 4 9 407 1 6 6 4 10 407 1 6 6 4 11 407 1 6 6 4 12 407 1 6 6 5 0 407 1 6 6 5 1 407 1 6 6 5 2 407 1 6 6 5 3 407 1 6 6 5 4 407 1 6 6 5 5 407 1 6 6 5 6 407 1 6 6 5 8 33 6 1 7 5 9 407 1 6 6 5 10 407 1 6 6 5 11 407 1 6 6 5 12 407 1 6 6 6 1 407 1 6 6 6 2 407 1 6 6 6 3 407 1 6 6 6 4 407 1 6 6 6 5 407 1 6 6 6 6 407 1 6 6 6 8 33 6 1 7 6 9 407 1 6 6 6 10 407 1 6 6 6 11 407 1 6 6 6 12 407 1 6 6 7 1 407 1 6 6 7 2 407 1 6 6 7 3 407 1 6 6 7 4 407 1 6 6 7 5 407 1 6 6 7 6 407 1 6 6 7 7 407 1 6 6 7 9 407 1 6 6 7 10 407 1 6 6 7 11 407 1 6 6 8 3 407 1 6 6 8 5 407 1 6 6 8 6 407 1 6 6 8 7 407 1 6 6 8 8 407 1 6 6 9 6 407 1 6 6 9 7 407 1 6 6 9 8 407 1 6 6 10 6 407 1 6 6 10 8 407 1 6 6
16 6 7 2 4 7 5 7 88 0 5 0 8 1 3 1 4 1 5 1 6 1 7 1 8 2 3 2 4 2 5 2 6 2 7 2 8 3 3 3 4 3 5 3 6 3 7 3 9 4 2 4 3 4 4 4 5 4 8 4 9 4 10 4 11 4 12 5 0 5 1 5 2 5 3 5 4 5 5 5 6 5 8 5 9 5 10 5 11 5 12 6 1 6 2 6 3 6 4 6 5 6 6 6 8 6 9 6 10 6 11 6 12 7 1 7 2 7 3 7 4 7 5 7 6 7 7 7 8 7 9 7 10 7 11 7 12 8 3 8 5 8 6 8 7 8 8 8 9 8 10 8 11 9 6 9 7 9 8 9 9 9 10 9 11 9 12 10 6 10 7 10 8 10 10 11 6 11 8 4 7 5 7 6 7 30 3 1 6 85 0 5 30 3 1 6 0 8 30 3 1 6 1 3 30 3 1 6 1 4 30 3 1 6 1 5 30 3 1 6 1 6 408 2 10 5 1 7 30 3 1 6 1 8 30 3 1 6 2 3 30 3 1 6 2 4 30 3 1 6 2 5 30 3 1 6 2 6 408 2 10 5 2 7 119 0 3 4 2 8 30 3 1 6 3 3 30 3 1 6 3 4 30 3 1 6 3 5 30 3 1 6 3 6 408 2 10 5 3 7 415 5 4 11 3 9 30 3 1 6 4 2 30 3 1 6 4 3 30 3 1 6 4 4 30 3 1 6 4 5 30 3 1 6 4 8 30 3 1 6 4 9 30 3 1 6 4 10 30 3 1 6 4 11 30 3 1 6 4 12 30 3 1 6 5 0 30 3 1 6 5 1 30 3 1 6 5 2 30 3 1 6 5 3 30 3 1 6 5 4 30 3 1 6 5 5 30 3 1 6 5 6 408 2 10 5 5 8 119 5 3 10 5 9 30 3 1 6 5 10 30 3 1 6 5 11 30 3 1 6 5 12 30 3 1 6 6 1 30 3 1 6 6 2 30 3 1 6 6 3 30 3 1 6 6 4 30 3 1 6 6 5 30 3 1 6 6 6 408 2 10 5 6 8 650 1 10 2 6 9 30 3 1 6 6 10 30 3 1 6 6 11 30 3 1 6 6 12 30 3 1 6 7 1 30 3 1 6 7 2 30 3 1 6 7 3 30 3 1 6 7 4 30 3 1 6 7 5 30 3 1 6 7 6 659 6 0 12 7 7 26 1 7 3 7 8 691 0 0 0 7 9 30 3 1 6 7 10 30 3 1 6 7 11 30 3 1 6 7 12 30 3 1 6 8 3 30 3 1 6 8 5 30 3 1 6 8 6 26 1 7 3 8 7 30 3 1 6 8 8 26 1 7 3 8 9 30 3 1 6 8 10 30 3 1 6 8 11 30 3 1 6 9 6 30 3 1 6 9 7 30 3 1 6 9 8 30 3 1 6 9 9 30 3 1 6 9 10 30 3 1 6 9 11 30 3 1 6 9 12 30 3 1 6 10 6 30 3 1 6 10 7 30 3 1 6 10 8 30 3 1 6 10 10 30 3 1 6 11 6 30 3 1 6 11 8 30 3 1 6
8 4 4 3 1 4 2 4 3 4 25 0 0 0 1 0 2 0 3 0 5 1 0 1 1 1 2 1 3 1 5 1 6 1 7 2 2 2 3 2 5 2 6 2 7 4 5 5 4 5 5 6 5 1 4 2 4 3 4 4 4 3 2 6 4 21 0 0 3 2 6 4 0 1 3 2 6 4 0 2 3 2 6 4 0 3 3 2 6 4 0 5 5 2 6 3 1 0 3 2 6 4 1 1 3 2 6 4 1 2 3 2 6 4 1 3 3 2 6 4 1 5 5 2 6 3 1 6 3 2 6 4 1 7 3 2 6 4 2 2 3 2 6 4 2 3 3 2 6 4 2 5 5 2 6 3 2 6 3 2 6 4 2 7 3 2 6 4 4 5 414 1 4 0 5 4 414 1 4 0 5 5 414 1 4 0 6 5 414 1 4 0
7 4 5 5 1 6 2 6 3 4 3 5 3 6 27 0 4 1 4 2 1 2 2 2 3 2 4 2 5 3 1 3 2 3 3 3 7 3 8 4 0 4 1 4 2 4 4 4 7 4 8 4 9 5 5 6 5 1 6 2 6 3 4 3 5 3 6 4 5 20 7 6 6 21 0 4 20 7 6 6 1 4 20 7 6 6 2 1 20 7 6 6 2 2 20 7 6 6 2 3 20 7 6 6 2 4 20 7 6 6 2 5 139 6 0 7 3 1 20 7 6 6 3 2 20 7 6 6 3 3 20 7 6 6 3 7 20 7 6 6 3 8 20 7 6 6 4 0 20 7 6 6 4 1 20 7 6 6 4 2 20 7 6 6 4 4 20 7 6 6 4 7 20 7 6 6 4 8 20 7 6 6 4 9 20 7 6 6 5 5 611 0 2 0 6 5 611 0 2 0
9 4 4 4 2 6 3 6 4 5 4 6 41 0 3 0 4 1 2 1 3 1 4 2 2 2 3 2 4 2 5 3 0 3 1 3 2 3 3 3 4 3 5 4 1 4 2 4 3 4 7 4 8 4 9 5 0 5 1 5 2 5 3 5 4 5 5 5 7 5 8 5 9 6 3 6 4 6 5 7 3 7 4 7 5 2 6 3 6 4 4 4 5 4 6 439 6 1 7 36 0 3 439 6 1 7 0 4 439 6 1 7 1 2 439 6 1 7 1 3 439 6 1 7 1 4 461 6 1 7 2 2 439 6 1 7 2 3 439 6 1 7 2 4 461 6 1 7 2 5 439 6 1 7 3 0 439 6 1 7 3 1 693 3 0 3 3 2 693 3 0 3 3 3 279 0 3 0 3 4 461 6 1 7 3 5 119 6 1 7 4 1 439 6 1 7 4 2 119 6 1 7 4 3 693 3 0 3 4 7 299 6 1 6 4 8 439 6 1 7 4 9 439 6 1 7 5 0 439 6 1 7 5 1 693 3 0 3 5 2 693 3 0 3 5 3 694 0 1 0 5 4 439 6 1 7 5 5 439 6 1 7 5 7 439 6 1 7 5 8 439 6 1 7 5 9 439 6 1 7 6 3 461 6 1 7 6 4 439 6 1 7 6 5 439 6 1 7 7 3 439 6 1 7 7 4 439 6 1 7 7 5 439 6 1 7
6 1 6 4 1 4 1 5 2 5 3 5 27 0 1 0 2 0 3 0 6 0 7 0 8 0 9 1 1 1 2 1 3 1 7 1 8 2 0 2 1 2 2 2 3 2 4 2 7 2 8 2 9 4 5 5 5 1 4 1 5 1 6 2 5 3 5 206 5 0 9 22 0 1 206 5 0 9 0 2 206 5 0 9 0 3 206 5 0 9 0 6 205 1 2 0 0 7 646 0 0 2 0 8 647 0 0 1 0 9 647 0 0 1 1 1 206 5 0 9 1 2 206 5 0 9 1 3 646 0 0 2 1 7 647 0 0 1 1 8 206 5 0 9 2 0 206 5 0 9 2 1 206 5 0 9 2 2 206 5 0 9 2 3 206 5 0 9 2 4 206 5 0 9 2 7 206 5 0 9 2 8 206 5 0 9 2 9 206 5 0 9 4 5 205 1 2 0 5 5 206 5 0 9
12 5 5 3 3 6 4 6 5 6 60 0 2 0 3 0 4 0 5 0 7 1 3 1 4 1 5 1 6 1 7 2 2 2 3 2 4 2 6 2 7 3 2 3 3 3 4 3 5 4 0 4 1 4 2 4 3 4 4 4 5 4 8 4 9 4 10 5 1 5 2 5 3 5 4 5 7 5 8 5 9 6 0 6 1 6 2 6 3 6 4 6 5 6 7 6 8 6 9 6 10 7 1 7 2 7 3 7 4 7 5 8 3 8 4 8 5 9 3 9 4 9 5 3 6 4 6 5 5 5 6 75 7 8 6 56 0 2 75 7 8 6 0 3 75 7 8 6 0 4 75 7 8 6 0 5 75 7 8 6 0 7 75 7 8 6 1 3 75 7 8 6 1 4 75 7 8 6 1 5 75 7 8 6 1 6 75 7 8 6 1 7 75 7 8 6 2 2 75 7 8 6 2 3 75 7 8 6 2 4 75 7 8 6 2 6 695 0 1 0 2 7 75 7 8 6 3 2 75 7 8 6 3 3 75 7 8 6 3 4 75 7 8 6 3 5 75 7 8 6 4 0 75 7 8 6 4 1 75 7 8 6 4 2 75 7 8 6 4 3 75 7 8 6 4 4 75 7 8 6 4 5 530 7 9 9 4 8 75 7 8 6 4 9 75 7 8 6 4 10 75 7 8 6 5 1 75 7 8 6 5 2 75 7 8 6 5 3 75 7 8 6 5 4 75 7 8 6 5 7 75 7 8 6 5 8 75 7 8 6 5 9 75 7 8 6 6 0 75 7 8 6 6 1 75 7 8 6 6 2 75 7 8 6 6 3 75 7 8 6 6 4 75 7 8 6 6 5 696 1 6 1 6 7 75 7 8 6 6 8 75 7 8 6 6 9 75 7 8 6 6 10 75 7 8 6 7 1 75 7 8 6 7 2 75 7 8 6 7 3 75 7 8 6 7 4 75 7 8 6 7 5 696 1 6 1 8 3 75 7 8 6 8 4 75 7 8 6 8 5 696 1 6 1 9 3 75 7 8 6 9 4 75 7 8 6 9 5 75 7 8 6
6 2 2 4 1 4 2 3 2 4 2 5 18 0 2 1 0 1 1 1 2 1 5 2 1 2 6 3 0 3 1 3 2 3 3 4 3 5 3 1 4 2 2 2 3 2 4 2 5 38 1 2 0 13 0 2 38 1 2 0 1 0 39 0 1 0 1 1 39 0 1 0 1 2 39 0 1 0 1 5 10 2 5 1 2 1 10 2 5 1 2 6 38 1 2 0 3 0 38 1 2 0 3 1 38 1 2 0 3 2 38 1 2 0 3 3 38 1 2 0 4 3 38 1 2 0 5 3 38 1 2 0
7 3 3 4 1 4 2 3 2 4 3 4 26 0 4 1 3 2 0 2 1 2 2 3 0 3 1 3 2 3 5 3 6 3 7 4 0 4 1 4 2 4 3 4 5 4 6 4 7 5 2 5 3 6 2 1 4 2 3 2 4 3 3 3 4 368 3 0 3 21 0 4 316 0 1 0 1 3 368 3 0 3 2 0 368 3 0 3 2 1 368 3 0 3 2 2 368 3 0 3 3 0 368 3 0 3 3 1 368 3 0 3 3 2 368 3 0 3 3 5 368 3 0 3 3 6 368 3 0 3 3 7 368 3 0 3 4 0 368 3 0 3 4 1 368 3 0 3 4 2 368 3 0 3 4 3 316 0 1 0 4 5 368 3 0 3 4 6 368 3 0 3 4 7 368 3 0 3 5 2 368 3 0 3 5 3 511 5 0 7 6 2 368 3 0 3
4 3 4 5 1 3 2 2 2 3 3 2 3 3 14 0 3 2 0 2 1 2 4 3 5 4 4 5 4 6 4 1 3 2 2 2 3 3 2 3 3 3 4 7 1 3 0 8 0 3 7 1 3 0 2 0 75 2 6 3 2 1 75 2 6 3 2 4 7 1 3 0 3 5 75 2 6 3 4 4 7 1 3 0 5 4 7 1 3 0 6 4 7 1 3 0
5 3 2 6 1 3 2 2 2 3 3 3 4 2 4 3 17 0 3 1 2 3 1 3 4 3 5 4 0 4 1 5 1 6 1 7 1 1 3 2 2 2 3 3 2 3 3 4 2 4 3 6 7 4 3 10 0 3 700 5 1 5 1 2 6 7 4 3 3 1 6 7 4 3 3 4 6 7 4 3 3 5 6 7 4 3 4 0 6 7 4 3 4 1 6 7 4 3 5 1 6 7 4 3 6 1 6 7 4 3 7 1 6 7 4 3
6 4 2 5 1 3 2 2 2 3 3 3 4 3 18 0 3 1 2 3 1 3 2 3 4 3 5 4 0 4 1 5 1 5 2 6 1 7 1 1 3 2 2 2 3 3 3 4 2 4 3 1 7 5 3 12 0 3 1 7 5 3 1 2 1 7 5 3 3 1 1 7 5 3 3 2 1 7 5 3 3 4 1 7 5 3 3 5 1 7 5 3 4 0 1 7 5 3 4 1 1 7 5 3 5 1 1 7 5 3 5 2 701 0 0 0 6 1 1 7 5 3 7 1 1 7 5 3
7 4 3 4 1 3 2 2 2 3 3 3 24 0 3 1 2 3 1 3 2 3 4 3 5 4 0 4 1 4 2 5 1 5 2 5 3 5 4 6 1 6 2 6 3 6 4 7 1 7 4 1 3 2 2 2 3 3 3 4 3 38 7 6 3 19 0 3 38 7 6 3 1 2 348 2 7 2 3 1 38 7 6 3 3 2 38 7 6 3 3 4 38 7 6 3 3 5 38 7 6 3 4 0 38 7 6 3 4 1 38 7 6 3 4 2 268 2 7 2 5 1 38 7 6 3 5 2 268 2 7 2 5 3 702 0 0 0 5 4 38 7 6 3 6 1 38 7 6 3 6 2 268 2 7 2 6 3 38 7 6 3 6 4 38 7 6 3 7 1 38 7 6 3 7 4 38 7 6 3
9 2 3 3 1 4 2 4 3 4 34 0 4 1 3 2 0 2 1 2 2 3 0 3 1 3 2 3 3 3 5 3 6 3 7 4 0 4 1 4 2 4 3 4 4 4 5 4 6 4 7 5 2 5 3 5 4 5 5 6 2 6 3 6 4 6 5 7 2 7 5 1 4 2 3 2 4 3 4 139 5 0 7 30 0 4 516 0 1 0 1 3 139 5 0 7 2 0 139 5 0 7 2 1 698 2 6 2 2 2 698 2 6 2 3 0 139 5 0 7 3 1 139 5 0 7 3 2 139 5 0 7 3 3 698 2 6 2 3 5 62 2 6 2 3 6 62 2 6 2 3 7 62 2 6 2 4 0 139 5 0 7 4 1 139 5 0 7 4 2 139 5 0 7 4 3 139 5 0 7 4 4 699 0 0 0 4 5 703 0 0 1 4 6 139 5 0 7 4 7 139 5 0 7 5 2 139 5 0 7 5 3 139 5 0 7 5 4 139 5 0 7 5 5 699 0 0 0 6 2 139 5 0 7 6 3 139 5 0 7 6 4 139 5 0 7 6 5 699 0 0 0 7 2 139 5 0 7 7 5 139 5 0 7
5 2 4 4 1 3 2 3 3 3 4 3 21 0 2 1 0 1 1 1 2 1 4 2 5 2 6 3 4 4 2 5 2 5 3 5 4 6 2 6 3 6 4 7 4 1 3 2 3 2 4 3 3 4 3 39 7 6 4 16 0 2 39 7 6 4 1 0 39 7 6 4 1 1 39 7 6 4 1 2 39 7 6 4 1 4 191 7 7 4 2 5 39 7 6 4 2 6 39 7 6 4 3 4 39 7 6 4 4 2 177 2 7 3 5 2 177 2 7 3 5 3 290 1 4 0 5 4 39 7 6 4 6 2 177 2 7 3 6 3 39 7 6 4 6 4 39 7 6 4 7 4 39 7 6 4
7 2 4 4 1 3 2 3 3 3 4 3 30 0 2 1 0 1 1 1 2 1 4 2 5 2 6 3 0 3 1 3 2 3 4 4 2 4 4 4 5 4 6 5 3 5 4 6 2 6 3 6 4 7 2 7 3 7 4 8 2 8 4 1 3 2 3 2 4 3 3 4 3 38 2 6 3 25 0 2 38 2 6 3 1 0 38 2 6 3 1 1 38 2 6 3 1 2 38 2 6 3 1 4 543 0 1 0 2 5 38 2 6 3 2 6 38 2 6 3 3 0 38 2 6 3 3 1 38 2 6 3 3 2 38 2 6 3 3 4 38 2 6 3 4 2 38 2 6 3 4 4 177 2 7 3 4 5 38 2 6 3 4 6 38 2 6 3 5 3 290 1 4 0 5 4 290 1 4 0 6 2 38 2 6 3 6 3 38 2 6 3 6 4 290 1 4 0 7 2 38 2 6 3 7 3 38 2 6 3 7 4 38 2 6 3 8 2 38 2 6 3 8 4 38 2 6 3
7 2 4 4 1 3 2 3 3 3 4 3 25 0 2 1 0 1 1 1 2 1 4 2 5 2 6 3 2 3 4 4 2 5 2 5 3 6 2 6 3 6 4 7 2 7 3 7 4 8 2 8 4 1 3 2 3 2 4 3 3 4 3 39 7 6 4 20 0 2 39 7 6 4 1 0 39 7 6 4 1 1 39 7 6 4 1 2 39 7 6 4 1 4 278 7 8 4 2 5 39 7 6 4 2 6 39 7 6 4 3 2 39 7 6 4 3 4 39 7 6 4 4 2 268 7 7 4 5 2 290 1 4 0 5 3 290 1 4 0 6 2 290 1 4 0 6 3 39 7 6 4 6 4 39 7 6 4 7 2 39 7 6 4 7 3 39 7 6 4 7 4 39 7 6 4 8 2 39 7 6 4 8 4 39 7 6 4
8 4 4 3 1 4 2 4 3 4 39 0 3 1 1 1 2 1 3 1 5 2 5 2 6 2 7 3 0 3 1 3 2 3 3 3 5 3 6 3 7 4 1 4 2 4 3 4 5 4 6 4 7 5 0 5 1 5 2 5 3 5 4 5 5 6 3 6 4 6 5 7 3 7 4 7 5 8 3 8 5 1 4 2 4 3 4 4 4 211 2 6 3 35 0 3 409 0 1 3 1 1 211 2 6 3 1 2 211 2 6 3 1 3 409 0 1 3 1 5 211 2 6 3 2 5 211 2 6 3 2 6 211 2 6 3 2 7 211 2 6 3 3 0 211 2 6 3 3 1 211 2 6 3 3 2 211 2 6 3 3 3 211 2 6 3 3 5 211 2 6 3 3 6 211 2 6 3 3 7 211 2 6 3 4 1 211 2 6 3 4 2 211 2 6 3 4 3 409 0 1 3 4 5 705 0 0 1 4 6 211 2 6 3 4 7 211 2 6 3 5 0 211 2 6 3 5 1 211 2 6 3 5 2 211 2 6 3 5 3 706 0 0 1 5 4 17 0 1 0 5 5 707 0 0 1 6 3 17 0 1 0 6 4 211 2 6 3 6 5 17 0 1 0 7 3 211 2 6 3 7 4 211 2 6 3 7 5 211 2 6 3 8 3 211 2 6 3 8 5 211 2 6 3
5 1 3 4 0 5 1 4 1 5 1 6 19 0 0 0 1 0 2 0 4 0 6 1 1 1 2 1 7 2 2 2 3 2 4 2 6 2 7 2 8 0 5 1 3 1 4 1 5 1 6 33 5 1 8 14 0 0 33 5 1 8 0 1 33 5 1 8 0 2 33 5 1 8 0 4 33 5 1 8 0 6 33 5 1 8 1 1 33 5 1 8 1 2 33 5 1 8 1 7 177 1 1 0 2 2 177 1 1 0 2 3 177 1 1 0 2 4 177 1 1 0 2 6 177 1 1 0 2 7 177 1 1 0 2 8 177 1 1 0
5 4 3 4 1 3 2 3 2 4 3 3 21 0 2 1 0 1 1 1 2 1 4 2 5 2 6 3 4 4 2 5 2 5 3 5 4 6 2 6 3 6 4 7 4 1 3 2 3 2 4 3 3 4 3 39 7 6 4 16 0 2 39 7 6 4 1 0 39 7 6 4 1 1 39 7 6 4 1 2 39 7 6 4 1 4 191 7 7 4 2 5 39 7 6 4 2 6 39 7 6 4 3 4 39 7 6 4 4 2 177 2 7 3 5 2 177 2 7 3 5 3 290 1 4 0 5 4 39 7 6 4 6 2 177 2 7 3 6 3 39 7 6 4 6 4 39 7 6 4 7 4 39 7 6 4
6 2 5 3 3 4 3 5 3 6 32 0 5 1 5 2 0 2 1 2 2 2 4 2 6 2 8 2 9 2 10 3 1 3 2 3 3 3 7 3 8 3 9 4 1 4 2 4 3 4 4 4 6 4 7 4 8 4 9 5 4 5 6 6 4 6 6 2 5 3 4 3 5 3 6 139 2 6 3 28 0 5 709 0 2 0 1 5 709 0 2 0 2 0 139 2 6 3 2 1 139 2 6 3 2 2 139 2 6 3 2 4 139 2 6 3 2 6 139 7 6 7 2 8 139 2 6 3 2 9 139 2 6 3 2 10 139 2 6 3 3 1 139 2 6 3 3 2 139 2 6 3 3 3 710 2 6 3 3 7 710 7 6 7 3 8 139 2 6 3 3 9 139 2 6 3 4 1 139 2 6 3 4 2 139 2 6 3 4 3 139 2 6 3 4 4 139 2 6 3 4 6 139 7 6 7 4 7 139 7 6 7 4 8 139 7 6 7 4 9 139 7 6 7 5 4 139 2 6 3 5 6 139 7 6 7 6 4 139 2 6 3 6 6 139 7 6 7
2 1 1 5 0 3 1 0 1 2 1 3 2 3 8 0 4 2 4 0 3 1 0 1 1 1 2 1 3 2 3 1 5 1 4 2 0 4 1 5 1 4 2 4 1 4 1 4
4 1 3 4 0 5 1 2 1 4 1 5 13 0 0 0 1 0 2 0 6 1 1 2 0 2 1 2 2 0 5 1 2 1 3 1 4 1 5 1 4 1 6 8 0 0 1 4 1 6 0 1 1 4 1 6 0 2 1 4 1 6 0 6 14 6 0 5 1 1 1 4 1 6 2 0 1 4 1 6 2 1 1 4 1 6 2 2 1 4 1 6
5 3 4 5 0 5 1 5 2 5 3 2 3 5 16 2 0 2 1 2 2 2 6 3 1 3 3 4 0 4 1 4 2 4 4 0 5 1 5 2 5 3 2 3 4 3 5 1 7 4 5 10 2 0 1 7 4 5 2 1 1 7 4 5 2 2 1 7 4 5 2 6 1 7 4 5 3 1 1 7 4 5 3 3 1 7 4 5 4 0 1 7 4 5 4 1 1 7 4 5 4 2 1 7 4 5 4 4 713 0 2 0
6 1 5 3 1 3 1 4 1 6 24 0 0 0 1 0 2 0 3 0 4 0 5 0 6 0 7 0 8 0 9 1 1 1 2 1 7 1 8 2 0 2 1 2 2 2 7 2 8 2 9 1 3 1 4 1 5 1 6 203 5 0 9 20 0 0 203 5 0 9 0 1 203 5 0 9 0 2 123 4 1 9 0 3 203 0 0 0 0 4 203 0 0 0 0 5 203 5 0 9 0 6 203 5 0 9 0 7 123 1 1 0 0 8 203 0 0 0 0 9 203 0 0 0 1 1 203 5 0 9 1 2 203 5 0 9 1 7 203 0 0 0 1 8 203 0 0 0 2 0 203 5 0 9 2 1 203 5 0 9 2 2 203 5 0 9 2 7 203 0 0 0 2 8 203 0 0 0 2 9 203 0 0 0
7 4 3 6 1 4 1 5 1 6 1 7 4 4 4 6 37 0 1 0 2 0 3 1 2 1 3 2 2 2 3 2 4 3 0 3 1 3 2 3 3 3 7 3 8 3 9 4 1 4 2 4 5 4 7 4 8 5 0 5 1 5 2 5 3 5 4 5 5 5 6 5 7 5 8 5 9 1 4 1 5 1 6 1 7 4 3 4 4 4 6 521 7 4 7 30 0 1 715 1 5 0 0 2 715 1 5 0 0 3 715 1 5 0 1 2 715 1 5 0 1 3 715 1 5 0 2 2 715 1 5 0 2 3 715 1 5 0 2 4 715 1 5 0 3 0 521 7 4 7 3 1 521 7 4 7 3 2 521 7 4 7 3 3 715 1 5 0 3 7 521 7 4 7 3 8 521 7 4 7 3 9 521 7 4 7 4 1 521 7 4 7 4 2 521 7 4 7 4 5 521 7 4 7 4 7 521 7 4 7 4 8 521 7 4 7 5 0 521 7 4 7 5 1 521 7 4 7 5 2 521 7 4 7 5 3 521 7 4 7 5 4 521 7 4 7 5 5 521 7 4 7 5 6 521 7 4 7 5 7 521 7 4 7 5 8 521 7 4 7 5 9 521 7 4 7
4 0 4 4 1 1 1 2 1 3 1 4 11 0 3 0 5 1 0 2 3 2 4 2 5 0 4 1 1 1 2 1 3 1 4 1 4 1 5 6 0 3 1 4 1 5 0 5 175 1 2 0 1 0 1 4 1 5 2 3 1 4 1 5 2 4 1 4 1 5 2 5 1 4 1 5
9 1 2 3 1 3 1 4 1 5 24 0 4 0 5 0 6 1 1 2 0 2 1 2 2 2 3 2 4 2 5 2 6 3 3 3 4 3 5 3 6 4 4 4 5 4 6 5 4 5 6 1 2 1 3 1 4 1 5 33 0 1 0 20 0 4 33 0 1 0 0 5 33 0 1 0 0 6 33 0 1 0 1 1 43 5 0 6 2 0 717 0 0 1 2 1 717 0 0 1 2 2 717 0 0 1 2 3 33 0 1 0 2 4 5 0 0 0 2 5 5 0 0 0 2 6 5 0 0 0 3 3 33 0 1 0 3 4 33 0 1 0 3 5 33 0 1 0 3 6 33 0 1 0 4 4 33 0 1 0 4 5 33 0 1 0 4 6 33 0 1 0 5 4 33 0 1 0 5 6 33 0 1 0
10 1 4 2 1 3 1 5 37 0 0 0 1 0 2 0 4 0 5 0 6 0 7 0 8 1 1 1 2 1 6 1 7 2 0 2 1 2 2 2 3 2 4 2 5 2 6 2 7 2 8 3 3 3 4 3 5 3 6 3 7 4 4 4 5 4 6 4 7 5 4 5 5 5 6 5 7 1 3 1 4 1 5 30 1 2 0 34 0 0 30 1 2 0 0 1 30 1 2 0 0 2 30 1 2 0 0 4 31 1 2 1 0 5 15 1 2 1 0 6 15 4 2 7 0 7 15 4 2 7 0 8 30 0 0 0 1 1 31 1 2 1 1 2 46 5 0 8 1 6 718 0 0 0 1 7 30 0 0 0 2 0 30 0 0 0 2 1 30 0 0 0 2 2 30 0 0 0 2 3 30 0 0 0 2 4 31 1 2 1 2 5 53 0 0 0 2 6 53 0 0 0 2 7 53 0 0 0 2 8 30 0 0 0 3 3 30 0 0 0 3 4 30 0 0 0 3 5 30 0 0 0 3 6 30 0 0 0 3 7 30 0 0 0 4 4 30 0 0 0 4 5 30 0 0 0 4 6 30 0 0 0 4 7 30 0 0 0 5 4 30 0 0 0 5 5 30 0 0 0 5 6 30 0 0 0 5 7 30 0 0 0
5 3 4 5 0 5 1 5 2 5 3 3 3 5 14 2 0 2 1 2 2 2 4 2 6 3 1 3 2 4 4 0 5 1 5 2 5 3 3 3 4 3 5 1 7 4 5 8 2 0 1 7 4 5 2 1 1 7 4 5 2 2 1 7 4 5 2 4 1 7 4 5 2 6 1 7 4 5 3 1 1 7 4 5 3 2 1 7 4 5 4 4 177 1 3 0
6 1 2 5 1 1 1 3 1 4 2 4 3 1 16 0 2 2 0 2 1 2 2 2 5 4 1 4 2 5 1 5 2 6 2 1 1 1 2 1 3 1 4 2 4 3 1 1 5 1 5 10 0 2 1 5 1 5 2 0 1 5 1 5 2 1 1 5 1 5 2 2 1 5 1 5 2 5 720 7 6 4 4 1 1 5 1 5 4 2 1 5 1 5 5 1 1 5 1 5 5 2 1 5 1 5 6 2 1 5 1 5
7 2 5 6 1 2 1 3 1 4 1 5 4 3 4 5 19 0 4 2 6 3 0 3 1 3 2 3 4 3 5 3 6 4 1 4 2 4 4 5 4 1 2 1 3 1 4 1 5 2 5 4 3 4 5 1 5 1 6 12 0 4 1 5 1 6 2 6 721 7 5 6 3 0 1 5 1 6 3 1 1 5 1 6 3 2 1 5 1 6 3 4 1 5 1 6 3 5 1 5 1 6 3 6 1 5 1 6 4 1 1 5 1 6 4 2 1 5 1 6 4 4 1 5 1 6 5 4 1 5 1 6
5 0 3 6 1 0 1 1 1 2 1 3 2 3 4 2 15 0 4 3 2 3 3 3 4 4 3 4 4 5 2 5 4 0 3 1 0 1 1 1 2 1 3 2 3 4 2 1 4 1 4 8 0 4 522 5 0 4 3 2 1 4 1 4 3 3 1 4 1 4 3 4 1 4 1 4 4 3 1 4 1 4 4 4 1 4 1 4 5 2 1 4 1 4 5 4 1 4 1 4
6 3 4 5 0 4 1 4 2 1 2 4 3 3 16 2 0 2 2 3 1 3 2 3 5 4 0 4 1 4 2 4 3 4 5 0 4 1 4 2 1 2 4 3 3 3 4 1 7 4 4 10 2 0 1 7 4 4 2 2 1 7 4 4 3 1 1 7 4 4 3 2 1 7 4 4 3 5 1 7 4 4 4 0 1 7 4 4 4 1 1 7 4 4 4 2 1 7 4 4 4 3 723 6 0 5 4 5 1 7 4 4
7 4 3 5 0 4 1 4 2 4 3 1 3 4 18 3 0 3 2 3 3 4 1 4 2 4 4 4 5 5 0 5 1 5 2 5 3 5 5 0 4 1 4 2 4 3 1 3 4 4 3 0 7 4 4 12 3 0 0 7 4 4 3 2 0 7 4 4 3 3 724 0 1 0 4 1 0 7 4 4 4 2 0 7 4 4 4 4 0 7 4 4 4 5 0 7 4 4 5 0 0 7 4 4 5 1 0 7 4 4 5 2 0 7 4 4 5 3 0 7 4 4 5 5 0 7 4 4
11 4 4 5 1 4 1 5 1 6 1 7 4 6 53 0 1 0 2 0 3 0 5 1 2 1 3 2 2 2 3 2 4 3 0 3 1 3 2 3 3 3 4 3 5 3 7 3 8 3 9 4 1 4 2 4 3 4 5 4 7 4 8 5 0 5 1 5 2 5 3 5 4 5 5 5 6 5 7 5 8 5 9 6 2 6 3 6 4 6 5 6 6 7 2 7 3 7 4 7 5 8 2 8 3 8 4 8 5 1 4 1 5 1 6 1 7 4 4 4 6 714 7 6 7 47 0 1 714 7 6 7 0 2 714 7 6 7 0 3 714 7 6 7 0 5 716 0 0 0 1 2 714 7 6 7 1 3 714 7 6 7 2 2 714 7 6 7 2 3 719 5 3 9 2 4 719 5 3 9 3 0 714 7 6 7 3 1 714 7 6 7 3 2 714 7 6 7 3 3 714 7 6 7 3 4 716 0 0 0 3 5 714 7 6 7 3 7 714 7 6 7 3 8 714 7 6 7 3 9 714 7 6 7 4 1 714 7 6 7 4 2 714 7 6 7 4 3 722 5 0 9 4 5 725 7 5 7 4 7 714 7 6 7 4 8 714 7 6 7 5 0 714 7 6 7 5 1 714 7 6 7 5 2 714 7 6 7 5 3 722 5 0 9 5 4 722 5 0 9 5 5 725 7 5 7 5 6 714 7 6 7 5 7 714 7 6 7 5 8 714 7 6 7 5 9 714 7 6 7 6 2 714 7 6 7 6 3 722 5 0 9 6 4 714 7 6 7 6 5 722 5 0 9 6 6 714 7 6 7 7 2 714 7 6 7 7 3 714 7 6 7 7 4 714 7 6 7 7 5 714 7 6 7 8 2 714 7 6 7 8 3 714 7 6 7 8 4 714 7 6 7 8 5 714 7 6 7
12 4 6 5 1 4 1 5 1 6 1 7 2 6 57 0 1 0 2 0 3 0 5 0 7 1 2 1 3 2 2 2 3 2 4 3 0 3 1 3 2 3 3 3 4 3 5 3 6 3 7 3 8 3 9 4 1 4 2 4 3 4 4 4 5 4 7 4 8 5 0 5 1 5 2 5 3 5 4 5 5 5 6 5 7 5 8 5 9 6 2 6 3 6 4 6 5 6 6 6 7 7 2 7 3 7 4 7 5 8 2 8 3 8 4 8 5 1 4 1 5 1 6 1 7 2 6 4 6 712 2 4 5 51 0 1 712 2 4 5 0 2 712 2 4 5 0 3 712 2 4 5 0 5 713 7 6 7 0 7 713 2 6 5 1 2 712 2 4 5 1 3 712 2 4 5 2 2 712 2 4 5 2 3 712 2 4 5 2 4 712 2 4 5 3 0 712 2 4 5 3 1 712 2 4 5 3 2 712 2 4 5 3 3 712 2 4 5 3 4 712 2 4 5 3 5 712 2 4 5 3 6 726 0 0 0 3 7 712 2 4 5 3 8 712 2 4 5 3 9 712 2 4 5 4 1 712 2 4 5 4 2 712 2 4 5 4 3 712 2 4 5 4 4 712 2 4 5 4 5 712 2 4 5 4 7 712 2 4 5 4 8 712 2 4 5 5 0 712 2 4 5 5 1 712 2 4 5 5 2 712 2 4 5 5 3 712 2 4 5 5 4 712 2 4 5 5 5 712 2 4 5 5 6 712 2 4 5 5 7 712 2 4 5 5 8 712 2 4 5 5 9 712 2 4 5 6 2 712 2 4 5 6 3 712 2 4 5 6 4 712 2 4 5 6 5 712 2 4 5 6 6 712 2 4 5 6 7 712 2 4 5 7 2 712 2 4 5 7 3 712 2 4 5 7 4 712 2 4 5 7 5 712 2 4 5 8 2 712 2 4 5 8 3 712 2 4 5 8 4 712 2 4 5 8 5 712 2 4 5
13 3 6 4 2 7 3 7 4 7 5 7 61 0 3 0 5 1 3 1 4 1 5 1 8 2 2 2 3 2 4 2 5 2 6 2 8 2 9 2 10 3 2 3 3 3 4 3 5 4 0 4 1 4 2 4 3 4 4 4 5 4 8 5 0 5 1 5 2 5 3 5 4 5 5 5 6 6 0 6 1 6 2 6 3 6 4 6 5 6 6 6 7 6 8 7 0 7 1 7 2 7 3 7 4 7 5 7 6 7 7 7 8 8 3 8 4 8 5 8 8 9 3 9 5 2 7 3 6 3 7 4 7 5 7 38 7 7 7 56 0 3 38 7 7 7 0 5 38 7 7 7 1 3 38 7 7 7 1 4 38 7 7 7 1 5 38 7 7 7 1 8 38 7 7 7 2 2 38 7 7 7 2 3 38 7 7 7 2 4 38 7 7 7 2 5 38 7 7 7 2 6 727 7 9 8 2 8 38 7 7 7 2 9 38 7 7 7 2 10 38 7 7 7 3 2 38 7 7 7 3 3 38 7 7 7 3 4 38 7 7 7 3 5 38 7 7 7 4 0 38 7 7 7 4 1 38 7 7 7 4 2 38 7 7 7 4 3 38 7 7 7 4 4 38 7 7 7 4 5 38 7 7 7 4 8 38 7 7 7 5 0 38 7 7 7 5 1 38 7 7 7 5 2 38 7 7 7 5 3 38 7 7 7 5 4 38 7 7 7 5 5 38 7 7 7 5 6 290 4 5 10 6 0 38 7 7 7 6 1 38 7 7 7 6 2 38 7 7 7 6 3 38 7 7 7 6 4 38 7 7 7 6 5 38 7 7 7 6 6 290 4 5 10 6 7 290 4 5 10 6 8 38 7 7 7 7 0 38 7 7 7 7 1 38 7 7 7 7 2 38 7 7 7 7 3 38 7 7 7 7 4 38 7 7 7 7 5 38 7 7 7 7 6 290 4 5 10 7 7 38 7 7 7 7 8 38 7 7 7 8 3 38 7 7 7 8 4 38 7 7 7 8 5 38 7 7 7 8 8 38 7 7 7 9 3 38 7 7 7 9 5 38 7 7 7
2 0 3 6 1 0 1 1 1 2 1 3 2 2 4 2 9 0 4 3 2 0 3 1 0 1 1 1 2 1 3 2 2 4 2 513 3 0 2 2 0 4 513 3 0 2 3 2 1 4 1 4
3 0 2 6 1 3 2 3 3 0 3 2 3 3 4 3 11 1 2 3 1 4 4 5 4 0 2 1 3 2 3 3 0 3 2 3 3 4 3 0 6 0 3 4 1 2 729 6 1 4 3 1 0 6 0 3 4 4 0 6 0 3 5 4 0 6 0 3
2 3 2 6 0 3 1 3 2 3 2 4 3 0 3 3 9 3 1 4 2 0 3 1 3 2 3 2 4 3 0 3 2 3 3 1 7 4 3 2 3 1 1 7 4 3 4 2 513 4 3 4
4 4 4 5 0 5 3 2 3 3 3 4 3 5 14 1 5 2 5 2 6 3 1 4 0 4 1 4 2 4 5 0 5 3 2 3 3 3 4 3 5 4 4 731 3 0 2 8 1 5 38 0 3 0 2 5 38 0 3 0 2 6 38 0 3 0 3 1 731 3 0 2 4 0 731 3 0 2 4 1 731 3 0 2 4 2 731 3 0 2 4 5 731 3 0 2
2 3 3 6 0 3 1 3 2 3 2 4 3 0 3 2 9 3 1 4 2 0 3 1 3 2 3 2 4 3 0 3 2 3 3 1 7 4 3 2 3 1 1 7 4 3 4 2 513 4 3 4
3 4 2 6 0 3 1 3 2 3 3 3 3 4 4 0 11 3 2 4 1 4 3 5 2 0 3 1 3 2 3 3 3 3 4 4 0 4 2 0 7 4 3 4 3 2 733 0 1 0 4 1 0 7 4 3 4 3 0 7 4 3 5 2 0 7 4 3
4 4 5 5 0 6 3 2 3 3 3 4 3 5 16 1 6 2 5 2 6 2 7 3 1 3 6 4 0 4 1 4 2 4 4 0 6 3 2 3 3 3 4 3 5 4 5 32 0 3 0 10 1 6 32 0 3 0 2 5 32 0 3 0 2 6 32 0 3 0 2 7 32 0 3 0 3 1 734 3 0 2 3 6 32 0 3 0 4 0 734 3 0 2 4 1 734 3 0 2 4 2 734 3 0 2 4 4 734 3 0 2
7 4 3 6 1 4 1 5 1 6 1 7 4 4 4 6 39 0 4 0 5 0 7 0 8 0 9 1 3 1 8 2 2 2 3 2 4 3 0 3 1 3 2 3 3 3 7 3 8 3 9 4 1 4 2 4 5 4 7 4 8 5 0 5 1 5 2 5 3 5 4 5 5 5 6 5 7 5 8 5 9 1 4 1 5 1 6 1 7 4 3 4 4 4 6 735 4 4 9 32 0 4 715 1 5 0 0 5 715 1 5 0 0 7 715 1 5 0 0 8 715 1 5 0 0 9 715 1 5 0 1 3 715 1 5 0 1 8 715 1 5 0 2 2 715 1 5 0 2 3 715 1 5 0 2 4 715 1 5 0 3 0 735 4 4 9 3 1 735 4 4 9 3 2 735 4 4 9 3 3 715 1 5 0 3 7 735 4 4 9 3 8 735 4 4 9 3 9 735 4 4 9 4 1 735 4 4 9 4 2 735 4 4 9 4 5 735 4 4 9 4 7 735 4 4 9 4 8 735 4 4 9 5 0 735 4 4 9 5 1 735 4 4 9 5 2 735 4 4 9 5 3 735 4 4 9 5 4 735 4 4 9 5 5 735 4 4 9 5 6 735 4 4 9 5 7 735 4 4 9 5 8 735 4 4 9 5 9 735 4 4 9
11 4 4 5 1 4 1 5 1 6 1 7 4 6 54 0 4 0 5 0 7 0 8 0 9 1 3 1 8 2 2 2 3 2 4 3 0 3 1 3 2 3 3 3 4 3 5 3 7 3 8 3 9 4 1 4 2 4 3 4 5 4 7 4 8 5 0 5 1 5 2 5 3 5 4 5 5 5 6 5 7 5 8 5 9 6 2 6 3 6 4 6 5 6 6 7 2 7 3 7 4 7 5 8 2 8 3 8 4 8 5 1 4 1 5 1 6 1 7 4 4 4 6 732 4 4 9 48 0 4 719 5 3 9 0 5 719 5 3 9 0 7 719 5 3 9 0 8 719 5 3 9 0 9 719 5 3 9 1 3 732 4 4 9 1 8 719 5 3 9 2 2 732 4 4 9 2 3 719 5 3 9 2 4 719 5 3 9 3 0 732 4 4 9 3 1 732 4 4 9 3 2 732 4 4 9 3 3 732 4 4 9 3 4 736 0 0 0 3 5 732 4 4 9 3 7 732 4 4 9 3 8 732 4 4 9 3 9 732 4 4 9 4 1 732 4 4 9 4 2 732 4 4 9 4 3 732 4 4 9 4 5 732 4 4 9 4 7 732 4 4 9 4 8 732 4 4 9 5 0 732 4 4 9 5 1 732 4 4 9 5 2 732 4 4 9 5 3 732 4 4 9 5 4 732 4 4 9 5 5 732 4 4 9 5 6 732 4 4 9 5 7 732 4 4 9 5 8 732 4 4 9 5 9 732 4 4 9 6 2 732 4 4 9 6 3 732 4 4 9 6 4 732 4 4 9 6 5 732 4 4 9 6 6 732 4 4 9 7 2 732 4 4 9 7 3 732 4 4 9 7 4 732 4 4 9 7 5 732 4 4 9 8 2 732 4 4 9 8 3 732 4 4 9 8 4 732 4 4 9 8 5 732 4 4 9
12 4 6 5 1 4 1 5 1 6 1 7 2 6 57 0 4 0 5 0 7 0 8 0 9 1 3 1 8 2 2 2 3 2 4 3 0 3 1 3 2 3 3 3 4 3 5 3 6 3 7 3 8 3 9 4 1 4 2 4 3 4 4 4 5 4 7 4 8 5 0 5 1 5 2 5 3 5 4 5 5 5 6 5 7 5 8 5 9 6 2 6 3 6 4 6 5 6 6 6 7 7 2 7 3 7 4 7 5 8 2 8 3 8 4 8 5 1 4 1 5 1 6 1 7 2 6 4 6 712 2 4 5 51 0 4 712 2 4 5 0 5 730 2 4 3 0 7 713 2 6 5 0 8 712 2 4 5 0 9 712 2 4 5 1 3 712 2 4 5 1 8 712 2 4 5 2 2 712 2 4 5 2 3 712 2 4 5 2 4 712 2 4 5 3 0 712 2 4 5 3 1 712 2 4 5 3 2 712 2 4 5 3 3 712 2 4 5 3 4 712 2 4 5 3 5 712 2 4 5 3 6 737 0 0 0 3 7 712 2 4 5 3 8 712 2 4 5 3 9 712 2 4 5 4 1 712 2 4 5 4 2 712 2 4 5 4 3 712 2 4 5 4 4 712 2 4 5 4 5 712 2 4 5 4 7 712 2 4 5 4 8 712 2 4 5 5 0 712 2 4 5 5 1 712 2 4 5 5 2 712 2 4 5 5 3 712 2 4 5 5 4 712 2 4 5 5 5 712 2 4 5 5 6 712 2 4 5 5 7 712 2 4 5 5 8 712 2 4 5 5 9 712 2 4 5 6 2 712 2 4 5 6 3 712 2 4 5 6 4 712 2 4 5 6 5 712 2 4 5 6 6 712 2 4 5 6 7 712 2 4 5 7 2 712 2 4 5 7 3 712 2 4 5 7 4 712 2 4 5 7 5 712 2 4 5 8 2 712 2 4 5 8 3 712 2 4 5 8 4 712 2 4 5 8 5 712 2 4 5
13 3 6 4 2 7 3 7 4 7 5 7 60 0 3 0 5 0 8 1 3 1 4 1 5 1 7 1 8 2 2 2 3 2 4 2 5 2 6 2 8 2 9 2 10 3 2 3 3 3 4 3 5 4 0 4 1 4 2 4 3 4 4 4 5 4 8 5 0 5 1 5 2 5 3 5 4 5 5 5 6 5 8 6 0 6 1 6 2 6 3 6 4 6 5 6 6 6 7 7 0 7 1 7 2 7 3 7 4 7 5 7 6 8 3 8 4 8 5 9 3 9 5 2 7 3 6 3 7 4 7 5 7 38 7 7 7 55 0 3 38 7 7 7 0 5 38 7 7 7 0 8 38 7 7 7 1 3 38 7 7 7 1 4 38 7 7 7 1 5 38 7 7 7 1 7 38 7 7 7 1 8 38 7 7 7 2 2 38 7 7 7 2 3 38 7 7 7 2 4 38 7 7 7 2 5 38 7 7 7 2 6 738 7 9 8 2 8 38 7 7 7 2 9 38 7 7 7 2 10 38 7 7 7 3 2 38 7 7 7 3 3 38 7 7 7 3 4 38 7 7 7 3 5 38 7 7 7 4 0 38 7 7 7 4 1 38 7 7 7 4 2 38 7 7 7 4 3 38 7 7 7 4 4 38 7 7 7 4 5 38 7 7 7 4 8 38 7 7 7 5 0 38 7 7 7 5 1 38 7 7 7 5 2 38 7 7 7 5 3 38 7 7 7 5 4 38 7 7 7 5 5 38 7 7 7 5 6 290 4 5 10 5 8 38 7 7 7 6 0 38 7 7 7 6 1 38 7 7 7 6 2 38 7 7 7 6 3 38 7 7 7 6 4 38 7 7 7 6 5 38 7 7 7 6 6 290 4 5 10 6 7 290 4 5 10 7 0 38 7 7 7 7 1 38 7 7 7 7 2 38 7 7 7 7 3 38 7 7 7 7 4 38 7 7 7 7 5 38 7 7 7 7 6 290 4 5 10 8 3 38 7 7 7 8 4 38 7 7 7 8 5 38 7 7 7 9 3 38 7 7 7 9 5 38 7 7 7
14 5 7 3 2 7 3 7 4 7 64 0 3 0 5 0 8 1 3 1 4 1 5 1 7 1 8 2 2 2 3 2 4 2 5 2 6 2 8 2 9 2 10 3 2 3 3 3 4 3 5 3 6 4 0 4 1 4 2 4 3 4 4 4 5 4 8 5 0 5 1 5 2 5 3 5 4 5 5 5 6 5 8 6 0 6 1 6 2 6 3 6 4 6 5 6 6 6 7 6 8 7 0 7 1 7 2 7 3 7 4 7 5 7 6 7 7 7 8 8 3 8 4 8 5 8 8 9 3 9 5 2 7 3 7 4 7 5 7 33 3 0 7 60 0 3 33 3 0 7 0 5 33 3 0 7 0 8 45 0 2 6 1 3 33 3 0 7 1 4 33 3 0 7 1 5 33 3 0 7 1 7 45 0 2 6 1 8 45 0 2 6 2 2 33 3 0 7 2 3 33 3 0 7 2 4 33 3 0 7 2 5 33 3 0 7 2 6 33 3 0 7 2 8 45 0 2 6 2 9 33 3 0 7 2 10 33 3 0 7 3 2 33 3 0 7 3 3 33 3 0 7 3 4 33 3 0 7 3 5 33 3 0 7 3 6 33 3 0 7 4 0 33 3 0 7 4 1 33 3 0 7 4 2 33 3 0 7 4 3 33 3 0 7 4 4 33 3 0 7 4 5 33 3 0 7 4 8 45 0 2 6 5 0 33 3 0 7 5 1 33 3 0 7 5 2 33 3 0 7 5 3 33 3 0 7 5 4 33 3 0 7 5 5 33 3 0 7 5 6 33 3 0 7 5 8 728 0 0 0 6 0 33 3 0 7 6 1 33 3 0 7 6 2 33 3 0 7 6 3 33 3 0 7 6 4 33 3 0 7 6 5 33 3 0 7 6 6 33 3 0 7 6 7 33 3 0 7 6 8 739 0 0 0 7 0 33 3 0 7 7 1 33 3 0 7 7 2 33 3 0 7 7 3 33 3 0 7 7 4 33 3 0 7 7 5 33 3 0 7 7 6 33 3 0 7 7 7 33 3 0 7 7 8 33 3 0 7 8 3 33 3 0 7 8 4 33 3 0 7 8 5 33 3 0 7 8 8 33 3 0 7 9 3 33 3 0 7 9 5 33 3 0 7
15 4 5 2 4 6 4 7 92 0 3 0 4 0 5 0 6 1 3 1 4 1 5 1 6 1 7 2 3 2 4 2 5 2 6 2 7 3 0 3 1 3 2 3 3 3 4 3 5 3 7 3 8 3 9 3 10 4 1 4 2 4 3 4 4 4 8 4 9 4 10 5 0 5 1 5 2 5 3 5 4 5 5 5 6 5 7 5 9 5 10 5 11 6 0 6 1 6 2 6 3 6 4 6 5 6 6 6 7 6 8 6 9 6 10 7 1 7 2 7 3 7 4 7 5 7 6 7 7 7 8 7 9 7 10 8 0 8 1 8 2 8 3 8 4 8 5 8 6 8 7 8 8 8 9 8 10 9 2 9 3 9 4 9 5 9 6 9 7 10 2 10 3 10 4 10 5 10 6 11 2 11 3 11 4 11 5 4 5 4 6 4 7 31 5 3 9 89 0 3 31 5 3 9 0 4 31 5 3 9 0 5 31 5 3 9 0 6 31 5 3 9 1 3 31 5 3 9 1 4 31 5 3 9 1 5 31 5 3 9 1 6 31 5 3 9 1 7 31 5 3 9 2 3 31 5 3 9 2 4 31 5 3 9 2 5 31 5 3 9 2 6 31 5 3 9 2 7 31 5 3 9 3 0 31 5 3 9 3 1 31 5 3 9 3 2 67 4 6 10 3 3 697 7 10 10 3 4 503 0 1 1 3 5 221 4 5 9 3 7 704 7 8 8 3 8 704 7 8 8 3 9 708 6 0 8 3 10 31 5 3 9 4 1 31 5 3 9 4 2 31 5 3 9 4 3 67 4 6 10 4 4 697 7 10 10 4 8 708 6 0 8 4 9 31 5 3 9 4 10 31 5 3 9 5 0 31 5 3 9 5 1 31 5 3 9 5 2 67 4 6 10 5 3 67 4 6 10 5 4 711 1 7 1 5 5 740 7 11 9 5 6 31 5 3 9 5 7 31 5 3 9 5 9 31 5 3 9 5 10 31 5 3 9 5 11 31 5 3 9 6 0 31 5 3 9 6 1 31 5 3 9 6 2 31 5 3 9 6 3 31 5 3 9 6 4 31 5 3 9 6 5 31 5 3 9 6 6 31 5 3 9 6 7 31 5 3 9 6 8 31 5 3 9 6 9 31 5 3 9 6 10 31 5 3 9 7 1 31 5 3 9 7 2 31 5 3 9 7 3 31 5 3 9 7 4 31 5 3 9 7 5 31 5 3 9 7 6 31 5 3 9 7 7 31 5 3 9 7 8 31 5 3 9 7 9 31 5 3 9 7 10 31 5 3 9 8 0 31 5 3 9 8 1 31 5 3 9 8 2 31 5 3 9 8 3 31 5 3 9 8 4 31 5 3 9 8 5 31 5 3 9 8 6 31 5 3 9 8 7 31 5 3 9 8 8 31 5 3 9 8 9 31 5 3 9 8 10 31 5 3 9 9 2 31 5 3 9 9 3 31 5 3 9 9 4 31 5 3 9 9 5 31 5 3 9 9 6 31 5 3 9 9 7 31 5 3 9 10 2 31 5 3 9 10 3 31 5 3 9 10 4 31 5 3 9 10 5 31 5 3 9 10 6 31 5 3 9 11 2 31 5 3 9 11 3 31 5 3 9 11 4 31 5 3 9 11 5 31 5 3 9
5 4 3 4 1 3 2 3 2 4 3 3 19 0 2 1 0 1 1 1 2 2 2 2 5 2 6 4 2 4 4 5 2 5 3 5 4 6 2 6 4 1 3 2 3 2 4 3 3 4 3 14 0 1 2 14 0 2 14 0 1 2 1 0 13 6 0 3 1 1 13 6 0 3 1 2 14 0 1 2 2 2 14 0 1 2 2 5 13 6 0 3 2 6 13 6 0 3 4 2 5 2 6 2 4 4 13 6 0 3 5 2 5 2 6 2 5 3 142 1 4 0 5 4 13 6 0 3 6 2 5 2 6 2 6 4 13 6 0 3
5 4 3 5 0 3 1 3 1 4 2 3 3 3 17 1 2 1 5 1 6 2 0 2 1 2 2 2 4 3 4 4 4 5 3 5 4 0 3 1 3 1 4 2 3 3 3 4 3 2 2 5 3 11 1 2 2 2 5 3 1 5 2 2 5 3 1 6 2 2 5 3 2 0 2 2 5 3 2 1 2 2 5 3 2 2 2 2 5 3 2 4 2 2 5 3 3 4 23 0 1 0 4 4 23 0 1 0 5 3 2 2 5 3 5 4 23 0 1 0
6 5 3 4 2 3 3 3 4 3 4 4 26 0 3 0 4 1 3 1 4 2 2 2 4 3 0 3 1 3 2 3 4 4 2 4 5 4 6 6 2 6 3 6 4 7 2 7 3 7 4 8 2 8 4 2 3 3 3 4 3 4 4 5 3 203 7 8 4 21 0 3 203 7 8 4 0 4 203 7 8 4 1 3 203 7 8 4 1 4 742 0 2 0 2 2 203 7 8 4 2 4 742 0 2 0 3 0 203 7 8 4 3 1 203 7 8 4 3 2 203 7 8 4 3 4 742 0 2 0 4 2 203 7 8 4 4 5 203 7 8 4 4 6 203 7 8 4 6 2 743 1 5 0 6 3 743 1 5 0 6 4 743 1 5 0 7 2 743 1 5 0 7 3 743 1 5 0 7 4 743 1 5 0 8 2 743 1 5 0 8 4 743 1 5 0
9 2 3 3 2 4 2 5 2 6 30 0 6 1 0 1 1 1 2 1 5 1 6 1 7 2 1 2 2 3 0 3 1 3 2 3 4 3 5 3 6 3 7 4 5 4 6 4 7 4 8 4 9 5 5 5 6 5 7 6 5 6 7 2 3 2 4 2 5 2 6 203 0 1 0 26 0 6 203 0 1 0 1 0 64 2 6 3 1 1 64 2 6 3 1 2 64 2 6 3 1 5 203 1 3 0 1 6 203 1 3 0 1 7 203 1 3 0 2 1 64 2 6 3 2 2 64 2 6 3 3 0 64 2 6 3 3 1 64 2 6 3 3 2 64 2 6 3 3 4 203 0 1 0 3 5 203 0 1 0 3 6 203 0 1 0 3 7 203 0 1 0 4 5 203 0 1 0 4 6 203 0 1 0 4 7 203 0 1 0 4 8 203 0 1 0 4 9 203 0 1 0 5 5 203 0 1 0 5 6 203 0 1 0 5 7 203 0 1 0 6 5 203 0 1 0 6 7 203 0 1 0
8 2 2 4 1 3 1 4 2 3 3 3 30 0 3 1 2 1 5 1 6 2 0 2 1 2 4 3 1 3 2 3 4 3 5 4 0 4 1 4 2 4 3 5 1 5 2 5 3 5 4 6 1 6 2 6 3 6 4 7 1 7 4 1 3 1 4 2 2 2 3 3 3 21 0 1 0 25 0 3 21 0 1 0 1 2 21 0 1 0 1 5 703 0 0 0 1 6 703 0 0 0 2 0 703 0 0 0 2 1 703 0 0 0 2 4 21 4 2 6 3 1 21 0 1 0 3 2 21 0 1 0 3 4 21 0 1 0 3 5 21 0 1 0 4 0 21 0 1 0 4 1 21 0 1 0 4 2 21 0 1 0 4 3 21 0 1 0 5 1 21 0 1 0 5 2 21 0 1 0 5 3 21 0 1 0 5 4 21 0 1 0 6 1 21 0 1 0 6 2 21 0 1 0 6 3 21 0 1 0 6 4 21 0 1 0 7 1 21 0 1 0 7 4 21 0 1 0
10 3 4 3 2 6 3 5 3 6 48 0 3 0 4 0 6 1 3 1 4 1 6 2 0 2 1 2 2 2 3 2 4 2 5 2 8 2 9 2 10 3 1 3 2 3 3 3 7 3 8 3 9 4 0 4 1 4 2 4 3 4 4 4 5 4 6 4 8 4 9 4 10 5 0 5 1 5 2 5 3 5 4 5 5 6 2 6 3 6 4 6 5 7 2 7 3 7 5 2 6 3 4 3 5 3 6 439 6 0 7 44 0 3 439 6 0 7 0 4 461 6 0 7 0 6 439 6 0 7 1 3 439 6 0 7 1 4 461 6 0 7 1 6 439 6 0 7 2 0 439 6 0 7 2 1 744 2 6 2 2 2 745 5 1 10 2 3 746 7 6 7 2 4 461 6 0 7 2 5 408 0 1 0 2 8 439 6 0 7 2 9 439 6 0 7 2 10 439 6 0 7 3 1 439 6 0 7 3 2 119 6 0 7 3 3 745 5 1 10 3 7 415 7 7 6 3 8 439 6 0 7 3 9 439 6 0 7 4 0 439 6 0 7 4 1 744 2 6 2 4 2 744 2 6 2 4 3 744 2 6 2 4 4 439 6 0 7 4 5 439 6 0 7 4 6 439 6 0 7 4 8 439 6 0 7 4 9 439 6 0 7 4 10 439 6 0 7 5 0 439 6 0 7 5 1 439 6 0 7 5 2 439 6 0 7 5 3 461 6 0 7 5 4 439 6 0 7 5 5 439 6 0 7 6 2 439 6 0 7 6 3 439 6 0 7 6 4 439 6 0 7 6 5 439 6 0 7 7 2 439 6 0 7 7 3 439 6 0 7 7 5 439 6 0 7
5 4 3 4 1 3 2 3 2 4 3 3 21 0 2 1 0 1 1 1 2 2 2 2 5 2 6 3 4 4 4 5 2 5 3 5 4 6 2 6 3 6 4 7 2 1 3 2 3 2 4 3 3 4 3 348 7 7 4 16 0 2 348 7 7 4 1 0 348 7 7 4 1 1 348 7 7 4 1 2 348 7 7 4 2 2 348 7 7 4 2 5 348 7 7 4 2 6 348 7 7 4 3 4 142 1 4 0 4 4 142 1 4 0 5 2 142 1 4 0 5 3 142 1 4 0 5 4 142 1 4 0 6 2 142 1 4 0 6 3 142 1 4 0 6 4 142 1 4 0 7 2 142 1 4 0
6 3 6 4 2 4 2 5 3 4 3 5 24 0 5 1 5 2 1 2 2 2 3 3 1 3 2 3 3 3 7 4 0 4 1 4 2 4 5 4 6 4 7 4 8 4 9 5 6 6 6 2 4 2 5 3 4 3 5 3 6 7 1 3 2 19 0 5 7 1 3 2 1 5 7 1 3 2 2 1 7 1 3 2 2 2 452 2 6 3 2 3 452 2 6 3 3 1 7 1 3 2 3 2 7 1 3 2 3 3 7 1 3 2 3 7 748 7 6 7 4 0 7 1 3 2 4 1 7 1 3 2 4 2 7 1 3 2 4 5 7 1 3 2 4 6 7 1 3 2 4 7 7 1 3 2 4 8 7 1 3 2 4 9 7 1 3 2 5 6 7 1 3 2 6 6 7 1 3 2
6 2 3 5 0 2 0 3 1 2 1 3 3 3 18 2 2 2 4 2 5 3 0 3 1 3 2 3 4 4 0 4 1 4 2 4 3 4 4 0 2 0 3 1 2 1 3 2 3 3 3 6 6 0 3 12 2 2 6 6 0 3 2 4 6 6 0 3 2 5 6 6 0 3 3 0 6 6 0 3 3 1 6 6 0 3 3 2 6 6 0 3 3 4 6 6 0 3 4 0 6 6 0 3 4 1 6 6 0 3 4 2 6 6 0 3 4 3 161 0 0 0 4 4 6 6 0 3
4 3 3 5 1 2 1 3 2 2 2 3 4 3 12 0 4 1 4 1 5 2 0 2 1 5 3 1 2 1 3 2 2 2 3 3 3 4 3 6 6 1 3 6 0 4 6 6 1 3 1 4 6 6 1 3 1 5 6 6 1 3 2 0 6 6 1 3 2 1 6 6 1 3 5 3 145 1 4 0
2 1 2 6 0 3 0 4 1 1 1 3 1 4 2 1 9 1 0 2 0 0 3 0 4 1 1 1 2 1 3 1 4 2 1 1 0 1 0 2 1 0 1 0 1 0 2 0 6 4 1 4
6 2 2 7 0 4 0 5 1 4 1 5 3 3 3 4 3 5 28 0 2 0 6 1 1 1 2 1 3 2 1 2 3 2 6 2 7 2 8 3 1 3 2 3 6 3 7 4 0 4 1 4 2 4 6 4 7 4 8 0 4 0 5 1 4 1 5 2 2 3 3 3 4 3 5 277 5 2 8 20 0 2 277 5 2 8 0 6 277 5 2 8 1 1 277 5 2 8 1 2 277 5 2 8 1 3 277 5 2 8 2 1 277 5 2 8 2 3 570 0 0 0 2 6 570 0 0 0 2 7 570 0 0 0 2 8 570 0 0 0 3 1 277 5 2 8 3 2 277 5 2 8 3 6 570 0 0 0 3 7 570 0 0 0 4 0 277 5 2 8 4 1 277 5 2 8 4 2 277 5 2 8 4 6 570 0 0 0 4 7 570 0 0 0 4 8 570 0 0 0
7 3 3 6 0 4 0 5 1 4 1 5 3 4 3 5 31 0 2 0 6 1 1 1 2 1 3 2 1 2 2 2 3 2 4 2 6 2 7 2 8 3 1 3 2 3 6 3 7 4 0 4 1 4 2 4 3 4 4 4 6 4 7 4 8 0 4 0 5 1 4 1 5 3 3 3 4 3 5 752 7 4 5 24 0 2 752 7 4 5 0 6 752 7 4 5 1 1 752 7 4 5 1 2 752 7 4 5 1 3 752 7 4 5 2 1 752 7 4 5 2 2 752 7 4 5 2 3 752 7 4 5 2 4 753 0 0 0 2 6 752 7 4 5 2 7 752 7 4 5 2 8 752 7 4 5 3 1 752 7 4 5 3 2 752 7 4 5 3 6 752 7 4 5 3 7 752 7 4 5 4 0 752 7 4 5 4 1 752 7 4 5 4 2 752 7 4 5 4 3 753 0 0 0 4 4 553 0 0 0 4 6 752 7 4 5 4 7 752 7 4 5 4 8 752 7 4 5
9 3 4 5 0 4 0 5 1 4 1 5 3 5 35 0 2 0 6 0 7 1 1 1 2 1 3 2 0 2 1 2 2 2 3 2 4 2 6 2 7 2 8 3 1 3 2 3 3 3 6 3 7 4 0 4 1 4 2 4 3 4 4 4 5 4 6 4 7 4 8 5 2 0 4 0 5 1 4 1 5 3 4 3 5 474 2 4 4 29 0 2 474 2 4 4 0 6 474 2 4 4 0 7 474 2 4 4 1 1 474 2 4 4 1 2 474 2 4 4 1 3 474 2 4 4 2 0 474 2 4 4 2 1 474 2 4 4 2 2 474 2 4 4 2 3 474 2 4 4 2 4 480 0 0 0 2 6 474 2 4 4 2 7 474 2 4 4 2 8 474 2 4 4 3 1 474 2 4 4 3 2 474 2 4 4 3 3 474 2 4 4 3 6 474 2 4 4 3 7 474 2 4 4 4 0 474 2 4 4 4 1 474 2 4 4 4 2 474 2 4 4 4 3 474 2 4 4 4 4 554 5 0 8 4 5 754 0 0 0 4 6 474 2 4 4 4 7 474 2 4 4 4 8 474 2 4 4 5 2 474 2 4 4
8 3 5 5 1 4 1 5 2 4 2 5 4 5 26 0 6 1 6 1 7 2 2 2 3 3 1 3 2 3 3 3 4 4 1 4 2 4 3 4 4 4 6 5 0 5 1 5 2 5 3 5 4 5 6 1 4 1 5 2 4 2 5 3 5 4 5 145 1 4 2 20 0 6 352 0 1 0 1 6 352 0 1 0 1 7 352 0 1 0 2 2 352 0 1 0 2 3 352 0 1 0 3 1 145 1 4 2 3 2 145 1 4 2 3 3 145 1 4 2 3 4 145 1 4 2 4 1 145 1 4 2 4 2 145 1 4 2 4 3 145 1 4 2 4 4 145 1 4 2 4 6 145 1 4 2 5 0 145 1 4 2 5 1 145 1 4 2 5 2 145 1 4 2 5 3 145 1 4 2 5 4 145 1 4 2 5 6 145 1 4 2
10 4 5 4 1 4 1 5 2 4 2 5 37 0 6 1 2 1 6 1 7 2 1 2 2 2 3 3 0 3 1 3 2 3 3 3 4 3 5 3 6 3 7 3 8 4 1 4 2 4 3 4 4 4 6 4 7 5 0 5 1 5 2 5 3 5 4 5 5 5 6 5 7 5 8 6 2 1 4 1 5 2 4 2 5 4 5 751 0 0 2 32 0 6 750 0 1 2 1 2 751 0 0 2 1 6 750 0 1 2 1 7 750 0 1 2 2 1 751 0 0 2 2 2 750 0 1 2 2 3 750 0 1 2 3 0 751 0 0 2 3 1 751 0 0 2 3 2 751 0 0 2 3 3 751 0 0 2 3 4 751 0 0 2 3 5 755 0 1 0 3 6 751 0 0 2 3 7 751 0 0 2 3 8 751 0 0 2 4 1 751 0 0 2 4 2 751 0 0 2 4 3 751 0 0 2 4 4 751 0 0 2 4 6 751 0 0 2 4 7 751 0 0 2 5 0 751 0 0 2 5 1 751 0 0 2 5 2 751 0 0 2 5 3 751 0 0 2 5 4 751 0 0 2 5 5 756 0 0 0 5 6 751 0 0 2 5 7 751 0 0 2 5 8 751 0 0 2 6 2 751 0 0 2
4 3 3 6 1 2 1 3 2 2 2 3 4 2 4 3 13 0 4 1 4 1 5 2 0 2 1 5 2 1 2 1 3 2 2 2 3 3 3 4 2 4 3 1 7 5 3 6 0 4 1 7 5 3 1 4 1 7 5 3 1 5 1 7 5 3 2 0 1 7 5 3 2 1 1 7 5 3 5 2 145 1 4 0
9 4 5 5 1 4 1 5 2 4 2 5 4 4 29 0 6 1 6 1 7 2 2 2 3 3 0 3 1 3 2 3 3 3 5 4 1 4 2 4 3 4 6 5 0 5 1 5 2 5 3 5 4 5 5 5 6 5 7 6 2 1 4 1 5 2 4 2 5 4 4 4 5 474 7 5 5 23 0 6 474 7 5 5 1 6 474 7 5 5 1 7 474 7 5 5 2 2 474 7 5 5 2 3 474 7 5 5 3 0 474 7 5 5 3 1 474 7 5 5 3 2 474 7 5 5 3 3 474 7 5 5 3 5 480 0 1 0 4 1 474 7 5 5 4 2 474 7 5 5 4 3 474 7 5 5 4 6 474 7 5 5 5 0 474 7 5 5 5 1 474 7 5 5 5 2 474 7 5 5 5 3 474 7 5 5 5 4 751 0 0 2 5 5 758 0 0 2 5 6 474 7 5 5 5 7 474 7 5 5 6 2 474 7 5 5
9 3 4 4 1 4 1 5 2 4 4 4 24 0 5 2 3 3 0 3 1 3 2 3 3 3 5 4 1 4 2 4 3 4 5 4 6 5 0 5 1 5 2 5 3 5 5 6 2 7 2 1 4 1 5 2 4 3 4 4 4 1 3 0 4 19 0 5 64 0 1 0 2 3 1 3 0 4 3 0 1 3 0 4 3 1 1 3 0 4 3 2 1 3 0 4 3 3 1 3 0 4 3 5 1 3 0 4 4 1 1 3 0 4 4 2 1 3 0 4 4 3 1 3 0 4 4 5 1 3 0 4 4 6 1 3 0 4 5 0 1 3 0 4 5 1 1 3 0 4 5 2 1 3 0 4 5 3 1 3 0 4 5 5 1 3 0 4 6 2 1 3 0 4 7 2 1 3 0 4
10 4 4 4 1 4 1 5 2 4 2 5 32 0 5 0 6 1 6 1 7 2 2 2 3 3 0 3 1 3 2 3 3 3 4 3 5 4 1 4 2 4 3 4 5 4 6 5 0 5 1 5 2 5 3 5 4 5 5 5 6 5 7 6 2 7 2 1 4 1 5 2 4 2 5 4 4 136 2 5 4 27 0 5 759 0 0 0 0 6 136 2 5 4 1 6 136 2 5 4 1 7 136 2 5 4 2 2 136 2 5 4 2 3 136 2 5 4 3 0 136 2 5 4 3 1 136 2 5 4 3 2 136 2 5 4 3 3 136 2 5 4 3 4 759 0 0 0 3 5 136 2 5 4 4 1 136 2 5 4 4 2 136 2 5 4 4 3 136 2 5 4 4 5 136 2 5 4 4 6 136 2 5 4 5 0 136 2 5 4 5 1 136 2 5 4 5 2 136 2 5 4 5 3 136 2 5 4 5 4 760 0 0 0 5 5 136 2 5 4 5 6 136 2 5 4 5 7 136 2 5 4 6 2 136 2 5 4 7 2 136 2 5 4
11 4 6 3 3 5 3 6 4 5 55 0 6 0 7 1 2 1 6 1 7 2 1 2 2 2 3 2 6 2 7 2 8 2 9 2 10 3 2 3 3 3 4 3 7 3 8 4 2 4 3 4 4 5 1 5 2 5 3 5 4 5 5 5 6 5 7 5 8 5 9 6 0 6 1 6 2 6 3 6 4 6 5 6 6 6 7 6 8 7 1 7 2 7 3 7 4 7 5 7 6 7 7 7 8 7 9 8 2 8 3 8 4 3 5 3 6 4 5 4 6 749 1 6 1 51 0 6 749 1 6 1 0 7 144 2 7 3 1 2 144 2 7 3 1 6 749 1 6 1 1 7 163 1 7 2 2 1 144 2 7 3 2 2 144 2 7 3 2 3 144 2 7 3 2 6 757 0 2 1 2 7 163 1 7 2 2 8 163 1 7 2 2 9 163 1 7 2 2 10 144 2 7 3 3 2 144 2 7 3 3 3 163 1 7 2 3 4 163 1 7 2 3 7 163 1 7 2 3 8 144 2 7 3 4 2 144 2 7 3 4 3 144 2 7 3 4 4 144 2 7 3 5 1 144 2 7 3 5 2 144 2 7 3 5 3 144 2 7 3 5 4 144 2 7 3 5 5 749 1 6 1 5 6 761 7 8 7 5 7 749 1 6 1 5 8 144 2 7 3 5 9 144 2 7 3 6 0 144 2 7 3 6 1 144 2 7 3 6 2 144 2 7 3 6 3 144 2 7 3 6 4 144 2 7 3 6 5 144 2 7 3 6 6 761 7 8 7 6 7 749 1 6 1 6 8 144 2 7 3 7 1 144 2 7 3 7 2 144 2 7 3 7 3 144 2 7 3 7 4 144 2 7 3 7 5 144 2 7 3 7 6 749 1 6 1 7 7 749 1 6 1 7 8 144 2 7 3 7 9 144 2 7 3 8 2 144 2 7 3 8 3 144 2 7 3 8 4 144 2 7 3
9 3 4 3 0 4 1 4 2 4 30 0 5 1 3 1 5 1 6 1 7 2 0 2 1 2 2 2 3 2 5 3 1 3 2 3 3 3 5 3 6 4 0 4 1 4 2 4 3 4 4 4 5 5 2 5 3 5 4 5 5 6 2 0 4 1 4 2 4 3 4 14 0 0 3 26 0 5 14 0 0 3 1 3 14 0 0 3 1 5 14 0 0 3 1 6 14 0 0 3 1 7 14 0 0 3 2 0 14 0 0 3 2 1 14 0 0 3 2 2 14 0 0 3 2 3 14 0 0 3 2 5 14 0 0 3 3 1 14 0 0 3 3 2 14 0 0 3 3 3 90 0 0 1 3 5 88 0 0 1 3 6 14 0 0 3 4 0 14 0 0 3 4 1 14 0 0 3 4 2 14 0 0 3 4 3 90 0 0 1 4 4 64 0 0 0 4 5 88 0 0 1 5 2 14 0 0 3 5 3 90 0 0 1 5 4 14 0 0 3 5 5 88 0 0 1 6 2 14 0 0 3
10 3 4 3 2 5 3 5 3 6 40 0 5 1 5 1 7 2 0 2 1 2 2 2 4 2 6 2 7 2 8 2 9 2 10 3 1 3 2 3 3 3 7 3 8 3 9 4 1 4 2 4 3 4 5 4 6 4 7 4 8 4 9 5 6 5 7 5 8 5 9 5 10 6 6 6 7 6 8 7 6 7 8 2 5 3 4 3 5 3 6 139 2 6 3 36 0 5 30 1 4 1 1 5 30 1 4 1 1 7 139 2 6 3 2 0 139 2 6 3 2 1 139 2 6 3 2 2 139 2 6 3 2 4 139 2 6 3 2 6 452 2 6 3 2 7 139 2 6 3 2 8 139 2 6 3 2 9 139 2 6 3 2 10 139 2 6 3 3 1 139 2 6 3 3 2 139 2 6 3 3 3 763 2 7 4 3 7 338 6 0 7 3 8 139 2 6 3 3 9 139 2 6 3 4 1 139 2 6 3 4 2 139 2 6 3 4 3 139 2 6 3 4 5 139 2 6 3 4 6 651 5 2 10 4 7 651 5 2 10 4 8 338 6 0 7 4 9 338 6 0 7 5 6 30 1 4 1 5 7 139 2 6 3 5 8 139 2 6 3 5 9 139 2 6 3 5 10 139 2 6 3 6 6 30 1 4 1 6 7 139 2 6 3 6 8 139 2 6 3 7 6 139 2 6 3 7 8 139 2 6 3
9 4 5 3 1 5 2 5 3 5 30 0 6 1 6 2 4 2 6 3 0 3 1 3 2 3 3 3 4 4 1 4 2 4 3 4 4 4 6 4 7 4 8 5 1 5 2 5 3 5 4 5 5 5 6 6 3 6 4 6 6 7 3 1 5 2 5 3 5 4 5 14 0 1 4 26 0 6 14 0 1 4 1 6 14 0 1 4 2 4 3 2 6 5 2 6 14 0 1 4 3 0 3 2 6 5 3 1 3 2 6 5 3 2 3 2 6 5 3 3 3 2 6 5 3 4 3 2 6 5 4 1 3 2 6 5 4 2 3 2 6 5 4 3 3 2 6 5 4 4 3 2 6 5 4 6 5 7 6 6 4 7 3 2 6 5 4 8 3 2 6 5 5 1 3 2 6 5 5 2 3 2 6 5 5 3 3 2 6 5 5 4 3 2 6 5 5 5 345 0 1 0 5 6 5 7 6 6 6 3 3 2 6 5 6 4 3 2 6 5 6 6 5 7 6 6 7 3 3 2 6 5
10 3 4 3 2 5 3 5 3 6 44 0 5 0 7 1 4 1 5 1 7 2 0 2 1 2 2 2 3 2 4 2 7 2 8 2 9 3 1 3 2 3 3 3 7 3 8 4 1 4 2 4 3 4 5 4 6 4 7 4 8 4 9 5 3 5 6 5 7 5 8 5 9 5 10 6 3 6 6 6 7 6 8 7 6 7 7 7 8 8 6 2 5 3 4 3 5 3 6 452 2 6 3 40 0 5 698 5 1 9 0 7 452 2 6 3 1 4 452 2 6 3 1 5 698 5 1 9 1 7 452 2 6 3 2 0 452 2 6 3 2 1 452 2 6 3 2 2 452 2 6 3 2 3 452 2 6 3 2 4 452 2 6 3 2 7 452 2 6 3 2 8 452 2 6 3 2 9 452 2 6 3 3 1 452 2 6 3 3 2 452 2 6 3 3 3 765 2 8 3 3 7 490 7 6 7 3 8 452 2 6 3 4 1 452 2 6 3 4 2 452 2 6 3 4 3 452 2 6 3 4 5 698 5 1 9 4 6 343 0 1 0 4 7 343 0 1 0 4 8 490 7 6 7 4 9 490 7 6 7 5 3 452 2 6 3 5 6 343 0 1 0 5 7 452 2 6 3 5 8 452 2 6 3 5 9 452 2 6 3 5 10 452 2 6 3 6 3 452 2 6 3 6 6 343 0 1 0 6 7 452 2 6 3 6 8 452 2 6 3 7 6 452 2 6 3 7 7 452 2 6 3 7 8 452 2 6 3 8 6 452 2 6 3
3 0 3 4 0 4 0 5 1 2 1 3 9 0 2 0 6 1 0 1 1 0 3 0 4 0 5 1 2 1 3 6 0 0 2 4 0 2 6 0 0 2 0 6 76 0 0 0 1 0 6 0 0 2 1 1 6 0 0 2
2 0 3 5 0 4 0 5 1 1 1 2 1 3 8 0 2 1 0 0 3 0 4 0 5 1 1 1 2 1 3 6 4 1 4 2 0 2 6 4 1 4 1 0 19 0 0 1
3 1 1 4 0 4 0 5 1 2 1 3 9 0 2 0 3 1 0 1 4 0 4 0 5 1 1 1 2 1 3 19 4 1 5 4 0 2 19 4 1 5 0 3 19 4 1 5 1 0 19 4 1 5 1 4 768 0 0 0
4 0 5 3 0 4 1 2 1 3 12 0 2 0 3 0 6 0 7 1 0 1 1 1 4 1 5 0 4 0 5 1 2 1 3 767 4 1 7 8 0 2 767 4 1 7 0 3 767 4 1 7 0 6 769 0 0 0 0 7 767 0 0 0 1 0 767 4 1 7 1 1 769 4 1 7 1 4 767 0 0 0 1 5 767 0 0 0
5 1 3 5 2 3 2 4 3 3 3 4 4 3 18 0 2 1 0 1 1 1 2 2 2 2 5 2 6 4 2 5 2 5 3 6 2 6 3 1 3 2 3 2 4 3 3 3 4 4 3 128 7 6 4 12 0 2 128 7 6 4 1 0 128 7 6 4 1 1 128 7 6 4 1 2 128 7 6 4 2 2 128 7 6 4 2 5 128 7 6 4 2 6 128 7 6 4 4 2 141 7 6 4 5 2 141 7 6 4 5 3 142 1 4 0 6 2 141 7 6 4 6 3 142 1 4 0
7 3 4 4 2 3 2 4 3 3 3 5 29 0 3 0 6 0 7 1 3 1 6 1 7 2 5 2 6 2 7 3 0 3 1 3 2 3 6 3 7 4 0 4 1 4 2 4 3 4 5 4 6 4 7 5 2 5 5 6 2 2 3 2 4 3 3 3 4 3 5 164 0 2 0 24 0 3 164 0 2 0 0 6 164 0 2 0 0 7 164 0 2 0 1 3 164 0 2 0 1 6 164 0 2 0 1 7 164 0 2 0 2 5 164 0 2 0 2 6 164 0 2 0 2 7 164 0 2 0 3 0 771 2 6 1 3 1 771 2 6 1 3 2 162 3 0 3 3 6 309 7 6 5 3 7 309 7 6 5 4 0 309 7 6 5 4 1 162 3 0 3 4 2 162 3 0 3 4 3 164 0 2 0 4 5 309 7 6 5 4 6 309 7 6 5 4 7 309 7 6 5 5 2 164 0 2 0 5 5 164 0 2 0 6 2 164 0 2 0
6 2 4 4 1 3 1 4 2 3 2 5 22 0 3 1 0 1 1 1 2 2 0 2 1 2 2 2 6 2 7 3 0 3 1 3 2 3 5 3 6 3 7 4 2 5 2 1 3 1 4 2 3 2 4 2 5 58 4 2 7 17 0 3 58 4 2 7 1 0 58 4 2 7 1 1 58 4 2 7 1 2 164 0 1 0 2 0 58 4 2 7 2 1 58 4 2 7 2 2 58 4 2 7 2 6 147 7 5 5 2 7 147 7 5 5 3 0 58 4 2 7 3 1 58 4 2 7 3 2 58 4 2 7 3 5 58 4 2 7 3 6 58 4 2 7 3 7 58 4 2 7 4 2 58 4 2 7 5 2 58 4 2 7
4 3 4 6 0 3 1 3 2 2 3 1 3 2 3 3 15 1 4 2 0 2 1 2 4 2 5 3 5 4 4 4 5 0 3 1 3 2 2 3 1 3 2 3 3 3 4 47 4 3 5 8 1 4 47 4 3 5 2 0 364 1 4 1 2 1 364 1 4 1 2 4 47 4 3 5 2 5 47 4 3 5 3 5 364 1 4 1 4 4 47 4 3 5 4 5 47 4 3 5
5 3 4 7 0 2 0 3 1 2 1 3 2 3 3 2 3 3 18 1 1 2 0 2 1 2 4 2 5 3 0 3 1 4 0 4 1 4 4 0 2 0 3 1 2 1 3 2 3 3 2 3 3 3 4 1 2 4 3 10 1 1 1 2 4 3 2 0 1 2 4 3 2 1 1 2 4 3 2 4 1 2 4 3 2 5 1 2 4 3 3 0 1 2 4 3 3 1 1 2 4 3 4 0 1 2 4 3 4 1 1 2 4 3 4 4 774 5 0 5
6 3 2 6 0 2 0 3 1 2 1 3 2 3 3 3 19 1 1 2 0 2 1 2 4 2 5 3 0 3 1 3 4 4 0 4 1 4 2 4 4 0 2 0 3 1 2 1 3 2 3 3 2 3 3 1 7 4 3 12 1 1 1 7 4 3 2 0 1 7 4 3 2 1 1 7 4 3 2 4 1 7 4 3 2 5 1 7 4 3 3 0 1 7 4 3 3 1 1 7 4 3 3 4 1 7 4 3 4 0 1 7 4 3 4 1 1 7 4 3 4 2 775 0 0 0 4 4 1 7 4 3
7 3 4 8 0 1 0 3 0 4 1 1 1 2 1 3 1 4 2 4 21 2 0 2 1 2 2 3 1 3 2 3 3 3 5 4 1 4 2 4 3 4 4 4 5 0 1 0 3 0 4 1 1 1 2 1 3 1 4 2 4 3 4 6 6 0 4 12 2 0 6 6 0 4 2 1 6 6 0 4 2 2 6 6 0 4 3 1 6 6 0 4 3 2 6 6 0 4 3 3 6 6 0 4 3 5 6 6 0 4 4 1 6 6 0 4 4 2 6 6 0 4 4 3 6 6 0 4 4 4 97 0 0 0 4 5 6 6 0 4
8 2 4 7 0 1 0 3 0 4 1 1 1 2 1 3 1 4 22 2 0 2 1 2 2 2 5 3 1 3 2 3 3 3 4 3 5 4 1 4 2 4 3 4 4 4 5 0 1 0 3 0 4 1 1 1 2 1 3 1 4 2 4 1 5 1 5 14 2 0 1 5 1 5 2 1 1 5 1 5 2 2 1 5 1 5 2 5 777 0 0 0 3 1 1 5 1 5 3 2 1 5 1 5 3 3 1 5 1 5 3 4 1 5 1 5 3 5 1 5 1 5 4 1 1 5 1 5 4 2 1 5 1 5 4 3 1 5 1 5 4 4 1 5 1 5 4 5 1 5 1 5
9 0 1 6 0 3 0 4 1 1 1 2 1 3 1 4 23 0 0 2 0 2 1 2 2 2 4 2 5 3 1 3 2 3 3 3 4 3 5 4 1 4 2 4 3 4 4 4 5 0 1 0 3 0 4 1 1 1 2 1 3 1 4 1 1 1 0 16 0 0 778 0 0 0 2 0 1 1 1 0 2 1 1 1 1 0 2 2 1 1 1 0 2 4 1 1 1 0 2 5 1 1 1 0 3 1 1 1 1 0 3 2 1 1 1 0 3 3 1 1 1 0 3 4 1 1 1 0 3 5 1 1 1 0 4 1 1 1 1 0 4 2 1 1 1 0 4 3 1 1 1 0 4 4 1 1 1 0 4 5 1 1 1 0
10 1 3 5 1 4 2 3 2 4 3 3 4 3 30 0 0 0 1 0 2 1 0 1 1 1 2 2 0 2 1 2 5 3 0 3 1 3 2 3 5 3 6 4 0 4 1 4 2 4 4 4 5 4 6 5 2 5 4 5 5 5 6 1 3 1 4 2 3 2 4 3 3 4 3 59 1 4 0 24 0 0 59 1 4 0 0 1 59 1 4 0 0 2 776 5 1 6 1 0 776 5 1 6 1 1 776 5 1 6 1 2 776 5 1 6 2 0 59 1 4 0 2 1 59 1 4 0 2 5 779 7 5 4 3 0 59 1 4 0 3 1 59 1 4 0 3 2 59 1 4 0 3 5 59 1 4 0 3 6 59 1 4 0 4 0 59 1 4 0 4 1 59 1 4 0 4 2 59 1 4 0 4 4 59 1 4 0 4 5 59 1 4 0 4 6 59 1 4 0 5 2 59 1 4 0 5 4 59 1 4 0 5 5 59 1 4 0 5 6 59 1 4 0
11 4 3 4 1 4 2 3 2 4 3 3 31 0 0 0 1 0 2 1 0 1 1 1 2 1 3 2 0 2 1 2 5 3 0 3 1 3 2 3 5 3 6 4 0 4 1 4 2 4 4 4 5 4 6 5 2 5 3 5 4 5 5 5 6 1 4 2 3 2 4 3 3 4 3 6 3 1 3 26 0 0 6 3 1 3 0 1 6 3 1 3 0 2 6 3 1 3 1 0 6 3 1 3 1 1 6 3 1 3 1 2 6 3 1 3 1 3 6 3 1 3 2 0 6 3 1 3 2 1 6 3 1 3 2 5 6 3 1 3 3 0 6 3 1 3 3 1 6 3 1 3 3 2 6 3 1 3 3 5 6 3 1 3 3 6 6 3 1 3 4 0 6 3 1 3 4 1 6 3 1 3 4 2 6 3 1 3 4 4 6 3 1 3 4 5 6 3 1 3 4 6 6 3 1 3 5 2 6 3 1 3 5 3 780 0 0 0 5 4 6 3 1 3 5 5 6 3 1 3 5 6 6 3 1 3
12 4 3 4 0 4 2 4 3 3 3 4 33 1 0 1 1 1 2 1 4 2 0 2 1 2 2 2 3 3 0 3 1 3 5 4 0 4 1 4 2 4 5 4 6 5 0 5 1 5 2 5 3 5 4 5 5 5 6 6 2 6 3 6 4 6 5 6 6 0 4 2 4 3 3 3 4 4 3 513 7 4 4 28 1 0 513 7 4 4 1 1 513 7 4 4 1 2 513 7 4 4 1 4 781 0 1 0 2 0 513 7 4 4 2 1 513 7 4 4 2 2 513 7 4 4 2 3 513 7 4 4 3 0 513 7 4 4 3 1 513 7 4 4 3 5 513 7 4 4 4 0 513 7 4 4 4 1 513 7 4 4 4 2 513 7 4 4 4 5 513 7 4 4 4 6 513 7 4 4 5 0 513 7 4 4 5 1 513 7 4 4 5 2 513 7 4 4 5 3 513 7 4 4 5 4 513 7 4 4 5 5 513 7 4 4 5 6 513 7 4 4 6 2 513 7 4 4 6 3 513 7 4 4 6 4 513 7 4 4 6 5 513 7 4 4 6 6 513 7 4 4
13 3 3 4 0 4 2 4 2 5 3 4 37 1 0 1 1 1 2 1 4 2 0 2 1 2 2 2 3 2 6 2 7 3 0 3 1 3 2 3 5 4 0 4 1 4 2 4 3 4 5 4 6 5 0 5 1 5 2 5 3 5 4 5 5 5 6 6 2 6 3 6 4 6 5 6 6 0 4 2 4 2 5 3 3 3 4 138 0 2 1 32 1 0 138 0 2 1 1 1 138 0 2 1 1 2 138 0 2 1 1 4 138 0 2 1 2 0 138 0 2 1 2 1 138 0 2 1 2 2 138 0 2 1 2 3 138 4 3 7 2 6 782 0 0 0 2 7 321 4 3 6 3 0 138 0 2 1 3 1 321 0 2 2 3 2 782 0 0 0 3 5 138 0 2 1 4 0 138 0 2 1 4 1 138 0 2 1 4 2 138 0 2 1 4 3 138 0 2 1 4 5 138 0 2 1 4 6 138 0 2 1 5 0 138 0 2 1 5 1 138 0 2 1 5 2 138 0 2 1 5 3 138 0 2 1 5 4 138 0 2 1 5 5 138 0 2 1 5 6 138 0 2 1 6 2 138 0 2 1 6 3 138 0 2 1 6 4 138 0 2 1 6 5 138 0 2 1 6 6 138 0 2 1
4 1 3 4 2 3 2 4 3 2 3 3 15 0 3 2 2 2 5 2 6 3 0 3 1 4 2 4 3 5 2 6 2 1 3 2 3 2 4 3 2 3 3 21 4 3 6 10 0 3 21 4 3 6 2 2 77 7 6 3 2 5 75 7 6 3 2 6 75 7 6 3 3 0 75 7 6 3 3 1 75 7 6 3 4 2 21 4 3 6 4 3 21 4 3 6 5 2 21 4 3 6 6 2 21 4 3 6
5 1 3 5 0 3 1 4 2 3 2 4 3 3 16 0 4 2 2 2 5 2 6 3 0 3 1 3 2 4 2 4 3 5 3 0 3 1 3 1 4 2 3 2 4 3 3 58 2 5 3 10 0 4 142 0 0 0 2 2 58 2 5 3 2 5 58 2 5 3 2 6 58 2 5 3 3 0 58 2 5 3 3 1 58 2 5 3 3 2 58 2 5 3 4 2 58 2 5 3 4 3 142 0 0 0 5 3 142 0 0 0
14 4 4 4 1 4 2 5 3 4 3 5 41 0 5 1 5 2 0 2 1 2 2 2 4 3 0 3 1 3 2 3 3 3 6 3 7 4 0 4 1 4 2 4 3 4 5 5 0 5 1 5 2 5 3 5 4 5 5 5 6 6 0 6 1 6 2 6 3 6 4 6 5 6 6 7 2 7 3 7 4 7 5 7 6 1 4 2 5 3 4 3 5 4 4 321 3 1 4 36 0 5 321 3 1 4 1 5 783 0 1 0 2 0 321 3 1 4 2 1 321 3 1 4 2 2 321 3 1 4 2 4 784 7 6 7 3 0 321 3 1 4 3 1 321 3 1 4 3 2 321 3 1 4 3 3 321 3 1 4 3 6 321 3 1 4 3 7 321 3 1 4 4 0 321 3 1 4 4 1 321 3 1 4 4 2 321 3 1 4 4 3 321 3 1 4 4 5 785 0 1 1 5 0 321 3 1 4 5 1 321 3 1 4 5 2 321 3 1 4 5 3 321 3 1 4 5 4 783 0 1 0 5 5 321 3 1 4 5 6 321 3 1 4 6 0 321 3 1 4 6 1 321 3 1 4 6 2 321 3 1 4 6 3 321 3 1 4 6 4 321 7 5 5 6 5 321 3 1 4 6 6 321 3 1 4 7 2 321 3 1 4 7 3 321 3 1 4 7 4 321 3 1 4 7 5 321 3 1 4 7 6 321 3 1 4
15 3 7 3 2 5 2 6 3 5 55 0 5 0 8 0 9 1 1 1 2 1 3 1 5 1 8 1 9 1 10 2 1 2 2 2 3 2 4 2 7 2 8 2 9 3 0 3 1 3 2 3 3 3 4 3 6 3 8 3 9 3 10 4 1 4 2 4 3 4 4 4 5 4 7 4 8 4 9 5 1 5 2 5 3 5 4 5 5 5 6 5 7 6 2 6 3 6 4 6 5 6 6 7 2 7 3 7 4 7 5 7 6 2 5 2 6 3 5 3 7 770 1 3 3 51 0 5 770 1 3 3 0 8 770 1 3 3 0 9 770 1 3 3 1 1 770 1 3 3 1 2 770 1 3 3 1 3 770 1 3 3 1 5 770 1 3 3 1 8 770 1 3 3 1 9 770 1 3 3 1 10 770 1 3 3 2 1 770 1 3 3 2 2 770 1 3 3 2 3 772 0 0 2 2 4 772 0 0 2 2 7 773 0 1 2 2 8 773 0 1 2 2 9 770 1 3 3 3 0 770 1 3 3 3 1 770 1 3 3 3 2 770 1 3 3 3 3 770 1 3 3 3 4 770 1 3 3 3 6 663 1 3 0 3 8 786 7 7 8 3 9 786 7 7 8 3 10 773 0 1 2 4 1 770 1 3 3 4 2 770 1 3 3 4 3 770 1 3 3 4 4 770 1 3 3 4 5 770 1 3 3 4 7 770 1 3 3 4 8 770 1 3 3 4 9 770 1 3 3 5 1 770 1 3 3 5 2 770 1 3 3 5 3 770 1 3 3 5 4 770 1 3 3 5 5 770 1 3 3 5 6 770 1 3 3 5 7 770 1 3 3 6 2 770 1 3 3 6 3 770 1 3 3 6 4 770 1 3 3 6 5 770 1 3 3 6 6 770 1 3 3 7 2 770 1 3 3 7 3 770 1 3 3 7 4 770 1 3 3 7 5 770 1 3 3 7 6 770 1 3 3
3 1 1 6 0 3 0 4 1 2 1 3 1 4 2 2 11 1 0 1 5 2 0 2 1 0 3 0 4 1 1 1 2 1 3 1 4 2 2 6 4 1 4 4 1 0 47 5 1 5 1 5 6 4 1 4 2 0 6 4 1 4 2 1 6 4 1 4
4 2 2 6 0 3 0 4 1 2 1 3 1 4 3 2 13 1 0 1 1 1 5 2 0 2 1 4 2 0 3 0 4 1 2 1 3 1 4 2 2 3 2 6 3 0 2 6 1 0 6 3 0 2 1 1 6 3 0 2 1 5 6 3 0 2 2 0 6 3 0 2 2 1 6 3 0 2 4 2 788 0 0 0
4 1 2 6 0 3 0 4 1 3 1 4 1 5 3 5 15 0 0 0 1 0 2 1 0 1 1 2 5 2 6 4 5 0 3 0 4 1 2 1 3 1 4 1 5 3 5 666 2 4 2 8 0 0 666 2 4 2 0 1 666 2 4 2 0 2 666 2 4 2 1 0 666 2 4 2 1 1 666 2 4 2 2 5 132 1 1 0 2 6 132 1 1 0 4 5 132 1 1 0
5 1 5 5 0 3 0 4 1 3 1 4 3 5 18 0 0 0 1 0 2 1 0 1 1 1 2 1 6 1 7 2 5 2 6 2 7 4 5 0 3 0 4 1 3 1 4 1 5 3 5 58 4 1 7 12 0 0 58 4 1 7 0 1 58 4 1 7 0 2 789 5 0 7 1 0 58 4 1 7 1 1 58 4 1 7 1 2 58 4 1 7 1 6 790 0 0 0 1 7 7 1 1 1 2 5 58 4 1 7 2 6 58 4 1 7 2 7 58 4 1 7 4 5 58 4 1 7
4 4 3 5 0 4 1 4 3 3 3 4 3 5 12 2 4 3 6 4 0 4 1 4 2 4 4 0 4 1 4 3 3 3 4 3 5 4 3 35 7 4 4 6 2 4 75 0 3 0 3 6 35 7 4 4 4 0 35 7 4 4 4 1 35 7 4 4 4 2 35 7 4 4 4 4 35 7 4 4
6 3 4 4 0 4 1 4 3 3 3 5 20 2 0 2 1 2 2 2 4 3 1 3 2 3 6 4 0 4 1 4 2 4 3 4 4 4 5 4 6 4 7 0 4 1 4 3 3 3 4 3 5 552 3 0 3 15 2 0 552 3 0 3 2 1 552 3 0 3 2 2 552 3 0 3 2 4 15 4 4 7 3 1 552 3 0 3 3 2 552 3 0 3 3 6 552 3 0 3 4 0 552 3 0 3 4 1 552 3 0 3 4 2 552 3 0 3 4 3 584 0 0 0 4 4 552 3 0 3 4 5 792 0 0 0 4 6 552 3 0 3 4 7 552 3 0 3
4 3 4 5 0 4 1 4 3 3 3 5 4 3 12 2 4 3 6 4 0 4 1 4 2 4 4 0 4 1 4 3 3 3 4 3 5 4 3 35 7 4 4 6 2 4 75 0 3 0 3 6 35 7 4 4 4 0 35 7 4 4 4 1 35 7 4 4 4 2 35 7 4 4 4 4 35 7 4 4
5 4 3 5 0 4 1 3 1 4 3 3 3 5 14 2 3 2 4 3 4 3 6 4 0 4 1 4 2 4 4 0 4 1 3 1 4 3 3 3 5 4 3 35 3 0 3 8 2 3 794 0 0 0 2 4 35 3 0 3 3 4 35 3 0 3 3 6 35 3 0 3 4 0 35 3 0 3 4 1 35 3 0 3 4 2 35 3 0 3 4 4 35 3 0 3
6 1 3 6 0 4 0 5 1 4 1 5 3 3 3 5 19 0 6 0 7 1 2 2 3 2 4 3 4 3 6 4 0 4 1 4 2 4 3 4 4 0 4 0 5 1 3 1 4 1 5 3 3 3 5 368 0 0 2 12 0 6 795 0 0 0 0 7 795 0 0 0 1 2 795 0 0 0 2 3 368 0 0 2 2 4 368 0 0 2 3 4 368 0 0 2 3 6 368 0 0 2 4 0 368 0 0 2 4 1 368 0 0 2 4 2 368 0 0 2 4 3 368 0 0 2 4 4 368 0 0 2
3 1 2 6 0 3 0 4 1 3 1 4 2 1 2 2 11 0 5 1 0 1 1 1 5 0 3 0 4 1 2 1 3 1 4 2 1 2 2 6 0 1 1 4 0 5 6 0 1 1 1 0 6 0 1 1 1 1 6 0 1 1 1 5 58 1 1 0
4 1 2 8 0 2 0 3 0 4 1 1 2 3 2 4 3 3 3 4 15 0 5 2 0 2 1 2 2 2 5 3 5 0 2 0 3 0 4 1 1 1 2 2 3 2 4 3 3 3 4 6 0 0 1 6 0 5 797 1 3 0 2 0 6 0 0 1 2 1 6 0 0 1 2 2 6 0 0 1 2 5 6 0 0 1 3 5 6 0 0 1
6 2 2 7 0 4 0 5 1 4 1 5 3 3 3 4 3 5 23 0 2 0 6 1 1 1 2 1 3 1 6 2 1 2 3 2 4 3 1 3 2 3 6 4 0 4 1 4 2 0 4 0 5 1 4 1 5 2 2 3 3 3 4 3 5 445 1 3 1 15 0 2 445 1 3 1 0 6 445 1 3 1 1 1 445 1 3 1 1 2 445 1 3 1 1 3 445 1 3 1 1 6 445 1 3 1 2 1 798 1 3 1 2 3 570 0 0 0 2 4 798 1 3 1 3 1 445 1 3 1 3 2 798 1 3 1 3 6 570 0 0 0 4 0 445 1 3 1 4 1 445 1 3 1 4 2 445 1 3 1
7 3 4 6 0 4 0 5 1 4 1 5 3 3 3 5 28 0 2 0 6 1 1 1 2 1 3 1 6 2 0 2 1 2 2 2 3 2 4 3 1 3 2 3 6 4 0 4 1 4 2 4 4 4 5 4 6 4 7 0 4 0 5 1 4 1 5 3 3 3 4 3 5 474 2 4 4 21 0 2 474 2 4 4 0 6 474 2 4 4 1 1 474 2 4 4 1 2 474 2 4 4 1 3 474 2 4 4 1 6 474 2 4 4 2 0 474 2 4 4 2 1 474 2 4 4 2 2 474 2 4 4 2 3 474 2 4 4 2 4 53 1 4 0 3 1 474 2 4 4 3 2 474 2 4 4 3 6 474 2 4 4 4 0 474 2 4 4 4 1 474 2 4 4 4 2 474 2 4 4 4 4 799 0 0 0 4 5 799 0 0 0 4 6 474 2 4 4 4 7 474 2 4 4
8 3 3 5 0 4 0 5 1 4 1 5 3 5 33 0 2 0 6 0 7 0 8 1 1 1 2 1 3 1 6 1 7 1 8 2 0 2 1 2 2 2 3 2 4 3 1 3 2 3 4 3 6 4 0 4 1 4 2 4 3 4 4 4 5 4 6 4 7 0 4 0 5 1 4 1 5 3 3 3 5 791 5 0 8 27 0 2 791 5 0 8 0 6 793 0 0 0 0 7 793 0 0 0 0 8 793 0 0 0 1 1 793 0 0 0 1 2 793 0 0 0 1 3 793 0 0 0 1 6 793 0 0 0 1 7 793 0 0 0 1 8 793 0 0 0 2 0 791 5 0 8 2 1 796 0 0 0 2 2 796 0 0 0 2 3 793 0 0 0 2 4 791 5 0 8 3 1 791 5 0 8 3 2 791 5 0 8 3 4 791 5 0 8 3 6 791 5 0 8 4 0 791 5 0 8 4 1 791 5 0 8 4 2 791 5 0 8 4 3 800 0 0 0 4 4 791 5 0 8 4 5 791 5 0 8 4 6 791 5 0 8 4 7 791 5 0 8
8 3 5 5 1 4 1 5 2 4 2 5 4 5 26 0 6 1 6 1 7 1 8 2 3 3 1 3 2 3 3 3 4 4 1 4 2 4 3 4 4 4 6 5 0 5 1 5 2 5 3 5 4 5 6 1 4 1 5 2 4 2 5 3 5 4 5 59 4 4 8 20 0 6 352 0 1 0 1 6 352 0 1 0 1 7 352 0 1 0 1 8 352 0 1 0 2 3 352 0 1 0 3 1 59 4 4 8 3 2 59 4 4 8 3 3 59 4 4 8 3 4 59 4 4 8 4 1 59 4 4 8 4 2 59 4 4 8 4 3 59 4 4 8 4 4 59 4 4 8 4 6 59 4 4 8 5 0 59 4 4 8 5 1 59 4 4 8 5 2 59 4 4 8 5 3 59 4 4 8 5 4 59 4 4 8 5 6 59 4 4 8
9 4 5 4 1 4 1 5 2 4 2 5 35 0 6 1 2 1 6 1 7 1 8 2 1 2 2 2 3 2 6 2 7 2 8 3 0 3 1 3 2 3 3 3 4 3 5 4 1 4 2 4 3 4 4 4 6 5 0 5 1 5 2 5 3 5 4 5 5 5 6 5 7 1 4 1 5 2 4 2 5 4 5 475 2 5 4 30 0 6 475 2 5 4 1 2 475 2 5 4 1 6 475 2 5 4 1 7 475 2 5 4 1 8 475 2 5 4 2 1 475 2 5 4 2 2 475 2 5 4 2 3 475 2 5 4 2 6 475 2 5 4 2 7 475 2 5 4 2 8 475 2 5 4 3 0 475 2 5 4 3 1 475 2 5 4 3 2 475 2 5 4 3 3 475 2 5 4 3 4 751 0 0 2 3 5 801 0 1 0 4 1 475 2 5 4 4 2 475 2 5 4 4 3 475 2 5 4 4 4 751 0 0 2 4 6 475 2 5 4 5 0 475 2 5 4 5 1 475 2 5 4 5 2 475 2 5 4 5 3 475 2 5 4 5 4 751 0 0 2 5 5 802 0 0 0 5 6 475 2 5 4 5 7 475 2 5 4
2 1 3 6 0 3 1 0 1 1 1 2 3 2 4 2 9 0 4 2 2 0 3 1 0 1 1 1 2 1 3 3 2 4 2 35 3 0 2 2 0 4 35 3 0 2 2 2 1 4 1 4
3 4 4 6 0 3 1 3 2 3 3 0 3 1 3 3 11 3 2 3 4 4 3 5 4 0 3 1 3 2 3 3 0 3 1 3 3 4 4 0 2 4 3 4 3 2 0 2 4 3 3 4 804 6 1 4 4 3 0 2 4 3 5 4 0 2 4 3
4 3 5 6 0 5 1 5 2 3 3 2 3 3 3 4 18 2 0 2 1 2 2 2 4 2 5 3 0 3 1 3 6 4 5 4 6 4 7 0 5 1 5 2 3 3 2 3 3 3 4 3 5 47 4 3 6 11 2 0 47 4 3 6 2 1 805 3 0 2 2 2 805 3 0 2 2 4 47 4 3 6 2 5 47 4 3 6 3 0 47 4 3 6 3 1 47 4 3 6 3 6 255 1 3 0 4 5 47 4 3 6 4 6 47 4 3 6 4 7 47 4 3 6
5 3 2 7 0 3 0 5 1 3 1 5 2 3 3 3 3 4 21 2 0 2 1 2 2 2 4 2 5 3 0 3 1 3 5 3 6 4 2 4 5 4 6 4 7 0 3 0 5 1 3 1 5 2 3 3 2 3 3 3 4 1 7 4 3 13 2 0 1 7 4 3 2 1 1 7 4 3 2 2 1 7 4 3 2 4 1 7 4 3 2 5 1 7 4 3 3 0 1 7 4 3 3 1 1 7 4 3 3 5 1 7 4 3 3 6 1 7 4 3 4 2 806 0 0 0 4 5 1 7 4 3 4 6 1 7 4 3 4 7 1 7 4 3
6 3 4 6 0 3 0 5 1 3 1 5 2 3 3 3 22 2 0 2 1 2 2 2 4 2 5 3 0 3 1 3 2 3 5 3 6 4 2 4 4 4 5 4 6 4 7 0 3 0 5 1 3 1 5 2 3 3 3 3 4 1 2 4 3 15 2 0 1 2 4 3 2 1 1 2 4 3 2 2 1 2 4 3 2 4 1 2 4 3 2 5 1 2 4 3 3 0 1 2 4 3 3 1 1 2 4 3 3 2 1 2 4 3 3 5 1 2 4 3 3 6 1 2 4 3 4 2 1 2 4 3 4 4 807 0 0 0 4 5 1 2 4 3 4 6 1 2 4 3 4 7 1 2 4 3
7 4 3 5 1 3 1 5 2 3 2 5 3 3 28 0 2 1 2 2 2 3 0 3 1 3 2 3 4 3 5 4 0 4 1 4 2 4 4 4 5 4 6 5 2 5 3 5 4 5 5 5 6 5 7 6 2 6 4 1 3 1 5 2 3 2 5 3 3 4 3 13 6 0 3 22 0 2 808 0 1 0 1 2 808 0 1 0 2 2 808 0 1 0 3 0 13 6 0 3 3 1 13 6 0 3 3 2 13 6 0 3 3 4 13 6 0 3 3 5 13 6 0 3 4 0 13 6 0 3 4 1 13 6 0 3 4 2 5 2 6 2 4 4 13 6 0 3 4 5 13 6 0 3 4 6 13 6 0 3 5 2 5 2 6 2 5 3 808 0 1 0 5 4 13 6 0 3 5 5 13 6 0 3 5 6 13 6 0 3 5 7 13 6 0 3 6 2 5 2 6 2 6 4 13 6 0 3
4 1 2 4 0 5 1 3 1 4 1 5 13 0 6 1 1 2 0 2 1 2 2 2 4 2 5 2 6 0 5 1 2 1 3 1 4 1 5 1 4 1 6 8 0 6 3 0 1 0 1 1 1 4 1 6 2 0 1 4 1 6 2 1 1 4 1 6 2 2 1 4 1 6 2 4 1 4 1 6 2 5 1 4 1 6 2 6 1 4 1 6
5 0 5 6 1 3 1 4 1 5 2 5 3 4 4 4 15 0 0 0 1 0 2 0 4 0 6 1 1 1 2 3 5 0 5 1 3 1 4 1 5 2 5 3 4 4 4 19 7 4 5 8 0 0 19 7 4 5 0 1 19 7 4 5 0 2 19 7 4 5 0 4 19 7 4 5 0 6 19 7 4 5 1 1 19 7 4 5 1 2 19 7 4 5 3 5 177 1 1 0
4 1 3 5 0 4 1 4 1 5 2 3 3 3 12 1 2 1 6 2 0 2 1 2 2 4 3 0 4 1 3 1 4 1 5 2 3 3 3 6 3 0 3 6 1 2 6 3 0 3 1 6 6 3 0 3 2 0 6 3 0 3 2 1 6 3 0 3 2 2 6 3 0 3 4 3 77 0 1 0
4 1 2 6 0 3 0 4 0 5 1 3 2 4 2 5 13 0 6 1 0 1 1 2 2 2 3 2 6 0 3 0 4 0 5 1 2 1 3 2 4 2 5 6 0 0 2 6 0 6 767 1 2 0 1 0 6 0 0 2 1 1 6 0 0 2 2 2 6 0 0 2 2 3 6 0 0 2 2 6 6 0 0 2
6 2 3 6 0 4 1 4 1 5 3 3 3 4 3 5 21 1 2 1 3 1 6 2 0 2 1 2 2 3 6 3 7 4 2 4 3 4 4 4 6 4 7 4 8 0 4 1 4 1 5 2 3 3 3 3 4 3 5 810 5 2 8 14 1 2 810 5 2 8 1 3 810 5 2 8 1 6 810 5 2 8 2 0 810 5 2 8 2 1 810 5 2 8 2 2 811 4 4 8 3 6 812 0 0 0 3 7 812 0 0 0 4 2 812 0 0 0 4 3 813 1 3 0 4 4 812 0 0 0 4 6 812 0 0 0 4 7 812 0 0 0 4 8 812 0 0 0
3 1 0 6 0 3 1 1 1 2 1 3 3 2 4 2 11 0 4 2 3 2 4 3 3 0 3 1 0 1 1 1 2 1 3 3 2 4 2 1 4 1 4 4 0 4 34 0 0 0 2 3 1 4 1 4 2 4 1 4 1 4 3 3 1 4 1 4
4 1 1 7 0 3 0 4 1 2 1 3 1 4 3 2 4 2 14 0 0 0 1 1 0 2 0 2 1 3 1 0 3 0 4 1 1 1 2 1 3 1 4 3 2 4 2 6 4 1 4 6 0 0 6 4 1 4 0 1 6 4 1 4 1 0 364 5 0 4 2 0 6 4 1 4 2 1 6 4 1 4 3 1 6 4 1 4
5 1 2 6 0 3 0 4 1 3 1 4 3 2 4 2 15 0 0 0 1 1 0 1 1 2 0 2 1 2 2 3 1 0 3 0 4 1 2 1 3 1 4 3 2 4 2 35 3 0 2 8 0 0 35 3 0 2 0 1 35 3 0 2 1 0 35 3 0 2 1 1 35 3 0 2 2 0 35 3 0 2 2 1 35 3 0 2 2 2 816 0 0 0 3 1 35 3 0 2
6 4 3 7 0 4 0 5 1 4 1 5 3 3 3 4 3 5 21 0 1 0 2 1 1 1 2 1 3 2 1 2 2 2 3 3 2 3 6 4 0 4 1 4 2 0 4 0 5 1 4 1 5 3 3 3 4 3 5 4 3 77 0 3 0 13 0 1 77 0 3 0 0 2 77 0 3 0 1 1 77 0 3 0 1 2 77 0 3 0 1 3 77 0 3 0 2 1 77 0 3 0 2 2 77 0 3 0 2 3 77 0 3 0 3 2 815 4 4 6 3 6 817 0 0 1 4 0 815 4 4 6 4 1 815 4 4 6 4 2 817 0 0 1
5 0 6 6 1 3 1 4 1 5 1 6 3 5 4 5 19 0 0 0 1 0 2 0 5 1 1 1 2 2 0 2 1 2 2 2 6 2 7 3 6 0 6 1 3 1 4 1 5 1 6 3 5 4 5 34 0 0 3 12 0 0 34 0 0 3 0 1 34 0 0 3 0 2 34 0 0 3 0 5 34 0 0 3 1 1 34 0 0 3 1 2 34 0 0 3 2 0 34 0 0 3 2 1 34 0 0 3 2 2 34 0 0 3 2 6 277 0 0 0 2 7 277 0 0 0 3 6 277 0 0 0
6 3 3 5 0 5 1 5 3 4 3 5 3 6 24 1 6 2 0 2 1 2 2 2 6 2 7 2 8 3 1 3 2 3 7 3 8 4 0 4 1 4 2 4 3 4 4 4 5 4 6 0 5 1 5 3 3 3 4 3 5 3 6 5 4 4 8 18 1 6 5 4 4 8 2 0 5 4 4 8 2 1 5 4 4 8 2 2 5 4 4 8 2 6 123 0 3 0 2 7 123 0 3 0 2 8 123 0 3 0 3 1 5 4 4 8 3 2 5 4 4 8 3 7 819 1 4 0 3 8 5 4 4 8 4 0 5 4 4 8 4 1 5 4 4 8 4 2 124 0 2 1 4 3 819 1 4 0 4 4 819 1 4 0 4 5 5 4 4 8 4 6 5 4 4 8
8 4 6 6 1 4 1 5 2 4 2 5 4 4 4 5 41 0 8 1 7 1 8 2 3 2 6 2 7 2 8 3 0 3 1 3 2 3 6 3 7 3 8 3 9 4 0 4 1 4 2 4 3 4 7 4 8 5 0 5 1 5 2 5 3 5 4 5 5 5 6 5 7 5 8 5 9 6 6 6 7 7 6 7 7 1 4 1 5 2 4 2 5 4 4 4 5 4 6 53 4 5 9 34 0 8 53 4 5 9 1 7 53 4 5 9 1 8 53 4 5 9 2 3 53 4 5 9 2 6 53 4 5 9 2 7 53 4 5 9 2 8 53 4 5 9 3 0 53 4 5 9 3 1 53 4 5 9 3 2 53 4 5 9 3 6 497 4 5 9 3 7 497 4 5 9 3 8 497 4 5 9 3 9 497 4 5 9 4 0 53 4 5 9 4 1 53 4 5 9 4 2 53 4 5 9 4 3 809 2 7 3 4 7 814 5 1 9 4 8 818 5 1 9 5 0 53 4 5 9 5 1 53 4 5 9 5 2 818 5 1 9 5 3 818 5 1 9 5 4 818 5 1 9 5 5 818 5 1 9 5 6 53 4 5 9 5 7 820 0 1 0 5 8 814 5 1 9 5 9 814 5 1 9 6 6 53 4 5 9 6 7 53 4 5 9 7 6 53 4 5 9 7 7 53 4 5 9
5 0 6 5 1 3 1 4 1 5 3 5 4 5 20 0 0 0 1 0 2 0 5 0 7 1 1 1 2 1 6 2 0 2 1 2 2 2 6 2 7 3 6 0 6 1 3 1 4 1 5 3 5 4 5 225 0 0 3 14 0 0 225 0 0 3 0 1 225 0 0 3 0 2 225 0 0 3 0 5 225 0 0 3 0 7 277 0 0 0 1 1 225 0 0 3 1 2 225 0 0 3 1 6 277 0 0 0 2 0 225 0 0 3 2 1 225 0 0 3 2 2 225 0 0 3 2 6 277 0 0 0 2 7 277 0 0 0 3 6 277 0 0 0
6 3 3 6 0 4 0 5 1 4 1 5 3 4 3 5 24 1 6 2 0 2 1 2 2 2 4 2 6 2 7 3 1 3 2 3 6 4 0 4 1 4 2 4 3 4 5 4 6 4 7 0 4 0 5 1 4 1 5 3 3 3 4 3 5 552 3 0 3 17 1 6 552 3 0 3 2 0 552 3 0 3 2 1 552 3 0 3 2 2 552 3 0 3 2 4 822 1 4 0 2 6 552 3 0 3 2 7 552 3 0 3 3 1 552 3 0 3 3 2 552 3 0 3 3 6 552 3 0 3 4 0 552 3 0 3 4 1 552 3 0 3 4 2 552 3 0 3 4 3 822 1 4 0 4 5 553 0 0 0 4 6 552 3 0 3 4 7 552 3 0 3
4 4 3 6 0 4 1 3 1 4 3 3 3 4 3 5 13 2 3 3 2 3 6 4 0 4 1 4 2 0 4 1 3 1 4 3 3 3 4 3 5 4 3 35 3 0 3 6 2 3 77 0 3 0 3 2 35 3 0 3 3 6 35 3 0 3 4 0 35 3 0 3 4 1 35 3 0 3 4 2 35 3 0 3
4 3 4 7 0 2 0 3 1 2 1 3 3 1 3 2 3 3 16 1 1 2 0 2 1 2 3 4 0 4 1 4 3 4 4 0 2 0 3 1 2 1 3 3 1 3 2 3 3 3 4 752 2 4 2 8 1 1 752 2 4 2 2 0 752 2 4 2 2 1 752 2 4 2 2 3 364 4 4 4 4 0 752 2 4 2 4 1 752 2 4 2 4 3 364 4 4 4 4 4 364 4 4 4
5 3 2 6 0 4 1 4 1 5 3 3 3 4 3 5 17 2 0 2 1 2 2 2 5 3 1 4 0 4 1 4 2 4 5 4 6 0 4 1 4 1 5 3 2 3 3 3 4 3 5 616 1 4 2 10 2 0 616 1 4 2 2 1 616 1 4 2 2 2 616 1 4 2 2 5 45 6 2 5 3 1 616 1 4 2 4 0 616 1 4 2 4 1 616 1 4 2 4 2 616 1 4 2 4 5 45 6 2 5 4 6 45 6 2 5
7 3 3 6 0 4 0 5 1 4 1 5 3 4 3 5 28 0 1 0 2 1 1 1 2 1 3 2 0 2 1 2 2 2 3 2 5 3 1 3 2 3 6 4 0 4 1 4 2 4 3 4 5 4 6 4 7 4 8 0 4 0 5 1 4 1 5 3 3 3 4 3 5 824 5 0 8 21 0 1 824 5 0 8 0 2 824 5 0 8 1 1 824 5 0 8 1 2 824 5 0 8 1 3 824 5 0 8 2 0 824 5 0 8 2 1 824 5 0 8 2 2 824 5 0 8 2 3 824 5 0 8 2 5 818 0 0 0 3 1 824 5 0 8 3 2 825 0 0 2 3 6 826 0 0 0 4 0 824 5 0 8 4 1 824 5 0 8 4 2 824 5 0 8 4 3 824 5 0 8 4 5 818 0 0 0 4 6 818 0 0 0 4 7 825 0 0 2 4 8 825 0 0 2
9 4 4 5 1 4 1 5 2 4 2 5 4 5 42 0 8 1 7 1 8 2 3 2 6 2 7 2 8 3 0 3 1 3 2 3 4 3 6 3 7 3 8 3 9 4 0 4 1 4 2 4 3 4 6 4 7 4 8 5 0 5 1 5 2 5 3 5 4 5 5 5 6 5 7 5 8 5 9 6 6 6 7 7 6 7 7 1 4 1 5 2 4 2 5 4 4 4 5 474 2 5 4 36 0 8 474 2 5 4 1 7 474 2 5 4 1 8 474 2 5 4 2 3 474 2 5 4 2 6 474 2 5 4 2 7 474 2 5 4 2 8 474 2 5 4 3 0 474 2 5 4 3 1 474 2 5 4 3 2 474 2 5 4 3 4 821 0 0 0 3 6 474 2 5 4 3 7 474 2 5 4 3 8 474 2 5 4 3 9 474 2 5 4 4 0 474 2 5 4 4 1 474 2 5 4 4 2 474 2 5 4 4 3 474 2 5 4 4 6 474 2 5 4 4 7 474 2 5 4 4 8 474 2 5 4 5 0 474 2 5 4 5 1 474 2 5 4 5 2 474 2 5 4 5 3 474 2 5 4 5 4 823 0 1 0 5 5 827 5 1 9 5 6 474 2 5 4 5 7 474 2 5 4 5 8 474 2 5 4 5 9 474 2 5 4 6 6 474 2 5 4 6 7 474 2 5 4 7 6 474 2 5 4 7 7 474 2 5 4
6 3 3 5 1 2 1 3 2 2 2 3 4 3 18 0 2 3 2 3 4 3 5 4 0 4 1 4 2 4 4 5 0 5 1 5 2 5 4 1 2 1 3 2 2 2 3 3 3 4 3 1 6 0 3 12 0 2 161 0 1 0 3 2 1 6 0 3 3 4 1 6 0 3 3 5 1 6 0 3 4 0 1 6 0 3 4 1 1 6 0 3 4 2 1 6 0 3 4 4 1 6 0 3 5 0 1 6 0 3 5 1 1 6 0 3 5 2 1 6 0 3 5 4 1 6 0 3
10 4 5 4 1 4 1 5 2 4 2 5 44 0 4 0 8 1 7 1 8 2 3 2 6 2 7 2 8 3 0 3 1 3 2 3 4 3 5 3 6 3 7 3 8 3 9 4 0 4 1 4 2 4 3 4 4 4 6 4 7 4 8 5 0 5 1 5 2 5 3 5 4 5 5 5 6 5 7 5 8 5 9 6 6 6 7 7 6 7 7 1 4 1 5 2 4 2 5 4 5 136 7 5 5 39 0 4 828 0 0 0 0 8 136 7 5 5 1 7 136 7 5 5 1 8 136 7 5 5 2 3 136 7 5 5 2 6 136 7 5 5 2 7 136 7 5 5 2 8 136 7 5 5 3 0 136 7 5 5 3 1 136 7 5 5 3 2 136 7 5 5 3 4 136 7 5 5 3 5 828 0 0 0 3 6 136 7 5 5 3 7 136 7 5 5 3 8 136 7 5 5 3 9 136 7 5 5 4 0 136 7 5 5 4 1 136 7 5 5 4 2 136 7 5 5 4 3 136 7 5 5 4 4 136 7 5 5 4 6 136 7 5 5 4 7 136 7 5 5 4 8 136 7 5 5 5 0 136 7 5 5 5 1 136 7 5 5 5 2 136 7 5 5 5 3 136 7 5 5 5 4 136 7 5 5 5 5 829 0 0 2 5 6 136 7 5 5 5 7 136 7 5 5 5 8 136 7 5 5 5 9 136 7 5 5 6 6 136 7 5 5 6 7 136 7 5 5 7 6 136 7 5 5 7 7 136 7 5 5
11 4 6 3 4 5 5 5 5 6 72 0 2 0 4 1 2 1 3 1 4 1 5 1 6 1 7 2 0 2 1 2 2 2 3 2 4 2 5 2 6 3 0 3 1 3 2 3 3 3 4 3 5 3 9 4 2 4 3 4 4 4 8 4 9 5 2 5 3 5 4 5 7 5 8 5 9 6 1 6 2 6 3 6 5 6 6 6 7 6 8 6 9 6 10 7 1 7 2 7 3 7 4 7 5 7 6 7 7 7 8 7 9 8 1 8 2 8 3 8 4 8 5 8 6 8 7 8 8 8 9 8 10 9 2 9 3 9 4 9 7 9 8 10 7 10 8 4 5 4 6 5 5 5 6 803 5 3 10 68 0 2 803 5 3 10 0 4 803 5 3 10 1 2 803 5 3 10 1 3 803 5 3 10 1 4 803 5 3 10 1 5 803 5 3 10 1 6 803 5 3 10 1 7 803 5 3 10 2 0 803 5 3 10 2 1 803 5 3 10 2 2 803 5 3 10 2 3 803 5 3 10 2 4 803 5 3 10 2 5 803 5 3 10 2 6 803 5 3 10 3 0 803 5 3 10 3 1 803 5 3 10 3 2 803 5 3 10 3 3 803 5 3 10 3 4 830 0 3 1 3 5 803 5 3 10 3 9 803 5 3 10 4 2 761 5 3 10 4 3 830 0 3 1 4 4 830 0 3 1 4 8 803 6 0 7 4 9 803 5 3 10 5 2 761 5 3 10 5 3 761 5 3 10 5 4 761 5 3 10 5 7 803 6 0 7 5 8 803 6 0 7 5 9 803 6 0 7 6 1 803 5 3 10 6 2 803 5 3 10 6 3 803 5 3 10 6 5 761 6 0 7 6 6 830 7 9 7 6 7 830 7 9 7 6 8 803 6 0 7 6 9 803 6 0 7 6 10 803 6 0 7 7 1 803 5 3 10 7 2 803 5 3 10 7 3 803 5 3 10 7 4 803 6 0 7 7 5 761 6 0 7 7 6 830 7 9 7 7 7 803 6 0 7 7 8 803 6 0 7 7 9 803 6 0 7 8 1 803 5 3 10 8 2 803 5 3 10 8 3 803 6 0 7 8 4 803 6 0 7 8 5 761 6 0 7 8 6 761 6 0 7 8 7 803 6 0 7 8 8 803 6 0 7 8 9 803 6 0 7 8 10 803 6 0 7 9 2 803 5 3 10 9 3 803 5 3 10 9 4 803 5 3 10 9 7 803 5 3 10 9 8 803 5 3 10 10 7 803 5 3 10 10 8 803 5 3 10
3 1 2 5 0 4 1 1 1 3 1 4 2 3 10 0 3 0 5 1 0 2 4 0 4 1 1 1 2 1 3 1 4 2 3 1 4 1 5 4 0 3 1 4 1 5 0 5 22 0 0 0 1 0 1 4 1 5 2 4 1 4 1 5
4 1 4 4 1 3 2 2 2 3 4 3 14 0 4 1 2 1 5 1 6 2 0 2 1 2 4 3 3 5 3 1 3 1 4 2 2 2 3 4 3 21 0 1 0 9 0 4 21 0 1 0 1 2 21 0 1 0 1 5 832 7 5 4 1 6 321 4 2 5 2 0 321 0 1 1 2 1 832 7 5 4 2 4 21 4 2 6 3 3 21 0 1 0 5 3 21 0 1 0
9 3 5 3 1 5 2 5 4 5 29 0 4 1 4 2 4 3 0 3 1 3 2 3 3 3 4 4 1 4 2 4 3 4 4 4 6 4 7 4 8 5 1 5 2 5 3 5 4 5 5 5 6 6 3 6 4 6 6 7 3 1 5 2 5 3 5 4 5 14 0 1 4 25 0 4 14 0 1 4 1 4 14 0 1 4 2 4 14 0 1 4 3 0 14 0 1 4 3 1 14 0 1 4 3 2 14 0 1 4 3 3 14 0 1 4 3 4 14 0 1 4 4 1 14 0 1 4 4 2 14 0 1 4 4 3 14 0 1 4 4 4 5 2 6 4 4 6 33 7 6 5 4 7 14 0 1 4 4 8 14 0 1 4 5 1 14 0 1 4 5 2 14 0 1 4 5 3 14 0 1 4 5 4 5 2 6 4 5 5 345 0 1 0 5 6 33 7 6 5 6 3 14 0 1 4 6 4 5 2 6 4 6 6 33 7 6 5 7 3 14 0 1 4
5 3 3 4 1 3 2 3 2 4 4 3 21 0 2 1 0 1 1 1 2 2 2 2 5 2 6 3 4 4 2 5 2 5 3 5 4 6 2 6 3 6 4 7 4 1 3 2 3 2 4 3 3 4 3 191 7 7 4 16 0 2 191 7 7 4 1 0 191 7 7 4 1 1 191 7 7 4 1 2 191 7 7 4 2 2 191 7 7 4 2 5 191 7 7 4 2 6 191 7 7 4 3 4 142 1 4 0 4 2 142 1 4 0 5 2 142 1 4 0 5 3 142 1 4 0 5 4 142 1 4 0 6 2 142 1 4 0 6 3 142 1 4 0 6 4 142 1 4 0 7 4 142 1 4 0
5 4 3 5 1 3 1 5 2 3 3 2 3 3 21 0 4 1 4 1 6 2 0 2 1 2 2 2 4 4 2 5 2 5 3 5 4 6 2 6 3 6 4 7 4 1 3 1 5 2 3 3 2 3 3 4 3 228 5 1 4 15 0 4 228 5 1 4 1 4 228 5 1 4 1 6 5 7 6 4 2 0 5 7 6 4 2 1 5 7 6 4 2 2 5 7 6 4 2 4 228 5 1 4 4 2 678 1 4 0 5 2 678 1 4 0 5 3 678 1 4 0 5 4 5 7 6 4 6 2 678 1 4 0 6 3 5 7 6 4 6 4 5 7 6 4 7 4 5 7 6 4
7 3 6 4 1 6 3 4 3 5 4 4 30 0 6 2 0 2 1 2 2 2 5 2 6 2 7 2 8 2 9 3 1 3 2 3 3 3 7 3 8 4 1 4 2 4 3 4 5 4 7 4 8 4 9 5 5 5 7 6 5 6 7 1 6 3 4 3 5 3 6 4 4 77 0 3 1 25 0 6 77 0 3 1 2 0 77 0 3 1 2 1 77 0 3 1 2 2 77 0 3 1 2 5 77 0 3 1 2 6 77 0 3 1 2 7 77 0 3 1 2 8 77 0 3 1 2 9 77 0 3 1 3 1 77 0 3 1 3 2 77 0 3 1 3 3 105 4 4 9 3 7 836 7 6 7 3 8 77 0 3 1 4 1 107 0 3 2 4 2 105 4 4 9 4 3 461 2 6 3 4 5 77 0 3 1 4 7 77 0 3 1 4 8 77 0 3 1 4 9 77 0 3 1 5 5 77 0 3 1 5 7 77 0 3 1 6 5 77 0 3 1 6 7 77 0 3 1
3 1 2 6 0 1 0 3 0 4 1 1 1 3 2 1 11 0 0 1 0 1 4 2 0 0 1 0 3 0 4 1 1 1 2 1 3 2 1 6 4 1 4 4 0 0 6 4 1 4 1 0 81 4 2 4 1 4 6 4 1 4 2 0 6 4 1 4
5 2 4 6 0 3 1 3 1 4 3 3 3 4 3 5 15 0 4 3 2 3 6 4 0 4 1 4 2 4 3 4 4 0 3 1 3 1 4 2 4 3 3 3 4 3 5 6 6 0 4 8 0 4 6 6 0 4 3 2 6 6 0 4 3 6 6 6 0 4 4 0 6 6 0 4 4 1 6 6 0 4 4 2 6 6 0 4 4 3 6 6 0 4 4 4 206 1 4 0
7 3 4 5 0 5 1 4 1 5 3 3 3 5 30 0 4 2 3 2 4 2 7 2 8 2 9 3 1 3 2 3 6 3 7 3 8 3 9 4 0 4 1 4 2 4 3 4 4 4 5 4 6 4 7 4 8 4 9 5 3 6 3 0 5 1 4 1 5 3 3 3 4 3 5 838 7 4 5 24 0 4 497 1 4 0 2 3 838 7 4 5 2 4 497 1 4 0 2 7 838 7 4 5 2 8 838 7 4 5 2 9 838 7 4 5 3 1 838 7 4 5 3 2 838 7 4 5 3 6 838 7 4 5 3 7 838 7 4 5 3 8 838 7 4 5 3 9 838 7 4 5 4 0 838 7 4 5 4 1 838 7 4 5 4 2 838 7 4 5 4 3 839 5 0 8 4 4 261 0 0 0 4 5 261 0 0 0 4 6 838 7 4 5 4 7 838 7 4 5 4 8 838 7 4 5 4 9 838 7 4 5 5 3 838 7 4 5 6 3 838 7 4 5
10 3 5 2 3 4 3 6 40 0 5 0 6 0 7 0 8 1 4 1 5 1 6 1 7 1 8 2 0 2 1 2 2 2 3 2 4 2 5 2 6 2 7 2 8 2 9 3 0 3 1 3 2 3 3 3 7 3 8 4 0 4 1 4 2 4 5 4 6 4 7 4 8 4 9 5 5 5 6 5 7 6 7 3 4 3 5 3 6 56 5 2 8 37 0 5 56 5 2 8 0 6 56 5 2 8 0 7 56 5 2 8 0 8 56 5 2 8 1 4 56 5 2 8 1 5 56 5 2 8 1 6 56 5 2 8 1 7 56 5 2 8 1 8 56 5 2 8 2 0 56 5 2 8 2 1 53 5 2 9 2 2 119 3 0 3 2 3 119 3 0 3 2 4 119 3 0 3 2 5 56 5 2 8 2 6 53 5 2 9 2 7 126 1 4 0 2 8 126 1 4 0 2 9 56 5 2 8 3 0 56 5 2 8 3 1 56 5 2 8 3 2 53 5 2 9 3 3 57 3 0 3 3 7 52 6 0 7 3 8 56 5 2 8 4 0 56 5 2 8 4 1 56 5 2 8 4 2 56 5 2 8 4 5 53 5 2 9 4 6 497 5 2 9 4 7 497 5 2 9 4 8 497 5 2 9 4 9 56 5 2 8 5 5 56 5 2 8 5 6 56 5 2 8 5 7 56 5 2 8 6 7 56 5 2 8
5 3 4 6 0 4 1 4 2 1 3 1 3 2 3 3 15 1 5 2 0 2 5 2 6 3 5 4 4 4 5 4 6 0 4 1 4 2 1 3 1 3 2 3 3 3 4 1 1 3 0 8 1 5 1 1 3 0 2 0 226 3 0 1 2 5 1 1 3 0 2 6 1 1 3 0 3 5 1 1 3 0 4 4 1 1 3 0 4 5 1 1 3 0 4 6 1 1 3 0
6 3 4 7 0 2 0 5 1 2 1 5 2 5 3 3 3 5 18 1 1 2 0 2 1 2 6 3 1 3 2 4 0 4 1 4 2 4 4 0 2 0 5 1 2 1 5 2 5 3 3 3 4 3 5 1 7 4 5 10 1 1 1 7 4 5 2 0 1 7 4 5 2 1 1 7 4 5 2 6 1 7 4 5 3 1 1 7 4 5 3 2 1 7 4 5 4 0 1 7 4 5 4 1 1 7 4 5 4 2 1 7 4 5 4 4 842 5 0 6
7 3 1 8 1 1 1 2 1 3 1 4 3 3 3 4 4 3 4 4 23 0 2 2 0 2 1 3 0 3 2 4 0 4 1 4 5 5 0 5 1 5 2 5 3 6 0 6 2 1 1 1 2 1 3 1 4 3 1 3 3 3 4 4 3 4 4 136 0 3 0 14 0 2 136 0 3 0 2 0 136 0 3 0 2 1 136 0 3 0 3 0 843 7 6 4 3 2 843 7 6 4 4 0 136 0 3 0 4 1 136 0 3 0 4 5 843 7 6 4 5 0 136 0 3 0 5 1 136 0 3 0 5 2 136 0 3 0 5 3 136 0 3 0 6 0 136 0 3 0 6 2 136 0 3 0
8 4 3 7 1 1 1 2 1 3 1 4 3 3 3 4 4 4 26 0 2 0 4 0 5 2 0 2 1 2 3 3 0 3 1 3 2 4 0 4 1 4 5 5 0 5 1 5 2 5 3 6 0 6 2 1 1 1 2 1 3 1 4 3 3 3 4 4 3 4 4 158 0 0 1 18 0 2 158 0 0 1 0 4 844 0 0 0 0 5 844 0 0 0 2 0 158 0 0 1 2 1 158 0 0 1 2 3 844 0 0 0 3 0 158 0 0 1 3 1 158 0 0 1 3 2 158 0 0 1 4 0 158 0 0 1 4 1 158 0 0 1 4 5 158 0 0 1 5 0 158 0 0 1 5 1 158 0 0 1 5 2 158 0 0 1 5 3 158 0 0 1 6 0 158 0 0 1 6 2 158 0 0 1
9 1 2 6 1 3 1 4 1 5 3 4 3 5 4 5 33 0 0 0 1 0 2 0 3 0 5 0 6 0 7 1 1 1 6 2 0 2 1 2 2 2 4 3 1 3 2 3 3 4 1 4 2 4 4 4 6 5 1 5 2 5 3 5 4 6 1 6 3 1 2 1 3 1 4 1 5 3 4 3 5 4 5 33 4 1 7 26 0 0 33 4 1 7 0 1 845 0 0 1 0 2 845 0 0 1 0 3 45 6 0 5 0 5 45 6 0 5 0 6 45 6 0 5 0 7 45 6 0 5 1 1 33 4 1 7 1 6 45 6 0 5 2 0 33 4 1 7 2 1 33 4 1 7 2 2 33 4 1 7 2 4 33 4 1 7 3 1 33 4 1 7 3 2 33 4 1 7 3 3 33 4 1 7 4 1 33 4 1 7 4 2 33 4 1 7 4 4 33 4 1 7 4 6 33 4 1 7 5 1 33 4 1 7 5 2 33 4 1 7 5 3 33 4 1 7 5 4 33 4 1 7 6 1 33 4 1 7 6 3 33 4 1 7
4 4 3 4 1 4 3 3 3 4 3 5 15 0 4 2 4 3 2 3 6 4 0 4 1 4 2 4 4 5 3 6 3 1 4 3 3 3 4 3 5 4 3 77 0 3 0 10 0 4 77 0 3 0 2 4 77 0 3 0 3 2 244 7 6 4 3 6 244 7 6 4 4 0 244 7 6 4 4 1 244 7 6 4 4 2 244 7 6 4 4 4 77 0 3 0 5 3 77 0 3 0 6 3 77 0 3 0
10 5 4 5 2 5 3 4 3 5 5 3 5 5 37 0 1 0 3 1 1 1 2 1 3 1 4 2 1 2 2 2 4 2 6 3 1 3 2 3 3 4 0 4 1 4 2 4 4 5 1 5 2 5 6 6 0 6 1 6 2 6 3 6 4 6 5 6 6 6 7 6 8 7 3 8 3 2 5 3 4 3 5 5 3 5 4 5 5 838 7 6 5 31 0 1 838 7 6 5 0 3 838 7 6 5 1 1 838 7 6 5 1 2 838 7 6 5 1 3 838 7 6 5 1 4 838 7 6 5 2 1 838 7 6 5 2 2 838 7 6 5 2 4 15 4 6 7 2 6 838 7 6 5 3 1 838 7 6 5 3 2 838 7 6 5 3 3 838 7 6 5 4 0 838 7 6 5 4 1 838 7 6 5 4 2 838 7 6 5 4 4 15 4 6 7 5 1 838 7 6 5 5 2 838 7 6 5 5 6 838 7 6 5 6 0 838 7 6 5 6 1 838 7 6 5 6 2 838 7 6 5 6 3 839 5 2 8 6 4 846 1 6 0 6 5 847 0 2 0 6 6 838 7 6 5 6 7 838 7 6 5 6 8 838 7 6 5 7 3 838 7 6 5 8 3 838 7 6 5
5 3 4 5 0 5 1 5 2 5 3 3 3 5 16 2 0 2 1 2 2 2 6 3 1 3 2 4 0 4 1 4 2 4 4 0 5 1 5 2 5 3 3 3 4 3 5 1 7 4 5 10 2 0 1 7 4 5 2 1 1 7 4 5 2 2 1 7 4 5 2 6 1 7 4 5 3 1 1 7 4 5 3 2 1 7 4 5 4 0 1 7 4 5 4 1 1 7 4 5 4 2 1 7 4 5 4 4 105 0 2 0
6 1 4 5 0 5 1 5 1 6 1 7 3 7 28 0 0 0 1 0 2 0 3 0 4 0 6 1 1 1 2 1 3 2 1 2 2 2 3 2 7 2 8 4 6 4 7 4 8 5 6 5 7 5 8 6 6 6 8 0 5 1 4 1 5 1 6 1 7 3 7 849 2 6 4 22 0 0 849 2 6 4 0 1 849 2 6 4 0 2 849 2 6 4 0 3 849 2 6 4 0 4 849 2 6 4 0 6 271 7 2 7 1 1 849 2 6 4 1 2 849 2 6 4 1 3 849 2 6 4 2 1 849 2 6 4 2 2 849 2 6 4 2 3 849 2 6 4 2 7 271 7 2 7 2 8 271 7 2 7 4 6 271 7 2 7 4 7 271 7 2 7 4 8 271 7 2 7 5 6 271 7 2 7 5 7 271 7 2 7 5 8 271 7 2 7 6 6 271 7 2 7 6 8 271 7 2 7
7 3 7 4 2 5 3 5 3 6 5 7 37 0 8 1 8 2 0 2 1 2 2 2 3 2 4 2 6 2 8 2 9 2 10 3 1 3 2 3 3 3 4 3 8 3 9 4 1 4 2 4 3 4 7 4 8 4 9 4 10 6 6 6 7 6 8 7 6 7 7 7 8 8 6 8 8 2 5 3 5 3 6 3 7 5 7 77 1 3 2 32 0 8 77 1 3 2 1 8 77 1 3 2 2 0 77 1 3 2 2 1 77 1 3 2 2 2 107 1 3 3 2 3 105 5 2 10 2 4 461 3 0 4 2 6 77 1 3 2 2 8 77 1 3 2 2 9 77 1 3 2 2 10 77 1 3 2 3 1 77 1 3 2 3 2 77 1 3 2 3 3 77 1 3 2 3 4 105 5 2 10 3 8 850 0 2 0 3 9 77 1 3 2 4 1 77 1 3 2 4 2 77 1 3 2 4 3 77 1 3 2 4 7 77 1 3 2 4 8 77 1 3 2 4 9 77 1 3 2 4 10 77 1 3 2 6 6 77 1 3 2 6 7 77 1 3 2 6 8 77 1 3 2 7 6 77 1 3 2 7 7 77 1 3 2 7 8 77 1 3 2 8 6 77 1 3 2 8 8 77 1 3 2
5 2 3 6 1 2 1 3 1 4 3 3 3 4 4 4 15 0 3 0 4 1 5 2 0 2 1 2 2 4 3 5 3 1 2 1 3 1 4 2 3 3 3 3 4 4 4 6 2 4 3 8 0 3 646 0 0 0 0 4 6 2 4 3 1 5 6 2 4 3 2 0 6 2 4 3 2 1 6 2 4 3 2 2 6 2 4 3 4 3 6 2 4 3 5 3 6 2 4 3
7 1 2 5 1 3 2 2 2 3 3 3 4 3 20 0 2 2 1 3 0 3 1 3 4 3 5 4 0 4 1 4 2 4 4 5 0 5 1 5 2 5 4 1 2 1 3 2 2 2 3 3 3 4 3 1 6 0 3 14 0 2 776 0 1 0 2 1 1 6 0 3 3 0 1 6 0 3 3 1 1 6 0 3 3 4 1 6 0 3 3 5 1 6 0 3 4 0 1 6 0 3 4 1 1 6 0 3 4 2 1 6 0 3 4 4 1 6 0 3 5 0 1 6 0 3 5 1 1 6 0 3 5 2 1 6 0 3 5 4 1 6 0 3
8 4 3 4 1 3 2 2 2 3 3 3 23 0 2 1 2 2 1 3 0 3 1 3 4 3 5 4 0 4 1 4 2 4 4 5 0 5 1 5 2 5 3 5 4 6 2 6 4 1 3 2 2 2 3 3 3 4 3 47 7 5 3 18 0 2 14 0 1 2 1 2 14 0 1 2 2 1 47 7 5 3 3 0 47 7 5 3 3 1 47 7 5 3 3 4 47 7 5 3 3 5 47 7 5 3 4 0 47 7 5 3 4 1 47 7 5 3 4 2 47 7 5 3 4 4 47 7 5 3 5 0 47 7 5 3 5 1 47 7 5 3 5 2 47 7 5 3 5 3 853 0 0 0 5 4 47 7 5 3 6 2 47 7 5 3 6 4 47 7 5 3
9 4 4 6 0 5 1 4 1 5 3 3 3 4 3 5 27 1 3 2 0 2 1 2 2 2 3 2 4 3 1 3 2 4 0 4 1 4 2 4 5 4 6 5 1 5 2 5 3 5 4 6 1 6 2 6 3 0 5 1 4 1 5 3 3 3 4 3 5 4 4 35 3 0 4 20 1 3 35 3 0 4 2 0 35 3 0 4 2 1 35 3 0 4 2 2 35 3 0 4 2 3 35 3 0 4 2 4 854 7 6 6 3 1 35 3 0 4 3 2 35 3 0 4 4 0 35 3 0 4 4 1 35 3 0 4 4 2 35 3 0 4 4 5 35 3 0 4 4 6 35 3 0 4 5 1 35 3 0 4 5 2 35 3 0 4 5 3 35 3 0 4 5 4 35 3 0 4 6 1 35 3 0 4 6 2 35 3 0 4 6 3 35 3 0 4
5 2 5 5 1 3 1 4 1 5 1 6 3 5 18 0 1 0 2 0 3 0 6 0 7 1 1 1 2 2 0 2 1 2 2 2 4 4 5 1 3 1 4 1 5 1 6 2 5 3 5 83 0 0 3 12 0 1 83 0 0 3 0 2 83 0 0 3 0 3 83 0 0 3 0 6 191 1 2 0 0 7 191 1 2 0 1 1 83 0 0 3 1 2 83 0 0 3 2 0 83 0 0 3 2 1 83 0 0 3 2 2 83 0 0 3 2 4 83 0 0 3 4 5 191 1 2 0
6 1 3 4 1 4 1 5 1 6 3 5 22 0 1 0 2 0 3 0 6 0 7 0 8 1 1 1 2 1 7 1 8 2 0 2 1 2 2 2 3 2 4 2 5 4 5 1 3 1 4 1 5 1 6 3 5 14 6 0 6 17 0 1 5 4 2 8 0 2 5 4 2 8 0 3 5 4 2 8 0 6 14 6 0 6 0 7 14 6 0 6 0 8 14 6 0 6 1 1 14 6 0 6 1 2 5 4 2 8 1 7 14 6 0 6 1 8 14 6 0 6 2 0 14 6 0 6 2 1 5 4 2 8 2 2 219 5 0 8 2 3 856 0 0 0 2 4 14 6 0 6 2 5 14 6 0 6 4 5 14 6 0 6
7 2 5 6 0 6 1 5 1 6 3 4 3 5 3 6 24 1 4 2 0 2 1 2 2 2 3 2 4 3 1 3 2 3 3 3 7 3 8 4 1 4 2 4 3 4 5 5 3 6 3 0 6 1 5 1 6 2 5 3 4 3 5 3 6 6 3 0 5 17 1 4 6 3 0 5 2 0 6 3 0 5 2 1 6 3 0 5 2 2 6 3 0 5 2 3 6 3 0 5 2 4 6 3 0 5 3 1 6 3 0 5 3 2 6 3 0 5 3 3 6 3 0 5 3 7 6 3 0 5 3 8 6 3 0 5 4 1 6 3 0 5 4 2 6 3 0 5 4 3 6 3 0 5 4 5 343 0 1 0 5 3 6 3 0 5 6 3 6 3 0 5
10 4 5 5 1 6 2 5 2 6 4 4 4 6 35 0 5 1 5 2 4 3 0 3 1 3 2 3 3 3 4 3 5 4 1 4 2 4 3 4 7 4 8 5 1 5 2 5 3 5 5 5 6 5 7 5 8 5 9 6 2 6 3 6 4 6 5 7 2 7 3 7 4 1 6 2 5 2 6 4 4 4 5 4 6 53 1 5 1 29 0 5 53 1 5 1 1 5 53 1 5 1 2 4 53 1 5 1 3 0 53 1 5 1 3 1 839 5 1 9 3 2 839 5 1 9 3 3 839 5 1 9 3 4 839 5 1 9 3 5 53 1 5 1 4 1 53 1 5 1 4 2 839 5 1 9 4 3 852 1 5 2 4 7 855 0 1 1 4 8 53 1 5 1 5 1 839 5 1 9 5 2 839 5 1 9 5 3 839 5 1 9 5 5 857 1 5 0 5 6 858 0 1 0 5 7 852 1 5 2 5 8 852 1 5 2 5 9 53 1 5 1 6 2 53 1 5 1 6 3 53 1 5 1 6 4 53 1 5 1 6 5 53 1 5 1 7 2 53 1 5 1 7 3 53 1 5 1 7 4 53 1 5 1
11 5 4 4 2 6 3 5 3 6 5 6 65 0 2 0 3 0 4 0 5 1 2 1 3 1 4 1 5 2 1 2 2 2 3 2 5 2 7 2 8 2 9 2 10 2 11 3 2 3 3 3 4 3 7 3 8 3 9 3 10 4 0 4 1 4 2 4 3 4 4 4 5 4 8 4 9 4 10 5 1 5 2 5 3 5 5 5 7 5 8 5 9 5 10 6 1 6 2 6 3 6 4 6 5 6 6 6 7 6 8 6 9 6 10 7 2 7 3 7 4 7 5 7 6 8 2 8 3 8 4 8 5 2 6 3 5 3 6 5 4 5 6 837 4 6 10 60 0 2 837 4 6 10 0 3 840 0 2 1 0 4 837 4 6 10 0 5 840 0 2 1 1 2 837 4 6 10 1 3 840 0 2 1 1 4 837 4 6 10 1 5 840 0 2 1 2 1 840 0 2 1 2 2 840 0 2 1 2 3 840 0 2 1 2 5 841 4 8 10 2 7 840 0 2 1 2 8 840 0 2 1 2 9 840 0 2 1 2 10 837 4 6 10 2 11 837 4 6 10 3 2 840 0 2 1 3 3 840 0 2 1 3 4 840 0 2 1 3 7 840 0 2 1 3 8 840 0 2 1 3 9 840 0 2 1 3 10 837 4 6 10 4 0 837 4 6 10 4 1 840 0 2 1 4 2 840 0 2 1 4 3 840 0 2 1 4 4 848 0 0 1 4 5 851 5 0 11 4 8 848 0 0 1 4 9 848 0 0 1 4 10 848 0 0 1 5 1 837 4 6 10 5 2 837 4 6 10 5 3 837 4 6 10 5 5 837 4 6 10 5 7 837 4 6 10 5 8 837 4 6 10 5 9 837 4 6 10 5 10 837 4 6 10 6 1 837 4 6 10 6 2 837 4 6 10 6 3 837 4 6 10 6 4 859 0 1 0 6 5 837 4 6 10 6 6 837 4 6 10 6 7 837 4 6 10 6 8 837 4 6 10 6 9 837 4 6 10 6 10 837 4 6 10 7 2 837 4 6 10 7 3 837 4 6 10 7 4 837 4 6 10 7 5 837 4 6 10 7 6 837 4 6 10 8 2 837 4 6 10 8 3 837 4 6 10 8 4 837 4 6 10 8 5 837 4 6 10
8 3 5 4 1 5 2 4 2 5 4 5 35 0 4 0 6 1 4 1 6 1 7 1 8 2 3 3 0 3 1 3 2 3 3 3 4 3 7 3 8 3 9 4 1 4 2 4 3 4 4 4 6 4 7 4 8 5 1 5 2 5 3 5 4 5 6 5 7 5 8 5 9 1 5 2 4 2 5 3 5 4 5 78 4 4 8 30 0 4 533 0 1 0 0 6 533 0 1 0 1 4 533 0 1 0 1 6 533 0 1 0 1 7 533 0 1 0 1 8 533 0 1 0 2 3 533 0 1 0 3 0 78 4 4 8 3 1 78 4 4 8 3 2 78 4 4 8 3 3 78 4 4 8 3 4 78 4 4 8 3 7 78 4 4 8 3 8 78 4 4 8 3 9 78 4 4 8 4 1 78 4 4 8 4 2 78 4 4 8 4 3 78 4 4 8 4 4 78 4 4 8 4 6 78 4 4 8 4 7 78 4 4 8 4 8 78 4 4 8 5 1 78 4 4 8 5 2 78 4 4 8 5 3 78 4 4 8 5 4 78 4 4 8 5 6 78 4 4 8 5 7 78 4 4 8 5 8 78 4 4 8 5 9 78 4 4 8
12 5 6 3 2 6 3 5 3 6 68 0 2 0 3 0 4 0 5 1 2 1 3 1 4 1 5 1 7 2 1 2 2 2 3 2 5 2 7 2 8 2 9 2 10 2 11 3 2 3 3 3 4 3 7 3 8 3 9 3 10 4 0 4 1 4 2 4 3 4 4 4 5 4 6 4 8 4 9 4 10 5 1 5 2 5 3 5 4 5 5 5 7 5 8 5 9 5 10 6 1 6 2 6 3 6 4 6 5 6 6 6 7 6 8 6 9 6 10 7 2 7 3 7 4 7 5 7 6 7 7 8 2 8 3 8 4 8 5 2 6 3 5 3 6 5 6 833 0 1 3 64 0 2 833 0 1 3 0 3 833 0 1 3 0 4 833 0 1 3 0 5 833 0 1 3 1 2 833 0 1 3 1 3 833 0 1 3 1 4 833 0 1 3 1 5 833 0 1 3 1 7 834 0 1 1 2 1 833 0 1 3 2 2 833 0 1 3 2 3 833 0 1 3 2 5 835 5 1 9 2 7 834 0 1 1 2 8 834 0 1 1 2 9 834 0 1 1 2 10 833 0 1 3 2 11 833 0 1 3 3 2 833 0 1 3 3 3 834 0 1 1 3 4 834 0 1 1 3 7 834 0 1 1 3 8 833 0 1 3 3 9 833 0 1 3 3 10 833 0 1 3 4 0 833 0 1 3 4 1 833 0 1 3 4 2 833 0 1 3 4 3 833 0 1 3 4 4 833 0 1 3 4 5 833 0 1 3 4 6 860 0 0 0 4 8 833 0 1 3 4 9 833 0 1 3 4 10 833 0 1 3 5 1 833 0 1 3 5 2 833 0 1 3 5 3 833 0 1 3 5 4 833 0 1 3 5 5 833 0 1 3 5 7 833 0 1 3 5 8 833 0 1 3 5 9 833 0 1 3 5 10 833 0 1 3 6 1 833 0 1 3 6 2 833 0 1 3 6 3 833 0 1 3 6 4 833 0 1 3 6 5 833 0 1 3 6 6 861 0 1 1 6 7 833 0 1 3 6 8 833 0 1 3 6 9 833 0 1 3 6 10 833 0 1 3 7 2 833 0 1 3 7 3 833 0 1 3 7 4 833 0 1 3 7 5 833 0 1 3 7 6 833 0 1 3 7 7 833 0 1 3 8 2 833 0 1 3 8 3 833 0 1 3 8 4 833 0 1 3 8 5 833 0 1 3
6 0 7 4 1 4 1 5 1 6 1 7 19 0 1 0 2 0 3 0 8 1 1 1 2 1 3 2 0 2 1 2 2 2 3 2 4 2 5 2 6 0 7 1 4 1 5 1 6 1 7 1 4 1 8 14 0 1 1 4 1 8 0 2 1 4 1 8 0 3 1 4 1 8 0 8 504 6 0 7 1 1 1 4 1 8 1 2 1 4 1 8 1 3 1 4 1 8 2 0 1 4 1 8 2 1 1 4 1 8 2 2 1 4 1 8 2 3 1 4 1 8 2 4 1 4 1 8 2 5 1 4 1 8 2 6 1 4 1 8
7 1 4 5 1 5 1 6 1 7 3 6 3 7 24 0 0 0 1 0 2 0 3 0 4 0 5 0 6 0 7 0 8 1 1 1 2 1 3 2 1 2 2 2 3 2 7 2 8 4 6 1 4 1 5 1 6 1 7 3 6 3 7 676 0 0 4 18 0 0 676 0 0 4 0 1 676 0 0 4 0 2 676 0 0 4 0 3 676 0 0 4 0 4 676 0 0 4 0 5 676 0 0 4 0 6 676 0 0 4 0 7 863 1 2 0 0 8 863 1 2 0 1 1 676 0 0 4 1 2 676 0 0 4 1 3 676 0 0 4 2 1 676 0 0 4 2 2 676 0 0 4 2 3 676 0 0 4 2 7 15 5 0 8 2 8 15 5 0 8 4 6 15 5 0 8
7 2 3 5 1 3 1 4 3 3 3 4 3 5 24 0 4 2 0 2 1 2 2 3 2 3 6 4 3 4 4 5 2 5 3 5 4 6 2 6 3 6 4 7 2 7 3 7 4 8 4 1 3 1 4 2 3 3 3 3 4 3 5 77 1 3 0 18 0 4 77 1 3 0 2 0 272 7 8 4 2 1 272 7 8 4 2 2 272 7 8 4 3 2 272 7 8 4 3 6 272 7 8 4 4 3 77 1 3 0 4 4 77 1 3 0 5 2 77 1 3 0 5 3 77 1 3 0 5 4 77 1 3 0 6 2 77 1 3 0 6 3 77 1 3 0 6 4 77 1 3 0 7 2 77 1 3 0 7 3 77 1 3 0 7 4 77 1 3 0 8 4 77 1 3 0
10 3 7 4 1 6 1 7 3 5 3 6 42 0 6 2 1 2 2 2 3 2 7 2 8 2 9 2 10 3 1 3 2 3 3 3 4 3 8 3 9 4 0 4 1 4 2 4 3 4 4 4 5 4 6 4 7 4 8 4 9 4 10 5 6 5 7 5 8 5 9 6 6 6 7 6 8 6 9 7 6 7 7 7 8 8 6 1 6 1 7 3 5 3 6 3 7 31 1 4 3 37 0 6 31 1 4 3 2 1 31 1 4 3 2 2 31 1 4 3 2 3 31 1 4 3 2 7 497 4 4 10 2 8 497 4 4 10 2 9 497 4 4 10 2 10 497 4 4 10 3 1 31 1 4 3 3 2 31 1 4 3 3 3 31 1 4 3 3 4 57 2 6 4 3 8 864 1 4 0 3 9 864 1 4 0 4 0 31 1 4 3 4 1 31 1 4 3 4 2 31 1 4 3 4 3 865 5 0 10 4 4 865 5 0 10 4 5 865 5 0 10 4 6 31 1 4 3 4 7 53 4 4 10 4 8 865 5 0 10 4 9 864 1 4 0 4 10 864 1 4 0 5 6 31 1 4 3 5 7 31 1 4 3 5 8 31 1 4 3 5 9 31 1 4 3 6 6 31 1 4 3 6 7 31 1 4 3 6 8 31 1 4 3 6 9 31 1 4 3 7 6 31 1 4 3 7 7 31 1 4 3 7 8 31 1 4 3 8 6 31 1 4 3
11 1 3 6 0 5 0 6 1 4 1 5 3 4 3 5 46 0 4 1 2 2 0 2 1 2 2 2 3 2 7 2 8 2 9 3 1 3 2 3 3 3 6 3 7 3 8 3 9 4 0 4 1 4 2 4 3 4 4 4 5 4 6 4 7 4 8 4 9 4 10 5 1 5 2 5 3 5 4 6 1 6 2 6 3 6 4 7 2 7 3 7 4 8 4 0 5 0 6 1 3 1 4 1 5 3 4 3 5 6 4 1 6 39 0 4 6 4 1 6 1 2 866 5 0 10 2 0 6 4 1 6 2 1 6 4 1 6 2 2 6 4 1 6 2 3 6 4 1 6 2 7 6 4 1 6 2 8 6 4 1 6 2 9 6 4 1 6 3 1 6 4 1 6 3 2 6 4 1 6 3 3 6 4 1 6 3 6 6 4 1 6 3 7 6 4 1 6 3 8 6 4 1 6 3 9 6 4 1 6 4 0 6 4 1 6 4 1 6 4 1 6 4 2 6 4 1 6 4 3 6 4 1 6 4 4 6 4 1 6 4 5 6 4 1 6 4 6 6 4 1 6 4 7 6 4 1 6 4 8 6 4 1 6 4 9 6 4 1 6 4 10 6 4 1 6 5 1 6 4 1 6 5 2 6 4 1 6 5 3 6 4 1 6 5 4 6 4 1 6 6 1 6 4 1 6 6 2 6 4 1 6 6 3 6 4 1 6 6 4 6 4 1 6 7 2 6 4 1 6 7 3 6 4 1 6 7 4 6 4 1 6 8 4 6 4 1 6
2 1 3 5 0 4 1 1 1 2 1 4 2 1 8 0 5 2 0 0 4 1 1 1 2 1 3 1 4 2 1 1 0 1 0 2 0 5 1 0 1 0 2 0 1 4 1 5
12 4 5 5 1 5 1 6 2 4 2 5 4 4 49 0 6 1 4 2 2 2 3 2 6 3 0 3 1 3 2 3 3 3 5 3 7 3 8 3 9 4 1 4 2 4 3 4 6 4 7 4 8 4 9 5 0 5 1 5 2 5 3 5 4 5 5 5 6 5 7 5 8 5 9 5 10 6 1 6 2 6 3 6 4 7 1 7 2 7 3 7 4 8 2 8 3 8 4 9 4 1 5 1 6 2 4 2 5 4 4 4 5 868 3 0 4 43 0 6 867 0 1 0 1 4 868 3 0 4 2 2 868 3 0 4 2 3 868 3 0 4 2 6 868 3 0 4 3 0 868 3 0 4 3 1 868 3 0 4 3 2 868 3 0 4 3 3 868 3 0 4 3 5 867 0 1 0 3 7 868 3 0 4 3 8 868 3 0 4 3 9 868 3 0 4 4 1 868 3 0 4 4 2 868 3 0 4 4 3 868 3 0 4 4 6 868 3 0 4 4 7 868 3 0 4 4 8 868 3 0 4 4 9 868 3 0 4 5 0 868 3 0 4 5 1 868 3 0 4 5 2 868 3 0 4 5 3 868 3 0 4 5 4 832 7 5 6 5 5 868 3 0 4 5 6 868 3 0 4 5 7 868 3 0 4 5 8 868 3 0 4 5 9 868 3 0 4 5 10 868 3 0 4 6 1 868 3 0 4 6 2 868 3 0 4 6 3 868 3 0 4 6 4 868 3 0 4 7 1 868 3 0 4 7 2 868 3 0 4 7 3 868 3 0 4 7 4 868 3 0 4 8 2 868 3 0 4 8 3 868 3 0 4 8 4 868 3 0 4 9 4 868 3 0 4
2 1 1 5 0 2 0 3 0 4 1 0 1 2 8 0 1 1 3 0 2 0 3 0 4 1 0 1 1 1 2 19 4 1 4 2 0 1 19 4 1 4 1 3 19 0 0 0
7 4 2 4 0 3 2 2 2 3 3 2 20 1 2 1 3 3 3 4 0 4 1 5 1 5 2 5 3 5 4 5 5 6 1 6 2 6 3 7 1 7 3 0 3 2 2 2 3 3 2 4 2 240 7 5 3 15 1 2 240 7 5 3 1 3 461 5 1 5 3 3 242 7 5 3 4 0 242 7 5 3 4 1 242 7 5 3 5 1 242 7 5 3 5 2 870 3 0 2 5 3 242 7 5 3 5 4 242 7 5 3 5 5 242 7 5 3 6 1 242 7 5 3 6 2 242 7 5 3 6 3 242 7 5 3 7 1 242 7 5 3 7 3 242 7 5 3
13 7 4 4 4 5 4 6 5 4 5 5 62 0 4 0 6 1 4 1 5 1 6 2 2 2 3 2 4 2 5 2 6 3 5 3 6 3 7 4 4 5 2 5 3 5 6 6 0 6 1 6 2 6 3 6 4 6 5 6 7 6 8 6 9 7 1 7 2 7 3 7 5 7 6 7 7 7 8 7 9 8 0 8 1 8 2 8 3 8 4 8 5 8 6 8 7 8 8 8 9 8 10 9 1 9 2 9 3 9 4 10 1 10 2 10 3 10 4 11 2 11 3 11 4 12 4 4 5 4 6 5 4 5 5 7 4 260 3 2 4 57 0 4 260 3 2 4 0 6 260 3 2 4 1 4 260 3 2 4 1 5 260 3 2 4 1 6 260 3 2 4 2 2 260 3 2 4 2 3 260 3 2 4 2 4 260 3 2 4 2 5 869 0 3 0 2 6 260 3 2 4 3 5 869 0 3 0 3 6 260 3 2 4 3 7 260 3 2 4 4 4 260 3 2 4 5 2 260 3 2 4 5 3 260 3 2 4 5 6 260 3 2 4 6 0 260 3 2 4 6 1 260 3 2 4 6 2 260 3 2 4 6 3 260 3 2 4 6 4 869 0 3 0 6 5 244 3 2 4 6 7 260 3 2 4 6 8 260 3 2 4 6 9 260 3 2 4 7 1 260 3 2 4 7 2 260 3 2 4 7 3 260 3 2 4 7 5 260 3 2 4 7 6 260 3 2 4 7 7 260 3 2 4 7 8 260 3 2 4 7 9 260 3 2 4 8 0 260 3 2 4 8 1 260 3 2 4 8 2 260 3 2 4 8 3 260 3 2 4 8 4 871 4 7 7 8 5 260 3 2 4 8 6 260 3 2 4 8 7 260 3 2 4 8 8 260 3 2 4 8 9 260 3 2 4 8 10 260 3 2 4 9 1 260 3 2 4 9 2 260 3 2 4 9 3 260 3 2 4 9 4 260 3 2 4 10 1 260 3 2 4 10 2 260 3 2 4 10 3 260 3 2 4 10 4 260 3 2 4 11 2 260 3 2 4 11 3 260 3 2 4 11 4 260 3 2 4 12 4 260 3 2 4
14 6 7 3 4 8 5 7 5 8 94 0 4 0 9 0 11 1 4 1 5 1 6 1 9 1 10 1 11 1 12 1 13 2 4 2 5 2 6 2 8 2 9 2 10 2 11 2 12 2 13 2 14 3 4 3 5 3 6 3 8 3 9 3 10 3 11 3 12 3 13 3 14 4 3 4 4 4 5 4 7 4 9 4 10 4 11 4 12 4 13 4 14 4 15 5 4 5 5 5 6 5 9 5 10 5 11 6 0 6 1 6 2 6 3 6 4 6 5 6 6 6 8 6 10 6 11 6 12 7 1 7 2 7 3 7 4 7 5 7 6 7 7 7 9 7 10 7 11 8 1 8 2 8 3 8 4 8 5 8 6 8 7 8 9 8 10 8 11 9 2 9 3 9 4 9 5 9 6 9 9 9 10 9 11 10 4 10 6 10 11 4 8 5 7 5 8 6 7 138 3 2 7 90 0 4 138 3 2 7 0 9 138 3 2 7 0 11 138 3 2 7 1 4 138 3 2 7 1 5 138 3 2 7 1 6 138 3 2 7 1 9 138 3 2 7 1 10 138 3 2 7 1 11 138 3 2 7 1 12 138 3 2 7 1 13 138 3 2 7 2 4 138 3 2 7 2 5 138 3 2 7 2 6 138 3 2 7 2 8 872 7 10 12 2 9 138 3 2 7 2 10 138 3 2 7 2 11 138 3 2 7 2 12 138 3 2 7 2 13 138 3 2 7 2 14 138 3 2 7 3 4 138 3 2 7 3 5 138 3 2 7 3 6 138 3 2 7 3 8 872 7 10 12 3 9 138 3 2 7 3 10 138 3 2 7 3 11 138 3 2 7 3 12 138 3 2 7 3 13 138 3 2 7 3 14 138 3 2 7 4 3 138 3 2 7 4 4 138 3 2 7 4 5 138 3 2 7 4 7 138 7 8 8 4 9 138 3 2 7 4 10 138 3 2 7 4 11 138 3 2 7 4 12 138 3 2 7 4 13 138 3 2 7 4 14 138 3 2 7 4 15 138 3 2 7 5 4 138 3 2 7 5 5 138 3 2 7 5 6 138 3 2 7 5 9 138 3 2 7 5 10 138 3 2 7 5 11 138 3 2 7 6 0 138 3 2 7 6 1 138 3 2 7 6 2 138 3 2 7 6 3 138 3 2 7 6 4 138 3 2 7 6 5 138 3 2 7 6 6 138 3 2 7 6 8 138 3 2 7 6 10 138 3 2 7 6 11 138 3 2 7 6 12 138 3 2 7 7 1 138 3 2 7 7 2 138 3 2 7 7 3 138 3 2 7 7 4 138 3 2 7 7 5 138 3 2 7 7 6 138 3 2 7 7 7 872 3 0 3 7 9 138 3 2 7 7 10 138 3 2 7 7 11 138 3 2 7 8 1 138 3 2 7 8 2 138 3 2 7 8 3 138 3 2 7 8 4 138 3 2 7 8 5 138 3 2 7 8 6 138 3 2 7 8 7 872 3 0 3 8 9 138 3 2 7 8 10 138 3 2 7 8 11 138 3 2 7 9 2 138 3 2 7 9 3 138 3 2 7 9 4 138 3 2 7 9 5 138 3 2 7 9 6 138 3 2 7 9 9 138 3 2 7 9 10 138 3 2 7 9 11 138 3 2 7 10 4 138 3 2 7 10 6 138 3 2 7 10 11 138 3 2 7
16 6 8 2 5 7 5 8 115 0 4 0 5 0 6 0 7 0 11 1 2 1 3 1 4 1 5 1 6 1 7 1 8 1 9 1 10 1 11 2 1 2 2 2 3 2 4 2 5 2 6 2 7 2 8 2 9 2 10 2 11 2 12 3 1 3 2 3 3 3 4 3 5 3 6 3 7 3 8 3 9 3 10 3 11 3 12 4 0 4 1 4 2 4 3 4 4 4 5 4 6 4 7 4 8 4 10 4 11 4 12 5 3 5 4 5 5 5 6 5 9 5 10 5 11 5 12 6 3 6 4 6 5 6 7 6 9 6 10 6 11 6 12 6 13 6 14 6 15 7 4 7 5 7 6 7 7 7 8 7 9 7 10 7 11 7 12 7 13 7 14 8 4 8 5 8 6 8 7 8 8 8 9 8 10 8 11 8 12 8 13 8 14 9 4 9 5 9 6 9 7 9 8 9 9 9 10 9 11 9 12 9 13 10 4 10 7 10 8 10 9 10 10 10 11 11 7 11 9 11 10 11 11 5 7 5 8 6 8 363 3 1 5 112 0 4 363 3 1 5 0 5 363 3 1 5 0 6 363 3 1 5 0 7 363 3 1 5 0 11 363 3 1 5 1 2 363 3 1 5 1 3 363 3 1 5 1 4 363 3 1 5 1 5 363 3 1 5 1 6 363 3 1 5 1 7 472 3 1 5 1 8 747 2 11 5 1 9 762 5 2 13 1 10 363 3 1 5 1 11 363 3 1 5 2 1 363 3 1 5 2 2 363 3 1 5 2 3 363 3 1 5 2 4 363 3 1 5 2 5 363 3 1 5 2 6 363 3 1 5 2 7 472 3 1 5 2 8 762 5 2 13 2 9 762 5 2 13 2 10 363 3 1 5 2 11 363 3 1 5 2 12 363 3 1 5 3 1 363 3 1 5 3 2 363 3 1 5 3 3 363 3 1 5 3 4 363 3 1 5 3 5 363 3 1 5 3 6 363 3 1 5 3 7 764 3 0 5 3 8 762 5 2 13 3 9 762 5 2 13 3 10 363 3 1 5 3 11 363 3 1 5 3 12 363 3 1 5 4 0 363 3 1 5 4 1 363 3 1 5 4 2 363 3 1 5 4 3 363 3 1 5 4 4 363 3 1 5 4 5 363 3 1 5 4 6 363 3 1 5 4 7 747 2 11 5 4 8 762 5 2 13 4 10 363 3 1 5 4 11 363 3 1 5 4 12 363 3 1 5 5 3 363 3 1 5 5 4 363 3 1 5 5 5 363 3 1 5 5 6 330 2 10 6 5 9 363 3 1 5 5 10 363 3 1 5 5 11 363 3 1 5 5 12 363 3 1 5 6 3 363 3 1 5 6 4 363 3 1 5 6 5 363 3 1 5 6 7 766 3 0 5 6 9 787 6 0 10 6 10 787 6 0 10 6 11 787 6 0 10 6 12 363 3 1 5 6 13 363 3 1 5 6 14 363 3 1 5 6 15 363 3 1 5 7 4 363 3 1 5 7 5 764 3 0 5 7 6 831 3 0 3 7 7 831 3 0 3 7 8 862 1 8 2 7 9 787 6 0 10 7 10 363 3 1 5 7 11 363 3 1 5 7 12 363 3 1 5 7 13 363 3 1 5 7 14 363 3 1 5 8 4 363 3 1 5 8 5 764 3 0 5 8 6 764 3 0 5 8 7 873 1 10 0 8 8 862 1 8 2 8 9 862 1 8 2 8 10 363 3 1 5 8 11 363 3 1 5 8 12 363 3 1 5 8 13 363 3 1 5 8 14 363 3 1 5 9 4 363 3 1 5 9 5 363 3 1 5 9 6 363 3 1 5 9 7 873 1 10 0 9 8 363 3 1 5 9 9 862 1 8 2 9 10 363 3 1 5 9 11 363 3 1 5 9 12 363 3 1 5 9 13 363 3 1 5 10 4 363 3 1 5 10 7 363 3 1 5 10 8 363 3 1 5 10 9 363 3 1 5 10 10 363 3 1 5 10 11 363 3 1 5 11 7 363 3 1 5 11 9 363 3 1 5 11 10 363 3 1 5 11 11 363 3 1 5
9 3 6 5 0 5 1 5 1 6 2 5 3 5 38 2 0 2 1 2 2 2 3 2 4 2 6 2 7 2 8 2 9 2 10 3 1 3 2 3 3 3 4 3 7 3 8 3 9 4 1 4 2 4 3 4 6 4 7 4 8 4 9 5 6 5 7 5 8 6 6 6 7 6 8 7 6 7 8 0 5 1 5 1 6 2 5 3 5 3 6 1 2 4 5 32 2 0 1 2 4 5 2 1 1 2 4 5 2 2 1 2 4 5 2 3 1 2 4 5 2 4 1 2 4 5 2 6 1 2 4 5 2 7 1 2 4 5 2 8 1 2 4 5 2 9 1 2 4 5 2 10 1 2 4 5 3 1 1 2 4 5 3 2 1 2 4 5 3 3 1 2 4 5 3 4 1 2 4 5 3 7 1 2 4 5 3 8 1 2 4 5 3 9 1 2 4 5 4 1 1 2 4 5 4 2 1 2 4 5 4 3 1 2 4 5 4 6 466 0 1 0 4 7 1 2 4 5 4 8 1 2 4 5 4 9 1 2 4 5 5 6 1 2 4 5 5 7 1 2 4 5 5 8 1 2 4 5 6 6 1 2 4 5 6 7 1 2 4 5 6 8 1 2 4 5 7 6 1 2 4 5 7 8 1 2 4 5
10 2 6 4 1 5 2 5 3 5 4 5 45 0 4 1 2 1 3 1 4 2 4 2 7 2 8 3 0 3 1 3 2 3 3 3 4 3 6 3 7 3 8 3 9 3 10 4 1 4 2 4 3 4 4 4 6 4 7 4 8 4 9 5 1 5 2 5 3 5 6 5 7 5 8 5 9 6 6 6 7 6 8 7 6 7 7 7 8 8 6 8 8 1 5 2 5 2 6 3 5 4 5 142 1 4 2 40 0 4 875 0 1 0 1 2 875 0 1 0 1 3 875 0 1 0 1 4 875 0 1 0 2 4 875 0 1 0 2 7 875 0 1 0 2 8 875 0 1 0 3 0 142 1 4 2 3 1 142 1 4 2 3 2 142 1 4 2 3 3 142 1 4 2 3 4 142 1 4 2 3 6 142 1 4 2 3 7 142 1 4 2 3 8 142 1 4 2 3 9 142 1 4 2 3 10 142 1 4 2 4 1 142 1 4 2 4 2 142 1 4 2 4 3 142 1 4 2 4 4 142 1 4 2 4 6 142 1 4 2 4 7 142 1 4 2 4 8 142 1 4 2 4 9 142 1 4 2 5 1 142 1 4 2 5 2 142 1 4 2 5 3 142 1 4 2 5 6 142 1 4 2 5 7 142 1 4 2 5 8 142 1 4 2 5 9 142 1 4 2 6 6 142 1 4 2 6 7 142 1 4 2 6 8 142 1 4 2 7 6 142 1 4 2 7 7 142 1 4 2 7 8 142 1 4 2 8 6 142 1 4 2 8 8 142 1 4 2
11 3 5 3 4 5 5 5 6 5 51 0 6 1 4 1 5 1 6 2 4 2 5 2 6 3 2 3 3 3 4 4 4 4 6 4 7 4 8 5 0 5 1 5 2 5 3 5 4 5 6 5 7 5 8 5 9 5 10 6 1 6 2 6 3 6 4 6 6 6 7 6 8 6 9 7 1 7 2 7 3 7 6 7 7 7 8 7 9 8 6 8 7 8 8 9 6 9 7 9 8 10 6 10 8 3 5 4 5 5 5 6 5 5 6 1 6 47 0 6 5 6 1 6 1 4 24 1 7 2 1 5 5 6 1 6 1 6 5 6 1 6 2 4 24 1 7 2 2 5 876 0 2 0 2 6 5 6 1 6 3 2 407 1 6 4 3 3 407 1 6 4 3 4 24 1 7 2 4 4 407 1 6 4 4 6 5 6 1 6 4 7 407 1 6 4 4 8 407 1 6 4 5 0 407 1 6 4 5 1 407 1 6 4 5 2 407 1 6 4 5 3 407 1 6 4 5 4 407 1 6 4 5 6 409 4 6 6 5 7 407 1 6 4 5 8 407 1 6 4 5 9 407 1 6 4 5 10 407 1 6 4 6 1 407 1 6 4 6 2 407 1 6 4 6 3 407 1 6 4 6 4 407 1 6 4 6 6 409 4 6 6 6 7 407 1 6 4 6 8 407 1 6 4 6 9 407 1 6 4 7 1 407 1 6 4 7 2 407 1 6 4 7 3 407 1 6 4 7 6 407 1 6 4 7 7 407 1 6 4 7 8 407 1 6 4 7 9 407 1 6 4 8 6 407 1 6 4 8 7 407 1 6 4 8 8 407 1 6 4 9 6 407 1 6 4 9 7 407 1 6 4 9 8 407 1 6 4 10 6 407 1 6 4 10 8 407 1 6 4
12 6 6 2 4 6 5 6 79 0 5 0 7 0 9 1 5 1 6 1 7 1 8 1 9 2 3 2 5 2 6 2 7 2 8 2 9 3 2 3 3 3 4 3 6 3 7 3 8 3 9 3 10 4 0 4 1 4 2 4 3 4 4 4 5 4 7 4 8 4 9 4 10 4 11 5 1 5 2 5 3 5 4 5 5 5 7 5 8 5 9 5 10 5 11 6 1 6 2 6 3 6 4 6 5 6 7 6 8 6 9 6 10 6 11 6 12 7 2 7 3 7 4 7 5 7 6 7 8 7 9 7 10 8 3 8 4 8 5 8 6 8 7 8 9 9 3 9 4 9 5 9 6 9 7 10 3 10 5 10 7 4 6 5 6 6 6 126 3 0 5 76 0 5 126 3 0 5 0 7 126 7 10 7 0 9 126 3 0 5 1 5 126 3 0 5 1 6 126 7 10 7 1 7 126 7 10 7 1 8 126 3 0 5 1 9 126 3 0 5 2 3 126 3 0 5 2 5 126 3 0 5 2 6 410 0 3 2 2 7 410 0 3 2 2 8 126 3 0 5 2 9 126 3 0 5 3 2 126 3 0 5 3 3 126 3 0 5 3 4 126 3 0 5 3 6 877 1 10 1 3 7 410 0 3 2 3 8 126 3 0 5 3 9 126 3 0 5 3 10 126 3 0 5 4 0 126 3 0 5 4 1 126 3 0 5 4 2 126 3 0 5 4 3 126 3 0 5 4 4 126 3 0 5 4 5 126 3 0 5 4 7 659 3 0 1 4 8 126 3 0 5 4 9 126 3 0 5 4 10 126 3 0 5 4 11 126 3 0 5 5 1 126 3 0 5 5 2 126 3 0 5 5 3 126 3 0 5 5 4 126 3 0 5 5 5 503 3 0 3 5 7 503 7 10 9 5 8 126 3 0 5 5 9 126 3 0 5 5 10 126 3 0 5 5 11 126 3 0 5 6 1 126 3 0 5 6 2 126 3 0 5 6 3 126 3 0 5 6 4 126 3 0 5 6 5 659 7 10 11 6 7 126 7 10 7 6 8 126 3 0 5 6 9 126 3 0 5 6 10 126 3 0 5 6 11 126 3 0 5 6 12 126 3 0 5 7 2 126 3 0 5 7 3 126 3 0 5 7 4 126 3 0 5 7 5 410 4 7 10 7 6 877 5 0 11 7 8 126 3 0 5 7 9 126 3 0 5 7 10 126 3 0 5 8 3 126 3 0 5 8 4 126 3 0 5 8 5 410 4 7 10 8 6 410 4 7 10 8 7 126 3 0 5 8 9 126 3 0 5 9 3 126 3 0 5 9 4 126 3 0 5 9 5 126 3 0 5 9 6 126 3 0 5 9 7 126 3 0 5 10 3 126 3 0 5 10 5 126 3 0 5 10 7 126 3 0 5
12 3 7 2 3 5 3 6 49 0 7 1 7 2 2 2 3 2 4 2 5 2 6 2 7 2 8 2 9 2 10 3 3 3 4 3 8 3 9 4 0 4 1 4 2 4 3 4 4 4 5 4 6 4 8 4 9 4 10 5 1 5 2 5 3 5 4 5 5 5 6 5 7 5 8 5 9 6 0 6 1 6 2 6 3 6 4 6 5 6 6 6 7 6 8 6 9 7 3 7 5 3 5 3 6 3 7 30 4 4 10 46 0 7 30 4 4 10 1 7 30 4 4 10 2 2 30 4 4 10 2 3 53 4 4 10 2 4 53 4 4 10 2 5 53 0 2 2 2 6 31 5 2 9 2 7 30 4 4 10 2 8 30 4 4 10 2 9 30 4 4 10 2 10 30 4 4 10 3 3 30 4 4 10 3 4 327 2 6 4 3 8 600 7 7 8 3 9 31 5 2 9 4 0 30 4 4 10 4 1 30 4 4 10 4 2 30 4 4 10 4 3 15 0 2 3 4 4 15 0 2 3 4 5 15 0 2 3 4 6 31 5 2 9 4 8 31 5 2 9 4 9 31 5 2 9 4 10 31 5 2 9 5 1 30 4 4 10 5 2 30 4 4 10 5 3 30 4 4 10 5 4 30 4 4 10 5 5 30 4 4 10 5 6 30 4 4 10 5 7 30 4 4 10 5 8 30 4 4 10 5 9 30 4 4 10 6 0 30 4 4 10 6 1 30 4 4 10 6 2 30 4 4 10 6 3 30 4 4 10 6 4 30 4 4 10 6 5 30 4 4 10 6 6 30 4 4 10 6 7 30 4 4 10 6 8 30 4 4 10 6 9 30 4 4 10 7 3 30 4 4 10 7 5 30 4 4 10
17 7 7 1 7 8 167 0 9 0 10 0 11 0 12 1 7 1 8 1 9 1 10 1 11 1 12 2 4 2 7 2 8 2 9 2 10 2 11 2 12 3 4 3 5 3 6 3 7 3 8 3 9 3 10 3 11 3 12 3 13 3 14 4 4 4 5 4 6 4 7 4 8 4 9 4 10 4 11 4 12 4 13 4 14 5 4 5 5 5 6 5 7 5 8 5 9 5 10 5 11 5 12 5 13 5 14 6 3 6 4 6 5 6 7 6 8 6 9 6 10 6 11 6 12 6 13 6 14 6 15 7 3 7 4 7 5 7 6 7 9 7 10 7 11 7 12 7 13 8 0 8 1 8 2 8 3 8 4 8 5 8 6 8 7 8 8 8 9 8 10 8 11 8 12 8 13 8 14 9 1 9 2 9 3 9 4 9 5 9 6 9 7 9 8 9 9 9 10 9 11 9 12 9 13 9 14 9 15 10 1 10 2 10 3 10 4 10 5 10 6 10 7 10 8 10 9 10 10 10 11 10 12 10 13 10 14 11 2 11 3 11 4 11 5 11 6 11 7 11 8 11 9 11 10 11 11 11 12 11 13 11 14 11 15 12 3 12 4 12 5 12 6 12 7 12 8 12 9 12 10 12 11 12 12 12 13 13 3 13 4 13 5 13 6 13 7 13 8 13 9 13 10 13 11 13 12 13 13 14 3 14 5 14 6 14 7 14 8 14 9 14 10 14 11 14 12 14 13 15 6 15 7 15 8 15 9 7 7 7 8 342 3 3 3 165 0 9 342 3 3 3 0 10 342 3 3 3 0 11 342 3 3 3 0 12 342 3 3 3 1 7 342 3 3 3 1 8 342 3 3 3 1 9 342 3 3 3 1 10 342 3 3 3 1 11 342 3 3 3 1 12 342 3 3 3 2 4 342 3 3 3 2 7 342 3 3 3 2 8 342 3 3 3 2 9 342 3 3 3 2 10 342 3 3 3 2 11 342 3 3 3 2 12 342 3 3 3 3 4 342 3 3 3 3 5 342 3 3 3 3 6 342 3 3 3 3 7 342 3 3 3 3 8 388 5 4 12 3 9 342 3 3 3 3 10 416 1 11 3 3 11 342 3 3 3 3 12 342 3 3 3 3 13 342 3 3 3 3 14 342 3 3 3 4 4 342 3 3 3 4 5 342 3 3 3 4 6 342 3 3 3 4 7 432 5 6 12 4 8 432 5 6 12 4 9 388 5 4 12 4 10 388 5 4 12 4 11 342 3 3 3 4 12 342 3 3 3 4 13 342 3 3 3 4 14 342 3 3 3 5 4 342 3 3 3 5 5 342 3 3 3 5 6 342 3 3 3 5 7 432 5 6 12 5 8 432 5 6 12 5 9 493 7 13 12 5 10 388 5 4 12 5 11 342 3 3 3 5 12 342 3 3 3 5 13 342 3 3 3 5 14 342 3 3 3 6 3 495 3 3 6 6 4 495 3 3 6 6 5 495 3 3 6 6 7 432 5 6 12 6 8 535 7 12 13 6 9 493 2 13 3 6 10 548 2 13 2 6 11 388 5 4 12 6 12 388 5 4 12 6 13 342 3 3 3 6 14 342 3 3 3 6 15 342 3 3 3 7 3 342 3 3 3 7 4 495 3 3 6 7 5 495 3 3 6 7 6 602 3 2 4 7 9 614 0 2 2 7 10 326 5 4 12 7 11 326 5 4 12 7 12 326 5 4 12 7 13 342 3 3 3 8 0 342 3 3 3 8 1 342 3 3 3 8 2 342 3 3 3 8 3 495 3 3 6 8 4 495 3 3 6 8 5 495 3 3 6 8 6 416 0 3 3 8 7 692 2 14 3 8 8 741 4 11 14 8 9 874 1 12 0 8 10 878 3 1 3 8 11 342 3 3 3 8 12 342 3 3 3 8 13 342 3 3 3 8 14 342 3 3 3 9 1 342 3 3 3 9 2 342 3 3 3 9 3 342 3 3 3 9 4 342 3 3 3 9 5 342 3 3 3 9 6 342 3 3 3 9 7 879 4 10 13 9 8 879 4 10 13 9 9 879 4 10 13 9 10 342 3 3 3 9 11 342 3 3 3 9 12 342 3 3 3 9 13 342 3 3 3 9 14 342 3 3 3 9 15 342 3 3 3 10 1 342 3 3 3 10 2 342 3 3 3 10 3 342 3 3 3 10 4 342 3 3 3 10 5 342 3 3 3 10 6 342 3 3 3 10 7 879 4 10 13 10 8 879 4 10 13 10 9 879 4 10 13 10 10 342 3 3 3 10 11 342 3 3 3 10 12 342 3 3 3 10 13 342 3 3 3 10 14 342 3 3 3 11 2 342 3 3 3 11 3 342 3 3 3 11 4 342 3 3 3 11 5 342 3 3 3 11 6 342 3 3 3 11 7 879 4 10 13 11 8 342 3 3 3 11 9 879 4 10 13 11 10 342 3 3 3 11 11 342 3 3 3 11 12 342 3 3 3 11 13 342 3 3 3 11 14 342 3 3 3 11 15 342 3 3 3 12 3 342 3 3 3 12 4 342 3 3 3 12 5 342 3 3 3 12 6 342 3 3 3 12 7 342 3 3 3 12 8 342 3 3 3 12 9 342 3 3 3 12 10 342 3 3 3 12 11 342 3 3 3 12 12 342 3 3 3 12 13 342 3 3 3 13 3 342 3 3 3 13 4 342 3 3 3 13 5 342 3 3 3 13 6 342 3 3 3 13 7 342 3 3 3 13 8 342 3 3 3 13 9 342 3 3 3 13 10 342 3 3 3 13 11 342 3 3 3 13 12 342 3 3 3 13 13 342 3 3 3 14 3 342 3 3 3 14 5 342 3 3 3 14 6 342 3 3 3 14 7 342 3 3 3 14 8 342 3 3 3 14 9 342 3 3 3 14 10 342 3 3 3 14 11 342 3 3 3 14 12 342 3 3 3 14 13 342 3 3 3 15 6 342 3 3 3 15 7 342 3 3 3 15 8 342 3 3 3 15 9 342 3 3 3
15 5 6 1 5 5 98 0 4 0 6 0 8 1 2 1 3 1 4 1 5 1 6 1 7 1 8 1 9 2 1 2 2 2 3 2 4 2 5 2 6 2 7 2 8 2 9 3 2 3 3 3 4 3 5 3 6 3 7 3 8 3 9 3 10 4 1 4 2 4 3 4 4 4 5 4 6 4 7 4 8 4 9 4 10 5 4 5 7 5 8 5 9 5 10 6 0 6 1 6 2 6 3 6 4 6 5 6 6 6 7 6 8 6 9 6 10 7 1 7 2 7 3 7 4 7 5 7 6 7 7 7 8 7 9 7 10 7 11 8 1 8 2 8 3 8 4 8 5 8 6 8 7 8 8 8 9 8 10 8 11 9 2 9 3 9 4 9 5 9 6 9 7 9 8 9 9 10 2 10 3 10 4 10 5 10 6 10 7 10 8 11 5 11 6 11 7 12 5 5 5 5 6 92 2 9 3 96 0 4 92 2 9 3 0 6 92 2 9 3 0 8 92 2 9 3 1 2 92 2 9 3 1 3 92 2 9 3 1 4 92 2 9 3 1 5 92 2 9 3 1 6 92 2 9 3 1 7 92 2 9 3 1 8 92 2 9 3 1 9 92 2 9 3 2 1 92 2 9 3 2 2 92 2 9 3 2 3 92 2 9 3 2 4 92 2 9 3 2 5 92 3 1 3 2 6 347 2 10 3 2 7 326 0 2 1 2 8 347 2 10 3 2 9 92 3 1 3 3 2 92 2 9 3 3 3 92 2 9 3 3 4 92 2 9 3 3 5 92 3 1 3 3 6 347 2 10 3 3 7 326 0 2 1 3 8 347 2 10 3 3 9 92 3 1 3 3 10 92 2 9 3 4 1 92 2 9 3 4 2 92 2 9 3 4 3 92 3 1 3 4 4 92 3 1 3 4 5 377 3 0 2 4 6 347 2 10 3 4 7 326 0 2 1 4 8 326 0 2 1 4 9 326 0 2 1 4 10 326 0 2 1 5 4 188 0 1 1 5 7 397 0 1 0 5 8 405 0 1 0 5 9 405 0 1 0 5 10 347 2 10 3 6 0 92 2 9 3 6 1 92 2 9 3 6 2 92 2 9 3 6 3 92 2 9 3 6 4 92 2 9 3 6 5 377 2 10 2 6 6 347 3 0 3 6 7 326 1 8 1 6 8 326 1 8 1 6 9 326 1 8 1 6 10 326 0 2 1 7 1 92 2 9 3 7 2 92 2 9 3 7 3 92 2 9 3 7 4 92 2 9 3 7 5 92 2 9 3 7 6 347 3 0 3 7 7 326 1 8 1 7 8 347 3 0 3 7 9 92 2 9 3 7 10 92 2 9 3 7 11 92 2 9 3 8 1 92 2 9 3 8 2 92 2 9 3 8 3 92 2 9 3 8 4 92 2 9 3 8 5 92 2 9 3 8 6 347 3 0 3 8 7 326 1 8 1 8 8 347 3 0 3 8 9 92 2 9 3 8 10 92 2 9 3 8 11 92 2 9 3 9 2 92 2 9 3 9 3 92 2 9 3 9 4 92 2 9 3 9 5 92 2 9 3 9 6 92 3 1 3 9 7 92 2 9 3 9 8 92 3 1 3 9 9 92 2 9 3 10 2 92 2 9 3 10 3 92 2 9 3 10 4 92 2 9 3 10 5 92 2 9 3 10 6 92 2 9 3 10 7 92 2 9 3 10 8 92 2 9 3 11 5 92 2 9 3 11 6 92 2 9 3 11 7 92 2 9 3 12 5 92 2 9 3
17 7 8 1 7 7 167 0 9 0 10 0 11 0 12 1 7 1 8 1 9 1 10 1 11 1 12 2 4 2 7 2 8 2 9 2 10 2 11 2 12 3 4 3 5 3 6 3 7 3 8 3 9 3 10 3 11 3 12 3 13 3 14 4 4 4 5 4 6 4 7 4 8 4 9 4 10 4 11 4 12 4 13 4 14 5 4 5 5 5 6 5 7 5 8 5 9 5 10 5 11 5 12 5 13 5 14 6 3 6 4 6 5 6 7 6 8 6 9 6 10 6 11 6 12 6 13 6 14 6 15 7 3 7 4 7 5 7 6 7 9 7 10 7 11 7 12 7 13 8 0 8 1 8 2 8 3 8 4 8 5 8 6 8 7 8 8 8 9 8 10 8 11 8 12 8 13 8 14 9 1 9 2 9 3 9 4 9 5 9 6 9 7 9 8 9 9 9 10 9 11 9 12 9 13 9 14 9 15 10 1 10 2 10 3 10 4 10 5 10 6 10 7 10 8 10 9 10 10 10 11 10 12 10 13 10 14 11 2 11 3 11 4 11 5 11 6 11 7 11 8 11 9 11 10 11 11 11 12 11 13 11 14 11 15 12 3 12 4 12 5 12 6 12 7 12 8 12 9 12 10 12 11 12 12 12 13 13 3 13 4 13 5 13 6 13 7 13 8 13 9 13 10 13 11 13 12 13 13 14 3 14 5 14 6 14 7 14 8 14 9 14 10 14 11 14 12 14 13 15 6 15 7 15 8 15 9 7 7 7 8 342 3 3 3 165 0 9 342 3 3 3 0 10 342 3 3 3 0 11 342 3 3 3 0 12 342 3 3 3 1 7 342 3 3 3 1 8 342 3 3 3 1 9 342 3 3 3 1 10 342 3 3 3 1 11 342 3 3 3 1 12 342 3 3 3 2 4 342 3 3 3 2 7 342 3 3 3 2 8 342 3 3 3 2 9 342 3 3 3 2 10 342 3 3 3 2 11 342 3 3 3 2 12 342 3 3 3 3 4 342 3 3 3 3 5 342 3 3 3 3 6 342 3 3 3 3 7 342 3 3 3 3 8 388 5 4 12 3 9 342 3 3 3 3 10 416 1 11 3 3 11 342 3 3 3 3 12 342 3 3 3 3 13 342 3 3 3 3 14 342 3 3 3 4 4 342 3 3 3 4 5 342 3 3 3 4 6 342 3 3 3 4 7 432 5 6 12 4 8 432 5 6 12 4 9 388 5 4 12 4 10 388 5 4 12 4 11 342 3 3 3 4 12 342 3 3 3 4 13 342 3 3 3 4 14 342 3 3 3 5 4 342 3 3 3 5 5 342 3 3 3 5 6 342 3 3 3 5 7 432 5 6 12 5 8 432 5 6 12 5 9 493 7 13 12 5 10 388 5 4 12 5 11 342 3 3 3 5 12 342 3 3 3 5 13 342 3 3 3 5 14 342 3 3 3 6 3 495 3 3 6 6 4 495 3 3 6 6 5 495 3 3 6 6 7 432 5 6 12 6 8 535 7 12 13 6 9 493 2 13 3 6 10 548 2 13 2 6 11 388 5 4 12 6 12 388 5 4 12 6 13 342 3 3 3 6 14 342 3 3 3 6 15 342 3 3 3 7 3 342 3 3 3 7 4 495 3 3 6 7 5 495 3 3 6 7 6 602 3 2 4 7 9 614 0 2 2 7 10 326 5 4 12 7 11 326 5 4 12 7 12 326 5 4 12 7 13 342 3 3 3 8 0 342 3 3 3 8 1 342 3 3 3 8 2 342 3 3 3 8 3 495 3 3 6 8 4 495 3 3 6 8 5 495 3 3 6 8 6 416 0 3 3 8 7 692 2 14 3 8 8 741 4 11 14 8 9 874 1 12 0 8 10 878 3 1 3 8 11 342 3 3 3 8 12 342 3 3 3 8 13 342 3 3 3 8 14 342 3 3 3 9 1 342 3 3 3 9 2 342 3 3 3 9 3 342 3 3 3 9 4 342 3 3 3 9 5 342 3 3 3 9 6 342 3 3 3 9 7 879 4 10 13 9 8 879 4 10 13 9 9 879 4 10 13 9 10 342 3 3 3 9 11 342 3 3 3 9 12 342 3 3 3 9 13 342 3 3 3 9 14 342 3 3 3 9 15 342 3 3 3 10 1 342 3 3 3 10 2 342 3 3 3 10 3 342 3 3 3 10 4 342 3 3 3 10 5 342 3 3 3 10 6 342 3 3 3 10 7 879 4 10 13 10 8 879 4 10 13 10 9 879 4 10 13 10 10 342 3 3 3 10 11 342 3 3 3 10 12 342 3 3 3 10 13 342 3 3 3 10 14 342 3 3 3 11 2 342 3 3 3 11 3 342 3 3 3 11 4 342 3 3 3 11 5 342 3 3 3 11 6 342 3 3 3 11 7 879 4 10 13 11 8 342 3 3 3 11 9 879 4 10 13 11 10 342 3 3 3 11 11 342 3 3 3 11 12 342 3 3 3 11 13 342 3 3 3 11 14 342 3 3 3 11 15 342 3 3 3 12 3 342 3 3 3 12 4 342 3 3 3 12 5 342 3 3 3 12 6 342 3 3 3 12 7 342 3 3 3 12 8 342 3 3 3 12 9 342 3 3 3 12 10 342 3 3 3 12 11 342 3 3 3 12 12 342 3 3 3 12 13 342 3 3 3 13 3 342 3 3 3 13 4 342 3 3 3 13 5 342 3 3 3 13 6 342 3 3 3 13 7 342 3 3 3 13 8 342 3 3 3 13 9 342 3 3 3 13 10 342 3 3 3 13 11 342 3 3 3 13 12 342 3 3 3 13 13 342 3 3 3 14 3 342 3 3 3 14 5 342 3 3 3 14 6 342 3 3 3 14 7 342 3 3 3 14 8 342 3 3 3 14 9 342 3 3 3 14 10 342 3 3 3 14 11 342 3 3 3 14 12 342 3 3 3 14 13 342 3 3 3 15 6 342 3 3 3 15 7 342 3 3 3 15 8 342 3 3 3 15 9 342 3 3 3
9 5 4 2 3 4 4 4 44 0 3 0 5 1 3 1 4 1 5 2 3 2 4 2 5 3 5 4 1 4 2 4 3 4 5 4 6 4 7 4 8 5 0 5 1 5 2 5 3 5 5 5 6 5 7 6 1 6 2 6 3 6 4 6 5 6 6 6 7 6 8 7 0 7 1 7 2 7 3 7 4 7 5 8 3 8 4 9 3 9 4 3 4 4 4 5 4 56 7 7 5 41 0 3 56 7 7 5 0 5 334 1 7 0 1 3 56 7 7 5 1 4 334 1 7 0 1 5 18 4 6 8 2 3 56 7 7 5 2 4 341 0 2 0 2 5 18 4 6 8 3 5 18 4 6 8 4 1 53 3 0 3 4 2 53 3 0 3 4 3 210 6 0 5 4 5 53 3 0 3 4 6 53 3 0 3 4 7 53 3 0 3 4 8 53 3 0 3 5 0 53 3 0 3 5 1 53 3 0 3 5 2 53 3 0 3 5 3 15 7 7 5 5 5 53 3 0 3 5 6 53 3 0 3 5 7 53 3 0 3 6 1 53 3 0 3 6 2 53 3 0 3 6 3 15 7 7 5 6 4 18 4 6 8 6 5 53 3 0 3 6 6 53 3 0 3 6 7 53 3 0 3 6 8 53 3 0 3 7 0 53 3 0 3 7 1 53 3 0 3 7 2 53 3 0 3 7 3 15 7 7 5 7 4 53 3 0 3 7 5 53 3 0 3 8 3 53 3 0 3 8 4 53 3 0 3 9 3 53 3 0 3 9 4 53 3 0 3
8 3 4 4 0 4 1 4 1 5 2 4 32 2 1 2 2 2 3 2 5 2 6 2 7 3 0 3 1 3 2 3 3 3 5 3 6 3 7 4 0 4 1 4 2 4 3 4 4 4 5 5 3 5 4 5 5 6 3 6 4 6 5 7 3 7 5 0 4 1 4 1 5 2 4 3 4 14 0 0 3 27 2 1 14 0 0 3 2 2 14 0 0 3 2 3 14 0 0 3 2 5 14 0 0 3 2 6 14 0 0 3 2 7 14 0 0 3 3 0 14 0 0 3 3 1 14 0 0 3 3 2 14 0 0 3 3 3 348 7 6 5 3 5 191 7 6 5 3 6 14 0 0 3 3 7 14 0 0 3 4 0 14 0 0 3 4 1 14 0 0 3 4 2 14 0 0 3 4 3 543 0 0 1 4 4 414 0 0 0 4 5 278 7 7 5 5 3 414 0 0 0 5 4 14 0 0 3 5 5 414 0 0 0 6 3 14 0 0 3 6 4 14 0 0 3 6 5 14 0 0 3 7 3 14 0 0 3 7 5 14 0 0 3
9 1 2 5 0 3 0 4 0 5 1 3 2 3 35 0 6 2 0 2 1 2 2 2 4 2 5 2 6 3 0 3 1 3 2 3 3 3 4 3 5 3 6 3 7 4 2 4 3 4 4 4 5 4 6 4 7 5 2 5 3 5 4 6 2 6 3 6 4 7 2 7 4 0 3 0 4 0 5 1 2 1 3 2 3 6 0 0 2 29 0 6 884 5 0 7 2 0 6 0 0 2 2 1 6 0 0 2 2 2 6 0 0 2 2 4 6 0 0 2 2 5 6 0 0 2 2 6 6 0 0 2 3 0 6 0 0 2 3 1 6 0 0 2 3 2 6 0 0 2 3 3 6 0 0 2 3 4 6 0 0 2 3 5 6 0 0 2 3 6 6 0 0 2 3 7 6 0 0 2 4 2 6 0 0 2 4 3 6 0 0 2 4 4 6 0 0 2 4 5 6 0 0 2 4 6 6 0 0 2 4 7 6 0 0 2 5 2 6 0 0 2 5 3 6 0 0 2 5 4 6 0 0 2 6 2 6 0 0 2 6 3 6 0 0 2 6 4 6 0 0 2 7 2 6 0 0 2 7 4 6 0 0 2
5 1 3 4 0 4 1 2 1 4 1 5 17 0 2 0 3 0 5 0 6 0 7 1 0 1 1 1 6 1 7 2 0 2 1 2 2 0 4 1 2 1 3 1 4 1 5 47 1 1 1 12 0 2 47 1 1 1 0 3 47 1 1 1 0 5 202 5 0 7 0 6 202 5 0 7 0 7 47 1 1 1 1 0 47 1 1 1 1 1 255 4 1 7 1 6 47 1 1 1 1 7 47 1 1 1 2 0 47 1 1 1 2 1 47 1 1 1 2 2 47 1 1 1
6 1 6 4 0 5 1 4 1 5 1 7 22 0 0 0 1 0 2 0 3 0 4 0 6 0 8 0 9 0 10 1 1 1 2 1 3 1 8 1 9 2 7 2 8 2 9 0 5 1 4 1 5 1 6 1 7 47 4 1 8 17 0 0 47 4 1 8 0 1 47 4 1 8 0 2 47 4 1 8 0 3 39 5 0 9 0 4 191 5 0 10 0 6 47 4 1 8 0 8 47 4 1 8 0 9 47 4 1 8 0 10 47 4 1 8 1 1 47 4 1 8 1 2 47 4 1 8 1 3 47 4 1 8 1 8 434 1 1 0 1 9 47 4 1 8 2 7 47 4 1 8 2 8 47 4 1 8 2 9 47 4 1 8
7 4 7 7 1 5 1 6 1 7 2 8 3 5 4 4 4 5 35 0 8 0 9 1 8 2 9 3 0 3 1 3 2 3 3 3 4 3 6 3 7 3 8 3 9 3 10 4 1 4 2 4 3 4 6 4 8 4 9 5 0 5 1 5 2 5 3 5 7 5 8 5 9 1 5 1 6 1 7 2 8 3 5 4 4 4 5 4 7 886 5 3 9 27 0 8 886 5 3 9 0 9 886 5 3 9 1 8 886 5 3 9 2 9 886 5 3 9 3 0 886 5 3 9 3 1 886 5 3 9 3 2 724 2 5 5 3 3 724 2 5 5 3 4 724 2 5 5 3 6 724 2 5 5 3 7 887 0 3 0 3 8 886 5 3 9 3 9 886 5 3 9 3 10 886 5 3 9 4 1 886 5 3 9 4 2 724 2 5 5 4 3 724 2 5 5 4 6 724 2 5 5 4 8 660 0 3 0 4 9 660 0 3 0 5 0 886 5 3 9 5 1 886 5 3 9 5 2 886 5 3 9 5 3 886 5 3 9 5 7 660 0 3 0 5 8 660 0 3 0 5 9 660 0 3 0
8 4 4 7 1 5 1 6 1 7 2 5 2 8 3 5 4 5 37 0 8 0 9 1 8 2 9 3 0 3 1 3 2 3 3 3 4 3 6 3 7 3 8 3 9 3 10 4 1 4 2 4 3 4 6 4 7 4 8 4 9 5 0 5 1 5 2 5 3 5 4 5 7 5 8 5 9 1 5 1 6 1 7 2 5 2 8 3 5 4 4 4 5 1 7 5 5 29 0 8 1 7 5 5 0 9 1 7 5 5 1 8 1 7 5 5 2 9 1 7 5 5 3 0 1 7 5 5 3 1 1 7 5 5 3 2 1 7 5 5 3 3 1 7 5 5 3 4 1 7 5 5 3 6 1 7 5 5 3 7 1 7 5 5 3 8 1 7 5 5 3 9 1 7 5 5 3 10 1 7 5 5 4 1 1 7 5 5 4 2 1 7 5 5 4 3 1 7 5 5 4 6 1 7 5 5 4 7 1 7 5 5 4 8 1 7 5 5 4 9 1 7 5 5 5 0 1 7 5 5 5 1 1 7 5 5 5 2 1 7 5 5 5 3 1 7 5 5 5 4 888 0 0 0 5 7 1 7 5 5 5 8 1 7 5 5 5 9 1 7 5 5
2 0 3 7 1 0 1 1 1 2 1 3 2 3 3 3 4 2 10 0 4 3 2 0 3 1 0 1 1 1 2 1 3 2 3 3 3 4 2 0 7 4 3 2 0 4 0 7 4 3 3 2 1 4 1 4
9 2 8 6 1 5 1 6 1 7 2 5 3 5 4 5 40 0 4 0 8 0 9 1 4 1 8 2 7 2 9 3 0 3 1 3 2 3 3 3 4 3 6 3 7 3 8 3 9 3 10 4 1 4 2 4 3 4 4 4 6 4 7 4 8 4 9 5 0 5 1 5 2 5 3 5 4 5 7 5 8 5 9 1 5 1 6 1 7 2 5 2 8 3 5 4 5 890 2 4 4 33 0 4 889 0 0 0 0 8 890 2 4 4 0 9 890 2 4 4 1 4 889 0 0 0 1 8 890 2 4 4 2 7 889 0 0 0 2 9 890 2 4 4 3 0 890 2 4 4 3 1 890 2 4 4 3 2 890 2 4 4 3 3 890 2 4 4 3 4 890 2 4 4 3 6 890 2 4 4 3 7 890 2 4 4 3 8 890 2 4 4 3 9 890 2 4 4 3 10 890 2 4 4 4 1 890 2 4 4 4 2 890 2 4 4 4 3 890 2 4 4 4 4 890 2 4 4 4 6 890 2 4 4 4 7 890 2 4 4 4 8 890 2 4 4 4 9 890 2 4 4 5 0 890 2 4 4 5 1 890 2 4 4 5 2 890 2 4 4 5 3 890 2 4 4 5 4 890 2 4 4 5 7 890 2 4 4 5 8 890 2 4 4 5 9 890 2 4 4
10 4 5 5 1 5 1 6 1 7 2 5 3 5 41 0 4 0 6 0 8 0 9 1 4 1 8 2 7 2 8 2 9 3 0 3 1 3 2 3 3 3 4 3 6 3 7 3 8 3 9 3 10 4 1 4 2 4 3 4 4 4 6 4 7 4 8 4 9 5 0 5 1 5 2 5 3 5 4 5 7 5 8 5 9 1 5 1 6 1 7 2 5 3 5 4 5 1 3 0 5 35 0 4 1 3 0 5 0 6 891 0 0 0 0 8 1 3 0 5 0 9 1 3 0 5 1 4 1 3 0 5 1 8 1 3 0 5 2 7 1 3 0 5 2 8 1 3 0 5 2 9 1 3 0 5 3 0 1 3 0 5 3 1 1 3 0 5 3 2 1 3 0 5 3 3 1 3 0 5 3 4 1 3 0 5 3 6 1 3 0 5 3 7 1 3 0 5 3 8 1 3 0 5 3 9 1 3 0 5 3 10 1 3 0 5 4 1 1 3 0 5 4 2 1 3 0 5 4 3 1 3 0 5 4 4 1 3 0 5 4 6 1 3 0 5 4 7 1 3 0 5 4 8 1 3 0 5 4 9 1 3 0 5 5 0 1 3 0 5 5 1 1 3 0 5 5 2 1 3 0 5 5 3 1 3 0 5 5 4 1 3 0 5 5 7 1 3 0 5 5 8 1 3 0 5 5 9 1 3 0 5
11 4 5 4 2 7 3 7 4 6 4 7 60 0 3 0 4 0 5 0 8 0 9 0 10 0 11 0 12 1 3 1 4 1 5 1 6 1 7 1 8 1 9 1 10 1 11 2 2 2 3 2 4 2 5 2 6 2 8 2 9 2 10 2 11 2 12 3 0 3 1 3 2 3 3 3 4 3 5 4 1 4 2 4 3 4 4 4 8 4 9 5 0 5 1 5 2 5 3 5 4 5 5 5 6 5 8 5 9 5 10 6 4 6 5 6 6 7 4 7 5 7 6 2 7 3 7 4 5 4 6 4 7 85 1 5 3 55 0 3 85 1 5 3 0 4 85 1 5 3 0 5 85 1 5 3 0 8 85 1 5 3 0 9 85 1 5 3 0 10 85 1 5 3 0 11 85 1 5 3 0 12 85 1 5 3 1 3 85 1 5 3 1 4 85 1 5 3 1 5 85 1 5 3 1 6 85 1 5 3 1 7 119 6 1 8 1 8 85 1 5 3 1 9 85 1 5 3 1 10 85 1 5 3 1 11 85 1 5 3 2 2 85 1 5 3 2 3 85 1 5 3 2 4 85 1 5 3 2 5 85 1 5 3 2 6 85 1 5 3 2 8 85 1 5 3 2 9 85 1 5 3 2 10 85 1 5 3 2 11 85 1 5 3 2 12 85 1 5 3 3 0 85 1 5 3 3 1 85 1 5 3 3 2 85 1 5 3 3 3 529 1 5 3 3 4 529 1 5 3 3 5 529 1 5 3 4 1 85 1 5 3 4 2 85 1 5 3 4 3 85 1 5 3 4 4 529 1 5 3 4 8 885 7 7 7 4 9 85 1 5 3 5 0 85 1 5 3 5 1 85 1 5 3 5 2 85 1 5 3 5 3 507 7 7 8 5 4 507 7 7 8 5 5 892 4 5 12 5 6 85 1 5 3 5 8 507 7 7 8 5 9 507 7 7 8 5 10 85 1 5 3 6 4 85 1 5 3 6 5 85 1 5 3 6 6 85 1 5 3 7 4 85 1 5 3 7 5 85 1 5 3 7 6 85 1 5 3
12 4 6 3 2 7 3 7 4 7 67 0 3 0 4 0 5 0 7 0 8 0 9 0 10 0 11 0 12 1 3 1 4 1 5 1 6 1 7 1 8 1 9 1 10 1 11 2 2 2 3 2 4 2 5 2 6 2 8 2 9 2 10 2 11 2 12 3 0 3 1 3 2 3 3 3 4 3 5 3 6 3 9 3 10 3 11 4 1 4 2 4 3 4 4 4 5 4 8 4 9 4 10 5 0 5 1 5 2 5 3 5 4 5 5 5 6 5 8 5 9 5 10 5 11 6 4 6 5 6 6 7 4 7 5 7 6 2 7 3 7 4 6 4 7 75 7 7 7 63 0 3 75 7 7 7 0 4 75 7 7 7 0 5 75 7 7 7 0 7 75 7 7 7 0 8 75 7 7 7 0 9 75 7 7 7 0 10 75 7 7 7 0 11 75 7 7 7 0 12 75 7 7 7 1 3 75 7 7 7 1 4 75 7 7 7 1 5 75 7 7 7 1 6 75 7 7 7 1 7 695 0 0 1 1 8 75 7 7 7 1 9 75 7 7 7 1 10 75 7 7 7 1 11 75 7 7 7 2 2 75 7 7 7 2 3 75 7 7 7 2 4 75 7 7 7 2 5 75 7 7 7 2 6 75 7 7 7 2 8 75 7 7 7 2 9 75 7 7 7 2 10 75 7 7 7 2 11 75 7 7 7 2 12 75 7 7 7 3 0 75 7 7 7 3 1 75 7 7 7 3 2 75 7 7 7 3 3 75 7 7 7 3 4 75 7 7 7 3 5 75 7 7 7 3 6 893 0 0 0 3 9 75 7 7 7 3 10 75 7 7 7 3 11 75 7 7 7 4 1 75 7 7 7 4 2 75 7 7 7 4 3 75 7 7 7 4 4 75 7 7 7 4 5 75 7 7 7 4 8 75 7 7 7 4 9 75 7 7 7 4 10 75 7 7 7 5 0 75 7 7 7 5 1 75 7 7 7 5 2 75 7 7 7 5 3 75 7 7 7 5 4 75 7 7 7 5 5 75 7 7 7 5 6 696 1 5 2 5 8 75 7 7 7 5 9 75 7 7 7 5 10 75 7 7 7 5 11 75 7 7 7 6 4 75 7 7 7 6 5 75 7 7 7 6 6 696 1 5 2 7 4 75 7 7 7 7 5 75 7 7 7 7 6 696 1 5 2
13 4 7 2 2 7 3 7 75 0 3 0 4 0 5 0 7 0 8 0 9 0 10 0 11 0 12 1 3 1 4 1 5 1 6 1 7 1 8 1 9 1 10 1 11 2 2 2 3 2 4 2 5 2 6 2 8 2 9 2 10 2 11 2 12 3 0 3 1 3 2 3 3 3 4 3 5 3 6 3 9 3 10 3 11 4 1 4 2 4 3 4 4 4 5 4 6 4 8 4 9 4 10 4 11 5 0 5 1 5 2 5 3 5 4 5 5 5 6 5 7 5 8 5 9 5 10 5 11 6 4 6 5 6 6 6 7 6 8 6 9 6 10 6 11 7 4 7 5 7 6 7 8 2 7 3 7 4 7 31 6 0 8 72 0 3 31 6 0 8 0 4 31 6 0 8 0 5 31 6 0 8 0 7 31 6 0 8 0 8 119 5 1 10 0 9 31 6 0 8 0 10 31 6 0 8 0 11 31 6 0 8 0 12 31 6 0 8 1 3 31 6 0 8 1 4 31 6 0 8 1 5 31 6 0 8 1 6 31 6 0 8 1 7 102 5 1 10 1 8 119 5 1 10 1 9 31 6 0 8 1 10 31 6 0 8 1 11 31 6 0 8 2 2 31 6 0 8 2 3 31 6 0 8 2 4 31 6 0 8 2 5 31 6 0 8 2 6 31 6 0 8 2 8 119 5 1 10 2 9 31 6 0 8 2 10 31 6 0 8 2 11 31 6 0 8 2 12 31 6 0 8 3 0 31 6 0 8 3 1 31 6 0 8 3 2 31 6 0 8 3 3 31 6 0 8 3 4 31 6 0 8 3 5 31 6 0 8 3 6 31 6 0 8 3 9 31 6 0 8 3 10 31 6 0 8 3 11 31 6 0 8 4 1 31 6 0 8 4 2 31 6 0 8 4 3 31 6 0 8 4 4 31 6 0 8 4 5 31 6 0 8 4 6 67 2 7 5 4 8 11 7 7 9 4 9 31 6 0 8 4 10 31 6 0 8 4 11 31 6 0 8 5 0 31 6 0 8 5 1 31 6 0 8 5 2 31 6 0 8 5 3 31 6 0 8 5 4 31 6 0 8 5 5 31 6 0 8 5 6 67 2 7 5 5 7 894 0 0 0 5 8 11 7 7 9 5 9 31 6 0 8 5 10 31 6 0 8 5 11 31 6 0 8 6 4 31 6 0 8 6 5 31 6 0 8 6 6 67 2 7 5 6 7 119 5 1 10 6 8 11 7 7 9 6 9 31 6 0 8 6 10 31 6 0 8 6 11 31 6 0 8 7 4 31 6 0 8 7 5 31 6 0 8 7 6 67 2 7 5 7 8 11 7 7 9
4 1 3 4 0 5 1 2 1 4 1 5 11 0 4 0 6 1 1 2 0 2 1 2 2 0 5 1 2 1 3 1 4 1 5 1 4 1 6 6 0 4 1 4 1 6 0 6 4 7 2 5 1 1 1 4 1 6 2 0 1 4 1 6 2 1 1 4 1 6 2 2 1 4 1 6
5 3 4 5 0 5 1 5 2 5 3 2 3 5 14 2 4 2 6 3 1 3 3 4 0 4 1 4 2 4 4 0 5 1 5 2 5 3 2 3 4 3 5 1 7 4 5 8 2 4 1 7 4 5 2 6 1 7 4 5 3 1 1 7 4 5 3 3 1 7 4 5 4 0 1 7 4 5 4 1 1 7 4 5 4 2 1 7 4 5 4 4 896 0 2 0
6 4 1 7 1 1 1 2 1 3 1 4 2 4 3 4 4 3 24 0 2 2 0 2 1 2 2 3 1 4 0 4 2 4 4 4 5 5 0 5 1 5 3 5 4 5 5 6 0 6 5 1 1 1 2 1 3 1 4 2 4 3 4 4 1 4 3 520 0 1 1 16 0 2 520 0 1 1 2 0 520 0 1 1 2 1 520 0 1 1 2 2 520 0 1 1 3 1 520 0 1 1 4 0 520 0 1 1 4 2 897 7 6 4 4 4 897 7 6 4 4 5 897 7 6 4 5 0 520 0 1 1 5 1 520 0 1 1 5 3 897 7 6 4 5 4 897 7 6 4 5 5 897 7 6 4 6 0 520 0 1 1 6 5 897 7 6 4
7 4 3 6 1 1 1 2 1 3 1 4 2 4 3 4 27 0 2 0 4 0 5 2 0 2 1 2 2 3 1 3 3 4 0 4 1 4 2 4 4 4 5 5 0 5 1 5 3 5 4 5 5 6 0 6 5 1 1 1 2 1 3 1 4 2 4 3 4 4 3 890 0 0 1 20 0 2 890 0 0 1 0 4 898 0 0 0 0 5 898 0 0 0 2 0 890 0 0 1 2 1 890 0 0 1 2 2 890 0 0 1 3 1 890 0 0 1 3 3 898 0 0 0 4 0 890 0 0 1 4 1 890 0 0 1 4 2 890 0 0 1 4 4 890 0 0 1 4 5 890 0 0 1 5 0 890 0 0 1 5 1 890 0 0 1 5 3 890 0 0 1 5 4 890 0 0 1 5 5 890 0 0 1 6 0 890 0 0 1 6 5 890 0 0 1
8 1 1 5 1 2 1 3 1 4 2 4 3 4 28 0 2 0 4 0 5 2 0 2 1 2 2 2 5 3 1 3 3 4 0 4 1 4 2 4 3 4 4 4 5 5 0 5 1 5 3 5 4 5 5 6 0 6 5 1 1 1 2 1 3 1 4 2 4 3 4 1 5 1 5 22 0 2 1 5 1 5 0 4 1 5 1 5 0 5 1 5 1 5 2 0 1 5 1 5 2 1 1 5 1 5 2 2 1 5 1 5 2 5 899 0 0 0 3 1 1 5 1 5 3 3 1 5 1 5 4 0 1 5 1 5 4 1 1 5 1 5 4 2 1 5 1 5 4 3 1 5 1 5 4 4 1 5 1 5 4 5 1 5 1 5 5 0 1 5 1 5 5 1 1 5 1 5 5 3 1 5 1 5 5 4 1 5 1 5 5 5 1 5 1 5 6 0 1 5 1 5 6 5 1 5 1 5
10 4 5 4 2 7 3 7 4 6 4 7 47 0 2 0 3 0 4 0 6 1 3 1 4 1 5 1 6 1 7 2 3 2 4 2 5 2 6 2 8 3 0 3 1 3 2 3 3 3 4 3 5 4 1 4 2 4 3 4 4 4 8 4 9 5 0 5 1 5 2 5 3 5 4 5 5 5 6 5 8 5 9 5 10 6 4 6 5 6 6 7 4 7 5 7 6 2 7 3 7 4 5 4 6 4 7 85 1 5 3 42 0 2 85 1 5 3 0 3 85 1 5 3 0 4 85 1 5 3 0 6 85 1 5 3 1 3 85 1 5 3 1 4 85 1 5 3 1 5 85 1 5 3 1 6 85 1 5 3 1 7 119 6 1 8 2 3 85 1 5 3 2 4 85 1 5 3 2 5 85 1 5 3 2 6 85 1 5 3 2 8 85 1 5 3 3 0 85 1 5 3 3 1 85 1 5 3 3 2 85 1 5 3 3 3 529 1 5 3 3 4 529 1 5 3 3 5 529 1 5 3 4 1 85 1 5 3 4 2 85 1 5 3 4 3 85 1 5 3 4 4 529 1 5 3 4 8 885 7 7 7 4 9 85 1 5 3 5 0 85 1 5 3 5 1 85 1 5 3 5 2 85 1 5 3 5 3 507 7 7 8 5 4 507 7 7 8 5 5 900 6 0 8 5 6 85 1 5 3 5 8 507 7 7 8 5 9 507 7 7 8 5 10 85 1 5 3 6 4 85 1 5 3 6 5 85 1 5 3 6 6 85 1 5 3 7 4 85 1 5 3 7 5 85 1 5 3 7 6 85 1 5 3
11 4 6 3 2 7 3 7 4 7 55 0 2 0 3 0 4 0 5 0 6 0 7 1 3 1 4 1 5 1 6 1 7 2 3 2 4 2 5 2 6 2 8 3 0 3 1 3 2 3 3 3 4 3 5 3 6 3 9 3 10 3 11 4 1 4 2 4 3 4 4 4 5 4 8 4 9 4 10 5 0 5 1 5 2 5 3 5 4 5 5 5 6 5 8 5 9 5 10 5 11 6 4 6 5 6 6 7 4 7 5 7 6 2 7 3 7 4 6 4 7 75 7 7 7 51 0 2 75 7 7 7 0 3 75 7 7 7 0 4 75 7 7 7 0 5 75 7 7 7 0 6 75 7 7 7 0 7 75 7 7 7 1 3 75 7 7 7 1 4 75 7 7 7 1 5 75 7 7 7 1 6 75 7 7 7 1 7 695 0 0 1 2 3 75 7 7 7 2 4 75 7 7 7 2 5 75 7 7 7 2 6 75 7 7 7 2 8 75 7 7 7 3 0 75 7 7 7 3 1 75 7 7 7 3 2 75 7 7 7 3 3 75 7 7 7 3 4 75 7 7 7 3 5 75 7 7 7 3 6 901 0 0 0 3 9 75 7 7 7 3 10 75 7 7 7 3 11 75 7 7 7 4 1 75 7 7 7 4 2 75 7 7 7 4 3 75 7 7 7 4 4 75 7 7 7 4 5 75 7 7 7 4 8 75 7 7 7 4 9 75 7 7 7 4 10 75 7 7 7 5 0 75 7 7 7 5 1 75 7 7 7 5 2 75 7 7 7 5 3 75 7 7 7 5 4 75 7 7 7 5 5 75 7 7 7 5 6 696 1 5 2 5 8 75 7 7 7 5 9 75 7 7 7 5 10 75 7 7 7 5 11 75 7 7 7 6 4 75 7 7 7 6 5 75 7 7 7 6 6 696 1 5 2 7 4 75 7 7 7 7 5 75 7 7 7 7 6 696 1 5 2
13 3 7 2 4 7 5 7 75 0 3 0 4 0 5 0 6 0 8 1 4 1 5 1 6 1 7 1 8 2 0 2 1 2 2 2 3 2 4 2 5 2 6 2 7 2 8 2 9 2 10 2 11 3 1 3 2 3 3 3 4 3 5 3 6 3 8 3 9 3 10 4 0 4 1 4 2 4 3 4 4 4 5 4 6 4 9 4 10 4 11 5 2 5 3 5 4 5 5 5 6 5 8 5 9 5 10 6 1 6 2 6 3 6 4 6 5 6 6 6 7 6 8 6 9 6 10 6 11 7 2 7 3 7 4 7 5 7 6 7 7 8 4 8 5 8 6 9 4 9 5 9 6 3 7 4 7 5 7 31 2 7 6 72 0 3 31 2 7 6 0 4 31 2 7 6 0 5 31 2 7 6 0 6 109 7 7 9 0 8 11 7 8 9 1 4 31 2 7 6 1 5 31 2 7 6 1 6 11 7 8 9 1 7 11 7 8 9 1 8 72 2 7 4 2 0 31 2 7 6 2 1 31 2 7 6 2 2 31 2 7 6 2 3 31 2 7 6 2 4 31 2 7 6 2 5 31 2 7 6 2 6 697 0 0 1 2 7 902 1 7 0 2 8 72 2 7 4 2 9 31 2 7 6 2 10 31 2 7 6 2 11 31 2 7 6 3 1 31 2 7 6 3 2 31 2 7 6 3 3 31 2 7 6 3 4 31 2 7 6 3 5 31 2 7 6 3 6 53 3 0 6 3 8 109 7 7 9 3 9 31 2 7 6 3 10 31 2 7 6 4 0 31 2 7 6 4 1 31 2 7 6 4 2 31 2 7 6 4 3 31 2 7 6 4 4 31 2 7 6 4 5 31 2 7 6 4 6 31 2 7 6 4 9 31 2 7 6 4 10 31 2 7 6 4 11 31 2 7 6 5 2 31 2 7 6 5 3 31 2 7 6 5 4 31 2 7 6 5 5 31 2 7 6 5 6 119 4 6 10 5 8 31 2 7 6 5 9 31 2 7 6 5 10 31 2 7 6 6 1 31 2 7 6 6 2 31 2 7 6 6 3 31 2 7 6 6 4 31 2 7 6 6 5 31 2 7 6 6 6 119 4 6 10 6 7 697 0 0 1 6 8 31 2 7 6 6 9 31 2 7 6 6 10 31 2 7 6 6 11 31 2 7 6 7 2 31 2 7 6 7 3 31 2 7 6 7 4 31 2 7 6 7 5 31 2 7 6 7 6 119 4 6 10 7 7 31 2 7 6 8 4 31 2 7 6 8 5 31 2 7 6 8 6 31 2 7 6 9 4 31 2 7 6 9 5 31 2 7 6 9 6 31 2 7 6
8 1 3 4 0 2 0 3 2 3 3 3 23 1 1 1 2 2 0 2 1 2 2 2 4 2 5 3 0 3 1 3 2 3 4 4 0 4 1 4 2 4 3 4 4 5 2 5 4 0 2 0 3 1 3 2 3 3 3 14 0 0 2 18 1 1 14 0 0 2 1 2 14 0 0 2 2 0 14 0 0 2 2 1 14 0 0 2 2 2 14 0 0 2 2 4 14 0 0 2 2 5 14 0 0 2 3 0 14 0 0 2 3 1 14 0 0 2 3 2 4 5 0 4 3 4 32 7 5 3 4 0 14 0 0 2 4 1 14 0 0 2 4 2 4 5 0 4 4 3 298 0 0 0 4 4 32 7 5 3 5 2 4 5 0 4 5 4 32 7 5 3
4 2 3 5 0 4 1 3 1 4 1 5 3 3 12 1 2 1 6 2 0 2 1 2 2 4 3 0 4 1 3 1 4 1 5 2 3 3 3 6 3 0 3 6 1 2 6 3 0 3 1 6 6 3 0 3 2 0 6 3 0 3 2 1 6 3 0 3 2 2 6 3 0 3 4 3 77 0 1 0
5 1 3 5 2 3 2 4 3 1 3 3 4 3 19 0 2 0 3 1 0 1 1 1 2 1 4 2 5 2 6 3 0 3 2 4 2 5 2 6 2 1 3 2 3 2 4 3 1 3 3 4 3 905 7 6 4 13 0 2 905 7 6 4 0 3 290 1 4 0 1 0 905 7 6 4 1 1 905 7 6 4 1 2 905 7 6 4 1 4 905 7 6 4 2 5 905 7 6 4 2 6 905 7 6 4 3 0 290 1 4 0 3 2 290 1 4 0 4 2 290 1 4 0 5 2 290 1 4 0 6 2 290 1 4 0
6 3 3 4 1 4 3 4 3 5 4 5 28 0 4 0 6 1 6 2 0 2 1 2 2 2 3 2 4 2 6 2 7 3 1 3 2 3 6 3 7 4 0 4 1 4 2 4 3 4 6 5 3 5 5 6 3 6 5 1 4 3 3 3 4 3 5 4 5 105 1 4 0 23 0 4 105 1 4 0 0 6 105 1 4 0 1 6 105 1 4 0 2 0 261 0 0 0 2 1 261 0 0 0 2 2 261 0 0 0 2 3 105 1 4 0 2 4 105 1 4 0 2 6 105 1 4 0 2 7 105 1 4 0 3 1 261 0 0 0 3 2 906 6 0 7 3 6 105 1 4 0 3 7 105 1 4 0 4 0 906 6 0 7 4 1 906 6 0 7 4 2 906 6 0 7 4 3 105 1 4 0 4 6 261 0 0 0 5 3 105 1 4 0 5 5 105 1 4 0 6 3 105 1 4 0 6 5 105 1 4 0
5 3 3 4 1 3 1 4 2 1 2 3 22 0 3 0 4 2 0 2 2 2 4 3 2 3 4 3 5 3 6 4 2 4 3 4 4 5 2 5 3 5 4 6 2 6 4 1 3 1 4 2 1 2 3 3 3 177 2 6 3 17 0 3 177 2 6 3 0 4 261 2 6 0 2 0 177 2 6 3 2 2 177 2 6 3 2 4 261 2 6 0 3 2 177 2 6 3 3 4 177 2 6 3 3 5 177 2 6 3 3 6 177 2 6 3 4 2 177 2 6 3 4 3 262 2 6 0 4 4 268 7 6 4 5 2 177 2 6 3 5 3 261 2 6 0 5 4 268 7 6 4 6 2 177 2 6 3 6 4 268 7 6 4
10 3 4 3 1 4 3 5 4 5 37 0 4 0 6 1 6 2 0 2 1 2 2 2 3 2 4 2 6 2 7 3 1 3 2 3 3 3 6 3 7 4 0 4 1 4 2 4 3 4 4 4 6 5 1 5 2 5 3 5 4 5 5 6 2 6 3 6 4 6 5 7 2 7 3 7 4 1 4 3 4 3 5 4 5 244 2 6 4 33 0 4 296 7 7 7 0 6 244 2 6 4 1 6 244 2 6 4 2 0 244 2 6 4 2 1 244 2 6 4 2 2 244 2 6 4 2 3 244 2 6 4 2 4 296 7 7 7 2 6 244 2 6 4 2 7 244 2 6 4 3 1 244 2 6 4 3 2 244 2 6 4 3 3 244 2 6 4 3 6 244 2 6 4 3 7 244 2 6 4 4 0 244 2 6 4 4 1 244 2 6 4 4 2 244 2 6 4 4 3 244 2 6 4 4 4 907 0 0 0 4 6 244 2 6 4 5 1 244 2 6 4 5 2 244 2 6 4 5 3 244 2 6 4 5 4 244 2 6 4 5 5 908 6 0 6 6 2 244 2 6 4 6 3 244 2 6 4 6 4 244 2 6 4 6 5 908 6 0 6 7 2 244 2 6 4 7 3 244 2 6 4 7 4 244 2 6 4
4 0 4 4 0 2 0 3 0 5 1 5 11 0 1 1 0 1 1 1 2 1 4 1 6 0 2 0 3 0 4 0 5 1 5 1 5 0 6 6 0 1 1 5 0 6 1 0 1 5 0 6 1 1 1 5 0 6 1 2 1 5 0 6 1 4 1 5 0 6 1 6 32 0 0 0
8 1 3 4 1 1 1 2 1 4 2 4 22 0 0 0 1 0 2 2 0 2 1 2 2 2 3 2 5 3 0 3 1 3 2 3 3 4 0 4 1 4 2 5 0 5 2 1 1 1 2 1 3 1 4 2 4 1 5 1 5 17 0 0 1 5 1 5 0 1 1 5 1 5 0 2 1 5 1 5 2 0 1 5 1 5 2 1 1 5 1 5 2 2 1 5 1 5 2 3 1 5 1 5 2 5 42 7 5 4 3 0 1 5 1 5 3 1 1 5 1 5 3 2 1 5 1 5 3 3 1 5 1 5 4 0 1 5 1 5 4 1 1 5 1 5 4 2 1 5 1 5 5 0 1 5 1 5 5 2 1 5 1 5
11 3 5 3 1 4 1 5 4 5 41 0 4 0 6 1 6 2 0 2 1 2 2 2 3 2 4 2 5 2 6 2 7 3 1 3 2 3 3 3 4 3 6 3 7 4 0 4 1 4 2 4 3 4 4 4 6 5 1 5 2 5 3 5 4 5 5 5 6 6 2 6 3 6 4 6 5 6 6 7 2 7 3 7 4 1 4 1 5 3 5 4 5 239 2 6 4 37 0 4 904 0 1 2 0 6 239 2 6 4 1 6 239 2 6 4 2 0 239 2 6 4 2 1 239 2 6 4 2 2 239 2 6 4 2 3 239 2 6 4 2 4 239 2 6 4 2 5 909 0 0 0 2 6 239 2 6 4 2 7 239 2 6 4 3 1 239 2 6 4 3 2 239 2 6 4 3 3 239 2 6 4 3 4 239 2 6 4 3 6 239 2 6 4 3 7 239 2 6 4 4 0 239 2 6 4 4 1 239 2 6 4 4 2 239 2 6 4 4 3 239 2 6 4 4 4 586 2 6 4 4 6 910 7 6 5 5 1 239 2 6 4 5 2 239 2 6 4 5 3 239 2 6 4 5 4 586 2 6 4 5 5 911 7 5 6 5 6 910 7 6 5 6 2 239 2 6 4 6 3 239 2 6 4 6 4 586 2 6 4 6 5 239 2 6 4 6 6 910 7 6 5 7 2 239 2 6 4 7 3 239 2 6 4 7 4 239 2 6 4
9 1 4 3 1 2 1 3 1 5 25 0 0 0 1 0 2 0 3 1 1 2 0 2 1 2 2 2 3 2 4 2 5 2 6 3 1 3 2 3 3 3 4 4 1 4 2 4 3 5 1 5 3 1 2 1 3 1 4 1 5 33 0 1 0 21 0 0 33 0 1 0 0 1 33 0 1 0 0 2 33 0 1 0 0 3 33 0 1 0 1 1 43 0 0 1 2 0 5 1 2 0 2 1 5 1 2 0 2 2 5 1 2 0 2 3 33 0 1 0 2 4 45 6 0 5 2 5 45 6 0 5 2 6 45 6 0 5 3 1 33 0 1 0 3 2 33 0 1 0 3 3 33 0 1 0 3 4 33 0 1 0 4 1 33 0 1 0 4 2 33 0 1 0 4 3 33 0 1 0 5 1 33 0 1 0 5 3 33 0 1 0
9 3 4 3 1 4 2 3 2 4 34 0 4 1 3 2 0 2 1 2 2 3 0 3 1 3 2 3 3 3 5 3 6 3 7 4 0 4 1 4 2 4 3 4 4 4 5 4 6 4 7 5 2 5 3 5 4 5 5 6 2 6 3 6 4 6 5 7 2 7 5 1 4 2 3 2 4 3 4 139 5 0 7 30 0 4 516 0 1 0 1 3 139 5 0 7 2 0 139 5 0 7 2 1 698 2 6 2 2 2 698 2 6 2 3 0 139 5 0 7 3 1 139 5 0 7 3 2 139 5 0 7 3 3 698 2 6 2 3 5 62 2 6 2 3 6 62 2 6 2 3 7 62 2 6 2 4 0 139 5 0 7 4 1 139 5 0 7 4 2 139 5 0 7 4 3 139 5 0 7 4 4 699 0 0 0 4 5 703 0 0 1 4 6 139 5 0 7 4 7 139 5 0 7 5 2 139 5 0 7 5 3 139 5 0 7 5 4 139 5 0 7 5 5 699 0 0 0 6 2 139 5 0 7 6 3 139 5 0 7 6 4 139 5 0 7 6 5 699 0 0 0 7 2 139 5 0 7 7 5 139 5 0 7
4 1 2 5 0 4 1 3 1 4 1 5 3 5 16 0 0 0 1 0 2 1 1 2 0 2 1 2 2 2 5 2 6 4 5 0 4 1 2 1 3 1 4 1 5 3 5 666 2 4 2 10 0 0 666 2 4 2 0 1 666 2 4 2 0 2 666 2 4 2 1 1 666 2 4 2 2 0 666 2 4 2 2 1 666 2 4 2 2 2 666 2 4 2 2 5 14 6 0 5 2 6 14 6 0 5 4 5 14 6 0 5
2 1 4 8 0 1 0 2 0 3 0 4 1 3 2 1 2 2 2 3 11 1 5 2 0 0 1 0 2 0 3 0 4 1 3 1 4 2 1 2 2 2 3 6 4 2 4 2 1 5 6 4 2 4 2 0 1 5 0 5
3 3 4 8 0 3 1 1 1 2 1 3 1 4 2 2 3 2 3 3 15 2 0 2 1 2 4 2 5 3 5 4 4 0 3 1 1 1 2 1 3 1 4 2 2 3 2 3 3 3 4 666 2 4 1 6 2 0 666 2 4 1 2 1 666 2 4 1 2 4 916 5 1 5 2 5 916 5 1 5 3 5 666 2 4 1 4 4 916 5 1 5
4 2 2 7 0 3 1 1 1 2 1 3 1 4 3 2 3 3 16 2 0 2 1 2 4 2 5 3 4 3 5 4 2 4 4 0 3 1 1 1 2 1 3 1 4 2 2 3 2 3 3 6 3 0 2 8 2 0 6 3 0 2 2 1 6 3 0 2 2 4 6 3 0 2 2 5 6 3 0 2 3 4 6 3 0 2 3 5 6 3 0 2 4 2 917 0 0 0 4 4 6 3 0 2
5 1 1 6 0 3 1 2 1 3 1 4 3 2 3 3 19 0 4 0 5 1 0 2 0 2 1 2 2 2 4 2 5 3 4 3 5 4 2 4 4 0 3 1 1 1 2 1 3 1 4 3 2 3 3 47 1 1 0 12 0 4 918 0 0 0 0 5 918 0 0 0 1 0 918 0 0 0 2 0 47 1 1 0 2 1 47 1 1 0 2 2 47 1 1 0 2 4 47 1 1 0 2 5 47 1 1 0 3 4 47 1 1 0 3 5 47 1 1 0 4 2 47 1 1 0 4 4 47 1 1 0
7 3 3 5 1 4 1 5 3 4 3 5 4 4 29 0 3 0 5 1 2 1 3 2 0 2 1 2 2 2 3 2 5 2 6 2 7 2 8 3 1 3 2 3 6 3 7 4 0 4 1 4 2 4 3 5 2 5 4 6 2 1 4 1 5 3 3 3 4 3 5 4 4 905 4 4 8 23 0 3 905 4 4 8 0 5 119 6 0 6 1 2 905 4 4 8 1 3 905 4 4 8 2 0 905 4 4 8 2 1 905 4 4 8 2 2 905 4 4 8 2 3 905 4 4 8 2 5 119 6 0 6 2 6 119 6 0 6 2 7 915 1 4 0 2 8 915 1 4 0 3 1 905 4 4 8 3 2 919 4 4 7 3 6 915 1 4 0 3 7 905 4 4 8 4 0 905 4 4 8 4 1 905 4 4 8 4 2 905 4 4 8 4 3 905 4 4 8 5 2 905 4 4 8 5 4 905 4 4 8 6 2 905 4 4 8
6 1 3 5 0 4 1 4 1 5 3 4 3 5 27 0 0 0 1 0 2 0 3 0 5 1 1 1 2 1 6 1 7 2 0 2 1 2 2 2 3 2 5 2 6 2 7 2 8 3 2 3 3 4 3 4 5 0 4 1 3 1 4 1 5 3 4 3 5 905 5 0 8 21 0 0 905 5 0 8 0 1 905 5 0 8 0 2 905 5 0 8 0 3 905 5 0 8 0 5 905 5 0 8 1 1 905 5 0 8 1 2 919 5 0 7 1 6 915 0 0 0 1 7 905 5 0 8 2 0 905 5 0 8 2 1 905 5 0 8 2 2 905 5 0 8 2 3 905 5 0 8 2 5 359 0 0 0 2 6 359 0 0 0 2 7 359 0 0 0 2 8 359 0 0 0 3 2 905 5 0 8 3 3 905 5 0 8 4 3 905 5 0 8 4 5 359 0 0 0
10 3 6 4 1 5 1 6 3 5 4 5 42 0 3 0 4 0 6 1 3 1 4 2 0 2 1 2 2 2 3 2 4 2 6 2 7 2 8 2 9 3 1 3 2 3 3 3 4 3 7 3 8 4 1 4 2 4 3 4 4 4 6 5 0 5 1 5 2 5 3 5 4 5 5 6 3 6 4 6 5 7 3 7 4 7 5 1 5 1 6 3 5 3 6 4 5 244 7 6 6 37 0 3 244 7 6 6 0 4 244 7 6 6 0 6 914 7 7 7 1 3 244 7 6 6 1 4 244 7 6 6 2 0 244 7 6 6 2 1 244 7 6 6 2 2 244 7 6 6 2 3 244 7 6 6 2 4 244 7 6 6 2 6 914 7 7 7 2 7 244 7 6 6 2 8 244 7 6 6 2 9 244 7 6 6 3 1 244 7 6 6 3 2 244 7 6 6 3 3 244 7 6 6 3 4 244 7 6 6 3 7 244 7 6 6 3 8 244 7 6 6 4 1 244 7 6 6 4 2 244 7 6 6 4 3 244 7 6 6 4 4 244 7 6 6 4 6 920 0 0 1 5 0 244 7 6 6 5 1 244 7 6 6 5 2 244 7 6 6 5 3 244 7 6 6 5 4 244 7 6 6 5 5 921 1 4 1 6 3 244 7 6 6 6 4 244 7 6 6 6 5 921 1 4 1 7 3 244 7 6 6 7 4 244 7 6 6 7 5 244 7 6 6
8 2 3 4 1 3 1 4 3 3 4 3 21 0 0 0 1 0 2 0 4 1 0 1 1 1 2 2 0 2 1 2 2 2 4 2 5 3 1 3 2 4 2 5 2 1 3 1 4 2 3 3 3 4 3 1 3 0 3 16 0 0 1 3 0 3 0 1 1 3 0 3 0 2 1 3 0 3 0 4 50 0 0 0 1 0 1 3 0 3 1 1 1 3 0 3 1 2 1 3 0 3 2 0 1 3 0 3 2 1 1 3 0 3 2 2 1 3 0 3 2 4 1 3 0 3 2 5 1 3 0 3 3 1 1 3 0 3 3 2 1 3 0 3 4 2 1 3 0 3 5 2 1 3 0 3
11 3 5 3 1 5 1 6 4 5 47 0 2 0 3 0 4 0 6 1 2 1 3 1 4 2 0 2 1 2 2 2 3 2 4 2 5 2 6 2 7 2 8 2 9 3 1 3 2 3 3 3 4 3 6 3 7 3 8 4 1 4 2 4 3 4 4 4 6 5 0 5 1 5 2 5 3 5 4 5 5 5 6 6 3 6 4 6 5 6 6 7 3 7 4 7 5 1 5 1 6 3 5 4 5 239 7 6 6 43 0 2 239 7 6 6 0 3 239 7 6 6 0 4 239 7 6 6 0 6 913 7 6 6 1 2 239 7 6 6 1 3 239 7 6 6 1 4 239 7 6 6 2 0 239 7 6 6 2 1 239 7 6 6 2 2 239 7 6 6 2 3 239 7 6 6 2 4 239 7 6 6 2 5 922 0 0 0 2 6 239 7 6 6 2 7 239 7 6 6 2 8 239 7 6 6 2 9 239 7 6 6 3 1 239 7 6 6 3 2 239 7 6 6 3 3 239 7 6 6 3 4 239 7 6 6 3 6 239 7 6 6 3 7 239 7 6 6 3 8 239 7 6 6 4 1 239 7 6 6 4 2 239 7 6 6 4 3 239 7 6 6 4 4 910 2 6 5 4 6 586 7 6 6 5 0 239 7 6 6 5 1 239 7 6 6 5 2 239 7 6 6 5 3 239 7 6 6 5 4 910 2 6 5 5 5 923 0 0 2 5 6 586 7 6 6 6 3 239 7 6 6 6 4 910 2 6 5 6 5 239 7 6 6 6 6 586 7 6 6 7 3 239 7 6 6 7 4 239 7 6 6 7 5 239 7 6 6
9 1 3 4 1 5 2 2 2 3 3 3 28 0 2 0 4 1 2 1 4 1 6 2 0 2 1 3 0 3 1 3 4 3 5 4 0 4 1 4 2 4 3 4 4 5 0 5 1 5 2 5 3 5 4 6 2 6 4 1 3 1 5 2 2 2 3 3 3 244 0 1 0 23 0 2 244 0 1 0 0 4 244 0 1 0 1 2 915 2 6 2 1 4 854 0 0 0 1 6 854 0 0 0 2 0 915 2 6 2 2 1 915 2 6 2 3 0 244 0 1 0 3 1 244 0 1 0 3 4 244 0 1 0 3 5 244 0 1 0 4 0 244 0 1 0 4 1 244 0 1 0 4 2 244 0 1 0 4 3 244 0 1 0 4 4 244 0 1 0 5 0 244 0 1 0 5 1 244 0 1 0 5 2 244 0 1 0 5 3 244 0 1 0 5 4 244 0 1 0 6 2 244 0 1 0 6 4 244 0 1 0
8 1 5 5 1 4 2 4 2 5 3 5 4 5 26 0 6 1 6 1 7 1 8 2 3 3 1 3 2 3 3 3 4 4 1 4 2 4 3 4 4 4 6 5 0 5 1 5 2 5 3 5 4 5 6 1 4 1 5 2 4 2 5 3 5 4 5 59 4 4 8 20 0 6 352 0 1 0 1 6 352 0 1 0 1 7 352 0 1 0 1 8 352 0 1 0 2 3 352 0 1 0 3 1 59 4 4 8 3 2 59 4 4 8 3 3 59 4 4 8 3 4 59 4 4 8 4 1 59 4 4 8 4 2 59 4 4 8 4 3 59 4 4 8 4 4 59 4 4 8 4 6 59 4 4 8 5 0 59 4 4 8 5 1 59 4 4 8 5 2 59 4 4 8 5 3 59 4 4 8 5 4 59 4 4 8 5 6 59 4 4 8
9 4 4 4 1 5 2 5 3 4 3 5 28 0 0 0 1 0 2 0 3 0 4 0 6 1 1 1 2 1 3 1 4 1 6 2 1 2 2 2 3 2 4 3 3 4 5 4 6 4 7 4 8 5 4 5 6 6 4 1 5 2 5 3 4 3 5 4 4 20 7 6 5 23 0 0 20 7 6 5 0 1 20 7 6 5 0 2 20 7 6 5 0 3 20 7 6 5 0 4 20 7 6 5 0 6 20 7 6 5 1 1 20 7 6 5 1 2 20 7 6 5 1 3 20 7 6 5 1 4 20 7 6 5 1 6 20 7 6 5 2 1 20 7 6 5 2 2 20 7 6 5 2 3 20 7 6 5 2 4 76 7 6 5 3 3 20 7 6 5 4 5 20 7 6 5 4 6 20 7 6 5 4 7 20 7 6 5 4 8 20 7 6 5 5 4 926 1 5 0 5 6 20 7 6 5 6 4 926 1 5 0
10 3 3 3 3 4 3 5 4 5 34 0 6 1 6 2 0 2 1 2 2 2 3 2 6 2 7 3 1 3 2 3 6 4 0 4 1 4 2 4 3 4 4 4 6 4 7 4 8 5 2 5 3 5 4 5 5 6 2 6 3 6 4 7 2 7 3 7 4 8 2 3 3 3 4 3 5 4 5 75 5 3 8 30 0 6 75 5 3 8 1 6 75 5 3 8 2 0 75 5 3 8 2 1 75 5 3 8 2 2 75 5 3 8 2 3 75 5 3 8 2 6 75 5 3 8 2 7 75 5 3 8 3 1 75 5 3 8 3 2 927 2 8 2 3 6 75 5 3 8 4 0 75 5 3 8 4 1 75 5 3 8 4 2 75 5 3 8 4 3 75 5 3 8 4 4 77 5 3 8 4 6 289 1 4 0 4 7 177 0 3 0 4 8 107 5 3 7 5 2 75 5 3 8 5 3 75 5 3 8 5 4 75 5 3 8 5 5 75 5 3 8 6 2 75 5 3 8 6 3 75 5 3 8 6 4 75 5 3 8 7 2 75 5 3 8 7 3 75 5 3 8 7 4 75 5 3 8 8 2 75 5 3 8
5 1 3 5 1 4 1 5 3 3 3 4 4 4 24 0 0 0 1 0 2 0 3 0 5 0 6 1 1 1 2 2 0 2 1 2 2 2 3 2 5 2 6 3 5 4 3 5 4 6 4 1 3 1 4 1 5 3 3 3 4 4 4 244 2 6 3 18 0 0 244 2 6 3 0 1 244 2 6 3 0 2 244 2 6 3 0 3 555 1 4 0 0 5 244 2 6 3 0 6 244 2 6 3 1 1 244 2 6 3 1 2 244 2 6 3 2 0 244 2 6 3 2 1 244 2 6 3 2 2 244 2 6 3 2 3 555 1 4 0 2 5 244 2 6 3 2 6 244 2 6 3 3 5 244 2 6 3 4 3 555 1 4 0 5 4 555 1 4 0 6 4 555 1 4 0
6 3 3 6 0 4 1 3 1 4 2 3 2 4 3 4 20 2 0 2 1 2 2 3 0 3 1 3 2 3 5 4 0 4 1 4 2 4 3 4 5 5 2 0 4 1 3 1 4 2 3 2 4 3 3 3 4 6 3 0 3 13 2 0 6 3 0 3 2 1 6 3 0 3 2 2 6 3 0 3 3 0 6 3 0 3 3 1 6 3 0 3 3 2 6 3 0 3 3 5 6 3 0 3 4 0 6 3 0 3 4 1 6 3 0 3 4 2 6 3 0 3 4 3 292 0 0 0 4 5 6 3 0 3 5 2 6 3 0 3
7 3 4 5 0 4 1 3 1 4 2 3 2 4 24 2 0 2 1 2 2 3 0 3 1 3 2 3 3 3 5 4 0 4 1 4 2 4 3 4 4 4 5 5 2 5 3 5 4 5 5 0 4 1 3 1 4 2 3 2 4 3 4 128 2 5 3 18 2 0 128 2 5 3 2 1 128 2 5 3 2 2 128 2 5 3 3 0 128 2 5 3 3 1 128 2 5 3 3 2 128 2 5 3 3 3 128 2 5 3 3 5 132 7 5 4 4 0 128 2 5 3 4 1 128 2 5 3 4 2 128 2 5 3 4 3 128 2 5 3 4 4 930 0 0 0 4 5 132 7 5 4 5 2 128 2 5 3 5 3 128 2 5 3 5 4 930 0 0 0 5 5 132 7 5 4
8 1 5 4 1 3 1 4 2 3 2 4 29 0 0 0 1 0 2 0 5 0 6 0 7 1 0 1 1 1 2 1 6 1 7 2 0 2 1 2 2 3 0 3 1 3 2 3 3 4 1 4 2 4 3 5 1 5 2 5 3 1 3 1 4 1 5 2 3 2 4 58 5 1 7 24 0 0 58 5 1 7 0 1 58 5 1 7 0 2 58 5 1 7 0 5 58 5 1 7 0 6 58 5 1 7 0 7 58 5 1 7 1 0 58 5 1 7 1 1 58 5 1 7 1 2 58 5 1 7 1 6 931 7 5 5 1 7 7 0 1 1 2 0 58 5 1 7 2 1 58 5 1 7 2 2 164 1 2 0 3 0 58 5 1 7 3 1 58 5 1 7 3 2 58 5 1 7 3 3 58 5 1 7 4 1 58 5 1 7 4 2 58 5 1 7 4 3 58 5 1 7 5 1 58 5 1 7 5 2 58 5 1 7 5 3 58 5 1 7
11 3 5 3 3 4 4 4 4 5 49 0 0 0 1 0 2 0 3 0 4 0 5 0 6 0 7 1 1 1 2 1 3 1 4 1 5 1 6 1 7 1 8 2 0 2 1 2 2 2 3 2 4 2 5 2 6 2 7 2 8 3 1 3 2 3 3 3 6 3 7 3 8 4 2 4 6 4 7 4 8 5 5 5 6 5 7 5 8 6 5 6 6 6 7 7 5 7 6 7 7 3 4 3 5 4 4 4 5 316 3 0 3 45 0 0 316 3 0 3 0 1 316 3 0 3 0 2 316 3 0 3 0 3 316 3 0 3 0 4 316 4 5 8 0 5 316 4 5 8 0 6 185 5 1 8 0 7 316 3 0 3 1 1 316 3 0 3 1 2 316 3 0 3 1 3 316 3 0 3 1 4 316 4 5 8 1 5 316 4 5 8 1 6 932 5 2 8 1 7 316 3 0 3 1 8 316 3 0 3 2 0 316 3 0 3 2 1 316 3 0 3 2 2 316 3 0 3 2 3 316 3 0 3 2 4 316 4 5 8 2 5 316 4 5 8 2 6 803 1 5 0 2 7 932 6 0 6 2 8 185 6 0 7 3 1 316 3 0 3 3 2 316 3 0 3 3 3 170 3 0 4 3 6 316 3 0 3 3 7 316 3 0 3 3 8 316 3 0 3 4 2 316 3 0 3 4 6 316 3 0 3 4 7 316 3 0 3 4 8 316 3 0 3 5 5 803 1 5 0 5 6 316 4 5 8 5 7 316 3 0 3 5 8 316 3 0 3 6 5 316 4 5 8 6 6 316 4 5 8 6 7 316 3 0 3 7 5 316 4 5 8 7 6 316 4 5 8 7 7 316 3 0 3
12 4 4 4 2 5 2 6 4 5 5 5 60 0 1 0 3 1 1 1 2 1 3 1 4 1 6 1 7 2 1 2 2 2 3 2 4 3 0 3 1 3 2 3 3 3 4 3 6 3 7 4 1 4 2 4 3 4 6 5 0 5 1 5 2 5 3 5 4 5 6 5 7 5 8 6 1 6 2 6 3 6 4 6 5 6 6 6 7 6 8 7 1 7 2 7 3 7 4 7 5 7 6 7 7 7 8 8 2 8 3 8 4 8 5 8 6 9 2 9 4 9 6 2 5 2 6 4 4 4 5 5 5 929 0 1 1 55 0 1 108 7 8 7 0 3 108 7 8 7 1 1 108 7 8 7 1 2 925 7 7 7 1 3 108 7 8 7 1 4 925 7 7 7 1 6 108 7 8 7 1 7 108 7 8 7 2 1 108 7 8 7 2 2 925 7 7 7 2 3 925 7 7 7 2 4 928 0 1 0 3 0 925 7 7 7 3 1 311 7 9 8 3 2 311 7 9 8 3 3 311 7 9 8 3 4 928 0 1 0 3 6 108 7 8 7 3 7 108 7 8 7 4 1 925 7 7 7 4 2 929 0 1 1 4 3 929 0 1 1 4 6 933 3 0 1 5 0 925 7 7 7 5 1 929 0 1 1 5 2 929 0 1 1 5 3 929 0 1 1 5 4 925 7 7 7 5 6 929 0 1 1 5 7 929 0 1 1 5 8 108 7 8 7 6 1 108 7 8 7 6 2 929 0 1 1 6 3 929 0 1 1 6 4 929 0 1 1 6 5 108 7 8 7 6 6 108 7 8 7 6 7 108 7 8 7 6 8 108 7 8 7 7 1 108 7 8 7 7 2 929 0 1 1 7 3 929 0 1 1 7 4 929 0 1 1 7 5 108 7 8 7 7 6 108 7 8 7 7 7 108 7 8 7 7 8 108 7 8 7 8 2 925 7 7 7 8 3 108 7 8 7 8 4 925 7 7 7 8 5 108 7 8 7 8 6 108 7 8 7 9 2 108 7 8 7 9 4 108 7 8 7 9 6 108 7 8 7
4 1 4 4 0 5 1 2 1 3 1 5 11 0 4 0 6 1 1 2 0 2 1 2 2 0 5 1 2 1 3 1 4 1 5 1 4 1 6 6 0 4 1 4 1 6 0 6 4 7 2 5 1 1 1 4 1 6 2 0 1 4 1 6 2 1 1 4 1 6 2 2 1 4 1 6
13 4 5 3 2 5 2 6 5 5 61 0 1 0 3 1 1 1 2 1 3 1 4 1 6 1 7 2 1 2 2 2 3 2 4 3 0 3 1 3 2 3 3 3 4 3 5 3 6 3 7 4 1 4 2 4 3 4 4 4 6 5 0 5 1 5 2 5 3 5 4 5 6 5 7 5 8 6 1 6 2 6 3 6 4 6 5 6 6 6 7 6 8 7 1 7 2 7 3 7 4 7 5 7 6 7 7 7 8 8 2 8 3 8 4 8 5 8 6 9 2 9 4 9 6 2 5 2 6 4 5 5 5 239 7 7 6 57 0 1 239 7 7 6 0 3 239 7 7 6 1 1 239 7 7 6 1 2 239 7 7 6 1 3 239 7 7 6 1 4 239 7 7 6 1 6 913 7 7 6 1 7 239 7 7 6 2 1 239 7 7 6 2 2 239 7 7 6 2 3 239 7 7 6 2 4 239 7 7 6 3 0 239 7 7 6 3 1 239 7 7 6 3 2 239 7 7 6 3 3 239 7 7 6 3 4 239 7 7 6 3 5 934 0 0 0 3 6 239 7 7 6 3 7 239 7 7 6 4 1 239 7 7 6 4 2 239 7 7 6 4 3 239 7 7 6 4 4 239 7 7 6 4 6 239 7 7 6 5 0 239 7 7 6 5 1 239 7 7 6 5 2 239 7 7 6 5 3 239 7 7 6 5 4 910 2 7 5 5 6 935 7 7 6 5 7 239 7 7 6 5 8 239 7 7 6 6 1 239 7 7 6 6 2 239 7 7 6 6 3 239 7 7 6 6 4 910 2 7 5 6 5 923 0 1 2 6 6 935 7 7 6 6 7 239 7 7 6 6 8 239 7 7 6 7 1 239 7 7 6 7 2 239 7 7 6 7 3 239 7 7 6 7 4 910 2 7 5 7 5 239 7 7 6 7 6 935 7 7 6 7 7 239 7 7 6 7 8 239 7 7 6 8 2 239 7 7 6 8 3 239 7 7 6 8 4 239 7 7 6 8 5 239 7 7 6 8 6 239 7 7 6 9 2 239 7 7 6 9 4 239 7 7 6 9 6 239 7 7 6
8 4 4 3 1 4 2 4 3 4 27 0 3 1 3 2 3 3 2 3 3 3 5 3 6 3 7 4 0 4 1 4 2 4 3 4 5 4 6 4 7 5 0 5 1 5 2 5 3 5 4 5 5 6 3 6 5 1 4 2 4 3 4 4 4 14 0 1 3 23 0 3 14 0 1 3 1 3 14 0 1 3 2 3 14 0 1 3 3 2 13 6 0 4 3 3 13 6 0 4 3 5 13 6 0 4 3 6 13 6 0 4 3 7 13 6 0 4 4 0 13 6 0 4 4 1 13 6 0 4 4 2 13 6 0 4 4 3 5 2 6 3 4 5 13 6 0 4 4 6 13 6 0 4 4 7 13 6 0 4 5 0 13 6 0 4 5 1 13 6 0 4 5 2 13 6 0 4 5 3 5 2 6 3 5 4 414 0 1 0 5 5 13 6 0 4 6 3 5 2 6 3 6 5 13 6 0 4
4 1 5 4 0 6 1 2 1 3 1 4 13 0 5 1 1 2 0 2 1 2 2 2 4 2 5 2 6 0 6 1 2 1 3 1 4 1 5 0 4 1 6 8 0 5 3 0 1 0 1 1 0 4 1 6 2 0 0 4 1 6 2 1 0 4 1 6 2 2 0 4 1 6 2 4 0 4 1 6 2 5 0 4 1 6 2 6 0 4 1 6
5 5 3 5 1 2 3 3 4 1 4 2 4 3 18 0 4 1 4 2 2 2 3 2 4 3 4 4 0 5 4 6 3 6 4 7 4 8 4 1 2 3 3 4 1 4 2 4 3 5 3 81 0 3 0 12 0 4 81 0 3 0 1 4 81 0 3 0 2 2 81 0 3 0 2 3 81 0 3 0 2 4 81 0 3 0 3 4 206 7 8 4 4 0 938 2 7 2 5 4 206 6 0 4 6 3 81 0 3 0 6 4 81 0 3 0 7 4 81 0 3 0 8 4 81 0 3 0
9 4 2 5 0 3 2 2 3 2 3 3 3 4 26 1 2 1 3 2 3 3 5 4 0 4 1 4 4 4 5 5 1 5 2 5 3 5 4 5 5 6 1 6 2 6 3 6 4 6 5 7 1 7 3 0 3 2 2 3 2 3 3 3 4 4 2 420 3 0 2 20 1 2 854 5 1 5 1 3 206 2 7 1 2 3 206 2 7 1 3 5 420 3 0 2 4 0 420 3 0 2 4 1 420 3 0 2 4 4 420 3 0 2 4 5 420 3 0 2 5 1 420 3 0 2 5 2 420 3 0 2 5 3 420 3 0 2 5 4 420 3 0 2 5 5 420 3 0 2 6 1 420 3 0 2 6 2 420 3 0 2 6 3 420 3 0 2 6 4 420 3 0 2 6 5 420 3 0 2 7 1 420 3 0 2 7 3 420 3 0 2
4 1 2 4 0 4 1 3 1 4 1 5 17 0 0 0 1 0 2 0 5 1 1 1 6 2 1 2 2 2 3 2 5 2 6 2 7 0 4 1 2 1 3 1 4 1 5 13 0 1 1 12 0 0 13 0 1 1 0 1 13 0 1 1 0 2 13 0 1 1 0 5 13 0 1 1 1 1 13 0 1 1 1 6 38 1 1 0 2 1 38 1 1 0 2 2 38 1 1 0 2 3 38 1 1 0 2 5 38 1 1 0 2 6 38 1 1 0 2 7 38 1 1 0
6 4 3 4 0 4 2 3 3 3 3 4 23 0 2 1 2 1 3 1 4 2 0 2 1 2 2 2 4 3 5 4 2 5 2 5 3 5 4 6 2 6 3 6 4 7 2 7 4 0 4 2 3 3 3 3 4 4 3 420 3 0 3 18 0 2 420 3 0 3 1 2 420 3 0 3 1 3 360 7 7 5 1 4 941 7 7 4 2 0 420 3 0 3 2 1 420 3 0 3 2 2 420 3 0 3 2 4 938 7 6 4 3 5 420 3 0 3 4 2 420 3 0 3 5 2 420 3 0 3 5 3 420 3 0 3 5 4 420 3 0 3 6 2 420 3 0 3 6 3 420 3 0 3 6 4 420 3 0 3 7 2 420 3 0 3 7 4 420 3 0 3
10 3 3 4 1 4 4 3 4 4 4 5 32 0 2 1 2 2 2 2 3 2 4 3 0 3 1 3 2 3 4 4 6 5 1 5 2 5 3 5 5 5 6 6 2 6 3 6 4 6 5 6 6 7 2 7 3 7 4 7 5 7 6 8 2 8 4 1 4 3 3 4 3 4 4 4 5 75 1 4 0 27 0 2 75 1 4 0 1 2 75 1 4 0 2 2 75 1 4 0 2 3 75 1 4 0 2 4 75 1 4 0 3 0 939 5 0 6 3 1 939 5 0 6 3 2 940 0 1 1 3 4 939 5 0 6 4 6 942 0 1 0 5 1 75 1 4 0 5 2 75 1 4 0 5 3 75 1 4 0 5 5 75 1 4 0 5 6 75 1 4 0 6 2 75 1 4 0 6 3 75 1 4 0 6 4 75 1 4 0 6 5 75 1 4 0 6 6 75 1 4 0 7 2 75 1 4 0 7 3 75 1 4 0 7 4 75 1 4 0 7 5 75 1 4 0 7 6 75 1 4 0 8 2 75 1 4 0 8 4 75 1 4 0
6 3 3 5 0 4 1 4 2 1 2 4 3 4 16 2 0 2 2 3 1 3 2 3 5 4 0 4 1 4 2 4 3 4 5 0 4 1 4 2 1 2 4 3 3 3 4 1 7 4 4 10 2 0 1 7 4 4 2 2 1 7 4 4 3 1 1 7 4 4 3 2 1 7 4 4 3 5 1 7 4 4 4 0 1 7 4 4 4 1 1 7 4 4 4 2 1 7 4 4 4 3 723 6 0 5 4 5 1 7 4 4
7 1 2 4 1 3 1 4 1 5 4 4 23 0 0 0 1 0 2 0 5 0 6 1 1 2 0 2 1 2 2 2 5 2 6 3 4 3 5 3 6 4 5 4 6 5 4 5 6 1 2 1 3 1 4 1 5 4 4 14 6 0 5 18 0 0 944 2 5 2 0 1 944 2 5 2 0 2 944 2 5 2 0 5 14 6 0 5 0 6 14 6 0 5 1 1 944 2 5 2 2 0 944 2 5 2 2 1 944 2 5 2 2 2 944 2 5 2 2 5 14 6 0 5 2 6 14 6 0 5 3 4 14 6 0 5 3 5 14 6 0 5 3 6 14 6 0 5 4 5 14 6 0 5 4 6 14 6 0 5 5 4 14 6 0 5 5 6 14 6 0 5
8 3 4 4 0 4 1 3 1 4 2 4 31 2 2 2 3 2 5 2 6 2 7 3 0 3 1 3 2 3 3 3 5 3 6 3 7 4 0 4 1 4 2 4 3 4 4 4 5 5 3 5 4 5 5 6 3 6 4 6 5 7 3 7 5 0 4 1 3 1 4 2 4 3 4 14 0 0 3 26 2 2 14 0 0 3 2 3 14 0 0 3 2 5 14 0 0 3 2 6 14 0 0 3 2 7 14 0 0 3 3 0 14 0 0 3 3 1 14 0 0 3 3 2 14 0 0 3 3 3 278 2 7 3 3 5 348 2 6 3 3 6 14 0 0 3 3 7 14 0 0 3 4 0 14 0 0 3 4 1 14 0 0 3 4 2 14 0 0 3 4 3 278 2 7 3 4 4 414 0 0 0 4 5 543 5 0 7 5 3 414 0 0 0 5 4 14 0 0 3 5 5 414 0 0 0 6 3 14 0 0 3 6 4 14 0 0 3 6 5 14 0 0 3 7 3 14 0 0 3 7 5 14 0 0 3
5 0 5 5 1 3 1 4 1 5 2 4 4 4 16 0 0 0 1 0 2 0 6 1 1 1 2 2 0 2 1 2 2 3 4 0 5 1 3 1 4 1 5 2 4 4 4 513 3 0 4 10 0 0 513 3 0 4 0 1 513 3 0 4 0 2 513 3 0 4 0 6 513 3 0 4 1 1 513 3 0 4 1 2 513 3 0 4 2 0 513 3 0 4 2 1 513 3 0 4 2 2 513 3 0 4 3 4 105 0 0 0
9 3 6 4 1 6 4 5 4 6 4 7 35 0 3 0 4 1 3 1 4 2 3 2 4 2 5 2 6 3 0 3 1 3 2 3 3 3 4 3 5 4 1 4 2 4 3 4 4 5 0 5 1 5 2 5 3 5 4 5 5 5 7 5 8 6 4 6 5 7 4 7 5 1 6 3 6 4 5 4 6 4 7 712 3 1 5 30 0 3 712 3 1 5 0 4 712 3 1 5 1 3 712 3 1 5 1 4 712 3 1 5 2 3 712 3 1 5 2 4 712 3 1 5 2 5 712 3 1 5 2 6 946 6 0 7 3 0 712 3 1 5 3 1 712 3 1 5 3 2 712 3 1 5 3 3 712 3 1 5 3 4 712 3 1 5 3 5 712 3 1 5 4 1 712 3 1 5 4 2 712 3 1 5 4 3 712 3 1 5 4 4 712 3 1 5 5 0 712 3 1 5 5 1 712 3 1 5 5 2 712 3 1 5 5 3 712 3 1 5 5 4 712 3 1 5 5 5 947 1 5 2 5 7 946 6 0 7 5 8 712 3 1 5 6 4 712 3 1 5 6 5 712 3 1 5 7 4 712 3 1 5 7 5 712 3 1 5
3 1 3 5 0 4 1 1 1 2 1 4 2 4 10 0 3 0 5 1 0 2 3 0 4 1 1 1 2 1 3 1 4 2 4 1 4 1 5 4 0 3 1 4 1 5 0 5 174 6 0 4 1 0 1 4 1 5 2 3 1 4 1 5
8 1 3 4 1 4 1 5 1 6 2 5 27 0 1 0 2 0 3 1 1 1 2 1 7 1 8 2 0 2 1 2 2 2 3 2 4 3 1 3 2 3 3 3 4 4 2 4 3 4 4 5 2 5 3 5 4 1 3 1 4 1 5 1 6 2 5 14 6 0 6 22 0 1 204 0 1 0 0 2 204 0 1 0 0 3 204 0 1 0 1 1 14 6 0 6 1 2 294 0 0 1 1 7 14 6 0 6 1 8 14 6 0 6 2 0 14 6 0 6 2 1 202 4 2 8 2 2 202 4 2 8 2 3 191 1 2 0 2 4 14 6 0 6 3 1 14 6 0 6 3 2 14 6 0 6 3 3 14 6 0 6 3 4 14 6 0 6 4 2 14 6 0 6 4 3 14 6 0 6 4 4 14 6 0 6 5 2 14 6 0 6 5 3 14 6 0 6 5 4 14 6 0 6
9 3 6 4 1 6 3 4 3 5 4 5 36 0 6 2 1 2 2 2 3 2 6 2 7 2 8 2 9 3 1 3 2 3 3 3 7 3 8 4 0 4 1 4 2 4 3 4 4 4 7 4 8 5 1 5 2 5 3 5 4 5 7 6 2 6 3 6 4 7 2 7 3 7 4 1 6 3 4 3 5 3 6 4 5 905 4 4 9 31 0 6 950 0 2 0 2 1 905 4 4 9 2 2 905 4 4 9 2 3 905 4 4 9 2 6 950 0 2 0 2 7 950 0 2 0 2 8 915 1 4 1 2 9 915 1 4 1 3 1 905 4 4 9 3 2 905 4 4 9 3 3 557 4 5 8 3 7 915 1 4 1 3 8 905 4 4 9 4 0 905 4 4 9 4 1 905 4 4 9 4 2 905 4 4 9 4 3 905 4 4 9 4 4 905 4 4 9 4 7 905 4 4 9 4 8 905 4 4 9 5 1 905 4 4 9 5 2 905 4 4 9 5 3 905 4 4 9 5 4 905 4 4 9 5 7 905 4 4 9 6 2 905 4 4 9 6 3 905 4 4 9 6 4 905 4 4 9 7 2 905 4 4 9 7 3 905 4 4 9 7 4 905 4 4 9
5 1 5 5 0 4 1 3 1 4 3 3 3 5 26 0 0 0 1 0 2 0 6 0 7 0 8 1 1 1 2 1 6 1 7 2 0 2 1 2 2 2 3 2 5 2 6 2 7 2 8 4 3 4 5 0 4 1 3 1 4 1 5 3 3 3 5 905 0 0 0 20 0 0 905 0 0 0 0 1 905 0 0 0 0 2 905 0 0 0 0 6 905 0 0 0 0 7 905 0 0 0 0 8 905 0 0 0 1 1 905 0 0 0 1 2 915 5 0 8 1 6 915 0 0 0 1 7 905 0 0 0 2 0 905 5 0 8 2 1 905 5 0 8 2 2 905 5 0 8 2 3 905 5 0 8 2 5 905 0 0 0 2 6 905 0 0 0 2 7 905 0 0 0 2 8 905 0 0 0 4 3 905 5 0 8 4 5 905 0 0 0
10 3 4 4 1 4 1 6 3 5 4 5 42 0 4 0 6 2 1 2 2 2 3 2 4 2 6 2 7 2 8 2 9 3 1 3 2 3 3 3 6 3 7 3 8 4 0 4 1 4 2 4 3 4 4 4 7 4 8 4 9 5 1 5 2 5 3 5 4 5 5 5 7 6 2 6 3 6 4 6 5 7 2 7 3 7 4 1 4 1 6 3 4 3 5 4 5 244 2 6 4 37 0 4 951 0 0 0 0 6 244 2 6 4 2 1 244 2 6 4 2 2 244 2 6 4 2 3 244 2 6 4 2 4 951 0 0 0 2 6 244 2 6 4 2 7 244 2 6 4 2 8 244 2 6 4 2 9 244 2 6 4 3 1 244 2 6 4 3 2 244 2 6 4 3 3 244 2 6 4 3 6 244 2 6 4 3 7 244 2 6 4 3 8 244 2 6 4 4 0 244 2 6 4 4 1 244 2 6 4 4 2 244 2 6 4 4 3 244 2 6 4 4 4 952 1 4 1 4 7 244 2 6 4 4 8 244 2 6 4 4 9 244 2 6 4 5 1 244 2 6 4 5 2 244 2 6 4 5 3 244 2 6 4 5 4 244 2 6 4 5 5 952 1 4 1 5 7 244 2 6 4 6 2 244 2 6 4 6 3 244 2 6 4 6 4 244 2 6 4 6 5 952 1 4 1 7 2 244 2 6 4 7 3 244 2 6 4 7 4 244 2 6 4
11 3 5 4 1 4 1 5 1 6 4 5 44 0 4 0 6 2 1 2 2 2 3 2 4 2 5 2 6 2 7 2 8 2 9 3 1 3 2 3 3 3 4 3 6 3 7 3 8 4 0 4 1 4 2 4 3 4 4 4 7 4 8 4 9 5 1 5 2 5 3 5 4 5 5 5 7 6 2 6 3 6 4 6 5 7 2 7 3 7 4 1 4 1 5 1 6 3 5 4 5 552 2 4 4 39 0 4 949 7 5 6 0 6 949 2 5 4 2 1 552 2 4 4 2 2 552 2 4 4 2 3 552 2 4 4 2 4 552 2 4 4 2 5 953 0 0 0 2 6 552 2 4 4 2 7 552 2 4 4 2 8 552 2 4 4 2 9 552 2 4 4 3 1 552 2 4 4 3 2 552 2 4 4 3 3 552 2 4 4 3 4 552 2 4 4 3 6 552 2 4 4 3 7 552 2 4 4 3 8 552 2 4 4 4 0 552 2 4 4 4 1 552 2 4 4 4 2 552 2 4 4 4 3 552 2 4 4 4 4 552 2 4 4 4 7 552 2 4 4 4 8 552 2 4 4 4 9 552 2 4 4 5 1 552 2 4 4 5 2 552 2 4 4 5 3 552 2 4 4 5 4 552 2 4 4 5 5 552 2 4 4 5 7 552 2 4 4 6 2 552 2 4 4 6 3 552 2 4 4 6 4 552 2 4 4 6 5 552 2 4 4 7 2 552 2 4 4 7 3 552 2 4 4 7 4 552 2 4 4
12 6 5 3 3 6 6 6 6 7 70 0 7 0 8 0 9 1 6 1 7 1 8 1 9 2 3 2 4 2 6 2 7 2 8 2 9 2 10 3 2 3 3 3 4 3 7 3 8 3 9 3 10 3 11 4 3 4 4 4 5 4 6 4 7 4 8 4 9 4 10 5 0 5 1 5 2 5 3 5 4 5 5 5 6 5 7 5 8 5 9 5 10 6 1 6 2 6 3 6 4 7 0 7 1 7 2 7 3 7 4 7 5 7 7 7 8 7 9 8 4 8 5 8 6 8 7 8 8 9 4 9 5 9 6 9 7 9 8 10 6 10 8 3 6 6 5 6 6 6 7 945 1 7 2 66 0 7 937 6 2 8 0 8 937 6 2 8 0 9 937 6 2 8 1 6 937 6 2 8 1 7 937 6 2 8 1 8 937 6 2 8 1 9 937 6 2 8 2 3 943 5 2 10 2 4 943 5 2 10 2 6 937 6 2 8 2 7 937 6 2 8 2 8 937 6 2 8 2 9 937 6 2 8 2 10 937 6 2 8 3 2 937 6 2 8 3 3 943 5 2 10 3 4 943 5 2 10 3 7 937 6 2 8 3 8 937 6 2 8 3 9 937 6 2 8 3 10 937 6 2 8 3 11 937 6 2 8 4 3 943 5 2 10 4 4 943 5 2 10 4 5 943 5 2 10 4 6 937 6 2 8 4 7 937 6 2 8 4 8 937 6 2 8 4 9 937 6 2 8 4 10 937 6 2 8 5 0 937 6 2 8 5 1 937 6 2 8 5 2 943 5 2 10 5 3 943 5 2 10 5 4 943 5 2 10 5 5 943 5 2 10 5 6 945 1 7 2 5 7 948 0 2 0 5 8 948 0 2 0 5 9 937 6 2 8 5 10 937 6 2 8 6 1 937 6 2 8 6 2 937 6 2 8 6 3 943 5 2 10 6 4 954 4 7 11 7 0 937 6 2 8 7 1 937 6 2 8 7 2 943 5 2 10 7 3 943 5 2 10 7 4 954 4 7 11 7 5 945 1 7 2 7 7 937 6 2 8 7 8 937 6 2 8 7 9 937 6 2 8 8 4 954 4 7 11 8 5 954 4 7 11 8 6 937 6 2 8 8 7 937 6 2 8 8 8 937 6 2 8 9 4 954 4 7 11 9 5 954 4 7 11 9 6 937 6 2 8 9 7 937 6 2 8 9 8 937 6 2 8 10 6 937 6 2 8 10 8 937 6 2 8
6 2 3 3 2 4 2 5 2 6 21 0 4 1 0 1 1 1 2 1 3 1 4 1 5 1 6 2 1 2 2 2 7 2 8 3 1 3 2 3 3 4 3 5 3 2 3 2 4 2 5 2 6 14 6 1 6 17 0 4 14 6 1 6 1 0 14 6 1 6 1 1 124 4 3 8 1 2 124 4 3 8 1 3 407 7 3 6 1 4 14 6 1 6 1 5 14 6 1 6 1 6 14 6 1 6 2 1 14 6 1 6 2 2 61 2 5 2 2 7 14 6 1 6 2 8 14 6 1 6 3 1 123 1 2 0 3 2 123 1 2 0 3 3 123 1 2 0 4 3 14 6 1 6 5 3 14 6 1 6
4 1 2 5 0 3 0 4 1 3 3 2 4 2 12 0 5 0 6 1 0 1 1 1 4 2 2 0 3 0 4 1 2 1 3 3 2 4 2 35 3 0 2 6 0 5 35 3 0 2 0 6 35 3 0 2 1 0 35 3 0 2 1 1 35 3 0 2 1 4 35 3 0 2 2 2 21 0 0 0
5 4 2 5 0 3 0 4 1 3 3 2 3 3 14 0 5 0 6 1 0 1 1 1 2 1 4 2 2 2 3 0 3 0 4 1 3 3 2 3 3 4 2 35 7 4 3 8 0 5 35 7 4 3 0 6 35 7 4 3 1 0 35 7 4 3 1 1 35 7 4 3 1 2 35 7 4 3 1 4 35 7 4 3 2 2 35 7 4 3 2 3 957 0 0 0
2 0 3 5 0 1 0 2 0 4 1 1 1 4 8 1 0 1 5 0 1 0 2 0 3 0 4 1 1 1 4 1 5 0 5 2 1 0 1 5 0 5 1 5 1 0 0 0
6 3 3 6 1 3 1 4 1 5 3 4 4 3 4 4 23 0 4 0 5 2 3 2 5 2 6 2 7 3 0 3 1 3 2 3 5 3 6 3 7 4 0 4 1 4 2 5 4 1 3 1 4 1 5 3 3 3 4 4 3 4 4 959 2 5 3 16 0 4 791 1 4 0 0 5 959 2 5 3 2 3 791 1 4 0 2 5 959 2 5 3 2 6 959 2 5 3 2 7 959 2 5 3 3 0 959 2 5 3 3 1 959 2 5 3 3 2 959 2 5 3 3 5 959 2 5 3 3 6 959 2 5 3 3 7 959 2 5 3 4 0 959 2 5 3 4 1 959 2 5 3 4 2 959 2 5 3 5 4 791 1 4 0
5 1 3 5 0 4 0 7 1 4 1 5 1 6 16 0 0 0 1 0 2 0 5 0 6 1 1 1 2 2 1 2 2 2 3 0 4 0 7 1 3 1 4 1 5 1 6 0 4 1 7 10 0 0 0 4 1 7 0 1 0 4 1 7 0 2 0 4 1 7 0 5 0 4 1 7 0 6 192 7 2 6 1 1 0 4 1 7 1 2 0 4 1 7 2 1 0 4 1 7 2 2 0 4 1 7 2 3 0 4 1 7
6 1 6 6 0 4 0 7 1 4 1 5 1 7 2 7 19 0 0 0 1 0 2 0 5 0 6 1 1 1 2 1 3 2 1 2 2 2 3 2 8 0 4 0 7 1 4 1 5 1 6 1 7 2 7 1 5 1 8 12 0 0 1 5 1 8 0 1 1 5 1 8 0 2 1 5 1 8 0 5 1 5 1 8 0 6 1 5 1 8 1 1 1 5 1 8 1 2 1 5 1 8 1 3 1 5 1 8 2 1 1 5 1 8 2 2 1 5 1 8 2 3 1 5 1 8 2 8 961 0 0 0
7 3 4 5 1 3 1 4 1 5 4 3 4 4 33 0 4 0 5 2 3 2 4 2 5 2 6 2 7 3 0 3 1 3 2 3 3 3 5 3 6 3 7 4 0 4 1 4 2 5 4 5 5 6 3 6 4 6 5 7 3 7 4 7 5 8 3 8 5 1 3 1 4 1 5 3 4 4 3 4 4 949 7 5 5 27 0 4 949 7 5 5 0 5 942 5 1 7 2 3 958 4 4 7 2 4 960 0 0 0 2 5 962 2 8 3 2 6 949 7 5 5 2 7 949 7 5 5 3 0 949 7 5 5 3 1 949 7 5 5 3 2 949 7 5 5 3 3 949 7 5 5 3 5 949 7 5 5 3 6 949 7 5 5 3 7 949 7 5 5 4 0 949 7 5 5 4 1 949 7 5 5 4 2 949 7 5 5 5 4 958 4 4 7 5 5 949 7 5 5 6 3 949 7 5 5 6 4 949 7 5 5 6 5 949 7 5 5 7 3 949 7 5 5 7 4 949 7 5 5 7 5 949 7 5 5 8 3 949 7 5 5 8 5 949 7 5 5
5 1 3 5 0 3 0 4 3 2 3 3 4 2 14 0 5 0 6 1 0 1 1 1 2 1 4 2 2 2 3 0 3 0 4 1 3 3 2 3 3 4 2 35 7 4 3 8 0 5 35 7 4 3 0 6 35 7 4 3 1 0 35 7 4 3 1 1 35 7 4 3 1 2 35 7 4 3 1 4 35 7 4 3 2 2 35 7 4 3 2 3 957 0 0 0
6 4 3 5 0 4 0 5 3 3 3 4 3 5 20 0 6 0 7 1 1 1 2 1 3 1 4 1 5 2 3 2 4 3 6 4 0 4 1 4 2 4 4 0 4 0 5 3 3 3 4 3 5 4 3 75 0 3 0 14 0 6 75 0 3 0 0 7 75 0 3 0 1 1 75 0 3 0 1 2 75 0 3 0 1 3 75 0 3 0 1 4 75 0 3 0 1 5 75 0 3 0 2 3 75 0 3 0 2 4 75 0 3 0 3 6 964 0 0 1 4 0 964 0 0 1 4 1 964 0 0 1 4 2 964 0 0 1 4 4 964 0 0 1
2 0 2 5 0 1 0 3 0 4 1 1 1 4 8 1 0 1 5 0 1 0 2 0 3 0 4 1 1 1 4 1 5 0 5 2 1 0 1 5 0 5 1 5 1 0 0 0
7 3 5 5 1 4 1 5 4 3 4 4 4 5 23 0 4 1 2 2 2 2 5 3 0 3 1 3 2 3 4 4 1 4 2 4 6 5 0 5 1 5 2 5 3 5 4 6 3 1 4 1 5 3 5 4 3 4 4 4 5 966 6 0 5 17 0 4 461 6 1 6 1 2 966 6 0 5 2 2 966 6 0 5 2 5 461 6 1 6 3 0 966 6 0 5 3 1 966 6 0 5 3 2 966 6 0 5 3 4 966 6 0 5 4 1 966 6 0 5 4 2 966 6 0 5 4 6 966 6 0 5 5 0 966 6 0 5 5 1 966 6 0 5 5 2 966 6 0 5 5 3 966 6 0 5 5 4 461 6 1 6 6 3 966 6 0 5
9 3 4 4 3 5 3 6 6 5 6 6 53 0 3 0 4 1 3 1 4 2 0 2 1 2 2 2 3 2 4 2 5 2 7 2 8 2 9 3 0 3 1 3 2 3 3 3 7 3 8 4 0 4 1 4 2 4 3 4 4 4 5 4 6 5 2 5 3 5 4 5 5 5 6 5 7 5 8 5 9 6 3 6 7 6 8 6 9 7 4 7 5 8 4 8 5 8 6 9 4 9 5 9 6 10 4 10 6 3 4 3 5 3 6 6 5 6 6 956 1 5 0 48 0 3 393 4 6 9 0 4 956 1 5 0 1 3 393 4 6 9 1 4 956 1 5 0 2 0 956 1 5 0 2 1 963 5 2 9 2 2 963 5 2 9 2 3 963 5 2 9 2 4 956 1 5 0 2 5 956 1 5 0 2 7 956 1 5 0 2 8 956 1 5 0 2 9 956 1 5 0 3 0 956 1 5 0 3 1 965 1 6 1 3 2 965 1 6 1 3 3 965 1 6 1 3 7 963 5 2 9 3 8 965 1 6 1 4 0 393 4 6 9 4 1 965 1 6 1 4 2 965 1 6 1 4 3 965 1 6 1 4 4 967 1 7 1 4 5 393 4 6 9 4 6 393 4 6 9 5 2 956 1 5 0 5 3 956 1 5 0 5 4 393 4 6 9 5 5 956 1 5 0 5 6 956 1 5 0 5 7 956 1 5 0 5 8 956 1 5 0 5 9 956 1 5 0 6 3 956 1 5 0 6 7 956 1 5 0 6 8 956 1 5 0 6 9 956 1 5 0 7 4 956 1 5 0 7 5 956 1 5 0 8 4 956 1 5 0 8 5 956 1 5 0 8 6 956 1 5 0 9 4 956 1 5 0 9 5 956 1 5 0 9 6 956 1 5 0 10 4 956 1 5 0 10 6 956 1 5 0
5 3 2 4 0 4 3 3 3 4 3 5 19 1 4 1 5 2 0 2 1 2 2 2 4 2 5 2 6 3 1 4 0 4 1 4 2 4 5 4 6 0 4 3 2 3 3 3 4 3 5 3 1 3 0 14 1 4 3 1 3 0 1 5 3 1 3 0 2 0 37 1 4 2 2 1 37 1 4 2 2 2 37 1 4 2 2 4 14 6 2 5 2 5 14 6 2 5 2 6 14 6 2 5 3 1 37 1 4 2 4 0 3 1 3 0 4 1 3 1 3 0 4 2 3 1 3 0 4 5 3 1 3 0 4 6 3 1 3 0
4 2 4 5 0 4 3 2 3 3 3 4 3 5 14 1 4 2 0 2 1 2 2 2 5 3 1 4 5 4 6 0 4 2 4 3 2 3 3 3 4 3 5 729 1 4 2 8 1 4 38 1 3 0 2 0 729 1 4 2 2 1 729 1 4 2 2 2 729 1 4 2 2 5 729 1 4 2 3 1 729 1 4 2 4 5 38 1 3 0 4 6 38 1 3 0
5 3 2 4 0 4 3 3 3 4 3 5 20 1 4 2 0 2 1 2 2 2 4 2 5 3 1 3 6 4 0 4 1 4 2 4 3 4 5 4 6 4 7 0 4 3 2 3 3 3 4 3 5 13 0 3 1 15 1 4 13 0 3 1 2 0 13 0 3 1 2 1 13 0 3 1 2 2 13 0 3 1 2 4 13 0 3 1 2 5 13 0 3 1 3 1 13 0 3 1 3 6 14 6 2 5 4 0 13 0 3 1 4 1 970 0 0 0 4 2 970 0 0 0 4 3 14 6 2 5 4 5 14 6 2 5 4 6 14 6 2 5 4 7 14 6 2 5
2 1 0 7 0 3 0 4 1 1 1 3 2 1 3 1 4 1 10 0 0 1 2 0 3 0 4 1 0 1 1 1 3 2 1 3 1 4 1 35 4 1 4 2 0 0 35 4 1 4 1 2 1 6 0 1
3 1 3 6 0 3 1 0 1 1 1 2 3 2 3 3 11 0 4 2 3 2 4 4 2 0 3 1 0 1 1 1 2 1 3 3 2 3 3 1 4 1 4 4 0 4 675 0 0 0 2 3 1 4 1 4 2 4 1 4 1 4 4 2 1 4 1 4
4 4 4 6 0 3 1 3 2 3 3 1 3 3 4 1 13 3 0 3 4 4 2 4 3 5 2 5 4 0 3 1 3 2 3 3 1 3 3 4 1 4 4 0 2 4 3 6 3 0 0 2 4 3 3 4 973 6 1 4 4 2 0 2 4 3 4 3 0 2 4 3 5 2 0 2 4 3 5 4 0 2 4 3
3 3 3 6 0 3 1 3 2 1 2 3 3 1 3 2 11 2 0 3 4 4 2 4 4 0 3 1 3 2 1 2 3 3 1 3 2 3 3 1 7 4 3 4 2 0 1 7 4 3 3 4 1 7 4 3 4 2 197 6 0 4 4 4 1 7 4 3
4 4 2 6 0 3 1 3 2 3 3 1 3 3 4 1 13 3 0 3 2 4 3 4 4 5 2 5 4 0 3 1 3 2 3 3 1 3 3 4 1 4 2 0 7 4 3 6 3 0 0 7 4 3 3 2 975 0 1 0 4 3 0 7 4 3 4 4 0 7 4 3 5 2 0 7 4 3 5 4 0 7 4 3
2 3 3 6 0 3 1 3 2 3 3 0 3 1 3 2 9 2 4 4 2 0 3 1 3 2 3 3 0 3 1 3 2 3 3 1 7 4 3 2 2 4 1 7 4 3 4 2 1 4 3 4
3 4 2 6 0 3 1 3 2 3 3 3 4 0 4 1 11 3 2 3 4 4 3 5 2 0 3 1 3 2 3 3 3 4 0 4 1 4 2 0 7 4 3 4 3 2 977 0 1 0 3 4 0 7 4 3 4 3 0 7 4 3 5 2 0 7 4 3
5 3 3 6 0 4 1 3 1 4 3 0 3 1 3 2 15 0 3 2 3 2 4 2 5 3 4 4 3 4 4 4 5 0 4 1 3 1 4 3 0 3 1 3 2 3 3 972 7 4 4 8 0 3 972 7 4 4 2 3 974 3 0 0 2 4 972 7 4 4 2 5 972 7 4 4 3 4 972 7 4 4 4 3 976 3 0 0 4 4 978 3 0 0 4 5 972 7 4 4
6 3 2 8 0 1 0 4 1 1 1 3 1 4 2 1 3 0 3 1 19 0 3 2 3 2 4 2 5 3 3 3 4 4 2 4 3 4 4 4 5 0 1 0 4 1 1 1 3 1 4 2 1 3 0 3 1 3 2 1 2 4 1 10 0 3 1 2 4 1 2 3 1 2 4 1 2 4 1 2 4 1 2 5 1 2 4 1 3 3 1 2 4 1 3 4 1 2 4 1 4 2 979 0 0 0 4 3 1 2 4 1 4 4 1 2 4 1 4 5 1 2 4 1
7 3 1 7 0 1 0 4 1 1 1 3 1 4 2 1 3 0 20 0 3 2 3 2 4 2 5 3 2 3 3 3 4 4 0 4 2 4 3 4 4 4 5 0 1 0 4 1 1 1 3 1 4 2 1 3 0 3 1 1 7 4 1 12 0 3 1 7 4 1 2 3 1 7 4 1 2 4 1 7 4 1 2 5 1 7 4 1 3 2 1 7 4 1 3 3 1 7 4 1 3 4 1 7 4 1 4 0 980 0 0 0 4 2 1 7 4 1 4 3 1 7 4 1 4 4 1 7 4 1 4 5 1 7 4 1
8 0 6 6 1 3 1 4 1 5 3 4 4 3 4 4 29 0 0 0 1 0 2 0 5 0 7 1 1 1 2 1 6 2 0 2 1 2 2 2 6 2 7 3 3 3 5 3 6 3 7 4 5 4 6 4 7 5 5 5 7 0 6 1 3 1 4 1 5 3 4 4 3 4 4 277 0 0 0 22 0 0 981 3 0 3 0 1 981 3 0 3 0 2 981 3 0 3 0 5 981 3 0 3 0 7 277 0 0 0 1 1 981 3 0 3 1 2 981 3 0 3 1 6 277 0 0 0 2 0 981 3 0 3 2 1 981 3 0 3 2 2 981 3 0 3 2 6 277 0 0 0 2 7 277 0 0 0 3 3 277 0 0 0 3 5 277 0 0 0 3 6 277 0 0 0 3 7 277 0 0 0 4 5 277 0 0 0 4 6 277 0 0 0 4 7 277 0 0 0 5 5 277 0 0 0 5 7 277 0 0 0
9 3 4 5 1 3 1 4 1 5 4 3 4 4 31 0 0 0 1 0 2 0 3 0 5 0 6 0 7 1 1 1 2 1 6 2 0 2 1 2 2 2 4 2 6 2 7 3 3 3 5 3 6 3 7 4 5 4 6 4 7 5 5 5 7 1 3 1 4 1 5 3 4 4 3 4 4 552 2 4 3 25 0 0 552 2 4 3 0 1 552 2 4 3 0 2 552 2 4 3 0 3 982 0 0 0 0 5 553 1 4 0 0 6 552 2 4 3 0 7 552 2 4 3 1 1 552 2 4 3 1 2 552 2 4 3 1 6 552 2 4 3 2 0 552 2 4 3 2 1 552 2 4 3 2 2 552 2 4 3 2 4 982 0 0 0 2 6 552 2 4 3 2 7 552 2 4 3 3 3 552 2 4 3 3 5 552 2 4 3 3 6 552 2 4 3 3 7 552 2 4 3 4 5 552 2 4 3 4 6 552 2 4 3 4 7 552 2 4 3 5 5 552 2 4 3 5 7 552 2 4 3
10 4 5 4 1 6 1 7 4 6 4 7 46 0 3 0 4 0 5 1 3 1 4 1 5 2 3 2 4 2 5 2 6 2 7 3 0 3 1 3 2 3 3 3 4 3 5 3 6 3 8 3 9 3 10 4 1 4 2 4 3 4 4 4 8 4 9 5 0 5 1 5 2 5 3 5 4 5 5 5 7 5 8 5 9 5 10 6 4 6 5 7 4 7 5 1 6 1 7 4 5 4 6 4 7 31 4 5 9 41 0 3 31 4 5 9 0 4 31 4 5 9 0 5 31 4 5 9 1 3 31 4 5 9 1 4 31 4 5 9 1 5 31 4 5 9 2 3 31 4 5 9 2 4 31 4 5 9 2 5 31 4 5 9 2 6 31 4 5 9 2 7 31 4 5 9 3 0 31 4 5 9 3 1 31 4 5 9 3 2 56 1 5 3 3 3 969 5 1 10 3 4 971 5 1 10 3 5 983 4 5 10 3 6 31 4 5 9 3 8 31 4 5 9 3 9 31 4 5 9 3 10 31 4 5 9 4 1 31 4 5 9 4 2 31 4 5 9 4 3 56 1 5 3 4 4 969 5 1 10 4 8 948 0 0 0 4 9 31 4 5 9 5 0 31 4 5 9 5 1 31 4 5 9 5 2 56 1 5 3 5 3 53 5 3 10 5 4 53 5 3 10 5 5 53 5 3 10 5 7 969 5 1 10 5 8 119 7 7 8 5 9 119 7 7 8 5 10 31 4 5 9 6 4 31 4 5 9 6 5 31 4 5 9 7 4 31 4 5 9 7 5 31 4 5 9
4 2 3 5 1 3 1 4 1 5 4 3 4 4 14 0 4 1 6 2 0 2 1 2 2 2 4 3 3 5 4 1 3 1 4 1 5 2 3 4 3 4 4 966 2 5 3 8 0 4 75 0 1 0 1 6 966 2 5 3 2 0 966 2 5 3 2 1 966 2 5 3 2 2 966 2 5 3 2 4 966 2 5 3 3 3 75 0 1 0 5 4 75 0 1 0
5 2 5 5 1 3 1 4 1 5 4 4 4 5 18 0 0 0 1 0 2 0 4 1 1 1 2 2 0 2 1 2 2 2 6 3 5 5 4 1 3 1 4 1 5 2 5 4 4 4 5 959 6 0 5 12 0 0 959 6 0 5 0 1 959 6 0 5 0 2 959 6 0 5 0 4 105 1 2 0 1 1 959 6 0 5 1 2 959 6 0 5 2 0 959 6 0 5 2 1 959 6 0 5 2 2 959 6 0 5 2 6 959 6 0 5 3 5 105 1 2 0 5 4 105 1 2 0
9 4 4 4 0 4 1 4 2 4 3 4 30 1 0 1 1 1 2 1 3 1 5 2 1 2 2 2 3 2 5 2 6 3 0 3 1 3 2 3 3 3 5 3 6 3 7 4 5 5 3 5 4 5 5 6 3 6 4 6 5 7 3 0 4 1 4 2 4 3 4 4 4 2 2 5 4 25 1 0 2 2 5 4 1 1 2 2 5 4 1 2 2 2 5 4 1 3 2 2 5 4 1 5 2 2 5 4 2 1 2 2 5 4 2 2 2 2 5 4 2 3 2 2 5 4 2 5 2 2 5 4 2 6 2 2 5 4 3 0 2 2 5 4 3 1 2 2 5 4 3 2 2 2 5 4 3 3 2 2 5 4 3 5 407 5 1 5 3 6 2 2 5 4 3 7 2 2 5 4 4 5 26 0 1 0 5 3 2 2 5 4 5 4 2 2 5 4 5 5 26 0 1 0 6 3 2 2 5 4 6 4 2 2 5 4 6 5 2 2 5 4 7 3 2 2 5 4
9 4 4 4 0 4 1 4 2 4 3 4 30 1 0 1 1 1 2 1 3 1 5 2 1 2 2 2 3 2 5 2 6 3 0 3 1 3 2 3 3 3 5 3 6 3 7 4 3 5 3 5 4 5 5 6 3 6 4 6 5 7 5 0 4 1 4 2 4 3 4 4 4 2 7 5 4 25 1 0 2 7 5 4 1 1 2 7 5 4 1 2 2 7 5 4 1 3 2 7 5 4 1 5 2 7 5 4 2 1 2 7 5 4 2 2 2 7 5 4 2 3 2 7 5 4 2 5 2 7 5 4 2 6 2 7 5 4 3 0 2 7 5 4 3 1 2 7 5 4 3 2 2 7 5 4 3 3 407 0 1 3 3 5 2 7 5 4 3 6 2 7 5 4 3 7 2 7 5 4 4 3 18 0 1 0 5 3 18 0 1 0 5 4 2 7 5 4 5 5 2 7 5 4 6 3 2 7 5 4 6 4 2 7 5 4 6 5 2 7 5 4 7 5 2 7 5 4
10 3 4 3 0 4 1 4 2 4 38 1 0 1 1 1 2 1 3 1 5 2 0 2 1 2 2 2 3 2 5 2 6 3 0 3 1 3 2 3 3 3 5 3 6 3 7 4 0 4 1 4 2 4 3 4 4 4 5 5 2 5 3 5 4 5 5 6 2 6 3 6 4 6 5 7 3 7 5 0 4 1 4 2 4 3 4 504 0 0 3 34 1 0 504 0 0 3 1 1 504 0 0 3 1 2 504 0 0 3 1 3 504 0 0 3 1 5 504 5 0 5 2 0 504 0 0 3 2 1 504 0 0 3 2 2 504 0 0 3 2 3 504 0 0 3 2 5 504 5 0 5 2 6 504 0 0 3 3 0 504 0 0 3 3 1 504 0 0 3 3 2 504 0 0 3 3 3 504 0 0 3 3 5 504 5 0 5 3 6 504 0 0 3 3 7 504 0 0 3 4 0 504 0 0 3 4 1 504 0 0 3 4 2 504 0 0 3 4 3 987 0 0 0 4 4 64 0 0 0 4 5 988 0 0 0 5 2 504 0 0 3 5 3 64 0 0 0 5 4 64 0 0 0 5 5 64 0 0 0 6 2 504 0 0 3 6 3 64 0 0 0 6 4 64 0 0 0 6 5 64 0 0 0 7 3 504 0 0 3 7 5 504 5 0 5
11 5 7 4 3 4 3 7 4 4 4 7 66 0 4 0 5 0 6 1 4 1 5 1 6 2 4 2 5 2 6 3 0 3 1 3 2 3 5 3 6 4 1 4 2 4 3 4 5 4 6 4 8 4 9 4 10 4 11 5 0 5 1 5 2 5 3 5 5 5 6 5 8 5 9 5 10 5 11 6 3 6 4 6 5 6 6 6 7 6 8 6 9 6 10 6 11 7 3 7 4 7 5 7 6 7 7 7 8 7 9 7 10 7 11 8 6 8 7 8 8 8 9 9 6 9 7 9 8 9 9 10 6 10 8 3 4 3 7 4 4 4 7 5 7 985 6 0 8 61 0 4 985 6 0 8 0 5 985 6 0 8 0 6 986 7 8 8 1 4 985 6 0 8 1 5 985 6 0 8 1 6 986 7 8 8 2 4 985 6 0 8 2 5 985 6 0 8 2 6 989 5 3 11 3 0 985 6 0 8 3 1 985 6 0 8 3 2 985 6 0 8 3 5 937 0 2 3 3 6 989 5 3 11 4 1 985 6 0 8 4 2 985 6 0 8 4 3 937 0 2 3 4 5 985 6 0 8 4 6 986 7 8 8 4 8 937 0 2 3 4 9 985 6 0 8 4 10 985 6 0 8 4 11 985 6 0 8 5 0 985 6 0 8 5 1 985 6 0 8 5 2 985 6 0 8 5 3 985 6 0 8 5 5 985 6 0 8 5 6 985 6 0 8 5 8 985 6 0 8 5 9 985 6 0 8 5 10 985 6 0 8 5 11 985 6 0 8 6 3 985 6 0 8 6 4 985 6 0 8 6 5 985 6 0 8 6 6 985 6 0 8 6 7 963 6 0 8 6 8 985 6 0 8 6 9 985 6 0 8 6 10 985 6 0 8 6 11 985 6 0 8 7 3 985 6 0 8 7 4 985 6 0 8 7 5 985 6 0 8 7 6 985 6 0 8 7 7 985 6 0 8 7 8 985 6 0 8 7 9 985 6 0 8 7 10 985 6 0 8 7 11 985 6 0 8 8 6 985 6 0 8 8 7 985 6 0 8 8 8 985 6 0 8 8 9 985 6 0 8 9 6 985 6 0 8 9 7 985 6 0 8 9 8 985 6 0 8 9 9 985 6 0 8 10 6 985 6 0 8 10 8 985 6 0 8
6 1 3 3 1 4 1 5 1 6 22 0 0 0 1 0 2 0 3 0 4 0 5 0 6 0 7 0 8 0 9 1 1 1 2 1 7 1 8 1 9 2 7 2 8 2 9 1 3 1 4 1 5 1 6 3 1 1 1 18 0 0 3 1 1 1 0 1 13 1 1 2 0 2 123 4 1 9 0 3 496 5 0 9 0 4 3 1 1 1 0 5 13 1 1 2 0 6 203 5 0 9 0 7 123 1 1 0 0 8 3 1 1 1 0 9 3 1 1 1 1 1 3 1 1 1 1 2 13 1 1 2 1 7 3 1 1 1 1 8 3 1 1 1 1 9 3 1 1 1 2 7 3 1 1 1 2 8 3 1 1 1 2 9 3 1 1 1
9 4 4 3 1 5 4 5 4 6 39 0 2 0 3 1 2 1 3 2 2 2 3 2 4 2 5 3 0 3 1 3 2 3 3 3 4 3 5 3 6 3 7 3 8 3 9 4 1 4 2 4 3 4 7 4 8 4 9 5 1 5 2 5 3 5 4 5 7 5 8 5 9 6 3 6 4 7 3 7 4 1 5 4 4 4 5 4 6 246 0 3 2 35 0 2 246 0 3 2 0 3 246 0 3 2 1 2 246 0 3 2 1 3 246 0 3 2 2 2 246 0 3 2 2 3 246 0 3 2 2 4 246 0 3 2 2 5 246 0 3 2 3 0 246 0 3 2 3 1 246 0 3 2 3 2 969 5 1 9 3 3 221 0 3 2 3 4 53 0 3 1 3 5 246 0 3 2 3 6 246 0 3 2 3 7 431 0 3 0 3 8 431 0 3 0 3 9 53 0 3 1 4 1 246 0 3 2 4 2 246 0 3 2 4 3 969 5 1 9 4 7 937 6 0 7 4 8 53 0 3 1 4 9 246 0 3 2 5 1 246 0 3 2 5 2 969 5 1 9 5 3 991 0 3 0 5 4 991 0 3 0 5 7 53 0 3 1 5 8 53 0 3 1 5 9 53 0 3 1 6 3 246 0 3 2 6 4 246 0 3 2 7 3 246 0 3 2 7 4 246 0 3 2
8 3 3 4 1 3 1 4 2 3 4 3 21 0 0 0 1 0 2 0 4 1 0 1 1 1 2 2 0 2 1 2 2 2 4 2 5 3 1 3 2 4 2 5 2 1 3 1 4 2 3 3 3 4 3 1 3 0 3 16 0 0 1 3 0 3 0 1 1 3 0 3 0 2 1 3 0 3 0 4 50 0 0 0 1 0 1 3 0 3 1 1 1 3 0 3 1 2 1 3 0 3 2 0 1 3 0 3 2 1 1 3 0 3 2 2 1 3 0 3 2 4 1 3 0 3 2 5 1 3 0 3 3 1 1 3 0 3 3 2 1 3 0 3 4 2 1 3 0 3 5 2 1 3 0 3
6 1 4 6 1 3 1 6 2 3 2 4 3 4 4 4 19 0 4 0 5 1 5 1 7 3 3 3 5 4 0 4 1 4 2 4 3 5 2 5 3 1 3 1 4 1 6 2 3 2 4 3 4 4 4 666 4 4 7 12 0 4 666 4 4 7 0 5 154 7 5 5 1 5 154 7 5 5 1 7 154 7 5 5 3 3 666 4 4 7 3 5 666 4 4 7 4 0 666 4 4 7 4 1 666 4 4 7 4 2 666 4 4 7 4 3 666 4 4 7 5 2 666 4 4 7 5 3 666 4 4 7
7 3 4 5 1 3 1 6 2 3 2 4 4 4 20 0 4 0 5 1 4 1 5 1 7 3 3 3 5 4 0 4 1 4 2 4 3 5 2 5 3 5 4 1 3 1 6 2 3 2 4 3 4 4 4 6 6 1 4 14 0 4 6 6 1 4 0 5 6 6 1 4 1 4 6 6 1 4 1 5 6 6 1 4 1 7 6 6 1 4 3 3 6 6 1 4 3 5 6 6 1 4 4 0 6 6 1 4 4 1 6 6 1 4 4 2 6 6 1 4 4 3 6 6 1 4 5 2 6 6 1 4 5 3 6 6 1 4 5 4 994 0 0 0
3 1 2 6 0 3 0 4 1 3 1 4 1 5 1 6 13 0 5 1 0 1 1 2 5 2 6 2 7 0 3 0 4 1 2 1 3 1 4 1 5 1 6 2 5 1 7 6 0 5 2 5 1 7 1 0 2 5 1 7 1 1 2 5 1 7 2 5 58 1 1 0 2 6 58 1 1 0 2 7 58 1 1 0
4 1 3 6 0 3 0 4 1 4 1 5 1 6 3 3 17 0 5 1 0 1 1 1 2 2 2 2 3 2 5 2 6 2 7 4 3 0 3 0 4 1 3 1 4 1 5 1 6 3 3 666 7 4 6 10 0 5 666 7 4 6 1 0 666 7 4 6 1 1 666 7 4 6 1 2 666 7 4 6 2 2 996 0 0 0 2 3 996 0 0 0 2 5 666 7 4 6 2 6 666 7 4 6 2 7 666 7 4 6 4 3 996 0 0 0
5 1 5 5 0 3 0 4 1 4 1 6 3 3 18 0 5 1 0 1 1 1 2 1 3 1 7 2 2 2 3 2 5 2 6 2 7 4 3 0 3 0 4 1 4 1 5 1 6 3 3 6 1 1 3 12 0 5 6 1 1 3 1 0 6 1 1 3 1 1 6 1 1 3 1 2 6 1 1 3 1 3 6 1 1 3 1 7 997 0 0 0 2 2 6 1 1 3 2 3 6 1 1 3 2 5 6 1 1 3 2 6 6 1 1 3 2 7 6 1 1 3 4 3 6 1 1 3
7 1 4 5 1 3 2 1 2 3 3 3 3 4 24 0 4 1 2 1 5 1 6 2 0 2 2 4 3 4 4 5 2 5 3 5 4 6 2 6 3 6 4 7 2 7 3 7 4 8 4 1 3 1 4 2 1 2 3 3 3 3 4 260 4 2 6 18 0 4 260 4 2 6 1 2 272 7 8 4 1 5 272 7 8 4 1 6 272 7 8 4 2 0 272 7 8 4 2 2 272 7 8 4 4 3 260 4 2 6 4 4 260 4 2 6 5 2 260 4 2 6 5 3 260 4 2 6 5 4 260 4 2 6 6 2 260 4 2 6 6 3 260 4 2 6 6 4 260 4 2 6 7 2 260 4 2 6 7 3 260 4 2 6 7 4 260 4 2 6 8 4 260 4 2 6
8 3 7 4 1 6 3 5 3 6 4 5 31 0 6 2 1 2 2 2 3 2 6 2 7 2 8 2 9 2 10 3 1 3 2 3 3 3 4 3 8 3 9 4 0 4 1 4 2 4 3 4 4 4 7 4 8 4 9 4 10 5 7 6 7 1 6 3 5 3 6 3 7 4 5 77 0 3 2 26 0 6 77 0 3 2 2 1 77 0 3 2 2 2 77 0 3 2 2 3 77 0 3 2 2 6 77 0 3 2 2 7 77 0 3 2 2 8 77 0 3 2 2 9 77 0 3 2 2 10 77 0 3 2 3 1 77 0 3 2 3 2 77 0 3 2 3 3 77 0 3 2 3 4 105 4 4 10 3 8 999 6 0 8 3 9 77 0 3 2 4 0 77 0 3 2 4 1 77 0 3 2 4 2 105 4 4 10 4 3 105 4 4 10 4 4 261 5 0 10 4 7 77 0 3 2 4 8 77 0 3 2 4 9 77 0 3 2 4 10 77 0 3 2 5 7 77 0 3 2 6 7 77 0 3 2
11 3 6 3 1 6 3 5 4 5 42 0 6 2 1 2 2 2 3 2 6 2 7 2 8 2 9 2 10 3 1 3 2 3 3 3 4 3 7 3 8 3 9 4 0 4 1 4 2 4 3 4 4 4 6 4 7 4 8 4 9 4 10 5 5 5 6 5 7 5 8 6 5 6 6 6 7 6 8 7 6 7 7 7 8 8 8 1 6 3 5 3 6 4 5 244 7 6 6 38 0 6 357 0 2 0 2 1 244 7 6 6 2 2 244 7 6 6 2 3 244 7 6 6 2 6 357 0 2 0 2 7 244 7 6 6 2 8 244 7 6 6 2 9 244 7 6 6 2 10 244 7 6 6 3 1 244 7 6 6 3 2 244 7 6 6 3 3 244 7 6 6 3 4 244 7 6 6 3 7 244 7 6 6 3 8 244 7 6 6 3 9 244 7 6 6 4 0 244 7 6 6 4 1 244 7 6 6 4 2 244 7 6 6 4 3 244 7 6 6 4 4 244 7 6 6 4 6 1000 0 0 0 4 7 244 7 6 6 4 8 244 7 6 6 4 9 244 7 6 6 4 10 244 7 6 6 5 5 1000 0 0 0 5 6 244 7 6 6 5 7 244 7 6 6 5 8 244 7 6 6 6 5 1000 0 0 0 6 6 244 7 6 6 6 7 244 7 6 6 6 8 244 7 6 6 7 6 244 7 6 6 7 7 244 7 6 6 7 8 244 7 6 6 8 8 244 7 6 6
12 4 5 3 1 5 1 6 3 5 47 0 6 2 1 2 2 2 3 2 5 2 6 2 7 2 8 2 9 2 10 3 1 3 2 3 3 3 4 3 6 3 7 3 8 3 9 4 0 4 1 4 2 4 3 4 4 4 6 4 7 4 8 4 9 4 10 5 4 5 5 5 6 5 7 5 8 5 9 6 4 6 5 6 6 6 7 6 8 7 6 7 7 7 8 8 8 1 5 1 6 3 5 4 5 239 7 6 6 43 0 6 904 5 1 8 2 1 239 7 6 6 2 2 239 7 6 6 2 3 239 7 6 6 2 5 1001 0 0 0 2 6 239 7 6 6 2 7 239 7 6 6 2 8 239 7 6 6 2 9 239 7 6 6 2 10 239 7 6 6 3 1 239 7 6 6 3 2 239 7 6 6 3 3 239 7 6 6 3 4 239 7 6 6 3 6 239 7 6 6 3 7 239 7 6 6 3 8 239 7 6 6 3 9 239 7 6 6 4 0 239 7 6 6 4 1 239 7 6 6 4 2 239 7 6 6 4 3 239 7 6 6 4 4 910 2 6 5 4 6 935 7 6 6 4 7 239 7 6 6 4 8 239 7 6 6 4 9 239 7 6 6 4 10 239 7 6 6 5 4 910 2 6 5 5 5 911 2 5 4 5 6 935 7 6 6 5 7 239 7 6 6 5 8 239 7 6 6 5 9 239 7 6 6 6 4 910 2 6 5 6 5 239 7 6 6 6 6 935 7 6 6 6 7 239 7 6 6 6 8 239 7 6 6 7 6 239 7 6 6 7 7 239 7 6 6 7 8 239 7 6 6 8 8 239 7 6 6
6 1 3 5 1 5 2 2 2 3 3 3 4 3 18 0 3 0 4 1 4 1 6 3 4 3 5 4 0 4 1 4 2 4 4 5 2 5 4 1 3 1 5 2 2 2 3 3 3 4 3 666 4 4 6 12 0 3 666 4 4 6 0 4 61 1 5 0 1 4 61 1 5 0 1 6 61 1 5 0 3 4 666 4 4 6 3 5 666 4 4 6 4 0 666 4 4 6 4 1 666 4 4 6 4 2 666 4 4 6 4 4 666 4 4 6 5 2 666 4 4 6 5 4 666 4 4 6
7 3 3 5 1 2 1 5 2 2 2 3 4 3 20 0 3 0 4 1 3 1 4 1 6 3 4 3 5 4 0 4 1 4 2 4 4 5 2 5 3 5 4 1 2 1 5 2 2 2 3 3 3 4 3 6 6 1 3 14 0 3 6 6 1 3 0 4 6 6 1 3 1 3 6 6 1 3 1 4 6 6 1 3 1 6 6 6 1 3 3 4 6 6 1 3 3 5 6 6 1 3 4 0 6 6 1 3 4 1 6 6 1 3 4 2 6 6 1 3 4 4 6 6 1 3 5 2 6 6 1 3 5 3 1003 0 0 0 5 4 6 6 1 3
7 2 5 4 0 5 1 5 3 5 3 6 27 2 0 2 1 2 2 2 3 2 4 2 7 2 8 2 9 3 1 3 2 3 3 3 4 3 7 3 8 4 1 4 2 4 3 4 4 4 6 4 7 4 8 4 9 0 5 1 5 2 5 3 5 3 6 1 2 4 5 22 2 0 1 2 4 5 2 1 1 2 4 5 2 2 1 2 4 5 2 3 1 2 4 5 2 4 1 2 4 5 2 7 1 2 4 5 2 8 1 2 4 5 2 9 1 2 4 5 3 1 1 2 4 5 3 2 1 2 4 5 3 3 1 2 4 5 3 4 1 2 4 5 3 7 1 2 4 5 3 8 1 2 4 5 4 1 1 2 4 5 4 2 1 2 4 5 4 3 1 2 4 5 4 4 1 2 4 5 4 6 532 0 0 0 4 7 1 2 4 5 4 8 1 2 4 5 4 9 1 2 4 5
12 1 2 3 1 3 1 4 1 5 32 0 0 0 1 0 2 0 5 0 6 1 1 2 0 2 1 2 2 2 3 2 4 2 5 2 6 3 2 3 3 3 4 3 5 3 6 4 2 4 3 4 4 4 5 4 6 5 4 5 5 5 6 6 4 6 6 1 2 1 3 1 4 1 5 3 0 1 0 28 0 0 3 0 1 0 0 1 3 0 1 0 0 2 3 0 1 0 0 5 3 0 1 0 0 6 3 0 1 0 1 1 429 0 0 1 2 0 5 1 2 0 2 1 5 1 2 0 2 2 5 1 2 0 2 3 3 0 1 0 2 4 14 6 0 5 2 5 14 6 0 5 2 6 14 6 0 5 3 2 3 0 1 0 3 3 3 0 1 0 3 4 3 0 1 0 3 5 3 0 1 0 3 6 3 0 1 0 4 2 3 0 1 0 4 3 3 0 1 0 4 4 3 0 1 0 4 5 3 0 1 0 4 6 3 0 1 0 5 4 3 0 1 0 5 5 3 0 1 0 5 6 3 0 1 0 6 4 3 0 1 0 6 6 3 0 1 0
13 1 4 2 1 5 1 6 44 0 1 0 2 0 3 0 4 0 7 0 8 0 9 1 1 1 2 1 3 1 7 1 8 1 9 2 0 2 1 2 2 2 3 2 4 2 5 2 6 2 7 2 8 2 9 3 2 3 3 3 4 3 5 3 6 3 7 4 2 4 3 4 4 4 5 4 6 4 7 5 2 5 3 5 4 5 5 6 3 6 5 1 4 1 5 1 6 246 0 0 2 41 0 1 246 0 0 2 0 2 15 1 2 2 0 3 15 1 2 2 0 4 15 1 2 2 0 7 53 1 2 1 0 8 53 1 2 1 0 9 53 1 2 1 1 1 246 0 0 2 1 2 246 0 0 2 1 3 1006 5 0 9 1 7 46 0 0 1 1 8 53 1 2 1 1 9 246 0 0 2 2 0 246 0 0 2 2 1 246 0 0 2 2 2 221 1 2 2 2 3 221 1 2 2 2 4 53 1 2 1 2 5 246 0 0 2 2 6 246 0 0 2 2 7 431 1 2 0 2 8 431 1 2 0 2 9 53 1 2 1 3 2 246 0 0 2 3 3 246 0 0 2 3 4 246 0 0 2 3 5 246 0 0 2 3 6 246 0 0 2 3 7 246 0 0 2 4 2 246 0 0 2 4 3 246 0 0 2 4 4 246 0 0 2 4 5 246 0 0 2 4 6 246 0 0 2 4 7 246 0 0 2 5 2 246 0 0 2 5 3 246 0 0 2 5 4 246 0 0 2 5 5 246 0 0 2 6 3 246 0 0 2 6 5 246 0 0 2
7 2 5 5 1 5 1 6 3 5 3 6 4 5 30 0 1 0 2 0 3 0 4 0 5 0 7 0 8 0 9 1 1 1 2 1 3 1 4 1 7 1 8 2 0 2 1 2 2 2 3 2 4 2 7 2 8 2 9 4 6 5 6 1 5 1 6 2 5 3 5 3 6 4 5 47 3 0 5 24 0 1 47 3 0 5 0 2 47 3 0 5 0 3 47 3 0 5 0 4 47 3 0 5 0 5 532 1 4 0 0 7 47 3 0 5 0 8 47 3 0 5 0 9 47 3 0 5 1 1 47 3 0 5 1 2 47 3 0 5 1 3 47 3 0 5 1 4 47 3 0 5 1 7 47 3 0 5 1 8 47 3 0 5 2 0 47 3 0 5 2 1 47 3 0 5 2 2 47 3 0 5 2 3 47 3 0 5 2 4 47 3 0 5 2 7 47 3 0 5 2 8 47 3 0 5 2 9 47 3 0 5 4 6 532 1 4 0 5 6 532 1 4 0
14 4 5 4 1 5 2 5 2 6 4 6 51 0 6 1 6 3 0 3 1 3 2 3 3 3 4 3 5 3 7 3 8 3 9 4 1 4 2 4 3 4 4 4 7 4 8 4 9 5 0 5 1 5 2 5 3 5 4 5 5 5 6 5 7 5 8 5 9 6 2 6 3 6 4 6 5 6 6 6 7 7 2 7 3 7 4 7 5 7 6 7 7 8 2 8 3 8 4 8 5 9 3 9 5 1 5 2 5 2 6 4 5 4 6 551 3 0 5 46 0 6 1005 0 1 0 1 6 1005 0 1 0 3 0 551 3 0 5 3 1 551 3 0 5 3 2 551 3 0 5 3 3 551 3 0 5 3 4 551 3 0 5 3 5 1007 0 3 0 3 7 551 3 0 5 3 8 551 3 0 5 3 9 551 3 0 5 4 1 551 3 0 5 4 2 551 3 0 5 4 3 551 3 0 5 4 4 551 3 0 5 4 7 551 3 0 5 4 8 551 3 0 5 4 9 551 3 0 5 5 0 551 3 0 5 5 1 551 3 0 5 5 2 551 3 0 5 5 3 551 3 0 5 5 4 551 3 0 5 5 5 1005 0 1 0 5 6 1008 1 5 0 5 7 551 3 0 5 5 8 551 3 0 5 5 9 551 3 0 5 6 2 551 3 0 5 6 3 551 3 0 5 6 4 551 3 0 5 6 5 551 3 0 5 6 6 551 3 0 5 6 7 551 3 0 5 7 2 551 3 0 5 7 3 551 3 0 5 7 4 551 3 0 5 7 5 551 3 0 5 7 6 551 3 0 5 7 7 551 3 0 5 8 2 551 3 0 5 8 3 551 3 0 5 8 4 551 3 0 5 8 5 551 3 0 5 9 3 551 3 0 5 9 5 551 3 0 5
3 1 1 6 0 2 0 4 1 2 1 3 1 4 3 1 11 0 5 2 0 2 1 4 1 0 2 0 4 1 1 1 2 1 3 1 4 3 1 1 4 1 5 4 0 5 666 7 4 4 2 0 1 4 1 5 2 1 1 4 1 5 4 1 1 4 1 5
10 3 6 5 1 8 2 5 2 6 4 5 4 6 44 0 7 1 3 1 6 1 7 1 9 2 3 3 1 3 2 3 3 3 4 3 7 3 8 3 9 3 10 3 11 4 0 4 1 4 2 4 3 4 4 4 7 4 8 4 9 4 10 5 0 5 1 5 2 5 3 5 4 5 5 5 7 5 8 5 9 5 10 6 4 6 7 7 4 7 7 1 8 2 5 2 6 3 6 4 5 4 6 1010 3 0 5 38 0 7 207 5 1 11 1 3 1010 3 0 5 1 6 394 0 1 0 1 7 207 5 1 11 1 9 207 5 1 11 2 3 1010 3 0 5 3 1 1010 3 0 5 3 2 1010 3 0 5 3 3 1010 3 0 5 3 4 1010 3 0 5 3 7 1010 3 0 5 3 8 1010 3 0 5 3 9 1010 3 0 5 3 10 1010 3 0 5 3 11 1010 3 0 5 4 0 1010 3 0 5 4 1 1010 3 0 5 4 2 1010 3 0 5 4 3 1010 3 0 5 4 4 1010 3 0 5 4 7 1010 3 0 5 4 8 1010 3 0 5 4 9 1010 3 0 5 4 10 1010 3 0 5 5 0 1010 3 0 5 5 1 1010 3 0 5 5 2 1010 3 0 5 5 3 1010 3 0 5 5 4 1010 3 0 5 5 5 207 5 1 11 5 7 1010 3 0 5 5 8 1010 3 0 5 5 9 1010 3 0 5 5 10 1010 3 0 5 6 4 1010 3 0 5 6 7 1010 3 0 5 7 4 1010 3 0 5 7 7 1010 3 0 5
9 0 4 6 0 1 0 3 1 1 1 2 1 3 1 4 23 0 5 2 0 2 1 2 2 2 4 2 5 3 1 3 2 3 3 3 4 3 5 4 1 4 2 4 3 4 4 4 5 0 1 0 3 0 4 1 1 1 2 1 3 1 4 1 4 1 5 16 0 5 778 0 0 0 2 0 1 4 1 5 2 1 1 4 1 5 2 2 1 4 1 5 2 4 1 4 1 5 2 5 1 4 1 5 3 1 1 4 1 5 3 2 1 4 1 5 3 3 1 4 1 5 3 4 1 4 1 5 3 5 1 4 1 5 4 1 1 4 1 5 4 2 1 4 1 5 4 3 1 4 1 5 4 4 1 4 1 5 4 5 1 4 1 5
10 1 5 5 0 4 0 6 1 4 1 6 1 7 33 0 0 0 1 0 2 0 5 0 7 0 8 1 1 1 2 1 3 2 0 2 1 2 2 2 3 2 4 2 5 2 7 2 8 3 4 3 5 3 6 3 7 3 8 4 4 4 5 4 6 4 7 4 8 0 4 0 6 1 4 1 5 1 6 1 7 47 1 1 3 27 0 0 47 1 1 3 0 1 47 1 1 3 0 2 47 1 1 3 0 5 47 1 1 3 0 7 278 0 0 0 0 8 278 0 0 0 1 1 47 1 1 3 1 2 47 1 1 3 1 3 1012 0 0 3 2 0 47 1 1 3 2 1 47 1 1 3 2 2 47 1 1 3 2 3 47 1 1 3 2 4 47 1 1 3 2 5 47 1 1 3 2 7 47 1 1 3 2 8 47 1 1 3 3 4 47 1 1 3 3 5 47 1 1 3 3 6 47 1 1 3 3 7 47 1 1 3 3 8 47 1 1 3 4 4 47 1 1 3 4 5 47 1 1 3 4 6 47 1 1 3 4 7 47 1 1 3 4 8 47 1 1 3
11 5 5 5 2 5 2 8 3 5 3 6 5 6 61 0 7 1 2 1 3 1 4 1 6 1 7 2 2 2 3 2 4 2 6 2 7 2 9 3 2 3 3 4 0 4 1 4 2 4 3 4 4 4 5 4 6 4 7 4 8 4 9 4 10 4 11 5 0 5 1 5 2 5 3 5 4 5 7 5 8 5 9 5 10 6 0 6 1 6 2 6 3 6 4 6 5 6 7 6 8 6 9 6 10 7 4 7 5 7 6 7 7 8 4 8 5 8 6 8 7 9 4 9 6 2 5 2 8 3 5 3 6 5 5 5 6 589 3 0 5 55 0 7 585 5 2 9 1 2 589 3 0 5 1 3 589 3 0 5 1 4 589 3 0 5 1 6 585 5 2 9 1 7 585 5 2 9 2 2 589 3 0 5 2 3 589 3 0 5 2 4 589 3 0 5 2 6 585 5 2 9 2 7 585 5 2 9 2 9 589 3 0 5 3 2 589 3 0 5 3 3 589 3 0 5 4 0 589 3 0 5 4 1 589 3 0 5 4 2 589 3 0 5 4 3 589 3 0 5 4 4 589 3 0 5 4 5 1011 0 1 0 4 6 1008 1 6 0 4 7 1013 7 9 6 4 8 589 3 0 5 4 9 589 3 0 5 4 10 589 3 0 5 4 11 589 3 0 5 5 0 589 3 0 5 5 1 589 3 0 5 5 2 589 3 0 5 5 3 589 3 0 5 5 4 589 3 0 5 5 7 1013 7 9 6 5 8 589 3 0 5 5 9 589 3 0 5 5 10 589 3 0 5 6 0 589 3 0 5 6 1 589 3 0 5 6 2 589 3 0 5 6 3 589 3 0 5 6 4 589 3 0 5 6 5 585 5 2 9 6 7 1013 7 9 6 6 8 589 3 0 5 6 9 589 3 0 5 6 10 589 3 0 5 7 4 589 3 0 5 7 5 589 3 0 5 7 6 589 3 0 5 7 7 589 3 0 5 8 4 589 3 0 5 8 5 589 3 0 5 8 6 589 3 0 5 8 7 589 3 0 5 9 4 589 3 0 5 9 6 589 3 0 5
15 6 6 4 3 5 3 8 4 5 4 6 74 0 6 1 6 1 7 2 2 2 3 2 4 2 6 2 7 3 2 3 3 3 4 3 6 3 7 3 9 4 2 4 3 5 0 5 1 5 2 5 3 5 4 5 5 5 6 5 7 5 8 5 9 5 10 5 11 6 0 6 1 6 2 6 3 6 4 6 5 6 7 6 8 6 9 6 10 7 0 7 1 7 2 7 3 7 4 7 5 7 6 7 7 7 8 7 9 7 10 7 11 8 2 8 3 8 4 8 5 8 6 8 7 9 2 9 3 9 4 9 5 9 6 9 7 10 2 10 3 10 4 10 5 10 6 11 3 11 5 3 5 3 8 4 5 4 6 6 6 998 3 0 5 69 0 6 995 0 2 2 1 6 995 0 2 2 1 7 998 3 0 5 2 2 998 3 0 5 2 3 998 3 0 5 2 4 998 3 0 5 2 6 1002 5 3 11 2 7 1002 5 3 11 3 2 998 3 0 5 3 3 998 3 0 5 3 4 998 3 0 5 3 6 1002 5 3 11 3 7 1002 5 3 11 3 9 1002 5 3 11 4 2 998 3 0 5 4 3 998 3 0 5 5 0 998 3 0 5 5 1 998 3 0 5 5 2 998 3 0 5 5 3 998 3 0 5 5 4 998 3 0 5 5 5 1004 0 2 3 5 6 1009 0 2 0 5 7 1002 5 3 11 5 8 998 3 0 5 5 9 998 3 0 5 5 10 998 3 0 5 5 11 998 3 0 5 6 0 998 3 0 5 6 1 998 3 0 5 6 2 998 3 0 5 6 3 998 3 0 5 6 4 998 3 0 5 6 5 998 3 0 5 6 7 995 0 2 2 6 8 998 3 0 5 6 9 998 3 0 5 6 10 998 3 0 5 7 0 998 3 0 5 7 1 998 3 0 5 7 2 998 3 0 5 7 3 998 3 0 5 7 4 998 3 0 5 7 5 998 3 0 5 7 6 1014 0 1 0 7 7 995 0 2 2 7 8 998 3 0 5 7 9 998 3 0 5 7 10 998 3 0 5 7 11 998 3 0 5 8 2 998 3 0 5 8 3 998 3 0 5 8 4 998 3 0 5 8 5 998 3 0 5 8 6 998 3 0 5 8 7 998 3 0 5 9 2 998 3 0 5 9 3 998 3 0 5 9 4 998 3 0 5 9 5 998 3 0 5 9 6 998 3 0 5 9 7 998 3 0 5 10 2 998 3 0 5 10 3 998 3 0 5 10 4 998 3 0 5 10 5 998 3 0 5 10 6 998 3 0 5 11 3 998 3 0 5 11 5 998 3 0 5
16 5 7 4 3 7 3 8 6 7 6 8 76 0 4 0 6 1 4 1 5 1 6 2 4 2 5 2 6 2 8 3 4 3 5 3 6 4 2 4 3 4 4 4 5 4 6 4 7 4 8 4 9 4 10 5 1 5 2 5 3 5 4 5 5 5 6 5 8 5 9 5 10 5 11 6 0 6 1 6 2 6 3 6 4 6 5 6 6 7 1 7 2 7 3 7 4 7 5 7 6 7 8 7 9 8 0 8 1 8 2 8 3 8 4 8 5 8 6 8 7 8 8 8 9 9 1 9 2 9 3 9 4 9 5 9 6 9 7 9 8 9 9 10 4 10 5 10 6 11 4 11 5 11 6 3 7 3 8 5 7 6 7 6 8 959 2 7 7 71 0 4 959 2 7 7 0 6 959 2 7 7 1 4 959 2 7 7 1 5 959 2 7 7 1 6 959 2 7 7 2 4 959 2 7 7 2 5 959 2 7 7 2 6 959 2 7 7 2 8 993 1 7 4 3 4 959 2 7 7 3 5 959 2 7 7 3 6 959 2 7 7 4 2 959 2 7 7 4 3 959 2 7 7 4 4 959 2 7 7 4 5 959 2 7 7 4 6 959 2 7 7 4 7 1015 7 11 11 4 8 959 2 7 7 4 9 959 2 7 7 4 10 959 2 7 7 5 1 959 2 7 7 5 2 959 2 7 7 5 3 959 2 7 7 5 4 959 2 7 7 5 5 959 2 7 7 5 6 959 2 7 7 5 8 959 2 7 7 5 9 959 2 7 7 5 10 959 2 7 7 5 11 959 2 7 7 6 0 959 2 7 7 6 1 959 2 7 7 6 2 959 2 7 7 6 3 959 2 7 7 6 4 959 2 7 7 6 5 959 2 7 7 6 6 959 2 7 7 7 1 959 2 7 7 7 2 959 2 7 7 7 3 959 2 7 7 7 4 959 2 7 7 7 5 959 2 7 7 7 6 959 2 7 7 7 8 923 0 2 4 7 9 959 2 7 7 8 0 959 2 7 7 8 1 959 2 7 7 8 2 959 2 7 7 8 3 959 2 7 7 8 4 959 2 7 7 8 5 959 2 7 7 8 6 959 2 7 7 8 7 959 2 7 7 8 8 959 2 7 7 8 9 959 2 7 7 9 1 959 2 7 7 9 2 959 2 7 7 9 3 959 2 7 7 9 4 959 2 7 7 9 5 959 2 7 7 9 6 959 2 7 7 9 7 959 2 7 7 9 8 959 2 7 7 9 9 959 2 7 7 10 4 959 2 7 7 10 5 959 2 7 7 10 6 959 2 7 7 11 4 959 2 7 7 11 5 959 2 7 7 11 6 959 2 7 7
2 1 1 5 0 0 0 2 2 1 3 1 4 1 8 1 0 1 2 0 0 0 2 1 1 2 1 3 1 4 1 0 3 0 1 2 1 0 0 3 0 1 1 2 0 6 0 1
3 2 3 7 0 2 0 4 3 0 3 1 3 2 3 3 4 3 12 1 2 1 3 1 4 2 4 0 2 0 4 2 3 3 0 3 1 3 2 3 3 4 3 1 4 3 4 4 1 2 1 4 3 4 1 3 1 4 3 4 1 4 1 4 3 4 2 4 1017 0 0 2
4 4 3 6 0 2 0 4 3 0 3 1 3 2 3 3 13 1 2 1 3 1 4 2 3 2 4 4 4 0 2 0 4 3 0 3 1 3 2 3 3 4 3 1 5 3 4 6 1 2 1 5 3 4 1 3 1 5 3 4 1 4 1 5 3 4 2 3 1 5 3 4 2 4 1 5 3 4 4 4 1018 0 0 0
5 4 1 7 0 4 1 1 1 2 1 4 2 1 2 4 3 4 23 0 2 2 2 3 1 3 2 3 3 3 5 4 0 4 2 4 3 4 5 5 0 5 1 5 2 6 0 6 2 0 4 1 1 1 2 1 4 2 1 2 4 3 4 4 1 1019 3 0 1 15 0 2 1019 3 0 1 2 2 713 7 6 2 3 1 1019 3 0 1 3 2 713 7 6 2 3 3 713 7 6 2 3 5 713 7 6 2 4 0 1019 3 0 1 4 2 896 7 6 2 4 3 713 7 6 2 4 5 713 7 6 2 5 0 1019 3 0 1 5 1 1019 3 0 1 5 2 896 7 6 2 6 0 1019 3 0 1 6 2 896 7 6 2
6 3 5 6 1 3 1 4 1 5 1 6 4 4 4 5 26 0 2 0 3 0 6 0 7 2 2 2 3 2 5 3 0 3 1 3 2 3 3 3 4 3 6 4 1 4 2 4 3 5 0 5 1 5 2 1 3 1 4 1 5 1 6 3 5 4 4 4 5 158 0 0 3 19 0 2 158 0 0 3 0 3 158 0 0 3 0 6 1020 7 5 6 0 7 1020 7 5 6 2 2 158 0 0 3 2 3 158 0 0 3 2 5 1020 7 5 6 3 0 158 0 0 3 3 1 158 0 0 3 3 2 158 0 0 3 3 3 158 0 0 3 3 4 158 0 0 3 3 6 158 0 0 3 4 1 158 0 0 3 4 2 158 0 0 3 4 3 158 0 0 3 5 0 158 0 0 3 5 1 158 0 0 3 5 2 158 0 0 3
7 1 3 5 1 4 1 5 1 6 4 4 4 5 30 0 1 0 2 0 3 0 5 0 6 0 7 1 2 2 1 2 2 2 3 2 5 3 0 3 1 3 2 3 3 3 4 3 5 3 6 4 1 4 2 4 3 5 0 5 1 5 2 1 3 1 4 1 5 1 6 4 4 4 5 3 1 1 1 24 0 1 5 0 0 1 0 2 5 0 0 1 0 3 5 0 0 1 0 5 45 6 0 6 0 6 45 6 0 6 0 7 45 6 0 6 1 2 1021 0 0 0 2 1 3 1 1 1 2 2 3 1 1 1 2 3 3 1 1 1 2 5 3 1 1 1 3 0 3 1 1 1 3 1 3 1 1 1 3 2 3 1 1 1 3 3 3 1 1 1 3 4 3 1 1 1 3 5 3 1 1 1 3 6 3 1 1 1 4 1 3 1 1 1 4 2 3 1 1 1 4 3 3 1 1 1 5 0 3 1 1 1 5 1 3 1 1 1 5 2 3 1 1 1
2 1 0 7 0 3 0 4 1 1 1 2 2 1 3 1 4 1 10 0 0 1 3 0 3 0 4 1 0 1 1 1 2 2 1 3 1 4 1 19 4 1 4 2 0 0 19 4 1 4 1 3 1 6 0 1
3 1 2 6 0 3 0 4 1 1 2 1 3 1 4 1 11 0 0 0 2 1 0 1 3 0 3 0 4 1 1 1 2 2 1 3 1 4 1 1 3 0 1 4 0 0 1 3 0 1 0 2 1023 0 0 0 1 0 1 3 0 1 1 3 1 3 0 1
4 3 1 8 0 3 0 4 1 1 2 1 3 2 3 3 3 4 4 1 15 0 0 0 2 1 0 1 2 1 3 4 0 0 3 0 4 1 1 2 1 3 1 3 2 3 3 3 4 4 1 1 0 3 0 6 0 0 1 0 3 0 0 2 1 0 3 0 1 0 1 0 3 0 1 2 1 0 3 0 1 3 1 0 3 0 4 0 1024 0 0 0
5 1 1 9 0 1 0 2 0 3 0 4 1 4 2 4 3 2 3 3 3 5 18 1 0 1 2 2 1 2 2 3 4 4 1 4 2 4 5 0 1 0 2 0 3 0 4 1 1 1 4 2 4 3 2 3 3 3 5 1 0 0 0 8 1 0 1025 2 4 1 1 2 1 0 0 0 2 1 1 0 0 0 2 2 1 0 0 0 3 4 1 0 0 0 4 1 1 0 0 0 4 2 1 0 0 0 4 5 1 0 0 0
6 4 5 9 0 4 1 1 1 2 1 3 1 4 2 4 3 4 4 2 4 3 20 2 0 2 1 2 2 3 1 3 2 3 5 4 4 5 1 5 2 5 5 0 4 1 1 1 2 1 3 1 4 2 4 3 4 4 2 4 3 4 5 0 2 4 4 10 2 0 0 2 4 4 2 1 0 2 4 4 2 2 0 2 4 4 3 1 0 2 4 4 3 2 0 2 4 4 3 5 1026 0 1 0 4 4 0 2 4 4 5 1 0 2 4 4 5 2 0 2 4 4 5 5 0 2 4 4
7 3 4 8 0 4 1 1 1 2 1 3 1 4 2 4 4 2 4 3 21 2 0 2 1 2 2 3 1 3 2 3 3 3 5 4 4 4 5 5 1 5 2 5 5 0 4 1 1 1 2 1 3 1 4 2 4 3 4 4 2 4 3 0 7 4 4 12 2 0 0 7 4 4 2 1 0 7 4 4 2 2 0 7 4 4 3 1 0 7 4 4 3 2 0 7 4 4 3 3 1027 0 0 0 3 5 0 7 4 4 4 4 0 7 4 4 4 5 0 7 4 4 5 1 0 7 4 4 5 2 0 7 4 4 5 5 0 7 4 4
8 0 4 7 1 1 1 2 1 3 1 4 2 4 4 2 4 3 22 0 5 2 0 2 1 2 2 3 1 3 2 3 3 3 4 3 5 4 4 4 5 5 1 5 2 5 5 0 4 1 1 1 2 1 3 1 4 2 4 4 2 4 3 1 4 1 5 14 0 5 1028 0 0 0 2 0 1 4 1 5 2 1 1 4 1 5 2 2 1 4 1 5 3 1 1 4 1 5 3 2 1 4 1 5 3 3 1 4 1 5 3 4 1 4 1 5 3 5 1 4 1 5 4 4 1 4 1 5 4 5 1 4 1 5 5 1 1 4 1 5 5 2 1 4 1 5 5 5 1 4 1 5
9 2 4 6 1 1 1 2 1 3 1 4 4 2 4 3 23 0 4 0 5 2 0 2 1 2 2 2 5 3 1 3 2 3 3 3 4 3 5 4 4 4 5 5 1 5 2 5 5 1 1 1 2 1 3 1 4 2 4 4 2 4 3 1 5 1 5 16 0 4 1 5 1 5 0 5 1 5 1 5 2 0 1 5 1 5 2 1 1 5 1 5 2 2 1 5 1 5 2 5 1029 0 0 0 3 1 1 5 1 5 3 2 1 5 1 5 3 3 1 5 1 5 3 4 1 5 1 5 3 5 1 5 1 5 4 4 1 5 1 5 4 5 1 5 1 5 5 1 1 5 1 5 5 2 1 5 1 5 5 5 1 5 1 5
10 1 2 5 1 3 1 4 1 5 4 3 4 4 26 0 0 0 1 0 2 1 1 2 0 2 1 2 2 2 4 2 5 2 6 3 1 3 2 3 3 3 4 3 5 4 1 4 2 5 1 5 4 5 5 1 2 1 3 1 4 1 5 4 3 4 4 14 6 0 5 20 0 0 33 0 1 0 0 1 33 0 1 0 0 2 33 0 1 0 1 1 1030 5 0 6 2 0 5 1 2 0 2 1 5 1 2 0 2 2 5 1 2 0 2 4 14 6 0 5 2 5 14 6 0 5 2 6 14 6 0 5 3 1 14 6 0 5 3 2 14 6 0 5 3 3 14 6 0 5 3 4 14 6 0 5 3 5 14 6 0 5 4 1 14 6 0 5 4 2 14 6 0 5 5 1 14 6 0 5 5 4 14 6 0 5 5 5 14 6 0 5
11 4 5 4 1 6 1 7 4 6 4 7 62 0 5 0 6 0 9 0 10 0 11 1 4 1 8 1 9 1 10 2 4 2 5 2 6 2 7 2 8 2 9 2 10 2 11 3 0 3 1 3 2 3 3 3 4 3 5 3 6 3 8 3 9 3 10 4 1 4 2 4 3 4 4 4 8 4 9 5 0 5 1 5 2 5 3 5 4 5 5 5 6 5 8 5 9 5 10 6 1 6 2 6 3 6 4 6 5 6 6 7 3 7 4 7 5 7 6 8 3 8 4 8 5 8 6 1 6 1 7 4 5 4 6 4 7 246 0 3 3 57 0 5 246 0 3 3 0 6 246 0 3 3 0 9 246 0 3 3 0 10 246 0 3 3 0 11 246 0 3 3 1 4 246 0 3 3 1 8 246 0 3 3 1 9 246 0 3 3 1 10 246 0 3 3 2 4 246 0 3 3 2 5 246 0 3 3 2 6 246 0 3 3 2 7 246 0 3 3 2 8 246 0 3 3 2 9 246 0 3 3 2 10 246 0 3 3 2 11 246 0 3 3 3 0 246 0 3 3 3 1 246 0 3 3 3 2 246 0 3 3 3 3 1022 4 5 11 3 4 1022 4 5 11 3 5 1022 4 5 11 3 6 246 0 3 3 3 8 989 7 8 7 3 9 989 7 8 7 3 10 989 7 8 7 4 1 246 0 3 3 4 2 246 0 3 3 4 3 246 0 3 3 4 4 1022 4 5 11 4 8 989 7 8 7 4 9 989 7 8 7 5 0 246 0 3 3 5 1 246 0 3 3 5 2 246 0 3 3 5 3 1022 4 5 11 5 4 1031 4 5 10 5 5 1031 4 5 10 5 6 246 0 3 3 5 8 989 7 8 7 5 9 989 7 8 7 5 10 989 7 8 7 6 1 246 0 3 3 6 2 246 0 3 3 6 3 246 0 3 3 6 4 246 0 3 3 6 5 246 0 3 3 6 6 246 0 3 3 7 3 246 0 3 3 7 4 246 0 3 3 7 5 246 0 3 3 7 6 246 0 3 3 8 3 246 0 3 3 8 4 246 0 3 3 8 5 246 0 3 3 8 6 246 0 3 3
8 4 6 4 1 4 1 5 4 4 4 5 44 0 0 0 1 0 2 0 5 1 1 1 2 1 3 1 7 2 0 2 1 2 2 2 3 2 4 2 5 2 6 2 7 3 1 3 2 3 3 3 4 3 5 3 7 3 8 3 9 4 2 4 3 4 7 4 8 5 1 5 2 5 3 5 5 5 6 5 7 5 8 5 9 6 3 6 6 7 3 1 4 1 5 4 4 4 5 4 6 985 1 5 1 39 0 0 985 1 5 1 0 1 985 1 5 1 0 2 985 1 5 1 0 5 53 1 5 1 1 1 985 1 5 1 1 2 985 1 5 1 1 3 985 1 5 1 1 7 985 1 5 1 2 0 985 1 5 1 2 1 985 1 5 1 2 2 985 1 5 1 2 3 985 1 5 1 2 4 53 1 5 1 2 5 985 1 5 1 2 6 985 1 5 1 2 7 985 1 5 1 3 1 53 5 3 9 3 2 967 5 0 9 3 3 967 5 0 9 3 4 1022 1 5 0 3 5 53 1 5 1 3 7 985 1 5 1 3 8 985 1 5 1 3 9 985 1 5 1 4 2 985 1 5 1 4 3 985 1 5 1 4 7 1022 1 5 0 4 8 985 1 5 1 5 1 985 1 5 1 5 2 985 1 5 1 5 3 985 1 5 1 5 5 53 5 3 9 5 6 985 1 5 1 5 7 985 1 5 1 5 8 985 1 5 1 5 9 985 1 5 1 6 3 985 1 5 1 6 6 985 1 5 1 7 3 985 1 5 1
6 4 3 5 0 4 0 5 3 3 3 4 3 5 20 0 6 0 7 1 1 1 2 1 3 1 4 1 5 2 3 2 4 3 2 3 6 4 0 4 1 4 2 0 4 0 5 3 3 3 4 3 5 4 3 77 0 3 0 14 0 6 77 0 3 0 0 7 77 0 3 0 1 1 77 0 3 0 1 2 77 0 3 0 1 3 77 0 3 0 1 4 77 0 3 0 1 5 77 0 3 0 2 3 77 0 3 0 2 4 77 0 3 0 3 2 964 0 0 1 3 6 964 0 0 1 4 0 964 0 0 1 4 1 964 0 0 1 4 2 964 0 0 1
7 1 3 4 1 4 1 5 4 4 4 5 30 0 0 0 1 0 2 0 3 0 4 0 6 0 7 0 8 1 2 1 6 1 7 2 3 2 4 2 5 2 6 2 7 2 8 3 1 3 2 3 3 3 4 3 5 4 6 4 7 5 4 1 3 1 4 1 5 4 4 4 5 985 5 0 8 25 0 0 985 5 0 8 0 1 985 5 0 8 0 2 985 5 0 8 0 3 985 5 0 8 0 4 1034 1 4 0 0 6 985 5 0 8 0 7 985 5 0 8 0 8 985 5 0 8 1 2 965 1 4 0 1 6 985 5 0 8 1 7 985 5 0 8 2 3 985 5 0 8 2 4 53 5 0 8 2 5 965 1 4 0 2 6 965 1 4 0 2 7 965 1 4 0 2 8 965 1 4 0 3 1 985 5 0 8 3 2 985 5 0 8 3 3 985 5 0 8 3 4 985 5 0 8 3 5 53 5 0 8 4 6 985 5 0 8 4 7 985 5 0 8 5 4 53 5 0 8
17 4 8 3 4 7 7 7 7 8 118 0 8 0 9 0 10 0 11 1 4 1 5 1 6 1 8 1 9 1 10 1 11 2 4 2 5 2 6 2 8 2 9 2 10 2 11 2 12 2 13 3 1 3 2 3 3 3 4 3 5 3 6 3 8 3 9 3 10 3 11 3 12 3 13 3 14 4 2 4 3 4 4 4 5 4 6 4 9 4 10 4 11 4 12 4 13 5 1 5 2 5 3 5 4 5 5 5 6 5 7 5 8 5 9 5 10 5 11 5 12 5 13 5 14 6 1 6 2 6 3 6 4 6 5 6 6 6 7 6 8 6 9 6 10 6 11 7 0 7 1 7 2 7 3 7 4 7 5 7 6 7 10 7 11 8 1 8 2 8 3 8 4 8 5 8 6 8 8 8 9 8 10 8 11 9 0 9 1 9 2 9 3 9 4 9 5 9 6 9 7 9 8 9 9 10 1 10 2 10 3 10 4 10 5 10 6 10 7 10 8 10 9 11 4 11 5 11 6 11 7 11 9 12 4 12 5 12 6 4 7 4 8 7 7 7 8 1035 5 3 12 114 0 8 968 5 1 13 0 9 968 5 1 13 0 10 968 5 1 13 0 11 968 5 1 13 1 4 968 5 1 13 1 5 968 5 1 13 1 6 968 5 1 13 1 8 968 5 1 13 1 9 984 1 8 1 1 10 984 1 8 1 1 11 968 5 1 13 2 4 968 5 1 13 2 5 968 5 1 13 2 6 968 5 1 13 2 8 968 5 1 13 2 9 984 1 8 1 2 10 984 1 8 1 2 11 968 5 1 13 2 12 968 5 1 13 2 13 968 5 1 13 3 1 968 5 1 13 3 2 968 5 1 13 3 3 968 5 1 13 3 4 990 2 11 4 3 5 990 2 11 4 3 6 990 2 11 4 3 8 992 1 8 2 3 9 1016 0 1 0 3 10 1016 0 1 0 3 11 1016 0 1 0 3 12 984 1 8 1 3 13 984 1 8 1 3 14 968 5 1 13 4 2 968 5 1 13 4 3 968 5 1 13 4 4 968 5 1 13 4 5 990 2 11 4 4 6 990 2 11 4 4 9 1016 0 1 0 4 10 1016 0 1 0 4 11 984 1 8 1 4 12 984 1 8 1 4 13 984 1 8 1 5 1 968 5 1 13 5 2 968 5 1 13 5 3 968 5 1 13 5 4 968 5 1 13 5 5 968 5 1 13 5 6 968 5 1 13 5 7 1032 4 8 14 5 8 984 1 8 1 5 9 1033 1 8 3 5 10 1035 5 3 12 5 11 1035 5 3 12 5 12 984 1 8 1 5 13 984 1 8 1 5 14 968 5 1 13 6 1 968 5 1 13 6 2 968 5 1 13 6 3 968 5 1 13 6 4 1035 5 3 12 6 5 1035 5 3 12 6 6 1035 5 3 12 6 7 992 4 8 13 6 8 992 1 8 2 6 9 984 1 8 1 6 10 984 1 8 1 6 11 984 1 8 1 7 0 968 5 1 13 7 1 968 5 1 13 7 2 968 5 1 13 7 3 968 5 1 13 7 4 1035 5 3 12 7 5 992 4 8 13 7 6 992 1 8 2 7 10 984 1 8 1 7 11 968 5 1 13 8 1 968 5 1 13 8 2 968 5 1 13 8 3 968 5 1 13 8 4 968 5 1 13 8 5 968 5 1 13 8 6 968 5 1 13 8 8 984 1 8 1 8 9 984 1 8 1 8 10 968 5 1 13 8 11 968 5 1 13 9 0 968 5 1 13 9 1 968 5 1 13 9 2 968 5 1 13 9 3 968 5 1 13 9 4 968 5 1 13 9 5 968 5 1 13 9 6 968 5 1 13 9 7 984 1 8 1 9 8 984 1 8 1 9 9 984 1 8 1 10 1 968 5 1 13 10 2 968 5 1 13 10 3 968 5 1 13 10 4 968 5 1 13 10 5 968 5 1 13 10 6 968 5 1 13 10 7 984 1 8 1 10 8 984 1 8 1 10 9 984 1 8 1 11 4 968 5 1 13 11 5 968 5 1 13 11 6 968 5 1 13 11 7 984 1 8 1 11 9 984 1 8 1 12 4 968 5 1 13 12 5 968 5 1 13 12 6 968 5 1 13
3 3 4 8 0 2 0 3 1 2 1 3 2 3 3 2 3 3 4 1 13 2 2 3 1 4 0 4 4 0 2 0 3 1 2 1 3 2 3 3 2 3 3 3 4 4 1 1 2 4 3 4 2 2 1 2 4 3 3 1 1 2 4 3 4 0 1 2 4 3 4 4 804 4 4 4
4 4 2 7 0 3 1 1 1 2 2 1 3 1 3 2 4 1 14 0 0 0 4 1 0 1 3 2 2 5 2 0 3 1 1 1 2 2 1 3 1 3 2 4 1 4 2 1 2 5 1 6 0 0 1 2 5 1 0 4 1 2 5 1 1 0 1 2 5 1 1 3 1 2 5 1 2 2 1 2 5 1 5 2 1037 4 4 4
5 1 2 6 0 3 1 1 2 1 3 1 3 2 4 1 15 0 0 0 2 0 4 1 0 1 3 2 2 4 2 5 2 0 3 1 1 1 2 2 1 3 1 3 2 4 1 1 3 0 1 8 0 0 1 3 0 1 0 2 1038 0 0 0 0 4 1 3 0 1 1 0 1 3 0 1 1 3 1 3 0 1 2 2 1 3 0 1 4 2 1 3 0 1 5 2 1 3 0 1
6 4 1 5 0 3 1 1 2 1 3 1 3 2 24 0 0 0 2 0 4 1 0 1 2 1 3 2 2 4 2 5 0 5 1 5 2 6 0 6 1 6 2 7 0 7 1 7 2 8 2 0 3 1 1 2 1 3 1 3 2 4 1 228 0 1 0 18 0 0 228 0 1 0 0 2 228 0 1 0 0 4 228 0 1 0 1 0 228 0 1 0 1 2 228 0 1 0 1 3 228 0 1 0 2 2 271 0 1 0 4 2 203 7 7 2 5 0 1039 0 0 0 5 1 1039 0 0 0 5 2 354 7 8 2 6 0 1039 0 0 0 6 1 1039 0 0 0 6 2 1039 0 0 0 7 0 1039 0 0 0 7 1 228 0 1 0 7 2 228 0 1 0 8 2 228 0 1 0
7 3 7 4 1 8 2 5 3 5 3 6 30 0 8 1 7 2 0 2 1 2 2 2 3 2 4 2 6 2 7 2 8 2 9 2 10 3 1 3 2 3 3 3 4 3 8 3 9 4 1 4 2 4 3 4 7 4 8 4 9 4 10 1 8 2 5 3 5 3 6 3 7 75 1 3 2 25 0 8 75 1 3 2 1 7 75 1 3 2 2 0 75 1 3 2 2 1 75 1 3 2 2 2 177 4 3 10 2 3 177 4 3 10 2 4 289 5 2 10 2 6 77 1 3 2 2 7 75 1 3 2 2 8 75 1 3 2 2 9 75 1 3 2 2 10 75 1 3 2 3 1 75 1 3 2 3 2 75 1 3 2 3 3 75 1 3 2 3 4 75 1 3 2 3 8 1040 7 4 8 3 9 75 1 3 2 4 1 75 1 3 2 4 2 75 1 3 2 4 3 75 1 3 2 4 7 75 1 3 2 4 8 75 1 3 2 4 9 75 1 3 2 4 10 75 1 3 2
8 3 6 5 0 5 1 5 1 8 2 5 3 5 33 0 8 1 7 2 0 2 1 2 2 2 3 2 4 2 6 2 7 2 8 2 9 2 10 3 1 3 2 3 3 3 4 3 7 3 8 3 9 4 1 4 2 4 3 4 6 4 7 4 8 4 9 4 10 0 5 1 5 1 8 2 5 3 5 3 6 1 2 4 5 27 0 8 1 2 4 5 1 7 1 2 4 5 2 0 1 2 4 5 2 1 1 2 4 5 2 2 1 2 4 5 2 3 1 2 4 5 2 4 1 2 4 5 2 6 1 2 4 5 2 7 1 2 4 5 2 8 1 2 4 5 2 9 1 2 4 5 2 10 1 2 4 5 3 1 1 2 4 5 3 2 1 2 4 5 3 3 1 2 4 5 3 4 1 2 4 5 3 7 1 2 4 5 3 8 1 2 4 5 3 9 1 2 4 5 4 1 1 2 4 5 4 2 1 2 4 5 4 3 1 2 4 5 4 6 1041 0 0 0 4 7 1 2 4 5 4 8 1 2 4 5 4 9 1 2 4 5 4 10 1 2 4 5
4 1 2 3 0 4 0 5 1 3 12 0 2 0 3 0 6 0 7 1 0 1 1 1 4 1 5 0 4 0 5 1 2 1 3 767 4 1 7 8 0 2 767 4 1 7 0 3 767 4 1 7 0 6 769 0 0 0 0 7 767 0 0 0 1 0 767 4 1 7 1 1 769 4 1 7 1 4 767 0 0 0 1 5 767 0 0 0
5 3 4 4 1 5 2 3 2 5 3 5 18 0 5 2 0 2 1 2 2 2 4 3 2 3 3 3 6 3 7 4 4 4 5 5 4 6 4 1 5 2 3 2 5 3 4 3 5 77 7 6 5 13 0 5 1043 1 3 0 2 0 77 7 6 5 2 1 77 7 6 5 2 2 77 7 6 5 2 4 77 7 6 5 3 2 77 7 6 5 3 3 77 7 6 5 3 6 77 7 6 5 3 7 77 7 6 5 4 4 1043 1 3 0 4 5 1043 1 3 0 5 4 1043 1 3 0 6 4 1043 1 3 0
4 2 3 6 0 5 1 3 1 5 2 2 2 5 3 5 17 1 2 1 4 1 6 2 0 2 1 3 3 3 4 3 6 4 4 4 6 0 5 1 3 1 5 2 2 2 3 2 5 3 5 364 6 0 6 10 1 2 364 6 0 6 1 4 364 6 0 6 1 6 364 6 0 6 2 0 364 6 0 6 2 1 364 6 0 6 3 3 244 0 1 0 3 4 244 0 1 0 3 6 244 0 1 0 4 4 244 0 1 0 4 6 244 0 1 0
4 3 2 7 0 3 1 1 1 2 1 3 1 4 3 3 4 2 14 0 0 0 1 2 0 2 1 2 3 3 1 0 3 1 1 1 2 1 3 1 4 3 2 3 3 4 2 35 7 4 3 6 0 0 35 7 4 3 0 1 35 7 4 3 2 0 35 7 4 3 2 1 35 7 4 3 2 3 364 5 0 4 3 1 35 7 4 3
5 4 2 6 0 3 1 2 3 1 3 2 3 3 3 4 21 0 1 1 1 1 3 1 4 2 0 2 1 2 2 2 4 2 5 4 1 4 4 4 5 5 2 6 2 0 3 1 2 3 1 3 2 3 3 3 4 4 2 1046 4 4 5 14 0 1 1046 4 4 5 1 1 1046 4 4 5 1 3 142 6 0 4 1 4 142 6 0 4 2 0 1046 4 4 5 2 1 1046 4 4 5 2 2 290 6 0 4 2 4 142 6 0 4 2 5 142 6 0 4 4 1 142 6 0 4 4 4 142 6 0 4 4 5 142 6 0 4 5 2 1046 4 4 5 6 2 1046 4 4 5
9 3 7 5 1 5 2 5 2 8 3 5 4 5 41 0 4 0 6 1 4 1 6 1 7 2 7 2 9 2 10 3 0 3 1 3 2 3 3 3 4 3 6 3 8 3 9 3 10 4 1 4 2 4 3 4 4 4 6 4 7 4 8 4 9 5 1 5 2 5 3 5 5 5 6 5 8 5 9 5 10 6 6 7 6 1 5 2 5 2 8 3 5 3 7 4 5 1045 4 4 10 35 0 4 1044 5 1 10 0 6 1044 5 1 10 1 4 1044 5 1 10 1 6 1044 5 1 10 1 7 1044 5 1 10 2 7 1044 5 1 10 2 9 1044 5 1 10 2 10 1044 5 1 10 3 0 1045 4 4 10 3 1 1045 4 4 10 3 2 1045 4 4 10 3 3 1045 4 4 10 3 4 1044 5 1 10 3 6 664 0 1 0 3 8 1047 7 5 8 3 9 1045 4 4 10 3 10 1045 4 4 10 4 1 1045 4 4 10 4 2 1045 4 4 10 4 3 1045 4 4 10 4 4 1045 4 4 10 4 6 1045 4 4 10 4 7 1045 4 4 10 4 8 1045 4 4 10 4 9 1045 4 4 10 5 1 1045 4 4 10 5 2 1045 4 4 10 5 3 1045 4 4 10 5 5 1045 4 4 10 5 6 1045 4 4 10 5 8 1045 4 4 10 5 9 1045 4 4 10 5 10 1045 4 4 10 6 6 1045 4 4 10 7 6 1045 4 4 10
3 3 4 6 0 4 1 4 2 1 2 4 3 1 3 3 11 2 0 2 5 3 2 4 3 0 4 1 4 2 1 2 4 3 1 3 3 3 4 1 7 4 4 4 2 0 1 7 4 4 2 5 1 7 4 4 3 2 1 7 4 4 4 3 966 1 3 0
4 4 3 6 0 4 1 4 2 4 3 1 3 4 4 1 13 3 0 3 3 3 5 4 2 4 4 5 3 0 4 1 4 2 4 3 1 3 4 4 1 4 3 0 7 4 4 6 3 0 0 7 4 4 3 3 1049 0 1 0 3 5 0 7 4 4 4 2 0 7 4 4 4 4 0 7 4 4 5 3 0 7 4 4
6 3 4 6 0 3 0 4 0 5 3 2 3 3 3 5 22 0 1 0 2 1 1 1 2 1 3 2 0 2 1 2 2 3 1 4 0 4 1 4 2 4 4 4 5 4 6 0 3 0 4 0 5 3 2 3 3 3 4 3 5 3 0 3 0 15 0 1 3 0 3 0 0 2 3 0 3 0 1 1 3 0 3 0 1 2 3 0 3 0 1 3 3 0 3 0 2 0 3 0 3 0 2 1 3 0 3 0 2 2 3 0 3 0 3 1 96 0 0 1 4 0 5 1 4 0 4 1 5 1 4 0 4 2 5 1 4 0 4 4 96 0 0 1 4 5 96 0 0 1 4 6 96 0 0 1
7 4 3 6 1 4 1 5 1 6 1 7 4 4 4 6 35 0 4 1 2 1 3 2 2 2 3 2 4 3 0 3 1 3 2 3 3 3 7 3 8 3 9 4 1 4 2 4 5 4 7 4 8 5 0 5 1 5 2 5 3 5 4 5 5 5 6 5 7 5 8 5 9 1 4 1 5 1 6 1 7 4 3 4 4 4 6 1050 7 5 7 28 0 4 715 1 5 0 1 2 1050 7 5 7 1 3 715 1 5 0 2 2 715 1 5 0 2 3 715 1 5 0 2 4 715 1 5 0 3 0 1050 7 5 7 3 1 1050 7 5 7 3 2 1050 7 5 7 3 3 715 1 5 0 3 7 1050 7 5 7 3 8 1050 7 5 7 3 9 1050 7 5 7 4 1 1050 7 5 7 4 2 1050 7 5 7 4 5 1050 7 5 7 4 7 1050 7 5 7 4 8 1050 7 5 7 5 0 1050 7 5 7 5 1 1050 7 5 7 5 2 1050 7 5 7 5 3 1050 7 5 7 5 4 1051 0 1 1 5 5 1050 7 5 7 5 6 1050 7 5 7 5 7 1050 7 5 7 5 8 1050 7 5 7 5 9 1050 7 5 7
10 2 4 2 2 3 2 5 36 0 4 1 0 1 1 1 2 1 4 1 5 1 6 1 7 1 8 2 1 2 2 2 6 2 7 3 0 3 1 3 2 3 3 3 4 3 5 3 6 3 7 3 8 4 3 4 4 4 5 4 6 4 7 5 4 5 5 5 6 5 7 6 5 6 7 2 3 2 4 2 5 30 0 1 0 33 0 4 30 0 1 0 1 0 30 1 3 0 1 1 30 1 3 0 1 2 30 1 3 0 1 4 31 1 3 1 1 5 15 1 3 1 1 6 15 4 3 7 1 7 15 4 3 7 1 8 30 0 1 0 2 1 31 1 3 1 2 2 46 5 1 8 2 6 52 7 5 6 2 7 30 0 1 0 3 0 30 0 1 0 3 1 30 0 1 0 3 2 30 0 1 0 3 3 30 0 1 0 3 4 31 1 3 1 3 5 53 0 1 0 3 6 53 0 1 0 3 7 53 0 1 0 3 8 30 0 1 0 4 3 30 0 1 0 4 4 30 0 1 0 4 5 30 0 1 0 4 6 30 0 1 0 4 7 30 0 1 0 5 4 30 0 1 0 5 5 30 0 1 0 5 6 30 0 1 0 5 7 30 0 1 0 6 5 30 0 1 0 6 7 30 0 1 0
11 4 4 5 1 4 1 5 1 6 1 7 4 6 50 0 4 0 5 1 2 1 3 2 2 2 3 2 4 2 5 3 0 3 1 3 2 3 3 3 4 3 5 3 7 3 8 3 9 4 1 4 2 4 3 4 5 4 7 4 8 5 0 5 1 5 2 5 3 5 4 5 5 5 6 5 7 5 8 5 9 6 2 6 3 6 4 6 5 6 6 7 2 7 3 7 4 7 5 8 2 8 4 1 4 1 5 1 6 1 7 4 4 4 6 897 7 6 7 44 0 4 897 7 6 7 0 5 1052 0 0 0 1 2 897 7 6 7 1 3 897 7 6 7 2 2 897 7 6 7 2 3 1053 5 2 9 2 4 1053 5 2 9 2 5 722 5 0 9 3 0 897 7 6 7 3 1 897 7 6 7 3 2 897 7 6 7 3 3 897 7 6 7 3 4 1052 0 0 0 3 5 897 7 6 7 3 7 897 7 6 7 3 8 897 7 6 7 3 9 897 7 6 7 4 1 897 7 6 7 4 2 897 7 6 7 4 3 722 5 0 9 4 5 897 7 6 7 4 7 897 7 6 7 4 8 897 7 6 7 5 0 897 7 6 7 5 1 897 7 6 7 5 2 897 7 6 7 5 3 722 5 0 9 5 4 722 5 0 9 5 5 897 7 6 7 5 6 897 7 6 7 5 7 897 7 6 7 5 8 897 7 6 7 5 9 897 7 6 7 6 2 897 7 6 7 6 3 722 5 0 9 6 4 897 7 6 7 6 5 897 7 6 7 6 6 897 7 6 7 7 2 897 7 6 7 7 3 897 7 6 7 7 4 897 7 6 7 7 5 897 7 6 7 8 2 897 7 6 7 8 4 897 7 6 7
12 3 4 4 2 7 3 7 4 7 5 7 66 0 3 0 5 1 3 1 4 1 5 1 6 1 8 2 3 2 4 2 5 2 6 2 8 3 2 3 3 3 5 4 1 4 2 4 3 4 4 4 5 4 6 4 8 4 9 4 10 4 11 4 12 5 0 5 1 5 2 5 3 5 4 5 5 5 6 5 8 5 9 5 10 5 11 6 1 6 2 6 3 6 4 6 5 6 6 6 7 6 9 6 10 6 11 7 0 7 1 7 2 7 3 7 4 7 5 7 6 7 7 8 3 8 4 8 5 8 6 9 3 9 5 2 7 3 4 3 7 4 7 5 7 944 1 5 3 61 0 3 944 1 5 3 0 5 944 1 5 3 1 3 1042 5 2 12 1 4 1042 5 2 12 1 5 1042 5 2 12 1 6 1042 5 2 12 1 8 1042 5 2 12 2 3 944 1 5 3 2 4 1048 5 1 12 2 5 1042 5 2 12 2 6 1042 5 2 12 2 8 1042 5 2 12 3 2 944 1 5 3 3 3 1042 5 2 12 3 5 1054 7 9 8 4 1 944 1 5 3 4 2 944 1 5 3 4 3 944 1 5 3 4 4 944 1 5 3 4 5 944 1 5 3 4 6 944 1 5 3 4 8 944 1 5 3 4 9 944 1 5 3 4 10 944 1 5 3 4 11 944 1 5 3 4 12 944 1 5 3 5 0 944 1 5 3 5 1 944 1 5 3 5 2 944 1 5 3 5 3 944 1 5 3 5 4 944 1 5 3 5 5 944 1 5 3 5 6 944 1 5 3 5 8 944 1 5 3 5 9 944 1 5 3 5 10 944 1 5 3 5 11 944 1 5 3 6 1 944 1 5 3 6 2 944 1 5 3 6 3 944 1 5 3 6 4 944 1 5 3 6 5 944 1 5 3 6 6 944 1 5 3 6 7 944 1 5 3 6 9 944 1 5 3 6 10 944 1 5 3 6 11 944 1 5 3 7 0 944 1 5 3 7 1 944 1 5 3 7 2 944 1 5 3 7 3 944 1 5 3 7 4 944 1 5 3 7 5 944 1 5 3 7 6 944 1 5 3 7 7 944 1 5 3 8 3 944 1 5 3 8 4 944 1 5 3 8 5 944 1 5 3 8 6 944 1 5 3 9 3 944 1 5 3 9 5 944 1 5 3
11 4 4 5 1 4 1 5 1 6 1 7 4 6 53 0 1 0 2 0 3 0 5 1 2 1 3 2 1 2 2 2 3 2 4 2 5 3 0 3 1 3 2 3 3 3 4 3 5 3 7 3 8 3 9 4 1 4 2 4 3 4 5 4 7 4 8 5 0 5 1 5 2 5 3 5 4 5 5 5 6 5 7 5 8 5 9 6 2 6 3 6 4 6 5 6 6 7 2 7 3 7 4 7 5 8 2 8 4 1 4 1 5 1 6 1 7 4 4 4 6 897 7 6 7 47 0 1 897 7 6 7 0 2 897 7 6 7 0 3 897 7 6 7 0 5 716 0 0 0 1 2 897 7 6 7 1 3 897 7 6 7 2 1 897 7 6 7 2 2 897 7 6 7 2 3 1053 5 2 9 2 4 1053 5 2 9 2 5 722 5 0 9 3 0 897 7 6 7 3 1 897 7 6 7 3 2 897 7 6 7 3 3 897 7 6 7 3 4 716 0 0 0 3 5 897 7 6 7 3 7 897 7 6 7 3 8 897 7 6 7 3 9 897 7 6 7 4 1 897 7 6 7 4 2 897 7 6 7 4 3 722 5 0 9 4 5 897 7 6 7 4 7 897 7 6 7 4 8 897 7 6 7 5 0 897 7 6 7 5 1 897 7 6 7 5 2 897 7 6 7 5 3 722 5 0 9 5 4 722 5 0 9 5 5 897 7 6 7 5 6 897 7 6 7 5 7 897 7 6 7 5 8 897 7 6 7 5 9 897 7 6 7 6 2 897 7 6 7 6 3 722 5 0 9 6 4 897 7 6 7 6 5 897 7 6 7 6 6 897 7 6 7 7 2 897 7 6 7 7 3 897 7 6 7 7 4 897 7 6 7 7 5 897 7 6 7 8 2 897 7 6 7 8 4 897 7 6 7
7 2 5 6 1 4 1 5 1 6 1 7 4 4 4 6 34 0 1 0 2 0 3 1 1 1 2 1 3 2 0 2 1 2 2 2 3 2 4 3 1 3 2 3 3 3 5 4 2 4 3 4 5 4 7 5 1 5 2 5 3 5 4 5 5 5 6 5 7 5 8 1 4 1 5 1 6 1 7 2 5 4 4 4 6 271 6 0 7 27 0 1 793 0 1 1 0 2 793 0 1 1 0 3 793 0 1 1 1 1 793 0 1 1 1 2 793 0 1 1 1 3 793 0 1 1 2 0 793 0 1 1 2 1 793 0 1 1 2 2 793 0 1 1 2 3 793 0 1 1 2 4 793 0 1 1 3 1 271 6 0 7 3 2 271 6 0 7 3 3 271 6 0 7 3 5 271 6 0 7 4 2 271 6 0 7 4 3 271 6 0 7 4 5 271 6 0 7 4 7 271 6 0 7 5 1 271 6 0 7 5 2 271 6 0 7 5 3 271 6 0 7 5 4 271 6 0 7 5 5 271 6 0 7 5 6 271 6 0 7 5 7 271 6 0 7 5 8 271 6 0 7
5 1 3 3 1 4 1 5 1 6 21 0 1 0 2 0 3 0 4 0 5 0 6 0 7 0 8 1 1 1 2 1 7 2 0 2 1 2 2 2 4 2 5 2 6 1 3 1 4 1 5 1 6 13 1 1 2 17 0 1 13 1 1 2 0 2 125 0 0 0 0 3 125 0 0 0 0 4 3 1 1 1 0 5 13 1 1 2 0 6 407 6 0 6 0 7 407 6 0 6 0 8 3 1 1 1 1 1 3 1 1 1 1 2 13 1 1 2 1 7 3 1 1 1 2 0 3 1 1 1 2 1 3 1 1 1 2 2 3 1 1 1 2 4 3 1 1 1 2 5 3 1 1 1 2 6 3 1 1 1
10 2 5 2 2 4 2 6 36 0 5 1 0 1 1 1 2 1 3 1 4 1 5 1 6 2 1 2 2 2 3 2 7 2 8 3 1 3 2 3 3 3 4 3 5 3 6 3 7 3 8 3 9 4 2 4 3 4 4 4 5 4 6 5 2 5 3 5 4 5 5 6 2 6 4 2 4 2 5 2 6 15 4 3 8 33 0 5 15 4 3 8 1 0 15 4 3 8 1 1 210 4 3 9 1 2 52 2 5 3 1 3 1058 1 3 0 1 4 15 4 3 8 1 5 15 4 3 8 1 6 15 4 3 8 2 1 15 4 3 8 2 2 210 4 3 9 2 3 52 2 5 3 2 7 46 0 1 1 2 8 15 4 3 8 3 1 210 4 3 9 3 2 126 1 3 0 3 3 126 1 3 0 3 4 126 1 3 0 3 5 431 0 1 0 3 6 431 0 1 0 3 7 431 0 1 0 3 8 431 0 1 0 3 9 15 4 3 8 4 2 15 4 3 8 4 3 15 4 3 8 4 4 15 4 3 8 4 5 15 4 3 8 4 6 15 4 3 8 5 2 15 4 3 8 5 3 15 4 3 8 5 4 15 4 3 8 5 5 15 4 3 8 6 2 15 4 3 8 6 4 15 4 3 8
6 2 3 5 1 3 1 4 1 5 4 3 4 5 20 0 4 1 2 1 6 2 0 2 1 2 2 3 0 3 1 3 2 3 3 3 4 4 4 4 6 5 4 1 3 1 4 1 5 2 3 4 3 4 5 77 0 1 0 14 0 4 77 0 1 0 1 2 679 1 5 0 1 6 679 1 5 0 2 0 679 1 5 0 2 1 679 1 5 0 2 2 679 1 5 0 3 0 77 0 1 0 3 1 77 0 1 0 3 2 77 0 1 0 3 3 77 0 1 0 3 4 77 0 1 0 4 4 77 0 1 0 4 6 77 0 1 0 5 4 77 0 1 0
11 4 4 5 1 4 1 5 1 6 1 7 4 6 52 0 1 0 2 0 3 0 5 1 1 1 2 1 3 2 0 2 1 2 2 2 3 2 4 2 5 3 0 3 1 3 2 3 3 3 4 3 5 3 6 4 1 4 2 4 3 4 5 4 7 4 8 5 1 5 2 5 3 5 4 5 5 5 6 5 7 5 8 5 9 6 2 6 3 6 4 6 5 6 6 7 2 7 3 7 4 7 5 8 2 8 4 1 4 1 5 1 6 1 7 4 4 4 6 897 7 6 7 46 0 1 897 7 6 7 0 2 897 7 6 7 0 3 897 7 6 7 0 5 1057 0 0 0 1 1 897 7 6 7 1 2 897 7 6 7 1 3 897 7 6 7 2 0 897 7 6 7 2 1 897 7 6 7 2 2 897 7 6 7 2 3 1059 0 2 0 2 4 1059 0 2 0 2 5 1060 0 0 1 3 0 897 7 6 7 3 1 897 7 6 7 3 2 897 7 6 7 3 3 897 7 6 7 3 4 1057 0 0 0 3 5 897 7 6 7 3 6 897 7 6 7 4 1 897 7 6 7 4 2 897 7 6 7 4 3 1060 0 0 1 4 5 897 7 6 7 4 7 897 7 6 7 4 8 897 7 6 7 5 1 897 7 6 7 5 2 897 7 6 7 5 3 1060 0 0 1 5 4 1060 0 0 1 5 5 897 7 6 7 5 6 897 7 6 7 5 7 897 7 6 7 5 8 897 7 6 7 5 9 897 7 6 7 6 2 897 7 6 7 6 3 1060 0 0 1 6 4 897 7 6 7 6 5 897 7 6 7 6 6 897 7 6 7 7 2 897 7 6 7 7 3 897 7 6 7 7 4 897 7 6 7 7 5 897 7 6 7 8 2 897 7 6 7 8 4 897 7 6 7
6 2 4 6 0 5 1 2 1 3 1 5 2 5 3 5 23 1 0 1 1 2 2 2 3 2 6 3 4 4 4 4 5 4 6 5 4 5 5 5 6 6 4 6 5 6 6 7 4 0 5 1 2 1 3 1 5 2 4 2 5 3 5 767 1 2 0 16 1 0 271 5 0 6 1 1 271 5 0 6 2 2 271 5 0 6 2 3 271 5 0 6 2 6 271 5 0 6 3 4 767 1 2 0 4 4 767 1 2 0 4 5 767 1 2 0 4 6 767 1 2 0 5 4 767 1 2 0 5 5 767 1 2 0 5 6 767 1 2 0 6 4 767 1 2 0 6 5 767 1 2 0 6 6 767 1 2 0 7 4 767 1 2 0
7 3 6 5 1 4 1 5 1 6 1 7 4 6 28 0 1 0 2 0 3 0 5 0 7 0 8 1 1 1 2 1 3 2 0 2 1 2 2 2 3 2 4 2 5 2 7 2 8 3 5 3 7 4 5 5 6 6 6 1 4 1 5 1 6 1 7 3 6 4 6 364 0 0 4 22 0 1 364 0 0 4 0 2 364 0 0 4 0 3 364 0 0 4 0 5 364 0 0 4 0 7 1062 7 6 7 0 8 1062 7 6 7 1 1 364 0 0 4 1 2 364 0 0 4 1 3 364 0 0 4 2 0 364 0 0 4 2 1 364 0 0 4 2 2 364 0 0 4 2 3 364 0 0 4 2 4 364 0 0 4 2 5 364 0 0 4 2 7 1062 7 6 7 2 8 1062 7 6 7 3 5 364 0 0 4 3 7 1062 7 6 7 4 5 364 0 0 4 5 6 364 0 0 4 6 6 364 0 0 4
4 1 5 4 0 5 1 2 1 3 1 4 13 0 0 0 1 0 2 0 6 1 1 2 0 2 1 2 2 0 5 1 2 1 3 1 4 1 5 1 4 1 6 8 0 0 1 4 1 6 0 1 1 4 1 6 0 2 1 4 1 6 0 6 14 6 0 5 1 1 1 4 1 6 2 0 1 4 1 6 2 1 1 4 1 6 2 2 1 4 1 6
4 1 5 4 0 5 1 2 1 3 1 4 16 0 0 0 1 0 2 0 3 0 4 1 1 1 6 2 0 2 1 2 2 2 3 0 5 1 2 1 3 1 4 1 5 12 6 0 6 11 0 0 12 6 0 6 0 1 4 7 2 5 0 2 4 7 2 5 0 3 14 6 0 5 0 4 14 6 0 5 1 1 12 6 0 6 1 6 14 6 0 5 2 0 12 6 0 6 2 1 32 1 1 0 2 2 32 1 1 0 2 3 14 6 0 5
5 1 4 3 0 6 1 3 1 5 21 0 0 0 1 0 2 0 3 0 4 0 5 0 7 0 8 1 1 1 2 1 6 1 7 2 0 2 1 2 2 2 3 2 4 0 6 1 3 1 4 1 5 69 4 1 8 17 0 0 69 4 1 8 0 1 69 4 1 8 0 2 69 4 1 8 0 3 69 4 1 8 0 4 1064 0 0 1 0 5 1064 0 0 1 0 7 1065 0 0 1 0 8 1064 0 0 1 1 1 69 4 1 8 1 2 112 4 1 8 1 6 69 4 1 8 1 7 69 4 1 8 2 0 69 4 1 8 2 1 69 4 1 8 2 2 69 4 1 8 2 3 69 4 1 8 2 4 69 4 1 8
3 3 2 6 0 3 1 3 2 0 2 3 3 1 3 3 11 2 1 3 4 4 2 4 4 0 3 1 3 2 0 2 3 3 1 3 2 3 3 1 7 4 3 4 2 1 1 7 4 3 3 4 1 7 4 3 4 2 890 6 0 4 4 4 1 7 4 3
2 1 0 7 0 4 1 1 1 2 1 3 2 1 3 1 4 1 10 0 0 0 3 0 4 1 0 1 1 1 2 1 3 2 1 3 1 4 1 0 4 1 4 2 0 0 0 4 1 4 0 3 1 6 0 1
3 0 4 7 1 1 1 2 1 3 1 4 2 1 3 1 4 1 12 0 0 0 3 0 5 1 0 0 4 1 1 1 2 1 3 1 4 2 1 3 1 4 1 1 4 1 5 4 0 0 1 4 1 5 0 3 1 4 1 5 0 5 1068 0 0 0 1 0 1 4 1 5
4 3 3 6 0 4 1 4 2 4 3 1 3 2 3 4 13 3 5 4 0 4 1 4 2 4 3 4 5 0 4 1 4 2 4 3 1 3 2 3 3 3 4 1 7 4 4 6 3 5 1 7 4 4 4 0 1 7 4 4 4 1 1 7 4 4 4 2 1 7 4 4 4 3 1069 4 4 5 4 5 1 7 4 4
5 1 4 3 1 2 1 3 1 5 17 0 0 0 1 0 2 0 4 0 5 0 6 0 7 1 1 1 6 2 4 2 5 2 6 2 7 1 2 1 3 1 4 1 5 12 2 2 1 13 0 0 12 2 2 1 0 1 12 2 2 1 0 2 12 2 2 1 0 4 14 2 2 2 0 5 5 1 2 0 0 6 5 1 2 0 0 7 3 1 1 0 1 1 14 2 2 2 1 6 3 1 1 0 2 4 3 1 1 0 2 5 3 1 1 0 2 6 3 1 1 0 2 7 3 1 1 0
6 4 5 7 1 2 1 3 1 4 1 5 3 5 4 2 4 4 27 0 5 0 6 2 5 2 6 3 0 3 1 3 2 3 3 3 6 4 1 4 3 4 6 5 0 5 1 5 2 5 3 5 5 5 6 5 7 1 2 1 3 1 4 1 5 3 5 4 2 4 4 4 5 713 0 3 0 19 0 5 713 0 3 0 0 6 713 0 3 0 2 5 713 0 3 0 2 6 713 0 3 0 3 0 1070 2 5 2 3 1 1070 2 5 2 3 2 1070 2 5 2 3 3 713 0 3 0 3 6 1071 4 5 7 4 1 1070 2 5 2 4 3 1070 2 5 2 4 6 713 0 3 0 5 0 1070 2 5 2 5 1 1070 2 5 2 5 2 1070 2 5 2 5 3 713 0 3 0 5 5 713 0 3 0 5 6 713 0 3 0 5 7 713 0 3 0
7 3 6 6 1 3 1 4 1 5 1 6 4 3 4 5 32 0 6 0 7 2 6 2 7 3 0 3 1 3 2 3 3 3 4 3 5 3 7 3 8 4 1 4 2 4 4 4 6 4 7 5 0 5 1 5 2 5 3 5 4 5 6 5 7 5 8 1 3 1 4 1 5 1 6 3 6 4 3 4 5 1067 2 4 3 25 0 6 1066 0 3 0 0 7 1066 0 3 0 2 6 1066 0 3 0 2 7 1066 0 3 0 3 0 1067 2 4 3 3 1 1067 2 4 3 3 2 1067 2 4 3 3 3 1067 2 4 3 3 4 1067 2 4 3 3 5 1072 0 0 1 3 7 1067 2 4 3 3 8 1067 2 4 3 4 1 1067 2 4 3 4 2 1067 2 4 3 4 4 1067 2 4 3 4 6 1067 2 4 3 4 7 1067 2 4 3 5 0 1067 2 4 3 5 1 1067 2 4 3 5 2 1067 2 4 3 5 3 1067 2 4 3 5 4 1067 2 4 3 5 6 1067 2 4 3 5 7 1067 2 4 3 5 8 1067 2 4 3
4 2 3 5 1 2 1 3 1 4 3 3 4 3 12 0 4 1 5 2 0 2 1 2 2 5 3 1 2 1 3 1 4 2 3 3 3 4 3 1 3 0 3 6 0 4 8 0 1 0 1 5 1 3 0 3 2 0 1 3 0 3 2 1 1 3 0 3 2 2 1 3 0 3 5 3 1 3 0 3
6 4 4 7 1 3 1 4 1 5 1 6 2 4 4 3 4 5 24 0 4 0 6 0 7 2 6 2 7 3 4 3 5 3 6 3 7 4 2 4 6 4 7 5 0 5 1 5 2 5 3 1 3 1 4 1 5 1 6 2 4 4 3 4 4 4 5 553 0 1 0 16 0 4 553 0 1 0 0 6 553 0 1 0 0 7 553 0 1 0 2 6 553 0 1 0 2 7 553 0 1 0 3 4 96 4 4 7 3 5 553 0 1 0 3 6 553 0 1 0 3 7 553 0 1 0 4 2 96 4 4 7 4 6 1074 4 5 7 4 7 553 0 1 0 5 0 1074 4 5 7 5 1 1074 4 5 7 5 2 1074 4 5 7 5 3 96 4 4 7
7 2 5 6 1 4 1 5 1 6 1 7 4 4 4 6 35 0 1 0 2 0 3 0 5 0 7 0 8 1 1 1 2 1 3 2 0 2 1 2 2 2 3 2 4 2 7 2 8 3 5 3 6 3 7 3 8 4 3 4 5 4 7 4 8 5 1 5 2 5 3 5 4 1 4 1 5 1 6 1 7 2 5 4 4 4 6 271 6 0 7 28 0 1 1075 0 0 1 0 2 1075 0 0 1 0 3 1075 0 0 1 0 5 271 6 0 7 0 7 271 6 0 7 0 8 271 6 0 7 1 1 1075 0 0 1 1 2 1075 0 0 1 1 3 1075 0 0 1 2 0 1075 0 0 1 2 1 1075 0 0 1 2 2 1075 0 0 1 2 3 1075 0 0 1 2 4 1075 0 0 1 2 7 271 6 0 7 2 8 271 6 0 7 3 5 271 6 0 7 3 6 271 6 0 7 3 7 271 6 0 7 3 8 271 6 0 7 4 3 271 6 0 7 4 5 271 6 0 7 4 7 271 6 0 7 4 8 271 6 0 7 5 1 271 6 0 7 5 2 271 6 0 7 5 3 271 6 0 7 5 4 271 6 0 7
8 4 4 5 1 4 1 5 1 6 1 7 4 6 46 0 1 0 2 0 3 0 5 0 7 0 8 1 1 1 2 1 3 2 0 2 1 2 2 2 3 2 4 2 5 2 7 2 8 3 1 3 2 3 3 3 4 3 5 3 6 3 7 3 8 3 9 4 2 4 3 4 5 4 7 4 8 5 1 5 2 5 3 5 4 5 5 5 7 5 8 5 9 6 3 1 4 1 5 1 6 1 7 4 4 4 6 897 7 6 7 40 0 1 897 7 6 7 0 2 897 7 6 7 0 3 897 7 6 7 0 5 1073 0 0 1 0 7 897 7 6 7 0 8 897 7 6 7 1 1 897 7 6 7 1 2 897 7 6 7 1 3 897 7 6 7 2 0 897 7 6 7 2 1 897 7 6 7 2 2 897 7 6 7 2 3 1073 0 0 1 2 4 1073 0 0 1 2 5 722 5 0 9 2 7 897 7 6 7 2 8 897 7 6 7 3 1 897 7 6 7 3 2 897 7 6 7 3 3 897 7 6 7 3 4 1076 0 0 0 3 5 897 7 6 7 3 6 897 7 6 7 3 7 897 7 6 7 3 8 897 7 6 7 3 9 897 7 6 7 4 2 897 7 6 7 4 3 722 5 0 9 4 5 897 7 6 7 4 7 897 7 6 7 4 8 897 7 6 7 5 1 897 7 6 7 5 2 897 7 6 7 5 3 722 5 0 9 5 4 722 5 0 9 5 5 897 7 6 7 5 7 897 7 6 7 5 8 897 7 6 7 5 9 897 7 6 7 6 3 722 5 0 9
12 4 6 4 1 4 1 5 1 6 1 7 60 0 1 0 2 0 3 0 5 0 7 0 8 1 1 1 2 1 3 2 0 2 1 2 2 2 3 2 4 2 5 2 7 2 8 3 0 3 1 3 2 3 3 3 4 3 5 3 6 3 7 3 8 3 9 4 1 4 2 4 3 4 4 4 5 4 7 4 8 5 0 5 1 5 2 5 3 5 4 5 5 5 6 5 7 5 8 5 9 6 2 6 3 6 4 6 5 6 6 7 2 7 3 7 4 7 5 8 2 8 4 1 4 1 5 1 6 1 7 4 6 944 2 5 4 55 0 1 944 2 5 4 0 2 944 2 5 4 0 3 944 2 5 4 0 5 944 2 5 4 0 7 1056 0 0 0 0 8 1056 0 0 0 1 1 944 2 5 4 1 2 944 2 5 4 1 3 944 2 5 4 2 0 944 2 5 4 2 1 944 2 5 4 2 2 944 2 5 4 2 3 944 2 5 4 2 4 944 2 5 4 2 5 944 2 5 4 2 7 1056 0 0 0 2 8 1056 0 0 0 3 0 944 2 5 4 3 1 944 2 5 4 3 2 944 2 5 4 3 3 944 2 5 4 3 4 944 2 5 4 3 5 944 2 5 4 3 6 1056 0 0 0 3 7 1061 0 0 0 3 8 1063 0 0 0 3 9 944 2 5 4 4 1 944 2 5 4 4 2 944 2 5 4 4 3 944 2 5 4 4 4 944 2 5 4 4 5 944 2 5 4 4 7 1063 0 0 0 4 8 1063 0 0 0 5 0 944 2 5 4 5 1 944 2 5 4 5 2 944 2 5 4 5 3 944 2 5 4 5 4 944 2 5 4 5 5 944 2 5 4 5 6 1077 0 0 0 5 7 944 2 5 4 5 8 1063 0 0 0 5 9 944 2 5 4 6 2 944 2 5 4 6 3 944 2 5 4 6 4 944 2 5 4 6 5 944 2 5 4 6 6 944 2 5 4 7 2 944 2 5 4 7 3 944 2 5 4 7 4 944 2 5 4 7 5 944 2 5 4 8 2 944 2 5 4 8 4 944 2 5 4
13 5 4 4 2 6 5 5 5 6 5 7 78 0 3 0 5 0 6 1 3 1 4 1 5 1 6 2 3 2 4 2 5 3 3 3 4 3 5 3 6 3 7 4 0 4 1 4 2 4 3 4 4 4 5 4 7 4 8 5 1 5 2 5 3 6 0 6 1 6 2 6 3 6 4 6 5 6 7 6 8 7 0 7 1 7 2 7 3 7 4 7 5 7 6 7 7 7 8 7 9 8 1 8 2 8 3 8 4 8 5 8 6 8 7 8 8 9 0 9 1 9 2 9 3 9 4 9 5 9 6 9 7 9 8 9 9 10 2 10 3 10 4 10 5 10 6 11 2 11 3 11 4 11 5 12 2 12 4 2 6 5 4 5 5 5 6 5 7 14 6 4 7 73 0 3 14 6 4 7 0 5 14 6 4 7 0 6 14 6 4 7 1 3 14 6 4 7 1 4 14 6 4 7 1 5 14 6 4 7 1 6 14 6 4 7 2 3 14 6 4 7 2 4 14 6 4 7 2 5 14 6 4 7 3 3 14 6 4 7 3 4 14 6 4 7 3 5 14 6 4 7 3 6 14 6 4 7 3 7 14 6 4 7 4 0 14 6 4 7 4 1 14 6 4 7 4 2 533 6 0 7 4 3 1055 7 12 9 4 4 1078 0 4 0 4 5 14 6 4 7 4 7 14 6 4 7 4 8 14 6 4 7 5 1 14 6 4 7 5 2 14 6 4 7 5 3 533 6 0 7 6 0 14 6 4 7 6 1 14 6 4 7 6 2 533 6 0 7 6 3 1048 7 10 8 6 4 1063 1 6 0 6 5 14 6 4 7 6 7 14 6 4 7 6 8 14 6 4 7 7 0 14 6 4 7 7 1 14 6 4 7 7 2 14 6 4 7 7 3 14 6 4 7 7 4 14 6 4 7 7 5 14 6 4 7 7 6 14 6 4 7 7 7 14 6 4 7 7 8 14 6 4 7 7 9 14 6 4 7 8 1 14 6 4 7 8 2 14 6 4 7 8 3 14 6 4 7 8 4 14 6 4 7 8 5 14 6 4 7 8 6 14 6 4 7 8 7 14 6 4 7 8 8 14 6 4 7 9 0 14 6 4 7 9 1 14 6 4 7 9 2 14 6 4 7 9 3 14 6 4 7 9 4 14 6 4 7 9 5 14 6 4 7 9 6 14 6 4 7 9 7 14 6 4 7 9 8 14 6 4 7 9 9 14 6 4 7 10 2 14 6 4 7 10 3 14 6 4 7 10 4 14 6 4 7 10 5 14 6 4 7 10 6 14 6 4 7 11 2 14 6 4 7 11 3 14 6 4 7 11 4 14 6 4 7 11 5 14 6 4 7 12 2 14 6 4 7 12 4 14 6 4 7
8 4 5 3 1 5 2 5 3 5 33 0 4 1 4 2 4 3 0 3 1 3 2 3 3 3 4 3 7 3 8 3 9 4 1 4 2 4 3 4 4 4 6 4 7 4 8 5 1 5 2 5 3 5 4 5 5 5 6 5 7 5 8 5 9 6 4 6 6 1 5 2 5 3 5 4 5 14 0 1 4 29 0 4 14 0 1 4 1 4 14 0 1 4 2 4 14 0 1 4 3 0 13 6 0 5 3 1 13 6 0 5 3 2 13 6 0 5 3 3 13 6 0 5 3 4 13 6 0 5 3 7 13 6 0 5 3 8 13 6 0 5 3 9 13 6 0 5 4 1 13 6 0 5 4 2 13 6 0 5 4 3 13 6 0 5 4 4 5 2 6 4 4 6 13 6 0 5 4 7 13 6 0 5 4 8 13 6 0 5 5 1 13 6 0 5 5 2 13 6 0 5 5 3 13 6 0 5 5 4 5 2 6 4 5 5 533 0 1 0 5 6 13 6 0 5 5 7 13 6 0 5 5 8 13 6 0 5 5 9 13 6 0 5 6 4 5 2 6 4 6 6 13 6 0 5
14 6 5 3 3 6 6 6 6 7 96 0 3 0 4 0 5 1 3 1 4 1 5 1 6 2 2 2 3 2 4 2 5 2 6 2 8 3 1 3 2 3 3 3 4 3 5 3 8 3 9 3 10 4 2 4 3 4 4 4 5 4 6 4 7 4 8 4 9 5 0 5 1 5 2 5 3 5 4 5 5 5 6 5 7 5 8 5 9 5 10 6 1 6 2 6 3 6 4 7 0 7 1 7 2 7 3 7 4 7 5 7 7 7 8 7 9 8 0 8 1 8 2 8 3 8 4 8 5 8 6 8 7 8 8 8 9 9 1 9 2 9 3 9 4 9 5 9 6 9 7 9 8 10 0 10 1 10 2 10 3 10 4 10 5 10 6 10 7 10 8 10 9 11 2 11 3 11 4 11 5 11 6 12 2 12 3 12 4 12 5 13 2 13 4 3 6 6 5 6 6 6 7 534 7 11 8 92 0 3 46 1 7 2 0 4 46 1 7 2 0 5 46 1 7 2 1 3 46 1 7 2 1 4 46 1 7 2 1 5 46 1 7 2 1 6 46 1 7 2 2 2 46 1 7 2 2 3 943 5 2 10 2 4 46 1 7 2 2 5 948 0 2 0 2 6 46 1 7 2 2 8 46 1 7 2 3 1 46 1 7 2 3 2 46 1 7 2 3 3 943 5 2 10 3 4 943 5 2 10 3 5 948 0 2 0 3 8 46 1 7 2 3 9 46 1 7 2 3 10 46 1 7 2 4 2 46 1 7 2 4 3 943 5 2 10 4 4 943 5 2 10 4 5 943 5 2 10 4 6 534 7 11 8 4 7 46 1 7 2 4 8 46 1 7 2 4 9 46 1 7 2 5 0 46 1 7 2 5 1 46 1 7 2 5 2 943 5 2 10 5 3 943 5 2 10 5 4 943 5 2 10 5 5 534 7 11 8 5 6 1079 0 1 0 5 7 948 0 2 0 5 8 948 0 2 0 5 9 46 1 7 2 5 10 46 1 7 2 6 1 46 1 7 2 6 2 46 1 7 2 6 3 943 5 2 10 6 4 954 1 7 1 7 0 46 1 7 2 7 1 46 1 7 2 7 2 943 5 2 10 7 3 943 5 2 10 7 4 954 1 7 1 7 5 1080 6 1 8 7 7 46 1 7 2 7 8 46 1 7 2 7 9 46 1 7 2 8 0 46 1 7 2 8 1 46 1 7 2 8 2 46 1 7 2 8 3 46 1 7 2 8 4 46 1 7 2 8 5 46 1 7 2 8 6 46 1 7 2 8 7 46 1 7 2 8 8 46 1 7 2 8 9 46 1 7 2 9 1 46 1 7 2 9 2 46 1 7 2 9 3 46 1 7 2 9 4 46 1 7 2 9 5 46 1 7 2 9 6 46 1 7 2 9 7 46 1 7 2 9 8 46 1 7 2 10 0 46 1 7 2 10 1 46 1 7 2 10 2 46 1 7 2 10 3 46 1 7 2 10 4 46 1 7 2 10 5 46 1 7 2 10 6 46 1 7 2 10 7 46 1 7 2 10 8 46 1 7 2 10 9 46 1 7 2 11 2 46 1 7 2 11 3 46 1 7 2 11 4 46 1 7 2 11 5 46 1 7 2 11 6 46 1 7 2 12 2 46 1 7 2 12 3 46 1 7 2 12 4 46 1 7 2 12 5 46 1 7 2 13 2 46 1 7 2 13 4 46 1 7 2
10 2 4 3 1 4 3 4 4 4 28 0 5 1 5 2 3 2 5 3 0 3 1 3 2 3 3 3 5 4 1 4 2 4 3 4 5 4 6 5 0 5 1 5 2 5 3 5 4 5 5 6 2 6 3 6 5 7 2 1 4 2 4 3 4 4 4 14 0 1 3 24 0 5 14 0 1 3 1 5 14 0 1 3 2 3 3 2 6 4 2 5 14 0 1 3 3 0 3 2 6 4 3 1 3 2 6 4 3 2 3 2 6 4 3 3 3 2 6 4 3 5 3 2 6 4 4 1 3 2 6 4 4 2 3 2 6 4 4 3 3 2 6 4 4 5 5 7 6 5 4 6 3 2 6 4 5 0 3 2 6 4 5 1 3 2 6 4 5 2 3 2 6 4 5 3 3 2 6 4 5 4 328 0 0 0 5 5 5 7 6 5 6 2 3 2 6 4 6 3 3 2 6 4 6 5 5 7 6 5 7 2 3 2 6 4
7 2 1 5 0 3 2 2 2 3 2 4 3 2 26 0 1 1 0 1 1 1 3 1 4 1 5 3 0 3 1 3 4 3 5 4 2 4 3 4 4 4 5 5 2 5 3 5 4 5 5 6 3 6 5 0 3 2 1 2 2 2 3 2 4 3 2 183 7 5 4 20 0 1 464 0 0 1 1 0 464 0 0 1 1 1 464 0 0 1 1 3 183 7 5 4 1 4 183 7 5 4 1 5 183 7 5 4 3 0 464 0 0 1 3 1 464 0 0 1 3 4 183 7 5 4 3 5 183 7 5 4 4 2 464 0 0 1 4 3 183 7 5 4 4 4 183 7 5 4 4 5 183 7 5 4 5 2 464 0 0 1 5 3 183 7 5 4 5 4 183 7 5 4 5 5 183 7 5 4 6 3 183 7 5 4 6 5 183 7 5 4
8 3 3 4 1 4 3 4 3 5 4 5 34 0 4 1 6 2 0 2 1 2 2 2 3 2 4 2 6 2 7 3 1 3 2 3 6 4 0 4 1 4 2 4 3 4 6 4 7 4 8 5 2 5 3 5 4 5 5 6 2 6 3 6 4 6 5 7 2 7 4 1 4 3 3 3 4 3 5 4 5 77 5 3 8 29 0 4 77 5 3 8 1 6 77 5 3 8 2 0 77 5 3 8 2 1 77 5 3 8 2 2 77 5 3 8 2 3 77 5 3 8 2 4 77 5 3 8 2 6 77 5 3 8 2 7 77 5 3 8 3 1 77 5 3 8 3 2 1083 5 1 7 3 6 105 1 4 0 4 0 77 5 3 8 4 1 77 5 3 8 4 2 77 5 3 8 4 3 77 5 3 8 4 6 261 0 0 0 4 7 105 1 4 0 4 8 105 1 4 0 5 2 77 5 3 8 5 3 77 5 3 8 5 4 77 5 3 8 5 5 77 5 3 8 6 2 77 5 3 8 6 3 77 5 3 8 6 4 77 5 3 8 6 5 77 5 3 8 7 2 77 5 3 8 7 4 77 5 3 8
11 3 4 3 1 4 3 5 4 5 38 0 4 0 6 1 6 2 0 2 1 2 2 2 3 2 4 2 6 2 7 3 1 3 2 3 3 3 6 4 0 4 1 4 2 4 3 4 4 4 6 4 7 4 8 5 2 5 3 5 4 5 5 6 2 6 3 6 4 6 5 7 2 7 3 7 4 8 2 1 4 3 4 3 5 4 5 244 2 6 4 34 0 4 928 0 0 0 0 6 244 2 6 4 1 6 244 2 6 4 2 0 244 2 6 4 2 1 244 2 6 4 2 2 244 2 6 4 2 3 244 2 6 4 2 4 928 0 0 0 2 6 244 2 6 4 2 7 244 2 6 4 3 1 244 2 6 4 3 2 244 2 6 4 3 3 244 2 6 4 3 6 244 2 6 4 4 0 244 2 6 4 4 1 244 2 6 4 4 2 244 2 6 4 4 3 244 2 6 4 4 4 1084 0 0 0 4 6 244 2 6 4 4 7 244 2 6 4 4 8 244 2 6 4 5 2 244 2 6 4 5 3 244 2 6 4 5 4 244 2 6 4 5 5 908 6 0 6 6 2 244 2 6 4 6 3 244 2 6 4 6 4 244 2 6 4 6 5 908 6 0 6 7 2 244 2 6 4 7 3 244 2 6 4 7 4 244 2 6 4 8 2 244 2 6 4
12 3 5 3 1 4 1 5 4 5 43 0 4 0 6 1 6 2 0 2 1 2 2 2 3 2 4 2 5 2 6 2 7 3 1 3 2 3 3 3 4 3 6 4 0 4 1 4 2 4 3 4 4 4 6 4 7 4 8 5 1 5 2 5 3 5 4 5 5 5 6 6 2 6 3 6 4 6 5 6 6 7 2 7 3 7 4 8 2 1 4 1 5 3 5 4 5 910 7 6 5 39 0 4 1082 0 0 1 0 6 910 7 6 5 1 6 910 7 6 5 2 0 910 7 6 5 2 1 910 7 6 5 2 2 910 7 6 5 2 3 910 7 6 5 2 4 586 2 6 4 2 5 1085 0 0 0 2 6 910 7 6 5 2 7 910 7 6 5 3 1 910 7 6 5 3 2 910 7 6 5 3 3 910 7 6 5 3 4 910 7 6 5 3 6 910 7 6 5 4 0 910 7 6 5 4 1 910 7 6 5 4 2 910 7 6 5 4 3 910 7 6 5 4 4 935 2 6 4 4 6 910 7 6 5 4 7 910 7 6 5 4 8 910 7 6 5 5 1 910 7 6 5 5 2 910 7 6 5 5 3 910 7 6 5 5 4 935 2 6 4 5 5 911 7 5 6 5 6 910 7 6 5 6 2 910 7 6 5 6 3 910 7 6 5 6 4 935 2 6 4 6 5 910 7 6 5 6 6 910 7 6 5 7 2 910 7 6 5 7 3 910 7 6 5 7 4 910 7 6 5 8 2 910 7 6 5
10 2 4 2 2 5 2 6 36 0 5 1 0 1 1 1 2 1 3 1 4 1 5 1 6 2 1 2 2 2 3 2 7 2 8 3 1 3 2 3 3 3 4 3 5 3 6 3 7 3 8 3 9 4 2 4 3 4 4 4 5 4 6 5 2 5 3 5 4 5 5 6 2 6 4 2 4 2 5 2 6 15 4 3 8 33 0 5 15 4 3 8 1 0 15 4 3 8 1 1 210 4 3 9 1 2 52 2 5 3 1 3 1058 1 3 0 1 4 15 4 3 8 1 5 15 4 3 8 1 6 15 4 3 8 2 1 15 4 3 8 2 2 210 4 3 9 2 3 52 2 5 3 2 7 46 0 1 1 2 8 15 4 3 8 3 1 210 4 3 9 3 2 126 1 3 0 3 3 126 1 3 0 3 4 126 1 3 0 3 5 431 0 1 0 3 6 431 0 1 0 3 7 431 0 1 0 3 8 431 0 1 0 3 9 15 4 3 8 4 2 15 4 3 8 4 3 15 4 3 8 4 4 15 4 3 8 4 5 15 4 3 8 4 6 15 4 3 8 5 2 15 4 3 8 5 3 15 4 3 8 5 4 15 4 3 8 5 5 15 4 3 8 6 2 15 4 3 8 6 4 15 4 3 8
5 1 3 3 1 2 1 4 1 5 17 0 0 0 1 0 2 0 4 0 5 0 6 0 7 1 1 1 6 2 0 2 1 2 2 2 3 1 2 1 3 1 4 1 5 14 6 0 5 13 0 0 5 0 0 0 0 1 5 0 0 0 0 2 5 0 0 0 0 4 14 6 0 5 0 5 14 6 0 5 0 6 14 6 0 5 0 7 3 1 1 0 1 1 5 4 2 7 1 6 3 1 1 0 2 0 3 1 1 0 2 1 3 1 1 0 2 2 3 1 1 0 2 3 3 1 1 0
6 2 4 3 2 3 2 5 2 6 21 0 3 1 1 1 2 1 3 2 1 2 2 2 7 2 8 3 0 3 1 3 2 3 3 3 4 3 5 3 6 4 4 5 4 2 3 2 4 2 5 2 6 14 6 1 6 17 0 3 14 6 1 6 1 1 10 2 5 2 1 2 123 0 2 0 1 3 123 0 2 0 2 1 14 6 1 6 2 2 10 2 5 2 2 7 14 6 1 6 2 8 14 6 1 6 3 0 14 6 1 6 3 1 10 2 5 2 3 2 124 5 1 8 3 3 407 6 1 6 3 4 14 6 1 6 3 5 14 6 1 6 3 6 14 6 1 6 4 4 14 6 1 6 5 4 14 6 1 6
3 2 4 5 1 1 1 3 1 4 2 3 4 4 12 0 3 1 0 1 2 2 5 3 4 5 4 1 1 1 3 1 4 2 3 2 4 4 4 136 0 1 0 6 0 3 136 0 1 0 1 0 136 7 5 4 1 2 136 7 5 4 2 5 136 7 5 4 3 4 136 0 1 0 5 4 136 0 1 0
4 1 2 5 0 1 0 4 1 1 1 3 1 4 12 0 2 0 5 1 5 2 0 2 1 2 2 0 1 0 4 1 1 1 2 1 3 1 4 1 4 1 5 6 0 2 1 4 1 5 0 5 175 4 2 5 1 5 1 4 1 5 2 0 1 4 1 5 2 1 1 4 1 5 2 2 1 4 1 5
5 2 3 5 1 1 1 3 1 4 4 3 4 4 18 0 3 0 4 1 0 1 2 2 4 2 5 3 2 3 3 3 4 4 2 5 2 5 4 1 1 1 3 1 4 2 3 4 3 4 4 966 2 5 3 12 0 3 966 2 5 3 0 4 1090 0 0 0 1 0 966 2 5 3 1 2 966 2 5 3 2 4 966 2 5 3 2 5 966 2 5 3 3 2 966 2 5 3 3 3 1090 0 0 0 3 4 966 2 5 3 4 2 966 2 5 3 5 2 966 2 5 3 5 4 1091 7 5 4
4 1 2 4 0 4 1 1 1 3 1 4 11 0 3 0 5 1 0 2 3 2 4 2 5 0 4 1 1 1 2 1 3 1 4 1 4 1 5 6 0 3 1 4 1 5 0 5 175 1 2 0 1 0 1 4 1 5 2 3 1 4 1 5 2 4 1 4 1 5 2 5 1 4 1 5
3 1 1 5 0 1 0 3 0 4 1 3 1 4 10 0 0 0 2 1 0 1 2 0 1 0 3 0 4 1 1 1 3 1 4 301 0 0 0 4 0 0 301 0 0 0 0 2 474 1 1 0 1 0 301 1 1 0 1 2 474 0 0 0
4 0 3 6 0 1 0 4 1 1 1 3 1 4 3 3 15 0 0 0 2 1 0 2 3 2 4 3 4 4 3 4 4 0 1 0 3 0 4 1 1 1 3 1 4 3 3 474 0 0 0 8 0 0 1094 2 4 3 0 2 1094 2 4 3 1 0 1094 2 4 3 2 3 474 0 0 0 2 4 474 0 0 0 3 4 474 0 0 0 4 3 474 0 0 0 4 4 474 0 0 0
5 3 2 5 0 3 1 3 3 3 3 4 3 5 17 1 2 2 0 2 1 2 2 3 1 4 0 4 1 4 2 4 4 4 5 4 6 0 3 1 3 3 2 3 3 3 4 3 5 3 0 3 0 11 1 2 3 0 3 0 2 0 3 0 3 0 2 1 3 0 3 0 2 2 3 0 3 0 3 1 364 4 4 5 4 0 364 4 4 5 4 1 5 1 4 0 4 2 5 1 4 0 4 4 14 6 2 5 4 5 14 6 2 5 4 6 14 6 2 5
5 4 3 4 1 3 2 3 3 3 4 1 18 0 4 1 4 2 4 3 4 3 5 4 0 4 2 4 4 5 2 5 3 5 4 6 2 6 4 1 3 2 3 3 3 4 1 4 3 252 0 1 0 13 0 4 252 0 1 0 1 4 252 0 1 0 2 4 252 0 1 0 3 4 33 2 6 3 3 5 33 2 6 3 4 0 33 2 6 3 4 2 33 2 6 3 4 4 5 7 6 4 5 2 33 2 6 3 5 3 252 0 1 0 5 4 5 7 6 4 6 2 33 2 6 3 6 4 5 7 6 4
7 3 5 5 0 6 1 3 1 6 3 4 3 6 34 0 3 1 7 2 1 2 2 2 3 2 7 2 8 2 9 3 1 3 2 3 3 3 7 3 8 3 9 4 0 4 1 4 2 4 3 4 4 4 5 4 6 4 7 4 8 4 9 4 10 5 4 5 6 6 6 0 6 1 3 1 6 3 4 3 5 3 6 1096 5 0 9 28 0 3 1096 5 0 9 1 7 1097 6 0 7 2 1 1096 5 0 9 2 2 1096 5 0 9 2 3 1096 5 0 9 2 7 1097 6 0 7 2 8 1097 6 0 7 2 9 1097 6 0 7 3 1 1096 5 0 9 3 2 1096 5 0 9 3 3 1096 5 0 9 3 7 1097 6 0 7 3 8 1097 6 0 7 3 9 1096 5 0 9 4 0 1096 5 0 9 4 1 1096 5 0 9 4 2 1096 5 0 9 4 3 408 5 1 10 4 4 822 1 4 1 4 5 822 1 4 1 4 6 1096 5 0 9 4 7 956 1 5 0 4 8 1097 6 0 7 4 9 1097 6 0 7 4 10 1096 5 0 9 5 4 1096 5 0 9 5 6 1096 5 0 9 6 6 1096 5 0 9
6 1 4 6 0 3 1 1 1 2 1 3 3 1 3 4 21 0 2 2 0 2 1 2 4 2 5 4 0 4 1 4 2 4 4 5 0 5 1 5 2 6 0 6 2 0 3 1 1 1 2 1 3 1 4 3 1 3 4 666 2 4 1 14 0 2 666 2 4 1 2 0 666 2 4 1 2 1 666 2 4 1 2 4 849 7 6 4 2 5 849 7 6 4 4 0 666 2 4 1 4 1 666 2 4 1 4 2 666 2 4 1 4 4 849 7 6 4 5 0 666 2 4 1 5 1 666 2 4 1 5 2 666 2 4 1 6 0 666 2 4 1 6 2 666 2 4 1
7 1 2 6 0 3 0 4 1 1 1 3 3 1 3 4 23 0 2 1 0 1 4 2 0 2 1 2 4 2 5 4 0 4 1 4 2 4 4 5 0 5 1 5 2 6 0 6 2 0 3 0 4 1 1 1 2 1 3 3 1 3 4 6 4 1 4 16 0 2 6 4 1 4 1 0 1099 0 0 0 1 4 6 4 1 4 2 0 6 4 1 4 2 1 6 4 1 4 2 4 6 4 1 4 2 5 6 4 1 4 4 0 6 4 1 4 4 1 6 4 1 4 4 2 6 4 1 4 4 4 6 4 1 4 5 0 6 4 1 4 5 1 6 4 1 4 5 2 6 4 1 4 6 0 6 4 1 4 6 2 6 4 1 4
6 3 3 7 0 2 0 4 1 2 1 4 2 4 3 2 3 4 18 1 1 2 0 2 1 3 1 3 5 4 0 4 1 4 2 4 3 4 5 0 2 0 4 1 2 1 4 2 4 3 2 3 3 3 4 1 7 4 4 10 1 1 1 7 4 4 2 0 1 7 4 4 2 1 1 7 4 4 3 1 1 7 4 4 3 5 1 7 4 4 4 0 1 7 4 4 4 1 1 7 4 4 4 2 1 7 4 4 4 3 227 0 0 0 4 5 1 7 4 4
7 1 4 7 0 3 1 1 1 2 1 3 3 1 3 3 3 4 22 0 0 0 1 2 0 2 1 2 4 2 5 3 0 4 0 4 1 4 2 4 3 4 4 5 0 5 2 0 3 1 1 1 2 1 3 1 4 3 1 3 3 3 4 666 2 4 1 14 0 0 666 2 4 1 0 1 666 2 4 1 2 0 666 2 4 1 2 1 666 2 4 1 2 4 1101 7 5 4 2 5 1101 7 5 4 3 0 666 2 4 1 4 0 666 2 4 1 4 1 666 2 4 1 4 2 666 2 4 1 4 3 666 2 4 1 4 4 1101 7 5 4 5 0 666 2 4 1 5 2 666 2 4 1
8 1 2 7 0 3 0 4 1 1 1 3 3 1 3 3 3 4 24 0 0 0 1 1 0 1 4 2 0 2 1 2 4 2 5 3 0 4 0 4 1 4 2 4 3 4 4 5 0 5 2 0 3 0 4 1 1 1 2 1 3 3 1 3 3 3 4 6 4 1 4 16 0 0 6 4 1 4 0 1 6 4 1 4 1 0 1102 0 0 0 1 4 6 4 1 4 2 0 6 4 1 4 2 1 6 4 1 4 2 4 6 4 1 4 2 5 6 4 1 4 3 0 6 4 1 4 4 0 6 4 1 4 4 1 6 4 1 4 4 2 6 4 1 4 4 3 6 4 1 4 4 4 6 4 1 4 5 0 6 4 1 4 5 2 6 4 1 4
4 2 3 5 0 3 1 3 3 1 3 2 3 3 12 2 4 2 5 3 0 3 4 4 2 4 4 0 3 1 3 2 3 3 1 3 2 3 3 1 7 4 3 6 2 4 1 7 4 3 2 5 1 7 4 3 3 0 1 7 4 3 3 4 1 7 4 3 4 2 251 0 0 0 4 4 1 7 4 3
3 0 3 6 1 1 1 2 1 3 1 4 3 2 4 2 11 0 4 0 5 1 0 2 2 0 3 1 1 1 2 1 3 1 4 3 2 4 2 35 3 0 2 4 0 4 35 3 0 2 0 5 35 3 0 2 1 0 35 3 0 2 2 2 47 1 1 0
4 3 2 5 0 3 1 3 3 3 3 4 3 5 14 2 3 3 1 4 0 4 1 4 2 4 4 4 5 4 6 0 3 1 3 3 2 3 3 3 4 3 5 158 4 4 5 8 2 3 3 0 3 0 3 1 158 4 4 5 4 0 158 4 4 5 4 1 1105 1 4 1 4 2 1105 1 4 1 4 4 158 4 4 5 4 5 158 4 4 5 4 6 158 4 4 5
5 2 5 5 0 5 1 5 3 3 3 4 3 5 16 2 0 2 1 2 2 2 6 3 1 3 2 4 0 4 1 4 2 4 4 0 5 1 5 2 5 3 3 3 4 3 5 1 7 4 5 10 2 0 1 7 4 5 2 1 1 7 4 5 2 2 1 7 4 5 2 6 1 7 4 5 3 1 1 7 4 5 3 2 1 7 4 5 4 0 1 7 4 5 4 1 1 7 4 5 4 2 1 7 4 5 4 4 105 0 2 0
5 3 6 5 0 5 1 5 3 3 3 4 3 5 22 2 0 2 1 2 2 2 5 2 6 2 7 2 8 3 1 3 2 3 7 4 0 4 1 4 2 4 6 4 7 4 8 0 5 1 5 3 3 3 4 3 5 3 6 158 1 4 3 16 2 0 158 1 4 3 2 1 158 1 4 3 2 2 158 1 4 3 2 5 14 2 4 3 2 6 158 1 4 3 2 7 158 1 4 3 2 8 158 1 4 3 3 1 158 1 4 3 3 2 158 1 4 3 3 7 158 1 4 3 4 0 158 1 4 3 4 1 158 1 4 3 4 2 158 1 4 3 4 6 203 0 2 0 4 7 203 0 2 0 4 8 158 1 4 3
6 3 4 4 0 5 1 5 3 3 3 5 25 1 6 2 0 2 1 2 2 2 5 2 6 2 7 2 8 3 1 3 2 3 6 3 7 4 0 4 1 4 2 4 3 4 4 4 6 4 7 4 8 0 5 1 5 3 3 3 4 3 5 1104 0 0 2 20 1 6 1104 0 0 2 2 0 1104 0 0 2 2 1 1104 0 0 2 2 2 1104 0 0 2 2 5 1096 5 0 8 2 6 1106 5 0 8 2 7 1106 5 0 8 2 8 1104 0 0 2 3 1 1104 0 0 2 3 2 1106 5 0 8 3 6 1107 0 0 0 3 7 1104 0 0 2 4 0 1104 0 0 2 4 1 1104 0 0 2 4 2 1104 0 0 2 4 3 1104 0 0 2 4 4 1108 0 0 0 4 6 1107 0 0 0 4 7 1104 0 0 2 4 8 1104 0 0 2
7 0 5 7 0 3 0 6 1 3 1 5 1 6 3 3 3 5 31 0 2 0 4 1 2 2 0 2 1 2 2 2 5 2 6 2 7 2 8 3 1 3 2 3 4 3 6 3 7 4 0 4 1 4 2 4 3 4 4 4 6 4 7 4 8 0 3 0 5 0 6 1 3 1 5 1 6 3 3 3 5 474 0 0 2 23 0 2 1109 0 0 0 0 4 1109 0 0 0 1 2 1109 0 0 0 2 0 474 0 0 2 2 1 474 0 0 2 2 2 474 0 0 2 2 5 474 0 0 2 2 6 474 0 0 2 2 7 474 0 0 2 2 8 474 0 0 2 3 1 474 0 0 2 3 2 474 0 0 2 3 4 474 0 0 2 3 6 474 0 0 2 3 7 474 0 0 2 4 0 474 0 0 2 4 1 474 0 0 2 4 2 474 0 0 2 4 3 474 0 0 2 4 4 474 0 0 2 4 6 474 0 0 2 4 7 474 0 0 2 4 8 474 0 0 2
9 4 6 6 1 4 1 7 2 4 2 6 2 7 4 4 40 0 5 1 3 1 5 1 6 2 3 3 1 3 2 3 3 3 6 3 7 3 8 3 9 4 1 4 2 4 3 4 5 4 7 4 8 4 9 5 0 5 1 5 2 5 3 5 4 5 5 5 6 5 7 5 8 5 9 5 10 6 4 6 6 7 4 1 4 1 7 2 4 2 6 2 7 4 4 4 6 1095 0 1 3 33 0 5 1095 0 1 3 1 3 1098 5 1 10 1 5 1098 5 1 10 1 6 1098 5 1 10 2 3 1100 7 5 7 3 1 1095 0 1 3 3 2 1095 0 1 3 3 3 1095 0 1 3 3 6 1098 5 1 10 3 7 1103 7 5 7 3 8 1095 0 1 3 3 9 1095 0 1 3 4 1 1095 0 1 3 4 2 1095 0 1 3 4 3 1095 0 1 3 4 5 1095 0 1 3 4 7 1100 7 5 7 4 8 1095 0 1 3 4 9 1095 0 1 3 5 0 1095 0 1 3 5 1 1095 0 1 3 5 2 1095 0 1 3 5 3 1095 0 1 3 5 4 1095 0 1 3 5 5 1095 0 1 3 5 6 1110 0 1 1 5 7 1100 7 5 7 5 8 1095 0 1 3 5 9 1095 0 1 3 5 10 1095 0 1 3 6 4 1095 0 1 3 6 6 1095 0 1 3 7 4 1095 0 1 3
10 2 6 5 1 4 1 7 2 4 2 7 4 4 42 0 5 1 3 1 5 1 6 1 8 2 3 2 5 3 1 3 2 3 3 3 6 3 7 3 8 3 9 4 1 4 2 4 3 4 5 4 6 4 7 4 8 4 9 5 0 5 1 5 2 5 3 5 4 5 5 5 6 5 7 5 8 5 9 5 10 6 4 6 6 7 4 1 4 1 7 2 4 2 6 2 7 4 4 966 1 2 3 36 0 5 966 1 2 3 1 3 1093 0 1 3 1 5 966 1 2 3 1 6 966 1 2 3 1 8 1111 0 0 0 2 3 966 1 2 3 2 5 1111 0 0 0 3 1 966 1 2 3 3 2 966 1 2 3 3 3 966 1 2 3 3 6 966 1 2 3 3 7 966 1 2 3 3 8 966 1 2 3 3 9 966 1 2 3 4 1 966 1 2 3 4 2 966 1 2 3 4 3 966 1 2 3 4 5 966 1 2 3 4 6 966 1 2 3 4 7 966 1 2 3 4 8 966 1 2 3 4 9 966 1 2 3 5 0 966 1 2 3 5 1 966 1 2 3 5 2 966 1 2 3 5 3 966 1 2 3 5 4 966 1 2 3 5 5 966 1 2 3 5 6 966 1 2 3 5 7 966 1 2 3 5 8 966 1 2 3 5 9 966 1 2 3 5 10 966 1 2 3 6 4 966 1 2 3 6 6 966 1 2 3 7 4 966 1 2 3
6 3 3 4 1 2 1 3 2 3 4 3 15 0 2 0 3 3 4 3 5 4 0 4 1 4 2 4 4 5 2 5 4 1 2 1 3 2 3 3 3 4 3 1 6 0 3 10 0 2 61 1 5 0 0 3 1 6 0 3 3 4 1 6 0 3 3 5 1 6 0 3 4 0 1 6 0 3 4 1 1 6 0 3 4 2 1 6 0 3 4 4 1 6 0 3 5 2 1 6 0 3 5 4 1 6 0 3
5 1 3 5 0 1 0 3 0 4 1 1 1 4 14 0 0 0 2 0 5 1 2 1 5 2 0 2 1 2 2 0 1 0 3 0 4 1 1 1 3 1 4 966 1 1 0 8 0 0 1091 0 0 0 0 2 966 1 1 0 0 5 136 0 0 0 1 2 136 0 0 0 1 5 966 1 1 0 2 0 136 0 0 0 2 1 136 0 0 0 2 2 136 0 0 0
7 3 4 5 1 3 1 4 4 1 4 3 4 4 26 0 2 0 4 1 1 1 2 2 1 2 2 2 3 2 4 3 0 3 1 3 3 3 5 4 2 4 5 5 0 5 1 5 2 5 3 5 4 6 2 1 3 1 4 3 4 4 1 4 3 4 4 1114 6 0 4 20 0 2 1113 6 1 5 0 4 1113 6 1 5 1 1 1114 6 0 4 1 2 1113 6 1 5 2 1 1114 6 0 4 2 2 1113 6 1 5 2 3 1113 6 1 5 2 4 1113 6 1 5 3 0 1114 6 0 4 3 1 1114 6 0 4 3 3 1113 6 1 5 3 5 1114 6 0 4 4 2 1114 6 0 4 4 5 1114 6 0 4 5 0 1114 6 0 4 5 1 1114 6 0 4 5 2 1114 6 0 4 5 3 1113 6 1 5 5 4 1113 6 1 5 6 2 1114 6 0 4
11 5 4 4 2 4 2 7 3 4 3 7 49 0 4 0 5 1 4 1 5 2 3 2 5 2 6 2 8 3 3 3 5 3 6 4 1 4 2 4 3 4 4 4 6 4 7 4 8 4 9 5 1 5 2 5 3 5 5 5 6 5 7 5 8 5 9 6 0 6 1 6 2 6 3 6 4 6 5 6 6 6 7 6 8 6 9 6 10 7 3 7 4 7 5 7 6 8 3 8 4 2 4 2 7 3 4 3 7 5 4 1088 7 7 5 44 0 4 1088 7 7 5 0 5 1089 7 8 6 1 4 1092 2 6 3 1 5 1089 7 8 6 2 3 1088 7 7 5 2 5 1089 7 8 6 2 6 1088 7 7 5 2 8 1088 7 7 5 3 3 1088 7 7 5 3 5 1089 7 8 6 3 6 1088 7 7 5 4 1 1088 7 7 5 4 2 1088 7 7 5 4 3 1092 2 6 3 4 4 1112 0 1 0 4 6 1088 7 7 5 4 7 1088 7 7 5 4 8 1088 7 7 5 4 9 1088 7 7 5 5 1 1088 7 7 5 5 2 1088 7 7 5 5 3 1092 2 6 3 5 5 1092 2 6 3 5 6 1088 7 7 5 5 7 1088 7 7 5 5 8 1088 7 7 5 5 9 1088 7 7 5 6 0 1088 7 7 5 6 1 1088 7 7 5 6 2 1088 7 7 5 6 3 1092 2 6 3 6 4 1115 7 6 8 6 5 1092 2 6 3 6 6 1088 7 7 5 6 7 1088 7 7 5 6 8 1088 7 7 5 6 9 1088 7 7 5 6 10 1088 7 7 5 7 3 1092 2 6 3 7 4 1088 7 7 5 7 5 1092 2 6 3 7 6 1088 7 7 5 8 3 1088 7 7 5 8 4 1088 7 7 5
8 3 5 3 1 5 2 5 4 5 33 0 6 1 6 2 6 3 0 3 1 3 2 3 3 3 4 3 7 3 8 3 9 4 1 4 2 4 3 4 4 4 6 4 7 4 8 5 1 5 2 5 3 5 4 5 5 5 6 5 7 5 8 5 9 6 4 6 6 1 5 2 5 3 5 4 5 14 0 1 4 29 0 6 14 0 1 4 1 6 14 0 1 4 2 6 14 0 1 4 3 0 3 2 6 5 3 1 3 2 6 5 3 2 3 2 6 5 3 3 3 2 6 5 3 4 3 2 6 5 3 7 3 2 6 5 3 8 3 2 6 5 3 9 3 2 6 5 4 1 3 2 6 5 4 2 3 2 6 5 4 3 3 2 6 5 4 4 3 2 6 5 4 6 5 7 6 6 4 7 3 2 6 5 4 8 3 2 6 5 5 1 3 2 6 5 5 2 3 2 6 5 5 3 3 2 6 5 5 4 3 2 6 5 5 5 533 0 1 0 5 6 5 7 6 6 5 7 3 2 6 5 5 8 3 2 6 5 5 9 3 2 6 5 6 4 3 2 6 5 6 6 5 7 6 6
8 3 5 3 1 5 2 5 4 5 33 0 4 1 4 2 4 3 0 3 1 3 2 3 3 3 4 3 7 3 8 3 9 4 1 4 2 4 3 4 4 4 6 4 7 4 8 5 1 5 2 5 3 5 4 5 5 5 6 5 7 5 8 5 9 6 4 6 6 1 5 2 5 3 5 4 5 14 0 1 4 29 0 4 14 0 1 4 1 4 14 0 1 4 2 4 14 0 1 4 3 0 13 6 0 5 3 1 13 6 0 5 3 2 13 6 0 5 3 3 13 6 0 5 3 4 13 6 0 5 3 7 13 6 0 5 3 8 13 6 0 5 3 9 13 6 0 5 4 1 13 6 0 5 4 2 13 6 0 5 4 3 13 6 0 5 4 4 5 2 6 4 4 6 13 6 0 5 4 7 13 6 0 5 4 8 13 6 0 5 5 1 13 6 0 5 5 2 13 6 0 5 5 3 13 6 0 5 5 4 5 2 6 4 5 5 533 0 1 0 5 6 13 6 0 5 5 7 13 6 0 5 5 8 13 6 0 5 5 9 13 6 0 5 6 4 5 2 6 4 6 6 13 6 0 5
5 3 3 4 0 4 3 2 3 4 3 5 19 1 4 1 5 2 0 2 1 2 2 2 4 2 5 2 6 3 1 4 0 4 1 4 2 4 5 4 6 0 4 3 2 3 3 3 4 3 5 3 1 3 0 14 1 4 3 1 3 0 1 5 3 1 3 0 2 0 37 1 4 2 2 1 37 1 4 2 2 2 37 1 4 2 2 4 14 6 2 5 2 5 14 6 2 5 2 6 14 6 2 5 3 1 37 1 4 2 4 0 3 1 3 0 4 1 3 1 3 0 4 2 3 1 3 0 4 5 3 1 3 0 4 6 3 1 3 0
8 4 2 4 1 3 4 1 4 3 4 4 35 0 0 0 2 1 0 1 1 1 2 2 0 2 1 2 2 2 3 2 4 3 0 3 1 3 3 3 4 3 5 5 0 5 1 5 2 5 4 5 5 6 0 6 1 6 2 7 0 7 1 7 2 8 0 8 1 8 2 9 2 1 3 4 1 4 2 4 3 4 4 37 1 5 1 30 0 0 37 1 5 1 0 2 37 1 5 1 1 0 37 1 5 1 1 1 37 1 5 1 1 2 37 1 5 1 2 0 37 1 5 1 2 1 37 1 5 1 2 2 37 1 5 1 2 3 533 7 9 4 2 4 533 7 9 4 3 0 37 1 5 1 3 1 37 1 5 1 3 3 533 7 9 4 3 4 533 7 9 4 3 5 533 7 9 4 5 0 37 1 5 1 5 1 37 1 5 1 5 2 37 1 5 1 5 4 533 7 9 4 5 5 533 7 9 4 6 0 37 1 5 1 6 1 37 1 5 1 6 2 37 1 5 1 7 0 37 1 5 1 7 1 37 1 5 1 7 2 37 1 5 1 8 0 37 1 5 1 8 1 37 1 5 1 8 2 37 1 5 1 9 2 37 1 5 1
11 4 5 4 1 5 1 8 2 5 2 8 50 0 4 0 6 1 4 1 6 1 7 1 9 2 3 2 4 2 6 2 7 3 0 3 1 3 2 3 3 3 4 3 5 3 7 3 8 3 9 3 10 4 1 4 2 4 3 4 4 4 6 4 7 4 8 4 9 4 10 5 1 5 2 5 3 5 4 5 5 5 6 5 7 5 8 5 9 5 10 5 11 6 4 6 5 6 6 6 7 7 5 1 5 1 8 2 5 2 8 4 5 1119 7 6 8 45 0 4 1117 0 0 0 0 6 1118 0 0 0 1 4 1117 0 0 0 1 6 1118 0 0 0 1 7 1117 0 0 0 1 9 1119 7 6 8 2 3 1119 7 6 8 2 4 1119 7 6 8 2 6 1118 0 0 0 2 7 1117 0 0 0 3 0 1119 7 6 8 3 1 1119 7 6 8 3 2 1119 7 6 8 3 3 1119 7 6 8 3 4 1119 7 6 8 3 5 1112 0 0 1 3 7 1119 7 6 8 3 8 1119 7 6 8 3 9 1119 7 6 8 3 10 1119 7 6 8 4 1 1119 7 6 8 4 2 1119 7 6 8 4 3 1119 7 6 8 4 4 1092 2 5 4 4 6 1092 2 5 4 4 7 1119 7 6 8 4 8 1119 7 6 8 4 9 1119 7 6 8 4 10 1119 7 6 8 5 1 1119 7 6 8 5 2 1119 7 6 8 5 3 1119 7 6 8 5 4 1092 2 5 4 5 5 1120 7 5 9 5 6 1092 2 5 4 5 7 1119 7 6 8 5 8 1119 7 6 8 5 9 1119 7 6 8 5 10 1119 7 6 8 5 11 1119 7 6 8 6 4 1092 2 5 4 6 5 1119 7 6 8 6 6 1092 2 5 4 6 7 1119 7 6 8 7 5 1119 7 6 8
9 1 2 4 1 3 1 4 1 5 2 4 25 0 0 0 1 0 2 1 1 2 0 2 1 2 2 2 3 2 5 2 6 3 1 3 2 3 3 4 1 4 2 4 3 5 1 5 2 5 3 6 1 1 2 1 3 1 4 1 5 2 4 47 0 1 1 20 0 0 47 0 1 1 0 1 47 0 1 1 0 2 47 0 1 1 1 1 353 0 0 1 2 0 47 0 1 1 2 1 47 0 1 1 2 2 47 0 1 1 2 3 47 0 1 1 2 5 14 6 0 5 2 6 14 6 0 5 3 1 47 0 1 1 3 2 47 0 1 1 3 3 47 0 1 1 4 1 47 0 1 1 4 2 47 0 1 1 4 3 47 0 1 1 5 1 47 0 1 1 5 2 47 0 1 1 5 3 47 0 1 1 6 1 47 0 1 1
7 3 2 5 1 3 2 3 2 4 3 3 4 3 20 0 4 1 4 2 2 2 5 2 6 3 0 3 1 3 4 3 5 4 4 4 5 4 6 5 4 5 5 1 3 2 3 2 4 3 2 3 3 4 3 21 0 2 0 14 0 4 21 0 2 0 1 4 21 0 2 0 2 2 21 0 2 0 2 5 142 5 1 6 2 6 142 5 1 6 3 0 487 3 0 2 3 1 487 3 0 2 3 4 21 4 3 6 3 5 21 0 2 0 4 4 21 0 2 0 4 5 21 0 2 0 4 6 21 0 2 0 5 4 21 0 2 0 5 5 21 0 2 0
8 4 3 4 1 3 2 3 2 4 3 3 23 0 4 1 4 2 2 2 5 2 6 3 0 3 1 3 2 3 4 3 5 4 4 4 5 4 6 5 3 5 4 5 5 6 3 6 4 1 3 2 3 2 4 3 3 4 3 47 2 5 3 18 0 4 38 2 6 3 1 4 743 0 1 0 2 2 47 2 5 3 2 5 47 2 5 3 2 6 47 2 5 3 3 0 47 2 5 3 3 1 47 2 5 3 3 2 47 2 5 3 3 4 47 2 5 3 3 5 47 2 5 3 4 4 47 2 5 3 4 5 47 2 5 3 4 6 47 2 5 3 5 3 1123 0 0 0 5 4 47 2 5 3 5 5 47 2 5 3 6 3 47 2 5 3 6 4 47 2 5 3
10 3 5 3 1 5 2 5 2 6 49 0 6 0 8 1 1 1 2 1 3 1 6 1 8 1 9 1 10 2 1 2 2 2 3 2 4 2 7 2 8 2 9 3 0 3 1 3 2 3 3 3 4 3 6 3 7 3 8 3 9 3 10 4 2 4 3 4 4 4 5 4 6 4 7 4 8 4 9 5 4 5 5 5 6 5 7 5 8 5 9 5 10 6 4 6 5 6 6 6 7 1 5 2 5 2 6 3 5 362 5 0 8 45 0 6 516 5 1 9 0 8 362 5 0 8 1 1 362 5 0 8 1 2 362 5 0 8 1 3 362 5 0 8 1 6 516 5 1 9 1 8 362 5 0 8 1 9 362 5 0 8 1 10 362 5 0 8 2 1 362 5 0 8 2 2 362 5 0 8 2 3 362 5 0 8 2 4 362 5 0 8 2 7 362 5 0 8 2 8 362 5 0 8 2 9 362 5 0 8 3 0 362 5 0 8 3 1 362 5 0 8 3 2 362 5 0 8 3 3 1122 2 6 4 3 4 1122 2 6 4 3 6 854 5 0 8 3 7 362 5 0 8 3 8 362 5 0 8 3 9 362 5 0 8 3 10 362 5 0 8 4 2 362 5 0 8 4 3 362 5 0 8 4 4 1124 0 0 2 4 5 440 0 0 0 4 6 440 0 0 0 4 7 451 5 0 9 4 8 451 5 0 9 4 9 362 5 0 8 5 4 1124 0 0 2 5 5 440 0 0 0 5 6 440 0 0 0 5 7 451 5 0 9 5 8 516 5 1 9 5 9 362 5 0 8 5 10 362 5 0 8 6 4 1124 0 0 2 6 5 362 5 0 8 6 6 440 0 0 0 6 7 362 5 0 8
11 3 5 4 1 5 1 6 4 5 4 6 53 0 6 2 5 2 6 2 8 3 1 3 2 3 3 3 6 3 8 3 9 3 10 4 1 4 2 4 3 4 4 4 7 4 8 4 9 5 0 5 1 5 2 5 3 5 4 5 5 5 6 5 7 5 8 5 9 5 10 6 2 6 3 6 4 6 5 6 6 6 7 6 8 6 9 7 4 7 5 7 6 7 7 7 8 7 9 7 10 8 4 8 5 8 6 8 7 1 5 1 6 3 5 4 5 4 6 959 2 5 5 48 0 6 1125 0 2 0 2 5 1125 0 2 0 2 6 959 2 5 5 2 8 959 2 5 5 3 1 959 2 5 5 3 2 959 2 5 5 3 3 959 2 5 5 3 6 959 2 5 5 3 8 959 2 5 5 3 9 959 2 5 5 3 10 959 2 5 5 4 1 959 2 5 5 4 2 959 2 5 5 4 3 959 2 5 5 4 4 959 2 5 5 4 7 959 2 5 5 4 8 959 2 5 5 4 9 959 2 5 5 5 0 959 2 5 5 5 1 959 2 5 5 5 2 959 2 5 5 5 3 959 2 5 5 5 4 959 2 5 5 5 5 959 2 5 5 5 6 935 7 6 6 5 7 959 2 5 5 5 8 959 2 5 5 5 9 959 2 5 5 5 10 959 2 5 5 6 2 959 2 5 5 6 3 959 2 5 5 6 4 959 2 5 5 6 5 959 2 5 5 6 6 959 2 5 5 6 7 959 2 5 5 6 8 959 2 5 5 6 9 959 2 5 5 7 4 959 2 5 5 7 5 959 2 5 5 7 6 959 2 5 5 7 7 959 2 5 5 7 8 959 2 5 5 7 9 959 2 5 5 7 10 959 2 5 5 8 4 959 2 5 5 8 5 959 2 5 5 8 6 959 2 5 5 8 7 959 2 5 5
6 1 7 5 0 5 0 8 1 4 1 5 1 6 18 0 0 0 1 0 2 0 3 0 4 0 7 1 1 1 2 1 3 2 1 2 2 2 3 0 5 0 8 1 4 1 5 1 6 1 7 0 4 1 8 12 0 0 0 4 1 8 0 1 0 4 1 8 0 2 0 4 1 8 0 3 0 4 1 8 0 4 0 4 1 8 0 7 271 7 2 7 1 1 0 4 1 8 1 2 0 4 1 8 1 3 0 4 1 8 2 1 0 4 1 8 2 2 0 4 1 8 2 3 0 4 1 8
7 4 3 6 0 2 2 3 3 0 3 1 3 2 3 3 21 1 2 1 3 4 2 4 4 5 2 5 3 5 4 6 2 6 3 6 4 7 2 7 3 7 4 8 2 0 2 2 3 3 0 3 1 3 2 3 3 4 3 1 5 3 4 14 1 2 1 5 3 4 1 3 1 5 3 4 4 2 1 5 3 4 4 4 1127 2 8 2 5 2 1 5 3 4 5 3 1 5 3 4 5 4 1 5 3 4 6 2 1 5 3 4 6 3 1 5 3 4 6 4 1 5 3 4 7 2 1 5 3 4 7 3 1 5 3 4 7 4 1 5 3 4 8 2 1 5 3 4
8 2 3 5 0 2 3 0 3 1 3 2 3 3 22 1 2 1 3 2 4 4 2 4 3 4 4 5 2 5 3 5 4 6 2 6 3 6 4 7 2 7 3 7 4 8 2 0 2 2 3 3 0 3 1 3 2 3 3 1 4 3 4 16 1 2 1 4 3 4 1 3 1 4 3 4 2 4 1128 0 0 0 4 2 1 4 3 4 4 3 1 4 3 4 4 4 1 4 3 4 5 2 1 4 3 4 5 3 1 4 3 4 5 4 1 4 3 4 6 2 1 4 3 4 6 3 1 4 3 4 6 4 1 4 3 4 7 2 1 4 3 4 7 3 1 4 3 4 7 4 1 4 3 4 8 2 1 4 3 4
9 3 2 4 0 3 3 3 3 4 3 5 28 1 2 1 3 2 0 2 1 2 2 3 1 4 0 4 1 4 2 4 3 4 4 4 5 4 6 5 1 5 2 5 3 6 1 6 2 6 3 7 1 7 2 7 3 8 3 0 3 3 2 3 3 3 4 3 5 3 0 3 0 23 1 2 3 0 3 0 1 3 3 0 3 0 2 0 3 0 3 0 2 1 3 0 3 0 2 2 3 0 3 0 3 1 1129 5 0 5 4 0 5 1 4 0 4 1 5 1 4 0 4 2 5 1 4 0 4 3 3 0 3 0 4 4 1129 5 0 5 4 5 1129 5 0 5 4 6 1129 5 0 5 5 1 3 0 3 0 5 2 3 0 3 0 5 3 3 0 3 0 6 1 3 0 3 0 6 2 3 0 3 0 6 3 3 0 3 0 7 1 3 0 3 0 7 2 3 0 3 0 7 3 3 0 3 0 8 3 3 0 3 0
7 3 0 7 0 1 0 4 1 1 1 3 1 4 2 1 3 1 20 0 3 2 3 2 4 2 5 3 2 3 3 3 4 4 0 4 2 4 3 4 4 4 5 0 1 0 4 1 1 1 3 1 4 2 1 3 0 3 1 1 7 4 1 12 0 3 1 7 4 1 2 3 1 7 4 1 2 4 1 7 4 1 2 5 1 7 4 1 3 2 1 7 4 1 3 3 1 7 4 1 3 4 1 7 4 1 4 0 980 0 0 0 4 2 1 7 4 1 4 3 1 7 4 1 4 4 1 7 4 1 4 5 1 7 4 1
8 1 2 6 1 3 1 4 1 5 3 4 4 4 4 5 26 0 0 0 1 0 2 0 4 0 5 0 6 1 1 2 0 2 1 2 2 3 1 3 2 3 3 3 5 4 1 4 2 4 3 5 1 5 3 1 2 1 3 1 4 1 5 3 4 4 4 4 5 5 0 0 0 19 0 0 5 0 0 0 0 1 5 0 0 0 0 2 5 0 0 0 0 4 1131 6 0 5 0 5 1131 6 0 5 0 6 1131 6 0 5 1 1 1131 6 0 5 2 0 33 1 1 0 2 1 33 1 1 0 2 2 33 1 1 0 3 1 33 1 1 0 3 2 33 1 1 0 3 3 33 1 1 0 3 5 33 1 1 0 4 1 33 1 1 0 4 2 33 1 1 0 4 3 33 1 1 0 5 1 33 1 1 0 5 3 33 1 1 0
9 3 4 5 1 3 1 4 1 5 4 4 4 5 28 0 0 0 1 0 2 0 4 0 5 0 6 1 1 1 2 2 0 2 1 2 2 2 4 3 1 3 2 3 3 3 5 4 1 4 2 4 3 5 1 5 3 5 5 1 3 1 4 1 5 3 4 4 4 4 5 959 2 5 4 22 0 0 959 2 5 4 0 1 959 2 5 4 0 2 959 2 5 4 0 4 959 2 5 4 0 5 1093 6 0 5 0 6 959 2 5 4 1 1 959 2 5 4 1 2 959 2 5 4 2 0 959 2 5 4 2 1 959 2 5 4 2 2 959 2 5 4 2 4 1132 0 0 0 3 1 959 2 5 4 3 2 959 2 5 4 3 3 959 2 5 4 3 5 959 2 5 4 4 1 959 2 5 4 4 2 959 2 5 4 4 3 959 2 5 4 5 1 959 2 5 4 5 3 959 2 5 4 5 5 1132 0 0 0
2 1 2 5 0 4 1 1 1 3 1 4 2 1 8 0 5 2 0 0 4 1 1 1 2 1 3 1 4 2 1 1 0 1 0 2 0 5 1 0 1 0 2 0 1 4 1 5
9 3 4 5 1 3 1 4 1 5 4 3 4 4 32 0 0 0 1 0 2 0 4 0 5 0 6 0 7 1 1 1 2 1 6 2 0 2 1 2 2 2 4 2 6 2 7 3 3 3 5 3 6 3 7 4 5 4 6 4 7 5 3 5 5 5 7 1 3 1 4 1 5 3 4 4 3 4 4 1134 3 0 3 26 0 0 1134 3 0 3 0 1 1134 3 0 3 0 2 1134 3 0 3 0 4 1134 3 0 3 0 5 1093 3 0 3 0 6 1134 3 0 3 0 7 1134 3 0 3 1 1 1134 3 0 3 1 2 1134 3 0 3 1 6 1134 3 0 3 2 0 1134 3 0 3 2 1 1134 3 0 3 2 2 1134 3 0 3 2 4 982 0 0 0 2 6 1134 3 0 3 2 7 1134 3 0 3 3 3 1134 3 0 3 3 5 1134 3 0 3 3 6 1134 3 0 3 3 7 1134 3 0 3 4 5 1134 3 0 3 4 6 1134 3 0 3 4 7 1134 3 0 3 5 3 584 1 4 0 5 5 1134 3 0 3 5 7 1134 3 0 3
10 4 4 4 1 5 1 6 4 5 4 6 53 0 2 0 4 0 6 1 2 1 3 1 4 2 2 2 3 2 4 2 5 2 6 2 7 3 1 3 2 3 3 3 5 3 7 3 8 3 9 4 1 4 2 4 3 4 7 4 8 4 9 5 0 5 1 5 2 5 3 5 4 5 5 5 6 5 7 5 8 5 9 5 10 6 4 6 6 6 7 6 8 7 4 7 6 7 7 7 8 8 6 8 7 8 8 9 6 1 5 1 6 4 4 4 5 4 6 408 0 2 0 48 0 2 408 0 2 0 0 4 408 0 2 0 0 6 408 0 2 0 1 2 408 0 2 0 1 3 408 0 2 0 1 4 408 0 2 0 2 2 408 0 2 0 2 3 408 5 2 10 2 4 408 0 2 0 2 5 408 0 2 0 2 6 408 0 2 0 2 7 408 0 2 0 3 1 408 5 2 10 3 2 408 5 2 10 3 3 408 5 2 10 3 5 408 0 2 0 3 7 408 0 2 0 3 8 408 0 2 0 3 9 408 0 2 0 4 1 408 5 2 10 4 2 983 4 5 9 4 3 1130 5 1 9 4 7 1133 1 5 1 4 8 1133 1 5 1 4 9 408 0 2 0 5 0 408 5 2 10 5 1 408 5 2 10 5 2 408 5 2 10 5 3 408 5 2 10 5 4 1133 1 5 1 5 5 983 4 5 9 5 6 1135 4 5 9 5 7 408 0 2 0 5 8 408 0 2 0 5 9 408 0 2 0 5 10 408 0 2 0 6 4 408 5 2 10 6 6 408 0 2 0 6 7 408 0 2 0 6 8 408 0 2 0 7 4 408 5 2 10 7 6 408 0 2 0 7 7 408 0 2 0 7 8 408 0 2 0 8 6 408 0 2 0 8 7 408 0 2 0 8 8 408 0 2 0 9 6 408 0 2 0
9 4 5 3 1 5 2 5 3 5 29 0 4 1 4 2 4 3 0 3 1 3 2 3 3 3 4 4 1 4 2 4 3 4 4 4 6 4 7 4 8 5 1 5 2 5 3 5 4 5 5 5 6 6 3 6 4 6 6 7 3 1 5 2 5 3 5 4 5 14 0 1 4 25 0 4 14 0 1 4 1 4 14 0 1 4 2 4 14 0 1 4 3 0 14 0 1 4 3 1 14 0 1 4 3 2 14 0 1 4 3 3 14 0 1 4 3 4 14 0 1 4 4 1 14 0 1 4 4 2 14 0 1 4 4 3 14 0 1 4 4 4 5 2 6 4 4 6 33 7 6 5 4 7 14 0 1 4 4 8 14 0 1 4 5 1 14 0 1 4 5 2 14 0 1 4 5 3 14 0 1 4 5 4 5 2 6 4 5 5 345 0 1 0 5 6 33 7 6 5 6 3 14 0 1 4 6 4 5 2 6 4 6 6 33 7 6 5 7 3 14 0 1 4
7 1 2 7 0 3 0 4 1 3 3 1 3 2 3 3 3 4 26 0 5 0 6 1 0 1 1 1 4 2 0 2 1 2 2 4 0 4 1 5 0 5 1 5 2 6 0 6 1 6 2 7 0 7 2 0 3 0 4 1 2 1 3 3 1 3 2 3 3 3 4 21 0 0 0 18 0 5 464 5 1 4 0 6 464 5 1 4 1 0 464 5 1 4 1 1 464 5 1 4 1 4 464 5 1 4 2 0 21 0 0 0 2 1 21 0 0 0 2 2 21 0 0 0 4 0 21 0 0 0 4 1 21 0 0 0 5 0 21 0 0 0 5 1 21 0 0 0 5 2 21 0 0 0 6 0 21 0 0 0 6 1 21 0 0 0 6 2 21 0 0 0 7 0 21 0 0 0 7 2 21 0 0 0
8 1 3 6 0 3 0 4 3 1 3 2 3 3 3 4 29 0 5 0 6 1 0 1 1 1 2 1 4 2 0 2 1 2 2 2 3 4 0 4 1 4 4 4 5 5 0 5 1 5 2 6 0 6 1 6 2 7 0 7 2 0 3 0 4 1 3 3 1 3 2 3 3 3 4 158 1 4 1 22 0 5 158 1 4 1 0 6 158 1 4 1 1 0 158 1 4 1 1 1 158 1 4 1 1 2 158 1 4 1 1 4 158 1 4 1 2 0 158 1 4 1 2 1 158 1 4 1 2 2 158 1 4 1 2 3 1138 0 0 0 4 0 158 1 4 1 4 1 158 1 4 1 4 4 1138 0 0 0 4 5 1138 0 0 0 5 0 158 1 4 1 5 1 158 1 4 1 5 2 158 1 4 1 6 0 158 1 4 1 6 1 158 1 4 1 6 2 158 1 4 1 7 0 158 1 4 1 7 2 158 1 4 1
9 3 2 5 0 4 0 5 3 3 3 4 3 5 33 0 6 0 7 1 1 1 2 1 3 1 4 1 5 2 0 2 1 2 2 2 3 2 4 3 1 4 0 4 1 4 2 4 4 4 5 4 6 5 1 5 2 5 3 6 1 6 2 6 3 7 1 7 3 0 4 0 5 3 2 3 3 3 4 3 5 3 0 3 0 27 0 6 3 0 3 0 0 7 3 0 3 0 1 1 3 0 3 0 1 2 3 0 3 0 1 3 3 0 3 0 1 4 3 0 3 0 1 5 3 0 3 0 2 0 3 0 3 0 2 1 3 0 3 0 2 2 3 0 3 0 2 3 3 0 3 0 2 4 3 0 3 0 3 1 1139 0 0 1 4 0 5 1 4 0 4 1 5 1 4 0 4 2 5 1 4 0 4 4 14 6 2 5 4 5 14 6 2 5 4 6 14 6 2 5 5 1 3 0 3 0 5 2 3 0 3 0 5 3 3 0 3 0 6 1 3 0 3 0 6 2 3 0 3 0 6 3 3 0 3 0 7 1 3 0 3 0 7 3 3 0 3 0
3 1 1 6 0 4 1 2 1 3 1 4 1 5 2 4 13 0 0 0 1 0 2 0 3 1 0 2 3 0 4 1 1 1 2 1 3 1 4 1 5 2 4 174 6 0 4 6 0 0 174 6 0 4 0 1 174 6 0 4 0 2 174 6 0 4 0 3 2 1 1 0 1 0 2 1 1 0 2 3 2 1 1 0
7 1 2 5 0 4 1 3 1 4 1 5 2 4 23 0 3 1 0 1 1 2 0 2 1 2 2 2 3 2 5 2 6 3 1 3 2 3 5 3 6 4 2 4 5 5 2 5 5 0 4 1 2 1 3 1 4 1 5 2 4 47 0 1 1 17 0 3 47 0 1 1 1 0 47 0 1 1 1 1 437 0 0 1 2 0 47 0 1 1 2 1 47 0 1 1 2 2 47 0 1 1 2 3 47 0 1 1 2 5 1141 1 2 0 2 6 1141 1 2 0 3 1 47 0 1 1 3 2 47 0 1 1 3 5 47 0 1 1 3 6 47 0 1 1 4 2 47 0 1 1 4 5 47 0 1 1 5 2 47 0 1 1 5 5 47 0 1 1
10 3 5 4 1 5 2 4 2 5 2 6 36 0 4 1 4 2 1 2 2 2 3 3 1 3 2 3 3 3 4 3 6 3 7 3 8 4 1 4 2 4 3 4 4 4 5 4 6 4 7 4 8 5 0 5 1 5 2 5 3 5 4 5 5 5 6 6 3 6 4 6 5 6 6 1 5 2 4 2 5 2 6 3 5 1142 0 1 1 31 0 4 1142 0 1 1 1 4 516 0 1 1 2 1 362 0 0 2 2 2 362 0 0 2 2 3 362 0 0 2 3 1 362 0 0 2 3 2 362 0 0 2 3 3 362 0 0 2 3 4 854 0 0 2 3 6 1122 7 6 6 3 7 1122 7 6 6 3 8 362 0 0 2 4 1 362 0 0 2 4 2 451 0 0 1 4 3 451 0 0 1 4 4 1142 0 1 1 4 5 1142 0 1 1 4 6 1124 5 0 8 4 7 362 0 0 2 4 8 362 0 0 2 5 0 362 0 0 2 5 1 362 0 0 2 5 2 1142 0 1 1 5 3 451 0 0 1 5 4 1142 0 1 1 5 5 1142 0 1 1 5 6 1124 5 0 8 6 3 362 0 0 2 6 4 1142 0 1 1 6 5 362 0 0 2 6 6 1124 5 0 8
4 1 2 6 0 6 1 3 1 4 1 5 1 6 2 3 13 0 5 1 0 1 1 1 7 2 4 2 5 0 6 1 2 1 3 1 4 1 5 1 6 2 3 0 4 1 6 6 0 5 121 0 1 0 1 0 0 4 1 6 1 1 0 4 1 6 1 7 0 4 1 6 2 4 0 4 1 6 2 5 0 4 1 6
5 1 5 5 0 6 1 3 1 4 1 6 2 3 14 0 5 1 0 1 1 1 2 1 7 2 2 2 4 2 5 0 6 1 3 1 4 1 5 1 6 2 3 1 0 1 2 8 0 5 1 0 1 2 1 0 1 0 1 2 1 1 1 0 1 2 1 2 1 0 1 2 1 7 1 0 1 2 2 2 1144 0 0 0 2 4 1 0 1 2 2 5 1 0 1 2
11 3 5 5 1 5 1 6 4 4 4 5 4 6 44 0 5 2 4 2 5 2 6 3 0 3 1 3 2 3 4 4 1 4 2 4 3 5 1 5 2 5 3 5 4 5 5 5 6 5 7 5 8 6 1 6 2 6 3 6 4 6 5 6 6 6 7 6 8 7 0 7 1 7 2 7 3 7 4 7 5 7 6 8 3 8 4 8 5 8 6 1 5 1 6 3 5 4 4 4 5 4 6 712 3 1 4 38 0 5 712 3 1 4 2 4 712 3 1 4 2 5 1143 0 2 0 2 6 712 3 1 4 3 0 712 3 1 4 3 1 712 3 1 4 3 2 712 3 1 4 3 4 712 3 1 4 4 1 712 3 1 4 4 2 712 3 1 4 4 3 712 3 1 4 5 1 712 3 1 4 5 2 712 3 1 4 5 3 712 3 1 4 5 4 490 7 7 7 5 5 712 3 1 4 5 6 1145 7 7 6 5 7 712 3 1 4 5 8 712 3 1 4 6 1 712 3 1 4 6 2 712 3 1 4 6 3 712 3 1 4 6 4 712 3 1 4 6 5 712 3 1 4 6 6 712 3 1 4 6 7 712 3 1 4 6 8 712 3 1 4 7 0 712 3 1 4 7 1 712 3 1 4 7 2 712 3 1 4 7 3 712 3 1 4 7 4 712 3 1 4 7 5 712 3 1 4 7 6 712 3 1 4 8 3 712 3 1 4 8 4 712 3 1 4 8 5 712 3 1 4 8 6 712 3 1 4
4 1 2 8 0 3 0 4 1 3 1 4 1 5 2 4 3 3 3 4 19 1 0 1 1 2 0 2 1 2 2 2 5 2 6 3 1 3 2 4 2 0 3 0 4 1 2 1 3 1 4 1 5 2 4 3 3 3 4 47 0 1 1 10 1 0 47 0 1 1 1 1 917 5 0 6 2 0 47 0 1 1 2 1 47 0 1 1 2 2 47 0 1 1 2 5 128 0 0 0 2 6 128 0 0 0 3 1 47 0 1 1 3 2 47 0 1 1 4 2 47 0 1 1
5 1 3 7 0 3 0 4 1 4 1 5 2 4 3 3 3 4 20 1 0 1 1 1 2 2 0 2 1 2 2 2 5 2 6 3 1 3 2 4 2 4 4 0 3 0 4 1 3 1 4 1 5 2 4 3 3 3 4 6 6 0 4 12 1 0 6 6 0 4 1 1 6 6 0 4 1 2 6 6 0 4 2 0 6 6 0 4 2 1 6 6 0 4 2 2 6 6 0 4 2 5 6 6 0 4 2 6 6 6 0 4 3 1 6 6 0 4 3 2 6 6 0 4 4 2 6 6 0 4 4 4 1147 0 0 0
6 3 4 6 0 3 0 4 1 4 1 5 2 4 3 3 21 1 0 1 1 1 2 1 3 2 0 2 1 2 2 2 5 2 6 3 1 3 2 4 2 4 3 4 4 0 3 0 4 1 4 1 5 2 4 3 3 3 4 1 7 4 4 14 1 0 1 7 4 4 1 1 1 7 4 4 1 2 1 7 4 4 1 3 1 7 4 4 2 0 1 7 4 4 2 1 1 7 4 4 2 2 1 7 4 4 2 5 1 7 4 4 2 6 1 7 4 4 3 1 1 7 4 4 3 2 1 7 4 4 4 2 1 7 4 4 4 3 1148 0 0 0 4 4 1 7 4 4
7 3 6 5 1 4 2 3 2 4 2 5 3 3 27 0 5 1 0 1 1 1 2 1 5 2 1 2 2 2 6 2 7 3 4 3 5 3 7 4 4 4 5 4 6 4 7 5 4 5 5 5 6 6 4 6 5 1 4 2 3 2 4 2 5 3 3 3 6 445 5 2 7 21 0 5 445 5 2 7 1 0 445 5 2 7 1 1 445 5 2 7 1 2 445 5 2 7 1 5 445 5 2 7 2 1 445 5 2 7 2 2 1149 2 6 3 2 6 335 1 3 0 2 7 445 5 2 7 3 4 335 1 3 0 3 5 1149 2 6 3 3 7 335 1 3 0 4 4 445 5 2 7 4 5 445 5 2 7 4 6 445 5 2 7 4 7 445 5 2 7 5 4 445 5 2 7 5 5 445 5 2 7 5 6 445 5 2 7 6 4 445 5 2 7 6 5 445 5 2 7
8 5 4 5 2 5 3 5 4 3 4 4 4 5 31 0 3 0 4 1 2 1 3 1 4 2 1 2 2 2 3 2 4 3 0 3 1 3 2 3 3 3 4 4 1 4 2 4 6 4 7 5 3 5 6 5 7 5 8 6 3 6 4 7 4 2 5 3 5 4 3 4 4 4 5 5 4 20 7 7 5 25 0 3 20 7 7 5 0 4 20 7 7 5 1 2 20 7 7 5 1 3 20 7 7 5 1 4 20 7 7 5 2 1 20 7 7 5 2 2 20 7 7 5 2 3 20 7 7 5 2 4 20 7 7 5 3 0 20 7 7 5 3 1 20 7 7 5 3 2 20 7 7 5 3 3 20 7 7 5 3 4 139 6 1 6 4 1 20 7 7 5 4 2 20 7 7 5 4 6 20 7 7 5 4 7 20 7 7 5 5 3 20 7 7 5 5 6 20 7 7 5 5 7 20 7 7 5 5 8 20 7 7 5 6 3 20 7 7 5 6 4 1150 4 6 8 7 4 1150 4 6 8
2 1 2 5 0 3 0 4 0 5 1 1 1 3 8 1 0 1 4 0 3 0 4 0 5 1 1 1 2 1 3 19 4 1 5 2 1 0 19 4 1 5 1 4 6 4 1 4
5 2 4 6 1 3 1 4 1 5 2 1 2 3 3 3 19 0 3 2 2 2 5 2 6 3 0 3 1 3 2 3 4 4 2 4 3 5 2 6 2 1 3 1 4 1 5 2 1 2 3 2 4 3 3 513 4 2 5 12 0 3 513 4 2 5 2 2 139 0 0 0 2 5 513 4 2 5 2 6 513 4 2 5 3 0 513 4 2 5 3 1 513 4 2 5 3 2 513 4 2 5 3 4 513 4 2 5 4 2 513 4 2 5 4 3 513 4 2 5 5 2 513 4 2 5 6 2 513 4 2 5
9 2 3 5 1 5 1 6 1 7 2 5 3 5 34 0 5 2 0 2 1 2 2 2 4 2 6 2 7 2 8 2 9 2 10 3 1 3 2 3 3 3 4 3 6 3 7 3 8 3 9 4 0 4 1 4 2 4 4 4 5 4 7 4 8 4 9 5 4 6 4 1 5 1 6 1 7 2 3 2 5 3 5 1152 0 1 2 28 0 5 1152 0 1 2 2 0 1152 0 1 2 2 1 1152 0 1 2 2 2 1153 0 0 2 2 4 664 5 0 10 2 6 1044 0 0 0 2 7 1152 0 1 2 2 8 1152 0 1 2 2 9 1152 0 1 2 2 10 1152 0 1 2 3 1 1152 0 1 2 3 2 1152 0 1 2 3 3 1152 0 1 2 3 4 1152 0 1 2 3 6 1152 0 1 2 3 7 1152 0 1 2 3 8 1152 0 1 2 3 9 1152 0 1 2 4 0 1152 0 1 2 4 1 1152 0 1 2 4 2 1152 0 1 2 4 4 1152 0 1 2 4 5 1152 0 1 2 4 7 1152 0 1 2 4 8 1152 0 1 2 4 9 1152 0 1 2 5 4 1152 0 1 2 6 4 1152 0 1 2
10 5 5 4 3 5 3 6 3 7 4 5 45 0 4 1 4 1 5 2 4 2 5 4 0 4 1 4 2 4 3 4 4 4 6 4 7 4 8 4 9 4 10 5 1 5 2 5 3 5 4 5 6 5 7 5 8 5 9 6 0 6 1 6 2 6 3 6 4 6 5 6 6 6 7 6 8 6 9 7 4 7 5 7 6 7 7 7 8 8 4 8 6 3 5 3 6 3 7 4 5 5 5 439 5 2 8 40 0 4 439 5 2 8 1 4 439 5 2 8 1 5 439 5 2 8 2 4 439 5 2 8 2 5 299 5 3 8 4 0 439 5 2 8 4 1 439 5 2 8 4 2 439 5 2 8 4 3 439 5 2 8 4 4 439 5 2 8 4 6 119 5 2 8 4 7 439 5 2 8 4 8 439 5 2 8 4 9 439 5 2 8 4 10 439 5 2 8 5 1 439 5 2 8 5 2 439 5 2 8 5 3 439 5 2 8 5 4 439 5 2 8 5 6 461 5 2 8 5 7 461 5 2 8 5 8 461 5 2 8 5 9 439 5 2 8 6 0 439 5 2 8 6 1 439 5 2 8 6 2 439 5 2 8 6 3 461 5 2 8 6 4 1151 7 8 9 6 5 693 4 6 9 6 6 1154 0 2 0 6 7 439 5 2 8 6 8 439 5 2 8 6 9 439 5 2 8 7 4 693 4 6 9 7 5 119 0 2 2 7 6 693 4 6 9 7 7 439 5 2 8 7 8 439 5 2 8 8 4 693 4 6 9 8 6 693 4 6 9
2 0 4 5 0 3 0 6 1 1 1 2 1 3 8 0 5 1 0 0 3 0 4 0 6 1 1 1 2 1 3 6 4 1 4 2 0 5 6 4 1 4 1 0 513 0 0 2
3 1 3 7 0 2 0 3 0 4 1 2 1 4 2 2 2 4 14 1 0 1 1 1 5 1 6 2 1 2 5 0 2 0 3 0 4 1 2 1 3 1 4 2 2 2 4 665 5 0 6 6 1 0 665 5 0 6 1 1 665 5 0 6 1 5 665 0 0 0 1 6 665 0 0 0 2 1 665 0 0 0 2 5 665 5 0 6
4 4 4 7 0 3 3 2 3 3 3 4 4 2 5 2 5 4 18 1 3 2 3 4 0 4 1 4 3 4 5 4 6 5 1 5 5 6 4 0 3 3 2 3 3 3 4 4 2 4 4 5 2 5 4 1156 2 6 3 10 1 3 1157 0 3 0 2 3 1157 0 3 0 4 0 1156 2 6 3 4 1 1156 2 6 3 4 3 1156 2 6 3 4 5 1156 2 6 3 4 6 1156 2 6 3 5 1 1156 2 6 3 5 5 1156 2 6 3 6 4 1157 0 3 0
6 2 4 7 0 4 3 3 3 4 3 5 4 5 5 3 5 5 18 1 4 4 3 4 4 5 4 5 6 6 0 6 1 6 2 6 3 6 4 0 4 2 4 3 3 3 4 3 5 4 5 5 3 5 5 513 2 4 4 10 1 4 795 0 2 0 4 3 513 2 4 4 4 4 513 2 4 4 5 4 513 2 4 4 5 6 513 2 4 4 6 0 513 2 4 4 6 1 513 2 4 4 6 2 513 2 4 4 6 3 513 2 4 4 6 4 513 2 4 4
4 2 4 6 0 3 1 1 1 3 2 1 2 2 2 3 13 1 0 1 4 1 5 3 4 3 5 4 4 0 3 1 1 1 3 2 1 2 2 2 3 2 4 1 1 2 0 6 1 0 233 0 0 1 1 4 1 1 2 0 1 5 1 1 2 0 3 4 1 1 2 0 3 5 1 1 2 0 4 4 1 1 2 0
5 2 4 5 0 5 1 3 1 5 2 3 2 5 21 1 0 1 1 1 2 1 6 1 7 1 8 2 1 2 2 2 6 3 0 3 1 3 2 3 6 3 7 4 6 0 5 1 3 1 5 2 3 2 4 2 5 77 4 2 8 15 1 0 77 4 2 8 1 1 77 4 2 8 1 2 77 4 2 8 1 6 77 1 2 0 1 7 77 1 2 0 1 8 77 1 2 0 2 1 77 1 2 0 2 2 1160 0 0 2 2 6 105 0 1 0 3 0 77 1 2 0 3 1 77 1 2 0 3 2 77 1 2 0 3 6 77 1 2 0 3 7 77 1 2 0 4 6 77 1 2 0
6 4 5 7 0 4 3 3 3 4 3 5 4 3 5 3 5 5 27 1 4 2 4 4 0 4 1 4 2 4 6 4 7 4 8 5 2 5 4 5 6 5 7 6 1 6 2 6 5 6 6 6 7 6 8 7 2 0 4 3 3 3 4 3 5 4 3 4 5 5 3 5 5 1156 2 6 4 19 1 4 1161 5 3 8 2 4 1161 5 3 8 4 0 1156 2 6 4 4 1 1156 2 6 4 4 2 1156 2 6 4 4 6 1156 2 6 4 4 7 1156 2 6 4 4 8 1156 2 6 4 5 2 1156 2 6 4 5 4 1156 2 6 4 5 6 1156 2 6 4 5 7 1156 2 6 4 6 1 1156 2 6 4 6 2 1156 2 6 4 6 5 1161 5 3 8 6 6 1156 2 6 4 6 7 1156 2 6 4 6 8 1156 2 6 4 7 2 1156 2 6 4
6 4 3 6 0 4 3 3 3 4 4 5 5 3 5 5 22 1 4 2 4 4 0 4 1 4 2 4 4 4 6 5 0 5 1 5 2 5 4 6 0 6 1 6 2 6 3 0 4 3 3 3 4 4 3 4 5 5 3 5 5 1156 7 6 4 15 1 4 245 0 4 0 2 4 245 0 4 0 4 0 1156 7 6 4 4 1 1156 7 6 4 4 2 1156 7 6 4 4 4 1156 7 6 4 4 6 1156 7 6 4 5 0 1156 7 6 4 5 1 1156 7 6 4 5 2 1156 7 6 4 5 4 1156 7 6 4 6 0 1156 7 6 4 6 1 1156 7 6 4 6 2 1156 7 6 4 6 3 245 0 4 0
8 5 6 6 0 5 3 4 3 5 3 6 4 4 5 4 37 1 5 2 5 4 0 4 1 4 2 4 3 4 5 4 6 4 7 4 8 4 9 5 1 5 2 5 3 5 5 5 7 5 8 5 9 6 1 6 2 6 3 6 5 6 6 6 7 6 8 6 9 7 3 7 7 8 3 8 7 0 5 3 4 3 5 3 6 4 4 5 4 5 6 1158 0 0 2 30 1 5 194 5 3 9 2 5 194 5 3 9 4 0 1158 0 0 2 4 1 1158 0 0 2 4 2 1159 5 0 9 4 3 1159 5 0 9 4 5 1162 0 0 1 4 6 194 5 3 9 4 7 1159 5 0 9 4 8 1159 5 0 9 4 9 1158 0 0 2 5 1 1158 0 0 2 5 2 1158 0 0 2 5 3 1163 5 0 9 5 5 1158 0 0 2 5 7 1159 5 0 9 5 8 1158 0 0 2 5 9 1158 0 0 2 6 1 1158 0 0 2 6 2 1158 0 0 2 6 3 1158 0 0 2 6 5 1158 0 0 2 6 6 403 5 3 9 6 7 1158 0 0 2 6 8 1158 0 0 2 6 9 1158 0 0 2 7 3 1158 0 0 2 7 7 1158 0 0 2 8 3 1158 0 0 2 8 7 1158 0 0 2
9 5 4 5 0 5 3 4 3 5 3 6 4 4 42 1 5 2 5 4 0 4 1 4 2 4 3 4 5 4 6 4 7 4 8 4 9 5 1 5 2 5 3 5 5 5 6 5 7 5 8 5 9 6 1 6 2 6 3 6 4 6 5 6 6 6 7 6 8 6 9 7 3 7 4 7 5 7 6 7 7 8 3 8 5 8 7 0 5 3 4 3 5 3 6 4 4 5 4 1156 7 6 5 36 1 5 177 2 8 4 2 5 299 5 3 7 4 0 1156 7 6 5 4 1 1156 7 6 5 4 2 1156 7 6 5 4 3 1156 7 6 5 4 5 1156 7 6 5 4 6 1156 7 6 5 4 7 1156 7 6 5 4 8 1156 7 6 5 4 9 1156 7 6 5 5 1 1156 7 6 5 5 2 1156 7 6 5 5 3 1156 7 6 5 5 5 1156 7 6 5 5 6 1156 7 6 5 5 7 1156 7 6 5 5 8 1156 7 6 5 5 9 1156 7 6 5 6 1 1156 7 6 5 6 2 1156 7 6 5 6 3 1156 7 6 5 6 4 1164 0 0 0 6 5 1156 7 6 5 6 6 1156 7 6 5 6 7 1156 7 6 5 6 8 1156 7 6 5 6 9 1156 7 6 5 7 3 1156 7 6 5 7 4 1156 7 6 5 7 5 1156 7 6 5 7 6 1156 7 6 5 7 7 1156 7 6 5 8 3 1156 7 6 5 8 5 1156 7 6 5 8 7 1156 7 6 5
11 4 5 5 0 6 0 7 3 5 3 6 3 7 56 0 4 0 8 0 9 1 3 1 4 1 5 1 6 1 7 2 4 2 5 2 6 4 0 4 1 4 2 4 3 4 4 4 6 4 7 4 8 4 9 4 10 5 1 5 2 5 3 5 4 5 5 5 6 5 7 5 8 5 9 5 10 6 0 6 1 6 2 6 3 6 4 6 5 6 6 6 7 6 8 6 9 6 10 7 4 7 5 7 6 7 7 7 8 8 4 8 6 8 8 0 6 0 7 3 5 3 6 3 7 4 5 964 0 0 3 50 0 4 964 0 0 3 0 8 1155 0 0 0 0 9 1155 0 0 0 1 3 1155 0 0 0 1 4 1165 0 0 1 1 5 1165 0 0 1 1 6 1155 0 0 0 1 7 1155 0 0 0 2 4 964 0 0 3 2 5 1165 0 0 1 2 6 1155 0 0 0 4 0 964 0 0 3 4 1 964 0 0 3 4 2 964 0 0 3 4 3 964 0 0 3 4 4 964 0 0 3 4 6 964 0 0 3 4 7 964 0 0 3 4 8 964 0 0 3 4 9 964 0 0 3 4 10 964 0 0 3 5 1 964 0 0 3 5 2 964 0 0 3 5 3 964 0 0 3 5 4 964 0 0 3 5 5 964 0 0 3 5 6 964 0 0 3 5 7 964 0 0 3 5 8 964 0 0 3 5 9 964 0 0 3 5 10 964 0 0 3 6 0 964 0 0 3 6 1 964 0 0 3 6 2 964 0 0 3 6 3 964 0 0 3 6 4 964 0 0 3 6 5 964 0 0 3 6 6 964 0 0 3 6 7 964 0 0 3 6 8 964 0 0 3 6 9 964 0 0 3 6 10 964 0 0 3 7 4 964 0 0 3 7 5 964 0 0 3 7 6 964 0 0 3 7 7 964 0 0 3 7 8 964 0 0 3 8 4 964 0 0 3 8 6 964 0 0 3 8 8 964 0 0 3
10 4 4 3 1 4 2 4 3 4 35 0 5 1 5 1 6 1 7 2 2 2 3 2 5 2 6 2 7 2 8 3 2 3 3 3 5 3 6 3 7 3 8 4 0 4 1 4 2 4 3 4 5 4 6 4 7 5 0 5 1 5 2 5 3 5 4 5 5 5 6 6 3 1 4 2 4 3 4 4 4 5 7 6 5 31 0 5 414 0 1 0 1 5 414 0 1 0 1 6 5 7 6 5 1 7 5 7 6 5 2 2 5 7 6 5 2 3 5 7 6 5 2 5 414 0 1 0 2 6 5 7 6 5 2 7 5 7 6 5 2 8 5 7 6 5 3 2 5 7 6 5 3 3 5 7 6 5 3 5 5 7 6 5 3 6 5 7 6 5 3 7 5 7 6 5 3 8 5 7 6 5 4 0 5 7 6 5 4 1 5 7 6 5 4 2 5 7 6 5 4 3 386 5 0 8 4 5 5 7 6 5 4 6 5 7 6 5 4 7 5 7 6 5 5 0 5 7 6 5 5 1 5 7 6 5 5 2 5 7 6 5 5 3 386 5 0 8 5 4 414 0 1 0 5 5 5 7 6 5 5 6 5 7 6 5 6 3 414 0 1 0
5 3 4 5 0 5 1 5 2 5 3 3 3 5 14 2 4 2 6 3 1 3 2 4 0 4 1 4 2 4 4 0 5 1 5 2 5 3 3 3 4 3 5 1 7 4 5 8 2 4 1 7 4 5 2 6 1 7 4 5 3 1 1 7 4 5 3 2 1 7 4 5 4 0 1 7 4 5 4 1 1 7 4 5 4 2 1 7 4 5 4 4 268 0 2 0
4 1 3 7 0 3 0 4 1 1 3 1 3 2 3 3 3 4 16 0 5 0 6 1 0 1 2 1 4 2 3 4 4 4 5 0 3 0 4 1 1 1 3 3 1 3 2 3 3 3 4 158 1 4 1 8 0 5 158 1 4 1 0 6 158 1 4 1 1 0 158 1 4 1 1 2 158 1 4 1 1 4 158 1 4 1 2 3 244 4 1 6 4 4 244 4 1 6 4 5 244 4 1 6
6 3 5 6 1 2 1 3 1 4 1 5 4 2 4 3 25 0 1 0 2 0 4 2 3 2 4 2 5 2 6 3 2 3 3 3 4 3 6 4 0 4 1 4 5 4 6 5 5 5 6 6 6 1 2 1 3 1 4 1 5 3 5 4 2 4 3 1169 4 4 6 18 0 1 1168 2 6 2 0 2 1168 2 6 2 0 4 1169 4 4 6 2 3 1168 2 6 2 2 4 1169 4 4 6 2 5 1169 4 4 6 2 6 1169 4 4 6 3 2 1168 2 6 2 3 3 1168 2 6 2 3 4 1168 2 6 2 3 6 1168 2 6 2 4 0 1168 2 6 2 4 1 1168 2 6 2 4 5 1169 4 4 6 4 6 1169 4 4 6 5 5 1169 4 4 6 5 6 1169 4 4 6 6 6 1169 4 4 6
10 5 4 5 2 6 2 7 5 5 5 6 5 7 47 0 3 1 3 1 4 2 3 2 4 2 8 2 9 3 3 3 4 3 5 3 6 3 7 4 1 4 2 4 3 4 4 4 5 4 6 5 1 5 2 5 3 6 0 6 1 6 2 6 4 6 5 6 6 6 7 6 8 7 3 7 4 7 5 7 6 7 7 8 4 8 5 8 6 8 7 9 4 9 5 9 6 2 6 2 7 5 4 5 5 5 6 5 7 5 1 6 2 41 0 3 5 1 6 2 1 3 5 1 6 2 1 4 5 1 6 2 2 3 5 1 6 2 2 4 5 1 6 2 2 8 5 1 6 2 2 9 5 1 6 2 3 3 5 1 6 2 3 4 5 1 6 2 3 5 5 1 6 2 3 6 5 1 6 2 3 7 5 1 6 2 4 1 5 1 6 2 4 2 386 7 9 8 4 3 386 7 9 8 4 4 386 7 9 8 4 5 5 1 6 2 4 6 5 1 6 2 5 1 5 1 6 2 5 2 5 1 6 2 5 3 1170 4 6 9 6 0 5 1 6 2 6 1 5 1 6 2 6 2 5 1 6 2 6 4 5 1 6 2 6 5 5 1 6 2 6 6 1170 4 6 9 6 7 987 7 9 7 6 8 987 7 9 7 7 3 5 1 6 2 7 4 5 1 6 2 7 5 5 1 6 2 7 6 5 1 6 2 7 7 5 1 6 2 8 4 5 1 6 2 8 5 5 1 6 2 8 6 5 1 6 2 8 7 5 1 6 2 9 4 5 1 6 2 9 5 5 1 6 2 9 6 5 1 6 2
5 1 3 4 1 4 1 5 1 6 1 7 19 0 1 0 2 0 3 0 6 0 7 0 8 1 1 1 2 2 0 2 1 2 2 2 4 2 5 2 6 1 3 1 4 1 5 1 6 1 7 2 4 1 8 14 0 1 2 4 1 8 0 2 2 4 1 8 0 3 2 4 1 8 0 6 407 6 0 6 0 7 407 6 0 6 0 8 407 6 0 6 1 1 2 4 1 8 1 2 2 4 1 8 2 0 2 4 1 8 2 1 2 4 1 8 2 2 2 4 1 8 2 4 2 4 1 8 2 5 2 4 1 8 2 6 2 4 1 8
7 1 4 5 1 5 1 6 1 7 4 6 4 7 35 0 1 0 2 0 3 0 5 0 6 0 7 0 8 1 1 1 2 1 3 2 0 2 1 2 2 2 3 2 4 2 5 2 6 3 3 3 4 3 5 3 6 3 7 4 3 4 4 4 8 4 9 5 3 5 4 6 3 1 4 1 5 1 6 1 7 4 6 4 7 203 0 0 1 29 0 1 1170 5 0 9 0 2 1170 5 0 9 0 3 1170 5 0 9 0 5 203 0 0 1 0 6 504 6 0 7 0 7 504 6 0 7 0 8 504 6 0 7 1 1 203 0 0 1 1 2 1170 5 0 9 1 3 1170 5 0 9 2 0 203 0 0 1 2 1 1170 5 0 9 2 2 1170 5 0 9 2 3 1172 0 0 0 2 4 203 0 0 1 2 5 203 0 0 1 2 6 203 0 0 1 3 3 203 0 0 1 3 4 203 0 0 1 3 5 203 0 0 1 3 6 203 0 0 1 3 7 203 0 0 1 4 3 203 0 0 1 4 4 203 0 0 1 4 8 203 0 0 1 4 9 203 0 0 1 5 3 203 0 0 1 5 4 203 0 0 1 6 3 203 0 0 1
12 5 5 4 2 6 2 7 5 6 5 7 71 0 3 1 3 1 4 1 6 2 3 2 4 2 8 2 9 3 3 3 4 3 5 3 6 3 7 4 0 4 1 4 2 4 3 4 4 4 5 4 6 5 1 5 2 5 3 5 4 6 0 6 1 6 2 6 3 6 4 6 5 6 6 6 7 6 8 6 9 6 10 7 1 7 2 7 3 7 4 7 5 7 6 7 7 7 8 7 9 7 10 8 0 8 1 8 2 8 3 8 4 8 5 8 6 8 7 8 8 8 9 8 10 9 3 9 4 9 5 9 6 9 7 9 8 10 4 10 5 10 6 10 8 2 6 2 7 5 5 5 6 5 7 1173 1 6 0 66 0 3 1137 7 10 8 1 3 1137 7 10 8 1 4 1137 7 10 8 1 6 1137 7 10 8 2 3 1137 7 10 8 2 4 1140 0 2 2 2 8 1137 7 10 8 2 9 1137 7 10 8 3 3 1137 7 10 8 3 4 1146 0 1 1 3 5 1137 7 10 8 3 6 1137 7 10 8 3 7 1137 7 10 8 4 0 1137 7 10 8 4 1 1137 7 10 8 4 2 1166 0 2 0 4 3 1166 0 2 0 4 4 1146 0 1 1 4 5 1137 7 10 8 4 6 1137 7 10 8 5 1 1137 7 10 8 5 2 1137 7 10 8 5 3 1166 0 2 0 5 4 1166 0 2 0 6 0 1137 7 10 8 6 1 1137 7 10 8 6 2 1167 6 1 8 6 3 1171 0 0 0 6 4 1173 1 6 0 6 5 1140 0 2 2 6 6 948 0 1 0 6 7 989 7 9 7 6 8 989 7 9 7 6 9 1137 7 10 8 6 10 1137 7 10 8 7 1 1167 6 1 8 7 2 1167 6 1 8 7 3 1173 1 6 0 7 4 1173 1 6 0 7 5 1173 1 6 0 7 6 1137 7 10 8 7 7 1137 7 10 8 7 8 1137 7 10 8 7 9 1137 7 10 8 7 10 1137 7 10 8 8 0 1137 7 10 8 8 1 1137 7 10 8 8 2 1137 7 10 8 8 3 1167 6 1 8 8 4 1173 1 6 0 8 5 1173 1 6 0 8 6 1137 7 10 8 8 7 1137 7 10 8 8 8 1137 7 10 8 8 9 1137 7 10 8 8 10 1137 7 10 8 9 3 1167 6 1 8 9 4 1167 6 1 8 9 5 1173 1 6 0 9 6 1137 7 10 8 9 7 1137 7 10 8 9 8 1137 7 10 8 10 4 1137 7 10 8 10 5 1167 6 1 8 10 6 1137 7 10 8 10 8 1137 7 10 8
6 3 3 5 1 3 1 5 3 4 4 3 4 4 22 0 3 0 5 2 3 2 5 2 6 2 7 3 0 3 1 3 2 3 5 3 6 3 7 4 0 4 1 4 2 5 4 1 3 1 5 3 3 3 4 4 3 4 4 136 3 0 3 16 0 3 791 1 4 0 0 5 136 3 0 3 2 3 791 1 4 0 2 5 136 3 0 3 2 6 136 3 0 3 2 7 136 3 0 3 3 0 136 3 0 3 3 1 136 3 0 3 3 2 136 3 0 3 3 5 136 3 0 3 3 6 136 3 0 3 3 7 136 3 0 3 4 0 136 3 0 3 4 1 136 3 0 3 4 2 136 3 0 3 5 4 791 1 4 0
7 3 4 5 1 3 1 4 1 5 4 3 4 4 24 0 3 0 5 2 3 2 4 2 5 2 6 2 7 3 0 3 1 3 2 3 3 3 5 3 6 3 7 4 0 4 1 4 2 5 4 1 3 1 4 1 5 3 4 4 3 4 4 552 2 4 3 18 0 3 949 7 5 5 0 5 949 2 5 3 2 3 552 2 4 3 2 4 1175 0 0 0 2 5 552 2 4 3 2 6 552 2 4 3 2 7 552 2 4 3 3 0 552 2 4 3 3 1 552 2 4 3 3 2 552 2 4 3 3 3 552 2 4 3 3 5 552 2 4 3 3 6 552 2 4 3 3 7 552 2 4 3 4 0 552 2 4 3 4 1 552 2 4 3 4 2 552 2 4 3 5 4 552 2 4 3
8 1 3 4 1 4 1 5 4 4 4 5 35 0 0 0 1 0 2 0 3 0 5 0 6 0 7 1 0 1 1 1 2 1 6 1 7 2 0 2 1 2 2 2 3 2 4 2 5 3 1 3 2 3 3 3 4 3 5 3 6 3 7 3 8 4 6 4 7 4 8 5 4 1 3 1 4 1 5 4 4 4 5 31 5 0 7 30 0 0 1176 5 0 8 0 1 1176 5 0 8 0 2 1176 5 0 8 0 3 221 4 2 7 0 5 1034 1 4 0 0 6 1034 1 4 0 0 7 1034 1 4 0 1 0 31 5 0 7 1 1 1034 1 4 0 1 2 1176 5 0 8 1 6 1176 5 0 8 1 7 31 5 0 7 2 0 1034 1 4 0 2 1 1034 1 4 0 2 2 1034 1 4 0 2 3 971 1 4 0 2 4 31 5 0 7 2 5 31 5 0 7 3 1 31 5 0 7 3 2 31 5 0 7 3 3 31 5 0 7 3 4 31 5 0 7 3 5 31 5 0 7 3 6 31 5 0 7 3 7 31 5 0 7 3 8 31 5 0 7 4 6 31 5 0 7 4 7 31 5 0 7 4 8 31 5 0 7 5 4 31 5 0 7
8 4 4 4 1 5 1 6 4 5 4 6 40 0 5 1 3 1 7 1 8 1 9 2 2 2 3 2 4 2 5 2 6 2 7 2 8 2 9 3 0 3 1 3 2 3 3 3 4 3 5 3 6 4 1 4 2 4 3 4 7 4 8 5 0 5 1 5 2 5 3 5 4 5 5 5 6 6 3 6 4 7 3 1 5 1 6 4 4 4 5 4 6 956 0 2 0 35 0 5 956 0 2 0 1 3 956 0 2 0 1 7 956 0 2 0 1 8 956 0 2 0 1 9 956 0 2 0 2 2 956 0 2 0 2 3 956 0 2 0 2 4 956 1 6 0 2 5 956 0 2 0 2 6 956 0 2 0 2 7 956 0 2 0 2 8 956 0 2 0 2 9 956 0 2 0 3 0 956 1 6 0 3 1 1034 0 1 1 3 2 1034 0 1 1 3 3 1034 0 1 1 3 4 956 1 6 0 3 5 956 1 6 0 3 6 956 1 6 0 4 1 1034 0 1 1 4 2 1034 0 1 1 4 3 1176 4 5 9 4 7 1176 4 5 9 4 8 1034 0 1 1 5 0 956 0 2 0 5 1 1176 4 5 9 5 2 1176 4 5 9 5 3 1176 4 5 9 5 4 956 0 2 0 5 5 956 0 2 0 5 6 956 0 2 0 6 3 956 1 6 0 6 4 956 0 2 0 7 3 956 1 6 0
13 7 6 3 4 6 4 7 7 7 105 0 5 0 7 1 5 1 6 1 7 1 10 2 3 2 5 2 6 2 7 2 8 2 9 2 10 3 3 3 4 3 5 3 6 3 8 3 9 3 10 4 3 4 4 4 8 4 9 4 10 5 3 5 4 5 5 5 6 5 7 5 8 5 9 5 10 5 11 6 0 6 1 6 2 6 3 6 4 6 5 6 6 6 7 6 9 6 10 6 11 7 1 7 2 7 3 7 4 7 5 7 8 7 9 7 10 7 11 7 12 8 0 8 1 8 2 8 3 8 4 8 5 8 6 8 7 8 8 8 9 8 10 8 11 8 12 9 1 9 2 9 3 9 4 9 5 9 6 9 7 9 8 9 9 9 10 10 0 10 1 10 2 10 3 10 4 10 5 10 6 10 7 10 8 10 9 10 10 11 3 11 4 11 5 11 6 11 7 11 8 11 9 11 10 12 4 12 5 12 6 12 8 4 6 4 7 7 6 7 7 1177 1 8 2 101 0 5 104 5 5 11 0 7 104 5 5 11 1 5 104 5 5 11 1 6 104 5 5 11 1 7 104 5 5 11 1 10 104 5 5 11 2 3 104 5 5 11 2 5 104 5 5 11 2 6 104 5 5 11 2 7 104 5 5 11 2 8 104 5 5 11 2 9 104 5 5 11 2 10 104 5 5 11 3 3 104 5 5 11 3 4 104 5 5 11 3 5 104 5 5 11 3 6 104 5 5 11 3 8 104 5 5 11 3 9 104 5 5 11 3 10 104 5 5 11 4 3 104 5 5 11 4 4 104 5 5 11 4 8 104 5 5 11 4 9 104 5 5 11 4 10 104 5 5 11 5 3 104 5 5 11 5 4 104 5 5 11 5 5 104 5 5 11 5 6 104 5 5 11 5 7 1087 0 5 1 5 8 104 5 5 11 5 9 104 5 5 11 5 10 104 5 5 11 5 11 104 5 5 11 6 0 104 5 5 11 6 1 104 5 5 11 6 2 104 5 5 11 6 3 1116 2 11 4 6 4 1121 2 12 5 6 5 1126 5 3 12 6 6 1136 5 3 12 6 7 1174 0 2 0 6 9 1087 0 5 1 6 10 1087 0 5 1 6 11 1087 0 5 1 7 1 104 5 5 11 7 2 104 5 5 11 7 3 104 5 5 11 7 4 1121 2 12 5 7 5 1121 2 12 5 7 8 1174 0 2 0 7 9 1174 0 2 0 7 10 1087 0 5 1 7 11 104 5 5 11 7 12 104 5 5 11 8 0 104 5 5 11 8 1 104 5 5 11 8 2 104 5 5 11 8 3 1116 2 11 4 8 4 1116 2 11 4 8 5 1116 2 11 4 8 6 1177 1 8 2 8 7 968 1 10 1 8 8 1178 0 3 1 8 9 1178 0 3 1 8 10 1177 1 8 2 8 11 1087 0 5 1 8 12 104 5 5 11 9 1 104 5 5 11 9 2 104 5 5 11 9 3 104 5 5 11 9 4 1177 1 8 2 9 5 1177 1 8 2 9 6 968 1 10 1 9 7 1136 5 3 12 9 8 1087 0 5 1 9 9 104 5 5 11 9 10 104 5 5 11 10 0 104 5 5 11 10 1 104 5 5 11 10 2 104 5 5 11 10 3 104 5 5 11 10 4 1177 1 8 2 10 5 1177 1 8 2 10 6 968 1 10 1 10 7 1087 0 5 1 10 8 104 5 5 11 10 9 104 5 5 11 10 10 104 5 5 11 11 3 104 5 5 11 11 4 1087 0 5 1 11 5 104 5 5 11 11 6 1087 0 5 1 11 7 104 5 5 11 11 8 104 5 5 11 11 9 104 5 5 11 11 10 104 5 5 11 12 4 104 5 5 11 12 5 104 5 5 11 12 6 104 5 5 11 12 8 104 5 5 11
12 2 5 2 3 5 4 5 47 0 1 0 2 0 3 0 4 0 6 1 2 1 3 1 4 1 5 1 6 1 7 2 1 2 2 2 3 2 4 2 6 2 7 2 8 3 0 3 1 3 2 3 3 3 4 4 1 4 2 4 3 4 4 4 6 4 7 4 8 5 1 5 2 5 3 5 4 5 5 5 6 6 2 6 3 6 4 6 5 6 6 7 3 7 4 7 6 2 5 3 5 4 5 55 2 7 4 44 0 1 55 2 7 4 0 2 55 2 7 4 0 3 55 2 7 4 0 4 31 6 0 6 0 6 31 3 0 4 1 2 55 2 7 4 1 3 55 2 7 4 1 4 31 6 0 6 1 5 57 0 1 2 1 6 31 3 0 4 1 7 55 2 7 4 2 1 55 2 7 4 2 2 55 2 7 4 2 3 55 2 7 4 2 4 31 6 0 6 2 6 31 3 0 4 2 7 55 2 7 4 2 8 55 2 7 4 3 0 55 2 7 4 3 1 55 2 7 4 3 2 55 2 7 4 3 3 55 2 7 4 3 4 55 2 7 4 4 1 55 2 7 4 4 2 55 2 7 4 4 3 55 2 7 4 4 4 55 2 7 4 4 6 55 2 7 4 4 7 55 2 7 4 4 8 55 2 7 4 5 1 55 2 7 4 5 2 55 2 7 4 5 3 55 2 7 4 5 4 56 6 0 6 5 5 346 0 0 0 5 6 210 2 7 4 6 2 55 2 7 4 6 3 55 2 7 4 6 4 56 6 0 6 6 5 119 5 1 8 6 6 210 2 7 4 7 3 55 2 7 4 7 4 56 6 0 6 7 6 210 2 7 4
3 1 4 5 0 2 0 5 1 1 1 2 1 3 10 0 0 0 1 0 4 1 5 0 2 0 5 1 1 1 2 1 3 1 4 0 4 1 5 4 0 0 0 4 1 5 0 1 0 4 1 5 0 4 47 4 1 5 1 5 0 4 1 5
4 3 2 6 0 3 1 3 2 0 2 3 3 3 3 4 13 2 1 2 4 2 5 3 0 3 1 4 2 0 3 1 3 2 0 2 3 3 2 3 3 3 4 1 7 4 3 6 2 1 1 7 4 3 2 4 1 7 4 3 2 5 1 7 4 3 3 0 1 7 4 3 3 1 1 7 4 3 4 2 1181 5 2 5
5 3 4 5 0 3 1 3 2 0 2 3 3 3 14 2 1 2 4 2 5 3 0 3 1 3 2 4 2 4 4 0 3 1 3 2 0 2 3 3 3 3 4 1 2 4 3 8 2 1 1 2 4 3 2 4 1 2 4 3 2 5 1 2 4 3 3 0 1 2 4 3 3 1 1 2 4 3 3 2 1 2 4 3 4 2 1 2 4 3 4 4 1182 0 0 0
6 3 2 4 0 4 3 3 3 4 3 5 21 0 5 1 4 1 5 2 0 2 1 2 2 2 5 2 6 3 1 4 0 4 1 4 2 4 4 4 5 4 6 5 4 0 4 3 2 3 3 3 4 3 5 14 6 2 5 16 0 5 14 6 2 5 1 4 14 6 2 5 1 5 14 6 2 5 2 0 1183 3 0 2 2 1 1183 3 0 2 2 2 1183 3 0 2 2 5 14 6 2 5 2 6 14 6 2 5 3 1 1183 3 0 2 4 0 1183 3 0 2 4 1 1183 3 0 2 4 2 1183 3 0 2 4 4 14 6 2 5 4 5 14 6 2 5 4 6 14 6 2 5 5 4 14 6 2 5
2 0 4 7 0 3 1 0 1 2 1 3 2 3 3 3 4 3 10 1 1 1 4 0 3 0 4 1 0 1 2 1 3 2 3 3 3 4 3 0 3 0 3 2 1 1 0 3 0 3 1 4 513 4 1 4
4 1 2 6 0 3 1 0 1 3 2 3 3 3 4 3 15 0 4 1 1 1 4 2 2 4 2 5 2 5 3 6 2 0 3 1 0 1 2 1 3 2 3 3 3 4 3 1185 0 0 0 8 0 4 32 7 6 3 1 1 32 7 6 3 1 4 32 7 6 3 2 2 1185 0 0 0 4 2 1185 0 0 0 5 2 1185 0 0 0 5 3 1185 0 0 0 6 2 1185 0 0 0
5 4 3 5 0 3 1 0 1 3 2 3 3 3 18 0 4 1 1 1 2 1 4 2 2 3 4 4 2 4 4 5 2 5 3 5 4 6 2 0 3 1 0 1 3 2 3 3 3 4 3 2 2 5 3 12 0 4 2 2 5 3 1 1 2 2 5 3 1 2 2 2 5 3 1 4 2 2 5 3 2 2 2 2 5 3 3 4 1186 0 0 0 4 2 2 2 5 3 4 4 1186 0 0 0 5 2 2 2 5 3 5 3 2 2 5 3 5 4 1186 0 0 0 6 2 2 2 5 3
2 1 3 7 0 1 0 2 0 3 0 4 0 5 0 6 1 4 10 0 0 1 2 0 1 0 2 0 3 0 4 0 5 0 6 1 3 1 4 1 0 0 2 2 0 0 1 0 0 2 1 2 6 5 0 4
3 2 2 7 0 3 1 3 2 0 2 3 3 3 4 3 5 3 14 1 4 2 1 2 4 3 2 4 2 6 3 0 3 1 3 2 0 2 2 2 3 3 3 4 3 5 3 1188 7 6 3 6 1 4 1188 7 6 3 2 1 1188 7 6 3 2 4 1188 7 6 3 3 2 1185 0 1 0 4 2 1185 0 1 0 6 3 1185 0 1 0
4 5 3 6 0 3 1 3 2 0 2 3 3 3 4 3 17 1 4 2 1 2 2 2 4 3 2 4 2 4 4 5 4 6 3 6 4 0 3 1 3 2 0 2 3 3 3 4 3 5 3 2 2 6 3 10 1 4 2 2 6 3 2 1 2 2 6 3 2 2 2 2 6 3 2 4 2 2 6 3 3 2 2 2 6 3 4 2 2 2 6 3 4 4 1189 0 0 0 5 4 1189 0 0 0 6 3 2 2 6 3 6 4 1189 0 0 0
6 4 3 5 0 3 1 3 2 0 2 3 3 3 20 1 4 2 1 2 2 2 4 3 2 4 2 4 4 5 2 5 3 5 4 6 2 6 3 6 4 7 2 0 3 1 3 2 0 2 3 3 3 4 3 2 7 5 3 14 1 4 2 7 5 3 2 1 2 7 5 3 2 2 2 7 5 3 2 4 2 7 5 3 3 2 14 0 1 2 4 2 1187 0 1 0 4 4 2 7 5 3 5 2 1190 0 0 0 5 3 2 7 5 3 5 4 2 7 5 3 6 2 2 7 5 3 6 3 2 7 5 3 6 4 2 7 5 3 7 2 2 7 5 3
5 1 3 6 0 4 0 5 1 4 3 3 3 4 3 5 19 0 6 0 7 1 1 1 2 1 5 2 0 2 1 2 2 2 3 3 2 3 6 4 3 0 4 0 5 1 3 1 4 3 3 3 4 3 5 138 4 1 7 12 0 6 477 0 0 0 0 7 477 0 0 0 1 1 477 0 0 0 1 2 477 0 0 0 1 5 477 0 0 0 2 0 138 4 1 7 2 1 138 4 1 7 2 2 138 4 1 7 2 3 138 4 1 7 3 2 138 4 1 7 3 6 138 4 1 7 4 3 138 4 1 7
6 3 4 5 1 3 1 4 1 5 4 4 4 5 22 0 3 0 5 1 2 1 6 2 0 2 1 2 2 2 3 2 4 3 1 3 2 3 3 3 5 4 6 4 7 5 4 1 3 1 4 1 5 3 4 4 4 4 5 552 2 4 3 16 0 3 1074 0 0 1 0 5 1192 1 4 0 1 2 552 2 4 3 1 6 552 2 4 3 2 0 552 2 4 3 2 1 552 2 4 3 2 2 552 2 4 3 2 3 552 2 4 3 2 4 1192 1 4 0 3 1 552 2 4 3 3 2 552 2 4 3 3 3 552 2 4 3 3 5 552 2 4 3 4 6 552 2 4 3 4 7 552 2 4 3 5 4 552 2 4 3
7 1 4 5 1 5 1 6 1 7 4 5 4 6 30 0 0 0 1 0 2 0 3 0 4 0 5 0 6 1 1 1 2 1 3 2 0 2 1 2 2 2 3 2 4 2 5 3 2 3 3 3 4 3 5 3 6 4 7 4 8 5 5 1 4 1 5 1 6 1 7 4 5 4 6 504 7 2 7 24 0 0 1191 7 4 7 0 1 1193 0 0 1 0 2 1193 0 0 1 0 3 1193 0 0 1 0 4 1191 7 4 7 0 5 1193 0 0 1 0 6 965 1 4 1 1 1 965 1 4 1 1 2 965 1 4 1 1 3 965 1 4 1 2 0 504 7 2 7 2 1 965 1 4 1 2 2 965 1 4 1 2 3 965 1 4 1 2 4 504 7 2 7 2 5 504 7 2 7 3 2 504 7 2 7 3 3 504 7 2 7 3 4 504 7 2 7 3 5 504 7 2 7 3 6 504 7 2 7 4 7 504 7 2 7 4 8 504 7 2 7 5 5 504 7 2 7
5 3 5 7 1 3 1 4 1 5 1 6 4 2 4 4 4 5 18 0 6 0 7 2 5 3 4 3 6 4 1 4 3 5 0 5 1 5 2 1 3 1 4 1 5 1 6 3 5 4 2 4 4 4 5 158 0 0 3 10 0 6 896 0 3 0 0 7 896 0 3 0 2 5 896 0 3 0 3 4 158 0 0 3 3 6 158 0 0 3 4 1 158 0 0 3 4 3 158 0 0 3 5 0 158 0 0 3 5 1 158 0 0 3 5 2 158 0 0 3
6 4 2 6 1 3 1 4 1 5 1 6 4 4 4 5 27 0 0 0 1 0 2 0 6 0 7 1 1 1 2 2 1 2 2 2 3 2 5 3 2 3 4 3 5 3 6 4 1 4 3 5 0 5 1 5 2 1 3 1 4 1 5 1 6 4 2 4 4 4 5 1195 0 0 0 20 0 0 1195 0 0 0 0 1 1195 0 0 0 0 2 1195 0 0 0 0 6 521 7 4 6 0 7 521 7 4 6 1 1 1195 0 0 0 1 2 1195 0 0 0 2 1 1195 0 0 0 2 2 1195 0 0 0 2 3 1195 0 0 0 2 5 521 7 4 6 3 2 1195 0 0 0 3 4 521 7 4 6 3 5 521 7 4 6 3 6 521 7 4 6 4 1 521 7 4 6 4 3 521 7 4 6 5 0 521 7 4 6 5 1 521 7 4 6 5 2 521 7 4 6
7 1 6 5 1 3 1 4 1 5 4 4 4 5 32 0 0 0 1 0 2 0 6 0 7 0 8 1 1 1 2 1 7 2 1 2 2 2 3 2 5 2 6 2 7 2 8 3 2 3 4 3 5 3 6 4 1 4 2 4 3 5 0 5 1 5 2 1 3 1 4 1 5 1 6 4 4 4 5 3 0 1 1 26 0 0 3 0 1 1 0 1 3 0 1 1 0 2 3 0 1 1 0 6 3 0 1 1 0 7 3 0 1 1 0 8 3 0 1 1 1 1 3 0 1 1 1 2 14 2 2 3 1 7 3 0 1 1 2 1 14 2 2 3 2 2 14 2 2 3 2 3 14 2 2 3 2 5 14 2 2 3 2 6 1196 0 0 0 2 7 1196 0 0 0 2 8 3 0 1 1 3 2 3 0 1 1 3 4 3 0 1 1 3 5 3 0 1 1 3 6 3 0 1 1 4 1 3 0 1 1 4 2 3 0 1 1 4 3 3 0 1 1 5 0 3 0 1 1 5 1 3 0 1 1 5 2 3 0 1 1
5 3 2 4 0 5 3 3 3 4 3 5 20 1 5 2 0 2 1 2 2 2 3 2 5 2 6 2 7 3 1 3 6 4 0 4 1 4 2 4 4 4 5 0 5 3 2 3 3 3 4 3 5 33 4 3 7 15 1 5 33 4 3 7 2 0 33 4 3 7 2 1 732 0 0 0 2 2 732 0 0 0 2 3 732 0 0 0 2 5 45 6 2 5 2 6 45 6 2 5 2 7 732 0 0 0 3 1 33 4 3 7 3 6 732 0 0 0 4 0 33 4 3 7 4 1 33 4 3 7 4 2 33 4 3 7 4 4 33 4 3 7 4 5 33 4 3 7
8 4 7 4 1 5 1 6 4 5 4 6 45 0 5 0 8 0 9 0 10 1 7 1 8 1 9 2 2 2 3 2 4 2 5 2 6 2 8 3 0 3 1 3 2 3 3 3 4 3 5 3 7 3 8 3 9 3 10 4 1 4 2 4 3 4 4 4 8 4 9 5 0 5 1 5 2 5 3 5 4 5 5 5 6 5 8 5 9 5 10 6 6 1 5 1 6 4 5 4 6 4 7 56 0 3 3 40 0 5 56 0 3 3 0 8 56 0 3 3 0 9 56 0 3 3 0 10 56 0 3 3 1 7 56 0 3 3 1 8 56 0 3 3 1 9 56 0 3 3 2 2 56 0 3 3 2 3 56 0 3 3 2 4 56 0 3 3 2 5 56 0 3 3 2 6 56 0 3 3 2 8 56 0 3 3 3 0 56 0 3 3 3 1 56 0 3 3 3 2 56 0 3 3 3 3 53 4 5 10 3 4 53 4 5 10 3 5 53 4 5 10 3 7 1184 5 1 10 3 8 1194 1 5 0 3 9 1194 1 5 0 3 10 1197 4 5 10 4 1 56 0 3 3 4 2 56 0 3 3 4 3 56 0 3 3 4 4 1184 5 1 10 4 8 1194 1 5 0 4 9 1194 1 5 0 5 0 56 0 3 3 5 1 56 0 3 3 5 2 56 0 3 3 5 3 1184 5 1 10 5 4 1198 5 1 10 5 5 1197 4 5 10 5 6 1197 4 5 10 5 8 56 0 3 3 5 9 56 0 3 3 5 10 56 0 3 3 6 6 56 0 3 3
10 4 3 4 1 4 1 5 4 4 4 5 35 0 4 1 6 1 7 2 1 2 2 2 3 2 4 2 5 3 0 3 1 3 2 3 3 3 4 4 1 4 2 4 6 5 0 5 1 5 2 5 3 5 4 5 5 5 6 6 1 6 2 6 3 6 4 7 1 7 2 7 3 1 4 1 5 4 3 4 4 4 5 110 7 7 6 30 0 4 110 7 7 6 1 6 110 7 7 6 1 7 110 7 7 6 2 1 110 7 7 6 2 2 494 7 7 6 2 3 110 7 7 6 2 4 110 7 7 6 2 5 110 7 7 6 3 0 965 0 1 0 3 1 965 0 1 0 3 2 965 0 1 0 3 3 110 7 7 6 3 4 110 7 7 6 4 1 965 0 1 0 4 2 965 0 1 0 4 6 57 7 7 6 5 0 1193 1 5 0 5 1 1193 1 5 0 5 2 1193 1 5 0 5 3 494 7 7 6 5 4 1193 1 5 0 5 5 965 0 1 0 5 6 965 0 1 0 6 1 110 7 7 6 6 2 110 7 7 6 6 3 494 7 7 6 6 4 110 7 7 6 7 1 110 7 7 6 7 2 110 7 7 6 7 3 494 7 7 6
4 3 3 5 0 3 1 3 2 3 3 4 4 0 12 3 2 4 1 4 2 4 3 4 4 5 2 0 3 1 3 2 3 3 3 3 4 4 0 1 2 4 3 6 3 2 1 2 4 3 4 1 1 2 4 3 4 2 1 2 4 3 4 3 1 2 4 3 4 4 734 0 0 0 5 2 1 2 4 3
5 4 6 4 0 7 3 3 3 4 3 5 21 1 7 2 0 2 1 2 2 2 6 2 7 2 8 3 1 3 2 3 6 3 7 4 0 4 1 4 2 4 5 4 7 0 7 3 3 3 4 3 5 4 6 277 1 4 0 16 1 7 277 1 4 0 2 0 1201 3 0 3 2 1 1201 3 0 3 2 2 1201 3 0 3 2 6 277 1 4 0 2 7 277 1 4 0 2 8 277 1 4 0 3 1 1201 3 0 3 3 2 1201 3 0 3 3 6 277 1 4 0 3 7 277 1 4 0 4 0 1201 3 0 3 4 1 1201 3 0 3 4 2 1201 3 0 3 4 5 1201 3 0 3 4 7 277 1 4 0
5 1 2 6 0 4 1 1 1 4 2 1 2 4 4 1 17 0 2 0 5 1 3 2 2 2 5 3 1 4 0 5 0 5 1 6 0 0 4 1 1 1 2 1 4 2 1 2 4 4 1 552 0 0 1 10 0 2 552 0 0 1 0 5 896 7 6 2 1 3 896 7 6 2 2 2 552 0 0 1 2 5 896 7 6 2 3 1 552 0 0 1 4 0 552 0 0 1 5 0 552 0 0 1 5 1 552 0 0 1 6 0 552 0 0 1
5 2 4 6 1 4 1 5 1 7 4 3 4 4 4 5 21 0 7 0 8 0 9 1 6 1 8 2 3 2 5 3 4 4 2 4 6 5 0 5 1 5 2 5 3 1 4 1 5 1 7 2 4 4 3 4 4 4 5 553 0 1 0 14 0 7 553 0 1 0 0 8 553 0 1 0 0 9 553 0 1 0 1 6 553 0 1 0 1 8 553 0 1 0 2 3 553 0 1 0 2 5 553 0 1 0 3 4 896 4 2 9 4 2 896 4 2 9 4 6 896 4 2 9 5 0 896 4 2 9 5 1 896 4 2 9 5 2 896 4 2 9 5 3 896 4 2 9
6 1 7 5 1 4 1 5 4 3 4 4 4 5 33 0 7 0 8 0 9 1 6 1 8 2 3 2 4 2 5 2 7 3 0 3 1 3 2 3 4 3 6 3 7 3 8 4 1 4 2 4 6 4 7 5 0 5 1 5 2 5 3 5 5 5 6 5 7 1 4 1 5 1 7 4 3 4 4 4 5 1202 0 1 0 27 0 7 1202 0 1 0 0 8 1202 0 1 0 0 9 1202 0 1 0 1 6 1202 0 1 0 1 8 1202 0 1 0 2 3 1202 0 1 0 2 4 1202 0 1 0 2 5 1202 0 1 0 2 7 1203 3 0 3 3 0 1203 3 0 3 3 1 1203 3 0 3 3 2 1203 3 0 3 3 4 1202 0 1 0 3 6 1203 3 0 3 3 7 1203 3 0 3 3 8 1203 3 0 3 4 1 1203 3 0 3 4 2 1203 3 0 3 4 6 1203 3 0 3 4 7 1203 3 0 3 5 0 1203 3 0 3 5 1 1203 3 0 3 5 2 1203 3 0 3 5 3 1202 0 1 0 5 5 1204 0 0 0 5 6 1203 3 0 3 5 7 1203 3 0 3
10 4 5 4 1 6 1 7 4 6 4 7 51 0 3 0 4 0 9 0 10 0 11 1 3 1 4 1 8 1 9 1 10 2 3 2 4 2 5 2 6 2 7 2 9 3 0 3 1 3 2 3 3 3 4 3 5 3 6 3 8 3 9 3 10 4 1 4 2 4 3 4 4 4 8 4 9 5 0 5 1 5 2 5 3 5 4 5 5 5 7 5 8 5 9 5 10 6 4 6 5 7 4 7 5 1 6 1 7 4 5 4 6 4 7 31 4 5 9 46 0 3 31 4 5 9 0 4 31 4 5 9 0 9 31 4 5 9 0 10 31 4 5 9 0 11 31 4 5 9 1 3 31 4 5 9 1 4 31 4 5 9 1 8 31 4 5 9 1 9 31 4 5 9 1 10 31 4 5 9 2 3 31 4 5 9 2 4 31 4 5 9 2 5 31 4 5 9 2 6 31 4 5 9 2 7 31 4 5 9 2 9 31 4 5 9 3 0 31 4 5 9 3 1 31 4 5 9 3 2 56 1 5 3 3 3 969 5 1 10 3 4 971 5 1 10 3 5 1205 0 0 2 3 6 31 4 5 9 3 8 31 4 5 9 3 9 31 4 5 9 3 10 31 4 5 9 4 1 31 4 5 9 4 2 31 4 5 9 4 3 56 1 5 3 4 4 969 5 1 10 4 8 948 0 0 0 4 9 31 4 5 9 5 0 31 4 5 9 5 1 31 4 5 9 5 2 56 1 5 3 5 3 53 5 3 10 5 4 53 5 3 10 5 5 53 5 3 10 5 7 969 5 1 10 5 8 119 7 7 8 5 9 119 7 7 8 5 10 31 4 5 9 6 4 31 4 5 9 6 5 31 4 5 9 7 4 31 4 5 9 7 5 31 4 5 9
5 4 5 5 0 6 3 3 3 4 3 5 3 6 16 1 6 2 6 2 7 3 1 3 2 4 0 4 1 4 2 4 4 4 6 0 6 3 3 3 4 3 5 3 6 4 5 731 3 0 3 10 1 6 177 0 3 0 2 6 177 0 3 0 2 7 177 0 3 0 3 1 731 3 0 3 3 2 731 3 0 3 4 0 731 3 0 3 4 1 731 3 0 3 4 2 731 3 0 3 4 4 731 3 0 3 4 6 731 3 0 3
6 3 3 4 0 6 3 4 3 5 3 6 20 1 6 2 6 2 7 2 8 3 1 3 2 3 7 3 8 4 0 4 1 4 2 4 3 4 4 4 5 4 6 0 6 3 3 3 4 3 5 3 6 5 4 4 8 15 1 6 5 4 4 8 2 6 123 0 3 0 2 7 123 0 3 0 2 8 732 0 0 1 3 1 5 4 4 8 3 2 5 4 4 8 3 7 732 0 0 1 3 8 5 4 4 8 4 0 5 4 4 8 4 1 5 4 4 8 4 2 124 0 2 1 4 3 1207 0 0 0 4 4 732 0 0 1 4 5 5 4 4 8 4 6 5 4 4 8
10 4 4 5 1 5 1 6 4 5 4 6 4 7 35 0 4 0 5 0 8 1 7 1 8 2 4 2 5 2 6 2 7 2 8 3 0 3 1 3 2 3 3 3 4 3 5 3 7 3 8 4 1 4 2 4 3 5 1 5 2 5 3 5 5 5 6 5 7 5 8 6 6 1 5 1 6 4 4 4 5 4 6 4 7 1183 3 1 4 29 0 4 1183 3 1 4 0 5 1183 3 1 4 0 8 1183 3 1 4 1 7 1191 6 1 7 1 8 1183 3 1 4 2 4 1183 3 1 4 2 5 1183 3 1 4 2 6 1191 6 1 7 2 7 1191 6 1 7 2 8 1183 3 1 4 3 0 1183 3 1 4 3 1 1183 3 1 4 3 2 1183 3 1 4 3 3 1183 3 1 4 3 4 1183 3 1 4 3 5 1183 3 1 4 3 7 1191 6 1 7 3 8 1191 6 1 7 4 1 1183 3 1 4 4 2 1183 3 1 4 4 3 1183 3 1 4 5 1 1183 3 1 4 5 2 1183 3 1 4 5 3 1183 3 1 4 5 5 1183 3 1 4 5 6 1030 1 5 3 5 7 1191 6 1 7 5 8 1191 6 1 7 6 6 1191 6 1 7
11 4 5 4 1 6 1 7 4 6 4 7 56 0 3 0 4 0 5 0 7 0 8 1 3 1 4 1 5 2 3 2 4 2 5 2 6 2 7 2 8 3 0 3 1 3 2 3 3 3 4 3 5 3 7 3 8 3 9 3 10 3 11 3 12 4 1 4 2 4 3 4 4 4 8 4 9 4 10 4 11 5 0 5 1 5 2 5 3 5 4 5 5 5 6 5 7 5 9 5 10 5 11 6 4 6 5 6 6 7 4 7 5 7 6 1 6 1 7 4 5 4 6 4 7 31 5 3 9 51 0 3 31 5 3 9 0 4 31 5 3 9 0 5 31 5 3 9 0 7 31 5 3 9 0 8 31 5 3 9 1 3 31 5 3 9 1 4 31 5 3 9 1 5 31 5 3 9 2 3 31 5 3 9 2 4 31 5 3 9 2 5 31 5 3 9 2 6 31 5 3 9 2 7 31 5 3 9 2 8 31 5 3 9 3 0 31 5 3 9 3 1 31 5 3 9 3 2 1208 0 1 1 3 3 1208 0 1 1 3 4 1208 0 1 1 3 5 408 0 2 1 3 7 408 0 2 1 3 8 408 0 2 1 3 9 408 0 2 1 3 10 31 5 3 9 3 11 31 5 3 9 3 12 31 5 3 9 4 1 31 5 3 9 4 2 31 5 3 9 4 3 1209 5 0 12 4 4 1209 5 0 12 4 8 708 6 0 8 4 9 31 5 3 9 4 10 31 5 3 9 4 11 31 5 3 9 5 0 31 5 3 9 5 1 31 5 3 9 5 2 1209 5 0 12 5 3 1209 5 0 12 5 4 711 1 7 1 5 5 1198 0 1 2 5 6 31 5 3 9 5 7 31 5 3 9 5 9 31 5 3 9 5 10 31 5 3 9 5 11 31 5 3 9 6 4 31 5 3 9 6 5 31 5 3 9 6 6 31 5 3 9 7 4 31 5 3 9 7 5 31 5 3 9 7 6 31 5 3 9
11 5 5 4 2 6 2 7 5 6 5 7 51 0 3 1 3 1 4 1 5 1 6 1 9 2 3 2 4 2 8 2 9 3 3 3 4 3 5 3 6 3 7 3 8 3 9 4 0 4 1 4 2 4 3 4 4 4 5 4 6 4 8 4 9 4 10 5 1 5 2 5 3 5 4 5 8 5 9 5 10 6 1 6 2 6 3 6 5 6 6 6 7 6 8 6 9 6 10 6 11 7 7 8 7 2 6 2 7 5 5 5 6 5 7 53 5 4 10 46 0 3 53 5 4 10 1 3 53 5 4 10 1 4 53 5 4 10 1 5 53 5 4 10 1 6 53 5 4 10 1 9 53 5 4 10 2 3 53 5 4 10 2 4 53 5 4 10 2 8 53 5 4 10 2 9 53 5 4 10 3 3 53 5 4 10 3 4 53 5 4 10 3 5 53 5 4 10 3 6 53 5 4 10 3 7 53 5 4 10 3 8 53 5 4 10 3 9 53 5 4 10 4 0 53 5 4 10 4 1 53 5 4 10 4 2 53 5 4 10 4 3 956 4 7 11 4 4 956 4 7 11 4 5 956 4 7 11 4 6 956 4 7 11 4 8 1193 1 6 2 4 9 1193 1 6 2 4 10 1193 1 6 2 5 1 53 5 4 10 5 2 53 5 4 10 5 3 53 5 4 10 5 4 1031 4 6 10 5 8 1173 1 6 0 5 9 1193 1 6 2 5 10 53 5 4 10 6 1 53 5 4 10 6 2 53 5 4 10 6 3 53 5 4 10 6 5 53 5 4 10 6 6 53 5 4 10 6 7 1031 4 6 10 6 8 1193 1 6 2 6 9 1193 1 6 2 6 10 1193 1 6 2 6 11 53 5 4 10 7 7 53 5 4 10 8 7 53 5 4 10
11 3 6 4 0 6 1 6 3 5 4 5 39 2 1 2 2 2 3 2 6 2 7 2 8 2 9 3 1 3 2 3 3 3 4 3 7 3 8 3 9 4 0 4 1 4 2 4 3 4 4 4 6 4 7 4 8 4 9 4 10 5 6 5 7 5 8 6 6 6 7 6 8 7 6 7 7 7 8 8 8 0 6 1 6 3 5 3 6 4 5 35 7 4 6 34 2 1 35 7 4 6 2 2 35 7 4 6 2 3 35 7 4 6 2 6 357 0 2 0 2 7 35 7 4 6 2 8 35 7 4 6 2 9 35 7 4 6 3 1 35 7 4 6 3 2 35 7 4 6 3 3 35 7 4 6 3 4 35 7 4 6 3 7 35 7 4 6 3 8 35 7 4 6 3 9 35 7 4 6 4 0 35 7 4 6 4 1 35 7 4 6 4 2 35 7 4 6 4 3 35 7 4 6 4 4 35 7 4 6 4 6 35 7 4 6 4 7 35 7 4 6 4 8 35 7 4 6 4 9 35 7 4 6 4 10 35 7 4 6 5 6 35 7 4 6 5 7 35 7 4 6 5 8 35 7 4 6 6 6 35 7 4 6 6 7 35 7 4 6 6 8 35 7 4 6 7 6 35 7 4 6 7 7 35 7 4 6 7 8 35 7 4 6 8 8 35 7 4 6
3 0 3 4 0 4 0 5 1 1 1 2 9 0 2 1 0 1 3 1 4 0 3 0 4 0 5 1 1 1 2 19 0 0 1 4 0 2 111 0 0 0 1 0 19 0 0 1 1 3 19 0 0 1 1 4 19 0 0 1
10 3 4 3 0 4 1 4 2 4 37 1 0 1 1 1 2 1 3 1 5 2 0 2 1 2 2 2 3 2 5 2 6 2 7 3 0 3 1 3 2 3 3 3 5 3 6 3 7 4 0 4 1 4 2 4 3 4 4 4 5 5 3 5 4 5 5 6 3 6 4 6 5 7 3 7 5 0 4 1 4 2 4 3 4 504 0 0 3 33 1 0 504 0 0 3 1 1 504 0 0 3 1 2 504 0 0 3 1 3 504 0 0 3 1 5 504 5 0 5 2 0 504 0 0 3 2 1 504 0 0 3 2 2 504 0 0 3 2 3 504 0 0 3 2 5 504 5 0 5 2 6 504 0 0 3 2 7 504 0 0 3 3 0 504 0 0 3 3 1 504 0 0 3 3 2 504 0 0 3 3 3 504 0 0 3 3 5 504 5 0 5 3 6 504 0 0 3 3 7 504 0 0 3 4 0 504 0 0 3 4 1 504 0 0 3 4 2 504 0 0 3 4 3 987 0 0 0 4 4 414 0 0 0 4 5 988 0 0 0 5 3 414 0 0 0 5 4 414 0 0 0 5 5 414 0 0 0 6 3 414 0 0 0 6 4 414 0 0 0 6 5 414 0 0 0 7 3 504 0 0 3 7 5 504 5 0 5
11 2 3 4 0 4 1 4 3 3 4 3 40 1 3 3 2 3 4 3 5 3 6 3 7 4 0 4 1 4 2 4 4 4 5 4 6 4 7 5 0 5 1 5 2 5 3 5 4 5 5 5 6 5 7 6 2 6 3 6 4 6 5 6 6 6 7 7 2 7 3 7 4 8 2 8 3 8 4 9 2 9 4 0 4 1 4 2 3 3 3 4 3 19 3 0 3 35 1 3 1214 5 2 7 3 2 19 3 0 3 3 4 19 3 0 3 3 5 19 3 0 3 3 6 19 3 0 3 3 7 19 3 0 3 4 0 19 3 0 3 4 1 19 3 0 3 4 2 19 3 0 3 4 4 19 3 0 3 4 5 19 3 0 3 4 6 19 3 0 3 4 7 19 3 0 3 5 0 19 3 0 3 5 1 19 3 0 3 5 2 19 3 0 3 5 3 19 3 0 3 5 4 19 3 0 3 5 5 19 3 0 3 5 6 19 3 0 3 5 7 19 3 0 3 6 2 19 3 0 3 6 3 19 3 0 3 6 4 19 3 0 3 6 5 19 3 0 3 6 6 19 3 0 3 6 7 19 3 0 3 7 2 19 3 0 3 7 3 19 3 0 3 7 4 19 3 0 3 8 2 19 3 0 3 8 3 19 3 0 3 8 4 19 3 0 3 9 2 19 3 0 3 9 4 19 3 0 3
5 1 5 4 0 6 0 7 1 3 1 4 15 0 0 0 1 0 2 0 5 1 1 1 2 1 6 2 0 2 1 2 2 0 6 0 7 1 3 1 4 1 5 19 4 1 7 10 0 0 19 4 1 7 0 1 19 4 1 7 0 2 19 4 1 7 0 5 19 4 1 7 1 1 19 4 1 7 1 2 19 4 1 7 1 6 277 0 0 0 2 0 19 4 1 7 2 1 19 4 1 7 2 2 19 4 1 7
12 4 5 3 0 6 1 6 3 5 56 1 5 2 1 2 2 2 3 2 5 2 6 2 7 2 8 2 9 3 1 3 2 3 3 3 4 3 6 3 7 3 8 3 9 4 0 4 1 4 2 4 3 4 4 4 6 4 7 4 8 4 9 4 10 5 2 5 3 5 4 5 5 5 6 5 7 5 8 5 9 6 4 6 5 6 6 6 7 6 8 6 9 7 4 7 5 7 6 7 7 7 8 8 4 8 5 8 6 8 8 9 4 9 6 0 6 1 6 3 5 4 5 1213 7 5 6 52 1 5 1212 0 0 0 2 1 1213 7 5 6 2 2 1213 7 5 6 2 3 1213 7 5 6 2 5 1212 0 0 0 2 6 1215 0 0 2 2 7 1213 7 5 6 2 8 1213 7 5 6 2 9 1213 7 5 6 3 1 1213 7 5 6 3 2 1213 7 5 6 3 3 1213 7 5 6 3 4 1213 7 5 6 3 6 1216 7 7 6 3 7 1213 7 5 6 3 8 1213 7 5 6 3 9 1213 7 5 6 4 0 1213 7 5 6 4 1 1213 7 5 6 4 2 1213 7 5 6 4 3 1213 7 5 6 4 4 1213 7 5 6 4 6 1213 7 5 6 4 7 1213 7 5 6 4 8 1213 7 5 6 4 9 1213 7 5 6 4 10 1213 7 5 6 5 2 1213 7 5 6 5 3 1213 7 5 6 5 4 1213 7 5 6 5 5 1212 0 0 0 5 6 1213 7 5 6 5 7 1213 7 5 6 5 8 1213 7 5 6 5 9 1213 7 5 6 6 4 1213 7 5 6 6 5 1213 7 5 6 6 6 1213 7 5 6 6 7 1213 7 5 6 6 8 1213 7 5 6 6 9 1213 7 5 6 7 4 1213 7 5 6 7 5 1213 7 5 6 7 6 1213 7 5 6 7 7 1213 7 5 6 7 8 1213 7 5 6 8 4 1213 7 5 6 8 5 1213 7 5 6 8 6 1213 7 5 6 8 8 1213 7 5 6 9 4 1213 7 5 6 9 6 1213 7 5 6
4 2 3 5 0 3 1 3 3 3 3 4 3 5 12 2 0 2 1 2 2 2 4 3 6 4 4 0 3 1 3 2 3 3 3 3 4 3 5 1 2 4 3 6 2 0 1 2 4 3 2 1 1 2 4 3 2 2 1 2 4 3 2 4 1 2 4 3 3 6 1 2 4 3 4 4 75 1 3 0
4 3 2 5 0 3 1 3 3 3 3 4 3 5 16 2 0 2 1 2 2 2 3 2 4 2 5 2 6 3 1 4 1 4 2 0 3 1 3 3 2 3 3 3 4 3 5 158 4 4 5 10 2 0 158 4 4 5 2 1 158 4 4 5 2 2 158 4 4 5 2 3 3 1 3 0 2 4 158 4 4 5 2 5 158 4 4 5 2 6 158 4 4 5 3 1 158 4 4 5 4 1 3 1 3 0 4 2 3 1 3 0
6 3 3 4 0 5 1 5 3 4 3 5 25 2 0 2 1 2 2 2 3 2 4 2 5 2 6 2 7 2 8 3 1 3 2 3 6 3 7 4 0 4 1 4 2 4 4 4 5 4 6 4 7 0 5 1 5 3 3 3 4 3 5 1218 5 0 8 20 2 0 1218 5 0 8 2 1 1218 5 0 8 2 2 1218 5 0 8 2 3 1218 5 0 8 2 4 1104 0 0 2 2 5 53 1 4 0 2 6 53 1 4 0 2 7 53 1 4 0 2 8 1104 0 0 2 3 1 1218 5 0 8 3 2 1219 5 0 8 3 6 1218 5 0 8 3 7 1218 5 0 8 4 0 1218 5 0 8 4 1 1218 5 0 8 4 2 1218 5 0 8 4 4 1219 5 0 8 4 5 1218 5 0 8 4 6 1218 5 0 8 4 7 1218 5 0 8
6 3 5 4 0 4 1 4 3 3 3 4 20 2 0 2 1 2 2 2 4 3 1 3 2 3 6 4 0 4 1 4 2 4 3 4 4 4 5 4 6 4 7 0 4 1 4 3 3 3 4 3 5 552 3 0 3 15 2 0 552 3 0 3 2 1 552 3 0 3 2 2 552 3 0 3 2 4 15 4 4 7 3 1 552 3 0 3 3 2 552 3 0 3 3 6 552 3 0 3 4 0 552 3 0 3 4 1 552 3 0 3 4 2 552 3 0 3 4 3 584 0 0 0 4 4 552 3 0 3 4 5 792 0 0 0 4 6 552 3 0 3 4 7 552 3 0 3
6 3 3 4 0 4 1 4 3 4 3 5 20 2 0 2 1 2 2 2 4 3 1 3 2 3 6 4 0 4 1 4 2 4 3 4 4 4 5 4 6 4 7 0 4 1 4 3 3 3 4 3 5 552 3 0 3 15 2 0 552 3 0 3 2 1 552 3 0 3 2 2 552 3 0 3 2 4 15 4 4 7 3 1 552 3 0 3 3 2 552 3 0 3 3 6 552 3 0 3 4 0 552 3 0 3 4 1 552 3 0 3 4 2 552 3 0 3 4 3 584 0 0 0 4 4 552 3 0 3 4 5 792 0 0 0 4 6 552 3 0 3 4 7 552 3 0 3
6 2 6 5 0 6 1 6 3 3 3 4 3 5 18 2 0 2 1 2 2 2 5 2 7 2 8 3 1 3 2 3 6 4 4 4 5 4 6 0 6 1 6 2 6 3 3 3 4 3 5 977 0 0 3 12 2 0 977 0 0 3 2 1 977 0 0 3 2 2 977 0 0 3 2 5 977 0 0 3 2 7 469 0 2 0 2 8 977 0 0 3 3 1 977 0 0 3 3 2 977 0 0 3 3 6 469 0 2 0 4 4 977 0 0 3 4 5 223 4 3 8 4 6 977 0 0 3
3 1 5 6 1 1 1 2 1 3 1 4 2 4 3 4 13 0 0 0 1 0 2 0 5 0 6 4 4 1 1 1 2 1 3 1 4 1 5 2 4 3 4 83 0 0 2 6 0 0 83 0 0 2 0 1 83 0 0 2 0 2 83 0 0 2 0 5 2 1 1 0 0 6 2 1 1 0 4 4 2 1 1 0
4 1 2 5 1 3 1 4 1 5 2 2 3 2 14 0 0 0 1 0 4 0 5 0 6 1 1 2 1 4 2 1 2 1 3 1 4 1 5 2 2 3 2 1 0 1 1 8 0 0 1 0 1 1 0 1 1 0 1 1 0 4 1 0 1 1 0 5 1 0 1 1 0 6 1 0 1 1 1 1 1 0 1 1 2 1 1224 5 0 6 4 2 1 0 1 1
5 2 6 4 1 6 3 3 3 4 3 5 23 0 6 2 0 2 1 2 2 2 5 2 7 2 8 3 1 3 2 3 6 3 7 4 0 4 1 4 2 4 3 4 4 4 7 4 8 1 6 2 6 3 3 3 4 3 5 223 4 3 8 18 0 6 223 4 3 8 2 0 223 4 3 8 2 1 223 4 3 8 2 2 223 4 3 8 2 5 1225 4 4 8 2 7 277 0 2 0 2 8 277 0 2 0 3 1 223 4 3 8 3 2 1225 4 4 8 3 6 277 0 2 0 3 7 223 4 3 8 4 0 223 4 3 8 4 1 223 4 3 8 4 2 223 4 3 8 4 3 223 4 3 8 4 4 223 4 3 8 4 7 223 4 3 8 4 8 223 4 3 8
13 3 5 4 0 6 1 6 3 3 3 4 41 2 0 2 1 2 2 2 5 2 6 2 7 2 8 3 0 3 1 3 2 3 6 3 7 4 0 4 1 4 2 4 3 4 4 4 5 4 6 4 7 4 8 5 1 5 2 5 3 5 4 5 5 6 1 6 2 6 3 6 4 6 5 7 1 7 2 7 3 8 1 8 3 0 6 1 6 3 3 3 4 3 5 31 1 4 1 36 2 0 31 1 4 1 2 1 31 1 4 1 2 2 31 1 4 1 2 5 15 1 4 1 2 6 15 4 4 7 2 7 15 4 4 7 2 8 210 1 4 0 3 0 31 1 4 1 3 1 31 1 4 1 3 2 1097 3 0 2 3 6 430 0 2 0 3 7 210 1 4 0 4 0 31 1 4 1 4 1 1097 3 0 2 4 2 1223 0 0 0 4 3 1223 0 0 0 4 4 31 1 4 1 4 5 53 4 4 8 4 6 1226 0 0 0 4 7 1223 0 0 0 4 8 210 1 4 0 5 1 31 1 4 1 5 2 31 1 4 1 5 3 31 1 4 1 5 4 31 1 4 1 5 5 31 1 4 1 6 1 31 1 4 1 6 2 31 1 4 1 6 3 31 1 4 1 6 4 31 1 4 1 6 5 31 1 4 1 7 1 31 1 4 1 7 2 31 1 4 1 7 3 31 1 4 1 8 1 31 1 4 1 8 3 31 1 4 1
2 1 1 7 0 1 0 2 0 3 0 4 3 1 3 2 4 2 10 1 0 2 1 0 1 0 2 0 3 0 4 1 1 3 1 3 2 4 2 35 2 4 1 2 1 0 35 2 4 1 2 1 1 0 0 0
7 2 3 6 0 3 3 1 3 2 3 3 3 4 4 2 19 1 3 4 0 4 1 4 3 4 4 4 5 5 2 5 3 5 4 5 5 6 2 6 4 0 3 2 3 3 1 3 2 3 3 3 4 4 2 513 7 4 3 12 1 3 487 0 2 0 4 0 513 7 4 3 4 1 513 7 4 3 4 3 513 7 4 3 4 4 513 7 4 3 4 5 513 7 4 3 5 2 513 7 4 3 5 3 513 7 4 3 5 4 513 7 4 3 5 5 513 7 4 3 6 2 513 7 4 3 6 4 513 7 4 3
8 3 4 5 0 4 3 3 3 5 3 6 4 5 25 1 4 2 0 2 1 2 2 2 4 3 1 3 2 4 1 4 2 4 3 4 4 4 6 4 7 5 2 5 3 5 4 5 5 6 3 6 5 0 4 3 3 3 4 3 5 3 6 4 5 47 0 3 2 19 1 4 47 0 3 2 2 0 47 0 3 2 2 1 47 0 3 2 2 2 47 0 3 2 2 4 47 0 3 2 3 1 47 0 3 2 3 2 1229 5 0 7 4 1 47 0 3 2 4 2 47 0 3 2 4 3 47 0 3 2 4 4 47 0 3 2 4 6 348 1 4 0 4 7 38 0 3 1 5 2 47 0 3 2 5 3 47 0 3 2 5 4 47 0 3 2 5 5 47 0 3 2 6 3 47 0 3 2 6 5 47 0 3 2
9 4 5 7 0 3 0 4 0 5 0 6 3 3 3 5 3 6 31 1 4 1 6 1 7 2 0 2 1 2 2 2 4 2 6 3 1 3 2 3 4 4 1 4 2 4 3 4 4 4 6 4 7 5 2 5 3 5 4 5 5 6 3 6 5 0 3 0 4 0 5 0 6 3 3 3 5 3 6 4 5 1228 5 0 7 23 1 4 1228 5 0 7 1 6 1230 0 0 0 1 7 1230 0 0 0 2 0 1228 5 0 7 2 1 1228 5 0 7 2 2 1228 5 0 7 2 4 1228 5 0 7 2 6 1230 0 0 0 3 1 1228 5 0 7 3 2 1228 5 0 7 3 4 1228 5 0 7 4 1 1228 5 0 7 4 2 1228 5 0 7 4 3 1228 5 0 7 4 4 1228 5 0 7 4 6 1228 5 0 7 4 7 1228 5 0 7 5 2 1228 5 0 7 5 3 1228 5 0 7 5 4 1228 5 0 7 5 5 1228 5 0 7 6 3 1228 5 0 7 6 5 1228 5 0 7
2 1 1 7 0 1 0 2 0 3 0 4 2 1 3 1 3 2 10 1 0 4 2 0 1 0 2 0 3 0 4 1 1 2 1 3 1 3 2 1 2 4 1 2 1 0 1 2 4 1 4 2 1 0 0 0
4 1 3 6 1 2 1 4 1 5 3 2 4 2 4 3 17 0 0 0 1 0 2 0 4 0 5 0 6 1 1 2 1 2 2 5 3 1 2 1 3 1 4 1 5 3 2 4 2 4 3 1232 0 1 1 10 0 0 1232 0 1 1 0 1 1232 0 1 1 0 2 1232 0 1 1 0 4 1232 0 1 1 0 5 1232 0 1 1 0 6 1232 0 1 1 1 1 1232 0 1 1 2 1 3 1 1 0 2 2 3 1 1 0 5 3 3 1 1 0
10 4 3 7 1 3 1 4 1 5 1 6 2 3 4 5 4 6 34 0 4 2 4 2 6 2 7 3 0 3 1 3 2 3 3 3 4 3 6 4 1 4 2 4 4 5 1 5 2 5 3 5 4 5 5 5 6 5 7 6 2 6 3 6 4 6 5 7 3 7 5 1 3 1 4 1 5 1 6 2 3 4 3 4 5 4 6 1233 1 5 1 26 0 4 1231 0 1 0 2 4 1233 1 5 1 2 6 896 7 6 4 2 7 896 7 6 4 3 0 896 7 6 4 3 1 896 7 6 4 3 2 896 7 6 4 3 3 1231 0 1 0 3 4 896 7 6 4 3 6 896 7 6 4 4 1 896 7 6 4 4 2 679 1 5 0 4 4 896 7 6 4 5 1 896 7 6 4 5 2 679 1 5 0 5 3 679 1 5 0 5 4 896 7 6 4 5 5 896 7 6 4 5 6 896 7 6 4 5 7 896 7 6 4 6 2 1233 1 5 1 6 3 896 7 6 4 6 4 896 7 6 4 6 5 896 7 6 4 7 3 896 7 6 4 7 5 896 7 6 4
11 1 4 6 1 3 1 5 1 6 2 3 4 5 4 6 35 0 4 2 2 2 4 2 6 2 7 3 0 3 1 3 2 3 3 3 4 3 6 4 1 4 2 4 3 4 4 5 1 5 2 5 3 5 4 5 5 5 6 5 7 6 2 6 3 6 4 6 5 7 3 7 5 1 3 1 4 1 5 1 6 2 3 4 5 4 6 1 0 1 2 28 0 4 1 0 1 2 2 2 1234 0 0 0 2 4 1 0 1 2 2 6 1 0 1 2 2 7 1 0 1 2 3 0 1 0 1 2 3 1 1 0 1 2 3 2 1 0 1 2 3 3 1 0 1 2 3 4 1 0 1 2 3 6 1 0 1 2 4 1 1 0 1 2 4 2 1 0 1 2 4 3 1 0 1 2 4 4 1 0 1 2 5 1 1 0 1 2 5 2 1 0 1 2 5 3 1 0 1 2 5 4 1 0 1 2 5 5 1 0 1 2 5 6 1 0 1 2 5 7 1 0 1 2 6 2 1 0 1 2 6 3 1 0 1 2 6 4 1 0 1 2 6 5 1 0 1 2 7 3 1 0 1 2 7 5 1 0 1 2
10 3 3 4 0 4 1 4 3 4 3 5 32 0 2 1 2 2 0 2 1 2 2 2 3 2 4 2 5 2 6 3 1 3 2 4 0 4 1 4 2 4 3 4 4 4 5 4 6 5 1 5 2 5 3 5 4 6 1 6 2 6 3 7 1 7 3 0 4 1 4 3 3 3 4 3 5 552 3 0 3 27 0 2 552 3 0 3 1 2 552 3 0 3 2 0 552 3 0 3 2 1 552 3 0 3 2 2 552 3 0 3 2 3 552 3 0 3 2 4 46 0 2 0 2 5 552 3 0 3 2 6 552 3 0 3 3 1 552 3 0 3 3 2 552 3 0 3 4 0 552 3 0 3 4 1 552 3 0 3 4 2 552 3 0 3 4 3 584 0 0 0 4 4 552 3 0 3 4 5 583 0 0 0 4 6 552 3 0 3 5 1 552 3 0 3 5 2 552 3 0 3 5 3 552 3 0 3 5 4 552 3 0 3 6 1 552 3 0 3 6 2 552 3 0 3 6 3 552 3 0 3 7 1 552 3 0 3 7 3 552 3 0 3
14 4 4 5 1 4 1 7 2 4 2 7 4 5 64 0 5 0 8 1 2 1 5 1 6 1 8 2 2 2 8 2 9 2 10 3 0 3 1 3 2 3 3 3 4 3 5 3 6 3 7 3 8 3 9 4 1 4 2 4 3 4 6 4 7 4 8 4 9 4 10 5 0 5 1 5 2 5 3 5 4 5 5 5 6 5 7 5 8 5 9 6 1 6 2 6 3 6 4 6 5 6 6 6 7 6 8 7 1 7 2 7 3 7 4 7 5 7 6 8 1 8 2 8 3 8 4 9 2 9 4 1 4 1 7 2 4 2 7 4 4 4 5 1220 5 1 9 58 0 5 1220 5 1 9 0 8 1220 5 1 9 1 2 1220 5 1 9 1 5 1220 5 1 9 1 6 1220 5 1 9 1 8 1220 5 1 9 2 2 1220 5 1 9 2 8 1220 5 1 9 2 9 1220 5 1 9 2 10 1220 5 1 9 3 0 1220 5 1 9 3 1 1221 5 1 8 3 2 1221 5 1 8 3 3 1222 0 1 0 3 4 1227 0 1 1 3 5 1222 0 1 0 3 6 1222 0 1 0 3 7 1222 0 1 0 3 8 1222 0 1 0 3 9 1222 0 1 0 4 1 1220 5 1 9 4 2 1235 2 7 3 4 3 1235 2 7 3 4 6 1236 0 1 0 4 7 1222 0 1 0 4 8 1222 0 1 0 4 9 1220 5 1 9 4 10 1220 5 1 9 5 0 1220 5 1 9 5 1 1220 5 1 9 5 2 1235 2 7 3 5 3 1235 2 7 3 5 4 585 5 1 8 5 5 585 5 1 8 5 6 1220 5 1 9 5 7 1236 0 1 0 5 8 1222 0 1 0 5 9 1222 0 1 0 6 1 1220 5 1 9 6 2 1220 5 1 9 6 3 1220 5 1 9 6 4 1220 5 1 9 6 5 1220 5 1 9 6 6 1220 5 1 9 6 7 1220 5 1 9 6 8 1220 5 1 9 7 1 1220 5 1 9 7 2 1220 5 1 9 7 3 1220 5 1 9 7 4 1220 5 1 9 7 5 1220 5 1 9 7 6 1220 5 1 9 8 1 1220 5 1 9 8 2 1220 5 1 9 8 3 1220 5 1 9 8 4 1220 5 1 9 9 2 1220 5 1 9 9 4 1220 5 1 9
4 3 2 6 0 4 1 4 2 4 3 1 3 3 3 4 13 2 5 3 5 4 0 4 1 4 2 4 5 0 4 1 4 2 4 3 1 3 2 3 3 3 4 1 4 3 5 6 2 5 1069 4 4 5 3 5 1 4 3 5 4 0 1 4 3 5 4 1 1 4 3 5 4 2 1 4 3 5 4 5 1 4 3 5
5 3 4 5 0 4 1 4 2 4 3 1 3 3 14 2 5 3 2 3 5 4 0 4 1 4 2 4 3 4 5 0 4 1 4 2 4 3 1 3 3 3 4 1 7 4 4 8 2 5 1 7 4 4 3 2 1 7 4 4 3 5 1 7 4 4 4 0 1 7 4 4 4 1 1 7 4 4 4 2 1 7 4 4 4 3 1238 0 0 0 4 5 1 7 4 4
4 2 3 5 0 4 1 4 2 4 3 1 3 3 14 1 3 2 2 2 5 2 6 3 0 3 2 4 3 5 3 0 4 1 4 2 3 2 4 3 1 3 3 20 7 5 4 8 1 3 260 4 3 6 2 2 20 7 5 4 2 5 20 7 5 4 2 6 20 7 5 4 3 0 20 7 5 4 3 2 20 7 5 4 4 3 260 4 3 6 5 3 260 4 3 6
5 3 4 4 1 6 2 6 3 3 3 5 23 0 6 2 0 2 1 2 2 2 5 2 7 2 8 3 1 3 2 3 6 3 7 4 0 4 1 4 2 4 3 4 4 4 7 4 8 1 6 2 6 3 3 3 4 3 5 223 4 3 8 18 0 6 223 4 3 8 2 0 223 4 3 8 2 1 223 4 3 8 2 2 223 4 3 8 2 5 1225 4 4 8 2 7 277 0 2 0 2 8 277 0 2 0 3 1 223 4 3 8 3 2 1225 4 4 8 3 6 277 0 2 0 3 7 223 4 3 8 4 0 223 4 3 8 4 1 223 4 3 8 4 2 223 4 3 8 4 3 223 4 3 8 4 4 223 4 3 8 4 7 223 4 3 8 4 8 223 4 3 8
6 2 6 4 0 6 1 6 3 3 3 5 27 1 5 2 0 2 1 2 2 2 4 2 5 2 7 2 8 3 1 3 2 3 4 3 6 3 7 4 0 4 1 4 2 4 3 4 4 4 5 4 7 4 8 5 5 0 6 1 6 2 6 3 3 3 5 112 7 5 6 22 1 5 1239 0 0 2 2 0 112 7 5 6 2 1 112 7 5 6 2 2 112 7 5 6 2 4 112 7 5 6 2 5 1239 0 0 2 2 7 112 7 5 6 2 8 112 7 5 6 3 1 112 7 5 6 3 2 112 7 5 6 3 4 112 7 5 6 3 6 1240 0 0 2 3 7 112 7 5 6 4 0 112 7 5 6 4 1 112 7 5 6 4 2 112 7 5 6 4 3 112 7 5 6 4 4 112 7 5 6 4 5 1241 0 0 0 4 7 112 7 5 6 4 8 112 7 5 6 5 5 1239 0 0 2
3 2 2 7 0 3 1 2 1 3 3 1 3 2 3 3 3 4 12 0 2 4 0 4 1 4 2 0 3 1 2 1 3 2 2 3 1 3 2 3 3 3 4 6 3 0 2 4 0 2 6 3 0 2 4 0 6 3 0 2 4 1 6 3 0 2 4 2 83 4 4 4
4 1 2 8 0 3 0 4 1 1 1 3 3 1 3 2 3 3 3 4 15 0 2 1 0 2 2 4 0 4 1 4 2 0 3 0 4 1 1 1 2 1 3 3 1 3 2 3 3 3 4 6 4 1 4 6 0 2 6 4 1 4 1 0 1243 0 0 0 2 2 6 4 1 4 4 0 6 4 1 4 4 1 6 4 1 4 4 2 6 4 1 4
5 1 3 7 0 3 0 4 1 1 3 1 3 2 3 3 3 4 20 0 2 1 0 1 2 1 4 2 2 2 4 2 5 4 0 4 1 4 2 4 4 4 5 0 3 0 4 1 1 1 3 3 1 3 2 3 3 3 4 364 1 4 1 12 0 2 364 1 4 1 1 0 364 1 4 1 1 2 364 1 4 1 1 4 1244 0 0 0 2 2 364 1 4 1 2 4 1244 0 0 0 2 5 1244 0 0 0 4 0 364 1 4 1 4 1 364 1 4 1 4 2 364 1 4 1 4 4 1244 0 0 0 4 5 1244 0 0 0
3 4 3 5 0 4 3 1 3 2 3 3 3 4 12 1 4 2 4 2 5 3 0 4 4 4 5 0 4 3 1 3 2 3 3 3 4 4 3 47 0 3 0 6 1 4 47 0 3 0 2 4 47 0 3 0 2 5 47 0 3 0 3 0 731 3 0 1 4 4 731 3 0 1 4 5 731 3 0 1
6 3 5 6 0 6 0 7 1 4 3 4 3 6 3 7 30 0 5 1 3 1 5 1 6 1 7 2 1 2 2 2 3 2 5 2 7 2 8 3 1 3 2 3 3 4 0 4 1 4 2 4 3 4 4 4 5 4 6 4 7 4 8 0 6 0 7 1 4 3 4 3 5 3 6 3 7 3 0 3 2 23 0 5 3 0 3 2 1 3 3 0 3 2 1 5 3 0 3 2 1 6 3 0 3 2 1 7 3 0 3 2 2 1 3 0 3 2 2 2 3 0 3 2 2 3 3 0 3 2 2 5 3 0 3 2 2 7 3 0 3 2 2 8 3 0 3 2 3 1 3 0 3 2 3 2 3 0 3 2 3 3 1245 0 0 3 4 0 3 0 3 2 4 1 3 0 3 2 4 2 1246 0 0 3 4 3 1246 0 0 3 4 4 1246 0 0 3 4 5 3 0 3 2 4 6 1245 0 0 3 4 7 504 6 2 7 4 8 504 6 2 7
6 2 3 4 1 3 1 5 3 3 4 3 21 0 3 0 4 1 4 1 6 2 0 2 1 2 2 2 4 3 1 3 2 4 2 4 4 4 5 4 6 5 2 5 4 1 3 1 5 2 3 3 3 4 3 678 1 4 0 16 0 3 678 1 4 0 0 4 61 4 5 6 1 4 61 4 5 6 1 6 61 4 5 6 2 0 61 4 5 6 2 1 61 4 5 6 2 2 61 4 5 6 2 4 61 4 5 6 3 1 678 1 4 0 3 2 678 1 4 0 4 2 678 1 4 0 4 4 678 1 4 0 4 5 678 1 4 0 4 6 678 1 4 0 5 2 678 1 4 0 5 4 678 1 4 0
6 3 3 4 0 4 3 2 3 4 3 5 21 0 5 1 4 1 5 2 0 2 1 2 2 2 5 2 6 3 1 4 0 4 1 4 2 4 4 4 5 4 6 5 4 0 4 3 2 3 3 3 4 3 5 14 6 2 5 16 0 5 14 6 2 5 1 4 14 6 2 5 1 5 14 6 2 5 2 0 1183 3 0 2 2 1 1183 3 0 2 2 2 1183 3 0 2 2 5 14 6 2 5 2 6 14 6 2 5 3 1 1183 3 0 2 4 0 1183 3 0 2 4 1 1183 3 0 2 4 2 1183 3 0 2 4 4 14 6 2 5 4 5 14 6 2 5 4 6 14 6 2 5 5 4 14 6 2 5
8 3 2 4 0 3 3 1 3 3 3 4 31 0 2 0 4 1 1 1 2 1 3 1 4 2 0 2 1 2 2 2 4 2 5 4 0 4 1 4 2 4 3 4 4 4 5 5 0 5 1 5 2 5 3 6 0 6 1 6 2 7 0 7 2 0 3 3 1 3 2 3 3 3 4 1183 3 0 1 26 0 2 1183 3 0 1 0 4 17 7 7 4 1 1 1183 3 0 1 1 2 1183 3 0 1 1 3 17 7 7 4 1 4 17 7 7 4 2 0 1183 3 0 1 2 1 1183 3 0 1 2 2 1183 3 0 1 2 4 17 7 7 4 2 5 17 7 7 4 4 0 1183 3 0 1 4 1 1183 3 0 1 4 2 1183 3 0 1 4 3 17 7 7 4 4 4 17 7 7 4 4 5 17 7 7 4 5 0 1183 3 0 1 5 1 1183 3 0 1 5 2 1183 3 0 1 5 3 17 7 7 4 6 0 1183 3 0 1 6 1 1183 3 0 1 6 2 1183 3 0 1 7 0 1183 3 0 1 7 2 1183 3 0 1
7 4 6 5 0 7 3 4 3 5 3 6 3 7 27 0 5 1 5 1 7 2 0 2 1 2 2 2 4 2 5 2 7 2 8 3 1 3 2 3 3 4 0 4 1 4 2 4 3 4 4 4 5 5 4 6 4 0 7 3 4 3 5 3 6 3 7 4 6 731 3 0 4 21 0 5 731 3 0 4 1 5 731 3 0 4 1 7 543 6 0 7 2 0 731 3 0 4 2 1 731 3 0 4 2 2 731 3 0 4 2 4 731 3 0 4 2 5 731 3 0 4 2 7 543 6 0 7 2 8 543 6 0 7 3 1 731 3 0 4 3 2 731 3 0 4 3 3 731 3 0 4 4 0 731 3 0 4 4 1 731 3 0 4 4 2 731 3 0 4 4 3 731 3 0 4 4 4 731 3 0 4 4 5 731 3 0 4 5 4 731 3 0 4 6 4 731 3 0 4
8 3 5 6 0 6 0 7 1 4 3 4 3 6 3 7 33 0 5 1 3 1 5 1 6 1 7 2 0 2 1 2 2 2 4 2 5 2 7 2 8 3 1 3 2 3 3 4 0 4 1 4 2 4 3 4 4 4 5 4 6 4 7 4 8 5 4 6 4 0 6 0 7 1 4 3 4 3 5 3 6 3 7 1246 0 0 3 26 0 5 1246 0 0 3 1 3 1246 0 0 3 1 5 1246 0 0 3 1 6 1246 0 0 3 1 7 33 0 3 2 2 0 1246 0 0 3 2 1 1246 0 0 3 2 2 1246 0 0 3 2 4 1246 0 0 3 2 5 1246 0 0 3 2 7 33 0 3 2 2 8 33 0 3 2 3 1 1246 0 0 3 3 2 1246 0 0 3 3 3 1245 0 0 3 4 0 1246 0 0 3 4 1 1246 0 0 3 4 2 1246 0 0 3 4 3 1246 0 0 3 4 4 1246 0 0 3 4 5 1246 0 0 3 4 6 1245 0 0 3 4 7 1251 0 0 0 4 8 1251 0 0 0 5 4 1246 0 0 3 6 4 1246 0 0 3
9 4 4 5 1 4 1 7 2 4 2 7 4 6 48 0 3 0 5 1 3 1 5 1 6 2 2 2 3 2 6 3 0 3 1 3 2 3 3 3 4 3 5 3 6 3 7 3 8 3 9 4 1 4 2 4 3 4 5 4 7 4 8 5 0 5 1 5 2 5 3 5 4 5 5 5 6 5 8 5 9 6 3 6 4 6 5 6 6 7 3 7 4 7 5 8 3 8 5 1 4 1 7 2 4 2 7 4 4 4 6 1242 0 1 1 42 0 3 1242 0 1 1 0 5 1242 0 1 1 1 3 1242 0 1 1 1 5 1242 0 1 1 1 6 1242 0 1 1 2 2 1247 7 8 7 2 3 1242 0 1 1 2 6 1248 1 5 1 3 0 1249 7 6 7 3 1 1249 7 6 7 3 2 1249 7 6 7 3 3 1249 7 6 7 3 4 1242 0 1 1 3 5 1249 7 6 7 3 6 1249 7 6 7 3 7 1249 7 6 7 3 8 1249 7 6 7 3 9 1249 7 6 7 4 1 1249 7 6 7 4 2 1249 7 6 7 4 3 1248 1 5 1 4 5 1247 7 8 7 4 7 1249 7 6 7 4 8 1249 7 6 7 5 0 1249 7 6 7 5 1 1249 7 6 7 5 2 1249 7 6 7 5 3 1248 1 5 1 5 4 1250 7 5 7 5 5 1252 7 8 7 5 6 1249 7 6 7 5 8 1249 7 6 7 5 9 1249 7 6 7 6 3 1248 1 5 1 6 4 1249 7 6 7 6 5 1248 1 5 1 6 6 1249 7 6 7 7 3 1249 7 6 7 7 4 1249 7 6 7 7 5 1249 7 6 7 8 3 1249 7 6 7 8 5 1249 7 6 7
9 1 3 3 1 2 1 4 1 5 25 0 0 0 1 0 2 0 3 1 1 2 0 2 1 2 2 2 3 2 4 2 5 2 6 3 1 3 2 3 3 3 4 4 1 4 2 4 3 5 1 5 3 1 2 1 3 1 4 1 5 33 0 1 0 21 0 0 33 0 1 0 0 1 33 0 1 0 0 2 33 0 1 0 0 3 33 0 1 0 1 1 43 0 0 1 2 0 5 1 2 0 2 1 5 1 2 0 2 2 5 1 2 0 2 3 33 0 1 0 2 4 45 6 0 5 2 5 45 6 0 5 2 6 45 6 0 5 3 1 33 0 1 0 3 2 33 0 1 0 3 3 33 0 1 0 3 4 33 0 1 0 4 1 33 0 1 0 4 2 33 0 1 0 4 3 33 0 1 0 5 1 33 0 1 0 5 3 33 0 1 0
5 1 4 5 0 2 0 3 0 5 1 3 1 5 16 0 6 1 1 1 2 1 6 2 0 2 1 2 2 2 4 2 5 2 6 0 2 0 3 0 5 1 3 1 4 1 5 6 1 1 2 10 0 6 6 1 1 2 1 1 6 1 1 2 1 2 6 1 1 2 1 6 810 0 0 0 2 0 6 1 1 2 2 1 6 1 1 2 2 2 6 1 1 2 2 4 6 1 1 2 2 5 6 1 1 2 2 6 6 1 1 2
4 3 3 7 0 3 1 2 1 3 2 0 2 1 2 2 2 3 14 3 2 3 4 4 2 4 3 5 2 5 3 0 3 1 2 1 3 2 0 2 1 2 2 2 3 3 3 1 5 2 4 6 3 2 1 5 2 4 3 4 132 7 5 3 4 2 1 5 2 4 4 3 1 5 2 4 5 2 1 5 2 4 5 3 1 5 2 4
6 2 3 6 0 4 1 1 1 2 1 3 1 4 2 4 20 1 0 2 2 3 3 3 4 3 5 3 6 3 7 4 3 4 4 4 5 5 3 5 4 5 5 0 4 1 1 1 2 1 3 1 4 2 3 2 4 6 5 1 4 13 1 0 147 5 0 7 2 2 6 5 1 4 3 3 6 5 1 4 3 4 6 5 1 4 3 5 6 5 1 4 3 6 6 5 1 4 3 7 6 5 1 4 4 3 6 5 1 4 4 4 6 5 1 4 4 5 6 5 1 4 5 3 6 5 1 4 5 4 6 5 1 4 5 5 6 5 1 4
7 2 4 5 0 4 1 1 1 2 1 3 1 4 21 1 0 2 2 2 3 2 5 3 3 3 4 3 5 3 6 3 7 4 3 4 4 4 5 5 3 5 4 5 5 0 4 1 1 1 2 1 3 1 4 2 4 1 5 1 5 15 1 0 1 5 1 5 2 2 1 5 1 5 2 3 1 5 1 5 2 5 1257 0 0 0 3 3 1 5 1 5 3 4 1 5 1 5 3 5 1 5 1 5 3 6 1 5 1 5 3 7 1 5 1 5 4 3 1 5 1 5 4 4 1 5 1 5 4 5 1 5 1 5 5 3 1 5 1 5 5 4 1 5 1 5 5 5 1 5 1 5
8 2 6 7 0 6 1 3 1 5 1 6 2 3 2 4 2 5 31 2 7 3 2 3 3 3 4 3 5 3 6 3 7 3 8 4 0 4 1 4 2 4 3 4 4 4 5 4 6 5 2 5 3 5 4 5 5 5 6 6 2 6 3 6 4 0 6 1 3 1 5 1 6 2 3 2 4 2 5 2 6 1256 0 0 3 23 2 7 1256 0 0 3 3 2 1256 0 0 3 3 3 1256 0 0 3 3 4 1256 0 0 3 3 5 33 5 2 8 3 6 1258 5 1 7 3 7 1258 5 1 7 3 8 1256 0 0 3 4 0 33 5 2 8 4 1 33 5 2 8 4 2 33 5 2 8 4 3 33 5 2 8 4 4 33 5 2 8 4 5 33 5 2 8 4 6 33 5 2 8 5 2 33 5 2 8 5 3 33 5 2 8 5 4 33 5 2 8 5 5 33 5 2 8 5 6 33 5 2 8 6 2 33 5 2 8 6 3 33 5 2 8 6 4 33 5 2 8
9 2 4 6 0 6 1 3 1 5 1 6 2 3 2 5 32 2 2 2 6 2 7 3 2 3 3 3 4 3 5 3 6 3 7 3 8 4 0 4 1 4 2 4 3 4 4 4 5 4 6 5 2 5 3 5 4 5 5 5 6 6 2 6 3 6 4 0 6 1 3 1 5 1 6 2 3 2 4 2 5 6 4 2 6 25 2 2 1259 0 0 0 2 6 6 4 2 6 2 7 6 4 2 6 3 2 6 4 2 6 3 3 6 4 2 6 3 4 6 4 2 6 3 5 6 4 2 6 3 6 6 4 2 6 3 7 6 4 2 6 3 8 6 4 2 6 4 0 6 4 2 6 4 1 6 4 2 6 4 2 6 4 2 6 4 3 6 4 2 6 4 4 6 4 2 6 4 5 6 4 2 6 4 6 6 4 2 6 5 2 6 4 2 6 5 3 6 4 2 6 5 4 6 4 2 6 5 5 6 4 2 6 5 6 6 4 2 6 6 2 6 4 2 6 6 3 6 4 2 6 6 4 6 4 2 6
10 2 6 6 0 6 3 3 3 5 3 6 4 3 4 5 34 1 6 4 2 4 4 4 6 4 7 5 2 5 3 5 4 5 5 5 6 5 7 5 8 6 0 6 1 6 2 6 3 6 4 6 5 6 6 7 2 7 3 7 4 7 5 7 6 8 2 8 3 8 4 0 6 2 6 3 3 3 5 3 6 4 3 4 5 513 7 4 6 27 1 6 1260 0 2 0 4 2 513 7 4 6 4 4 513 7 4 6 4 6 513 7 4 6 4 7 513 7 4 6 5 2 513 7 4 6 5 3 513 7 4 6 5 4 513 7 4 6 5 5 513 7 4 6 5 6 513 7 4 6 5 7 513 7 4 6 5 8 513 7 4 6 6 0 513 7 4 6 6 1 513 7 4 6 6 2 513 7 4 6 6 3 513 7 4 6 6 4 513 7 4 6 6 5 513 7 4 6 6 6 513 7 4 6 7 2 513 7 4 6 7 3 513 7 4 6 7 4 513 7 4 6 7 5 513 7 4 6 7 6 513 7 4 6 8 2 513 7 4 6 8 3 513 7 4 6 8 4 513 7 4 6
6 2 3 5 0 3 3 2 3 3 4 2 4 3 19 1 3 4 0 4 1 5 2 5 3 5 4 5 5 6 2 6 3 6 4 7 2 7 3 7 4 0 3 2 3 3 2 3 3 4 2 4 3 513 7 4 3 13 1 3 184 0 2 0 4 0 513 7 4 3 4 1 513 7 4 3 5 2 513 7 4 3 5 3 513 7 4 3 5 4 513 7 4 3 5 5 513 7 4 3 6 2 513 7 4 3 6 3 513 7 4 3 6 4 513 7 4 3 7 2 513 7 4 3 7 3 513 7 4 3 7 4 513 7 4 3
4 1 2 5 0 3 0 4 1 3 1 4 1 5 16 0 5 0 6 0 7 1 0 1 1 1 6 1 7 2 0 2 1 2 2 0 3 0 4 1 2 1 3 1 4 1 5 128 0 0 0 10 0 5 128 0 0 0 0 6 128 0 0 0 0 7 128 0 0 0 1 0 132 4 1 7 1 1 132 4 1 7 1 6 128 0 0 0 1 7 128 0 0 0 2 0 132 4 1 7 2 1 132 4 1 7 2 2 132 4 1 7
5 3 5 6 0 4 1 4 2 3 2 4 3 3 3 4 19 2 5 2 6 2 7 3 0 3 1 3 2 3 6 3 7 4 0 4 1 4 2 4 5 0 4 1 4 2 3 2 4 3 3 3 4 3 5 1 2 4 4 12 2 5 1 2 4 4 2 6 1 2 4 4 2 7 1 2 4 4 3 0 1 2 4 4 3 1 1 2 4 4 3 2 1 2 4 4 3 6 1 2 4 4 3 7 1 2 4 4 4 0 1 2 4 4 4 1 1 2 4 4 4 2 1 2 4 4 4 5 1263 0 2 0
6 3 3 5 0 4 1 4 2 3 2 4 3 4 20 2 5 2 6 2 7 3 0 3 1 3 2 3 5 3 6 3 7 4 0 4 1 4 2 4 3 4 5 0 4 1 4 2 3 2 4 3 3 3 4 1 7 4 4 14 2 5 1 7 4 4 2 6 1 7 4 4 2 7 1 7 4 4 3 0 1 7 4 4 3 1 1 7 4 4 3 2 1 7 4 4 3 5 1 7 4 4 3 6 1 7 4 4 3 7 1 7 4 4 4 0 1 7 4 4 4 1 1 7 4 4 4 2 1 7 4 4 4 3 1264 0 0 0 4 5 1 7 4 4
7 3 4 5 0 4 1 3 1 4 2 3 2 4 25 2 5 2 6 2 7 3 0 3 1 3 2 3 3 3 5 3 6 3 7 4 0 4 1 4 2 4 3 4 4 4 5 5 3 5 4 5 5 0 4 1 3 1 4 2 3 2 4 3 4 128 2 5 3 19 2 5 128 2 5 3 2 6 128 2 5 3 2 7 128 2 5 3 3 0 128 2 5 3 3 1 128 2 5 3 3 2 128 2 5 3 3 3 128 2 5 3 3 5 132 7 5 4 3 6 128 2 5 3 3 7 128 2 5 3 4 0 128 2 5 3 4 1 128 2 5 3 4 2 128 2 5 3 4 3 128 2 5 3 4 4 1265 0 0 0 4 5 132 7 5 4 5 3 128 2 5 3 5 4 1265 0 0 0 5 5 132 7 5 4
8 2 4 5 0 4 3 3 3 4 4 3 4 4 27 1 4 4 5 4 6 4 7 5 0 5 1 5 2 5 3 5 4 5 5 5 6 5 7 6 0 6 1 6 2 6 3 6 4 6 5 7 3 7 4 7 5 0 4 2 4 3 3 3 4 4 3 4 4 513 7 4 4 21 1 4 1266 0 2 0 4 5 513 7 4 4 4 6 513 7 4 4 4 7 513 7 4 4 5 0 513 7 4 4 5 1 513 7 4 4 5 2 513 7 4 4 5 3 513 7 4 4 5 4 513 7 4 4 5 5 513 7 4 4 5 6 513 7 4 4 5 7 513 7 4 4 6 0 513 7 4 4 6 1 513 7 4 4 6 2 513 7 4 4 6 3 513 7 4 4 6 4 513 7 4 4 6 5 513 7 4 4 7 3 513 7 4 4 7 4 513 7 4 4 7 5 513 7 4 4
8 1 3 4 0 4 1 1 1 2 1 4 22 0 5 1 0 2 2 2 3 2 4 2 5 3 3 3 4 3 5 3 6 3 7 4 3 4 4 4 5 5 3 5 4 5 5 0 4 1 1 1 2 1 3 1 4 1 4 1 5 17 0 5 1258 0 0 0 1 0 1 4 1 5 2 2 1 4 1 5 2 3 1 4 1 5 2 4 1 4 1 5 2 5 1 4 1 5 3 3 1 4 1 5 3 4 1 4 1 5 3 5 1 4 1 5 3 6 1 4 1 5 3 7 1 4 1 5 4 3 1 4 1 5 4 4 1 4 1 5 4 5 1 4 1 5 5 3 1 4 1 5 5 4 1 4 1 5 5 5 1 4 1 5
9 4 6 6 0 6 3 3 3 5 3 6 4 3 4 5 39 1 6 2 6 3 2 4 4 4 7 4 8 4 9 5 2 5 3 5 4 5 5 5 6 5 7 5 8 5 9 6 0 6 1 6 2 6 3 6 4 6 5 6 6 6 7 7 2 7 3 7 4 7 5 7 6 7 7 8 2 8 3 8 4 0 6 3 3 3 5 3 6 4 3 4 5 4 6 586 5 3 8 32 1 6 586 5 3 8 2 6 586 5 3 8 3 2 1262 0 0 3 4 4 1267 0 0 2 4 7 1262 0 0 3 4 8 586 5 3 8 4 9 586 5 3 8 5 2 1262 0 0 3 5 3 1262 0 0 3 5 4 1262 0 0 3 5 5 586 5 3 8 5 6 1268 5 3 7 5 7 1268 5 3 7 5 8 1268 5 3 7 5 9 586 5 3 8 6 0 586 5 3 8 6 1 586 5 3 8 6 2 586 5 3 8 6 3 586 5 3 8 6 4 586 5 3 8 6 5 586 5 3 8 6 6 586 5 3 8 6 7 586 5 3 8 7 2 586 5 3 8 7 3 586 5 3 8 7 4 586 5 3 8 7 5 586 5 3 8 7 6 586 5 3 8 7 7 586 5 3 8 8 2 586 5 3 8 8 3 586 5 3 8 8 4 586 5 3 8
6 5 5 6 0 6 3 5 3 6 4 3 4 5 5 3 26 1 6 2 6 4 0 4 1 4 2 4 6 4 7 4 8 5 1 5 2 5 4 5 6 6 0 6 1 6 2 6 5 6 6 6 7 7 6 0 6 3 5 3 6 4 3 4 5 5 3 5 5 1156 7 6 6 19 1 6 1161 0 3 0 2 6 1161 0 3 0 4 0 1156 7 6 6 4 1 1156 7 6 6 4 2 1156 7 6 6 4 6 1156 7 6 6 4 7 1156 7 6 6 4 8 1156 7 6 6 5 1 1156 7 6 6 5 2 1156 7 6 6 5 4 1156 7 6 6 5 6 1156 7 6 6 6 0 1156 7 6 6 6 1 1156 7 6 6 6 2 1156 7 6 6 6 5 1161 0 3 0 6 6 1156 7 6 6 6 7 1156 7 6 6 7 6 1156 7 6 6
2 0 4 5 0 3 0 6 1 0 1 2 1 3 8 0 5 1 1 0 3 0 4 0 6 1 0 1 2 1 3 513 4 1 4 2 0 5 513 4 1 4 1 1 513 0 0 2
6 1 2 7 0 5 0 8 1 4 1 5 3 3 3 4 3 5 25 0 2 0 6 0 7 1 3 2 0 2 1 2 2 3 1 3 2 4 0 4 1 4 2 4 3 4 4 4 5 4 6 5 3 0 5 0 8 1 2 1 4 1 5 3 3 3 4 3 5 1271 0 0 2 17 0 2 1271 0 0 2 0 6 1097 6 0 6 0 7 1097 6 0 6 1 3 1097 6 0 6 2 0 1271 0 0 2 2 1 1271 0 0 2 2 2 1271 0 0 2 3 1 1271 0 0 2 3 2 1271 0 0 2 4 0 1271 0 0 2 4 1 1271 0 0 2 4 2 1271 0 0 2 4 3 1271 0 0 2 4 4 1271 0 0 2 4 5 1271 0 0 2 4 6 1271 0 0 2 5 3 1271 0 0 2
2 1 2 5 0 3 0 4 0 6 1 0 1 3 8 0 5 1 1 0 3 0 4 0 6 1 0 1 2 1 3 513 4 1 4 2 0 5 513 4 1 4 1 1 513 0 0 2
6 6 3 8 0 4 3 1 3 3 3 4 4 1 4 3 5 1 6 1 21 1 4 2 4 5 0 5 2 5 3 5 4 5 5 5 6 6 2 6 4 6 5 7 2 0 4 3 1 3 3 3 4 4 1 4 3 5 1 6 1 6 3 1273 3 0 3 12 1 4 720 5 3 6 2 4 720 5 3 6 5 0 1273 3 0 3 5 2 1273 3 0 3 5 3 720 5 3 6 5 4 1273 3 0 3 5 5 1273 3 0 3 5 6 1273 3 0 3 6 2 1273 3 0 3 6 4 1273 3 0 3 6 5 1273 3 0 3 7 2 1273 3 0 3
4 3 2 5 0 3 1 3 2 3 2 5 3 3 12 2 2 2 4 2 6 3 0 3 1 4 2 0 3 1 3 2 3 2 5 3 2 3 3 1 7 4 3 6 2 2 1 7 4 3 2 4 1 7 4 3 2 6 1 7 4 3 3 0 1 7 4 3 3 1 1 7 4 3 4 2 244 0 2 0
5 1 2 8 0 4 0 7 1 3 1 4 3 1 3 2 3 3 3 4 19 0 2 0 5 0 6 1 1 2 2 4 0 4 1 4 2 5 1 6 1 0 4 0 7 1 2 1 3 1 4 3 1 3 2 3 3 3 4 1156 0 0 1 10 0 2 1156 0 0 1 0 5 1275 7 6 4 0 6 1275 7 6 4 1 1 1275 7 6 4 2 2 1156 0 0 1 4 0 1156 0 0 1 4 1 1156 0 0 1 4 2 1156 0 0 1 5 1 1156 0 0 1 6 1 1156 0 0 1
7 6 3 7 0 6 3 3 3 5 3 6 4 3 4 5 5 3 28 1 6 2 6 5 2 5 4 5 5 5 6 5 7 5 8 6 0 6 1 6 2 6 4 6 5 6 6 6 7 7 2 7 3 7 4 8 2 8 4 0 6 3 3 3 5 3 6 4 3 4 5 5 3 6 3 14 0 3 2 20 1 6 14 0 3 2 2 6 14 0 3 2 5 2 14 0 3 2 5 4 14 0 3 2 5 5 14 0 3 2 5 6 14 0 3 2 5 7 14 0 3 2 5 8 14 0 3 2 6 0 14 0 3 2 6 1 14 0 3 2 6 2 1274 0 0 2 6 4 1276 7 7 6 6 5 14 0 3 2 6 6 14 0 3 2 6 7 14 0 3 2 7 2 1274 0 0 2 7 3 1276 7 7 6 7 4 1276 7 7 6 8 2 1276 7 7 6 8 4 1276 7 7 6
5 1 1 8 0 4 0 7 1 3 1 4 3 1 3 2 3 3 3 4 19 0 1 0 5 0 6 1 2 2 0 2 1 2 2 4 2 5 2 6 2 0 4 0 7 1 1 1 3 1 4 3 1 3 2 3 3 3 4 1271 0 0 1 10 0 1 1271 0 0 1 0 5 678 7 6 4 0 6 678 7 6 4 1 2 678 7 6 4 2 0 1271 0 0 1 2 1 1271 0 0 1 2 2 1271 0 0 1 4 2 1271 0 0 1 5 2 1271 0 0 1 6 2 1271 0 0 1
4 1 1 7 0 3 0 6 1 2 1 3 3 1 3 2 4 2 16 0 1 0 4 0 5 1 0 2 1 4 1 5 2 6 2 0 3 0 6 1 1 1 2 1 3 3 1 3 2 4 2 1156 0 0 0 8 0 1 1156 0 0 0 0 4 244 2 6 1 0 5 244 2 6 1 1 0 244 2 6 1 2 1 1156 0 0 0 4 1 1156 0 0 0 5 2 1156 0 0 0 6 2 1156 0 0 0
5 4 3 8 0 4 0 7 1 3 1 4 3 1 3 2 3 3 3 4 21 0 2 0 5 0 6 1 1 1 2 2 2 3 0 4 2 4 4 4 5 5 3 6 3 0 4 0 7 1 3 1 4 3 1 3 2 3 3 3 4 4 3 47 0 3 0 12 0 2 47 0 3 0 0 5 47 0 3 0 0 6 47 0 3 0 1 1 47 0 3 0 1 2 47 0 3 0 2 2 47 0 3 0 3 0 1279 0 0 1 4 2 47 0 3 0 4 4 1279 0 0 1 4 5 1279 0 0 1 5 3 47 0 3 0 6 3 47 0 3 0
6 3 2 7 0 5 0 8 1 4 1 5 3 3 3 4 3 5 27 0 2 0 3 0 6 0 7 1 2 1 3 2 0 2 1 2 2 2 3 3 1 4 3 4 4 4 5 4 6 5 3 5 4 6 3 6 4 0 5 0 8 1 4 1 5 3 2 3 3 3 4 3 5 5 1 4 0 19 0 2 5 1 4 0 0 3 5 1 4 0 0 6 5 1 4 0 0 7 5 1 4 0 1 2 5 1 4 0 1 3 5 1 4 0 2 0 1278 0 0 1 2 1 1280 0 0 1 2 2 1280 0 0 1 2 3 5 1 4 0 3 1 1278 0 0 1 4 3 5 1 4 0 4 4 1278 0 0 1 4 5 1278 0 0 1 4 6 1278 0 0 1 5 3 5 1 4 0 5 4 5 1 4 0 6 3 5 1 4 0 6 4 5 1 4 0
10 5 4 6 0 7 3 4 3 6 3 7 4 4 4 6 45 1 7 2 3 2 7 3 3 4 1 4 2 4 3 4 7 4 8 4 9 5 0 5 1 5 2 5 3 5 5 5 6 5 7 5 8 5 9 6 1 6 2 6 3 6 4 6 5 6 6 6 7 6 8 7 0 7 1 7 2 7 3 7 4 7 5 7 6 7 7 7 8 8 3 8 5 0 7 3 4 3 6 3 7 4 4 4 6 5 4 1270 0 0 1 38 1 7 46 7 8 5 2 3 1270 0 0 1 2 7 46 7 8 5 3 3 1270 0 0 1 4 1 1272 7 8 7 4 2 1272 7 8 7 4 3 1277 0 0 1 4 7 1272 7 8 7 4 8 1272 7 8 7 4 9 1272 7 8 7 5 0 1272 7 8 7 5 1 1272 7 8 7 5 2 1277 0 0 1 5 3 534 5 2 9 5 5 1272 7 8 7 5 6 46 7 8 5 5 7 1272 7 8 7 5 8 1272 7 8 7 5 9 1272 7 8 7 6 1 1272 7 8 7 6 2 1272 7 8 7 6 3 1281 7 8 7 6 4 1270 0 0 1 6 5 1270 0 0 1 6 6 46 7 8 5 6 7 46 7 8 5 6 8 1272 7 8 7 7 0 1272 7 8 7 7 1 1272 7 8 7 7 2 1272 7 8 7 7 3 1270 0 0 1 7 4 1270 0 0 1 7 5 1270 0 0 1 7 6 1272 7 8 7 7 7 1272 7 8 7 7 8 1272 7 8 7 8 3 1270 0 0 1 8 5 1270 0 0 1
10 3 3 7 0 5 0 8 1 4 1 5 3 4 3 5 4 4 36 0 2 0 3 0 6 0 7 1 2 1 3 2 0 2 1 2 2 2 3 3 1 3 2 4 0 4 1 4 2 4 3 4 5 4 6 5 1 5 2 5 3 5 4 6 1 6 2 6 3 6 4 7 1 7 3 0 5 0 8 1 4 1 5 3 3 3 4 3 5 4 4 1279 0 0 2 28 0 2 1279 0 0 2 0 3 854 7 6 6 0 6 854 7 6 6 0 7 854 7 6 6 1 2 854 7 6 6 1 3 46 0 2 0 2 0 1279 0 0 2 2 1 1279 0 0 2 2 2 1279 0 0 2 2 3 1272 0 0 0 3 1 1279 0 0 2 3 2 1279 0 0 2 4 0 1279 0 0 2 4 1 1279 0 0 2 4 2 1279 0 0 2 4 3 854 7 6 6 4 5 1279 0 0 2 4 6 1279 0 0 2 5 1 1279 0 0 2 5 2 1279 0 0 2 5 3 1279 0 0 2 5 4 1272 0 0 0 6 1 1279 0 0 2 6 2 1279 0 0 2 6 3 1279 0 0 2 6 4 854 7 6 6 7 1 1279 0 0 2 7 3 1279 0 0 2
11 4 4 6 0 5 0 8 1 4 1 5 3 4 3 5 37 0 2 0 3 0 6 0 7 1 2 1 3 2 0 2 1 2 2 2 3 2 4 3 1 3 2 3 3 4 0 4 1 4 2 4 3 4 5 4 6 5 1 5 2 5 3 5 4 6 1 6 2 6 3 6 4 7 1 7 3 0 5 0 8 1 4 1 5 3 4 3 5 4 4 35 3 0 4 30 0 2 35 3 0 4 0 3 35 3 0 4 0 6 35 3 0 4 0 7 35 3 0 4 1 2 35 3 0 4 1 3 35 3 0 4 2 0 35 3 0 4 2 1 35 3 0 4 2 2 35 3 0 4 2 3 35 3 0 4 2 4 1283 0 0 0 3 1 35 3 0 4 3 2 35 3 0 4 3 3 35 3 0 4 4 0 35 3 0 4 4 1 35 3 0 4 4 2 35 3 0 4 4 3 35 3 0 4 4 5 35 3 0 4 4 6 35 3 0 4 5 1 35 3 0 4 5 2 35 3 0 4 5 3 35 3 0 4 5 4 35 3 0 4 6 1 35 3 0 4 6 2 35 3 0 4 6 3 35 3 0 4 6 4 35 3 0 4 7 1 35 3 0 4 7 3 35 3 0 4
7 4 4 7 0 4 3 1 3 3 3 4 4 1 4 2 4 3 21 1 4 2 4 3 0 5 3 5 4 5 5 5 6 6 3 6 4 6 5 7 3 7 4 7 5 0 4 3 1 3 3 3 4 4 1 4 2 4 3 4 4 1 1 4 0 13 1 4 1 1 4 0 2 4 1 1 4 0 3 0 1262 0 0 1 5 3 1 1 4 0 5 4 1 1 4 0 5 5 1 1 4 0 5 6 1 1 4 0 6 3 1 1 4 0 6 4 1 1 4 0 6 5 1 1 4 0 7 3 1 1 4 0 7 4 1 1 4 0 7 5 1 1 4 0
8 4 2 6 0 4 3 1 3 3 3 4 4 1 4 3 22 1 4 2 4 3 0 4 0 4 4 5 3 5 4 5 5 5 6 6 3 6 4 6 5 7 3 7 4 7 5 0 4 3 1 3 3 3 4 4 1 4 2 4 3 6 4 4 4 15 1 4 6 4 4 4 2 4 6 4 4 4 3 0 6 4 4 4 4 0 1285 0 0 0 4 4 6 4 4 4 5 3 6 4 4 4 5 4 6 4 4 4 5 5 6 4 4 4 5 6 6 4 4 4 6 3 6 4 4 4 6 4 6 4 4 4 6 5 6 4 4 4 7 3 6 4 4 4 7 4 6 4 4 4 7 5 6 4 4 4
8 1 1 4 0 4 1 2 1 3 1 4 22 0 5 1 0 2 2 2 3 2 4 2 5 3 3 3 4 3 5 3 6 3 7 4 3 4 4 4 5 5 3 5 4 5 5 0 4 1 1 1 2 1 3 1 4 1 4 1 5 17 0 5 1258 0 0 0 1 0 1 4 1 5 2 2 1 4 1 5 2 3 1 4 1 5 2 4 1 4 1 5 2 5 1 4 1 5 3 3 1 4 1 5 3 4 1 4 1 5 3 5 1 4 1 5 3 6 1 4 1 5 3 7 1 4 1 5 4 3 1 4 1 5 4 4 1 4 1 5 4 5 1 4 1 5 5 3 1 4 1 5 5 4 1 4 1 5 5 5 1 4 1 5
9 1 4 5 0 3 0 5 0 6 1 3 1 5 25 0 2 1 2 1 6 1 7 2 2 2 3 2 4 2 5 3 0 3 1 3 2 3 3 3 4 4 2 4 3 4 4 5 2 5 3 5 4 0 3 0 5 0 6 1 3 1 4 1 5 6 4 1 6 19 0 2 6 4 1 6 1 2 1287 5 0 7 1 6 6 4 1 6 1 7 6 4 1 6 2 2 6 4 1 6 2 3 6 4 1 6 2 4 6 4 1 6 2 5 6 4 1 6 3 0 6 4 1 6 3 1 6 4 1 6 3 2 6 4 1 6 3 3 6 4 1 6 3 4 6 4 1 6 4 2 6 4 1 6 4 3 6 4 1 6 4 4 6 4 1 6 5 2 6 4 1 6 5 3 6 4 1 6 5 4 6 4 1 6
12 4 6 5 0 7 3 4 3 6 3 7 4 4 49 1 7 2 3 2 7 3 3 4 1 4 2 4 3 4 5 4 7 4 8 4 9 4 10 5 0 5 1 5 2 5 3 5 4 5 5 5 6 5 7 5 8 5 9 5 10 6 1 6 2 6 3 6 4 6 5 6 6 6 7 6 8 7 0 7 1 7 2 7 3 7 4 7 5 7 6 7 7 7 8 8 3 8 4 8 5 0 7 3 4 3 6 3 7 4 4 4 6 1255 5 3 9 43 1 7 1255 5 3 9 2 3 1255 5 3 9 2 7 1255 5 3 9 3 3 1261 0 0 1 4 1 1255 5 3 9 4 2 1255 5 3 9 4 3 1269 0 0 1 4 5 1282 0 0 0 4 7 1284 7 8 7 4 8 1286 0 0 3 4 9 1255 5 3 9 4 10 1255 5 3 9 5 0 1255 5 3 9 5 1 1255 5 3 9 5 2 1255 5 3 9 5 3 1286 0 0 3 5 4 1286 0 0 3 5 5 1286 0 0 3 5 6 1255 5 3 9 5 7 1288 0 3 1 5 8 1288 0 3 1 5 9 1288 0 3 1 5 10 1255 5 3 9 6 1 1255 5 3 9 6 2 1255 5 3 9 6 3 1255 5 3 9 6 4 1255 5 3 9 6 5 1255 5 3 9 6 6 1255 5 3 9 6 7 1255 5 3 9 6 8 1255 5 3 9 7 0 1255 5 3 9 7 1 1255 5 3 9 7 2 1255 5 3 9 7 3 1255 5 3 9 7 4 1255 5 3 9 7 5 1255 5 3 9 7 6 1255 5 3 9 7 7 1255 5 3 9 7 8 1255 5 3 9 8 3 1255 5 3 9 8 4 1255 5 3 9 8 5 1255 5 3 9
4 1 3 6 0 4 1 1 1 2 1 4 3 2 4 2 13 0 0 0 1 0 5 2 0 2 1 3 1 0 4 1 1 1 2 1 3 1 4 3 2 4 2 1 4 1 5 6 0 0 1 4 1 5 0 1 1 4 1 5 0 5 364 5 0 4 2 0 1 4 1 5 2 1 1 4 1 5 3 1 1 4 1 5
13 4 4 6 0 7 1 3 1 4 3 4 3 6 3 7 53 0 3 1 7 2 3 2 4 2 7 3 3 4 1 4 2 4 3 4 5 4 6 4 7 4 8 4 9 4 10 5 0 5 1 5 2 5 3 5 4 5 5 5 6 5 7 5 8 5 9 5 10 6 1 6 2 6 3 6 4 6 5 6 6 6 7 6 8 7 0 7 1 7 2 7 3 7 4 7 5 7 6 7 7 7 8 8 3 8 4 8 5 0 7 1 3 1 4 3 4 3 6 3 7 4 4 910 7 6 4 46 0 3 1289 0 0 0 1 7 910 7 6 4 2 3 1290 2 5 3 2 4 1289 0 0 0 2 7 910 7 6 4 3 3 910 7 6 4 4 1 910 7 6 4 4 2 910 7 6 4 4 3 935 2 6 3 4 5 910 7 6 4 4 6 910 7 6 4 4 7 910 7 6 4 4 8 910 7 6 4 4 9 910 7 6 4 4 10 910 7 6 4 5 0 910 7 6 4 5 1 910 7 6 4 5 2 910 7 6 4 5 3 935 2 6 3 5 4 1290 2 5 3 5 5 910 7 6 4 5 6 910 7 6 4 5 7 910 7 6 4 5 8 910 7 6 4 5 9 910 7 6 4 5 10 910 7 6 4 6 1 910 7 6 4 6 2 910 7 6 4 6 3 935 2 6 3 6 4 910 7 6 4 6 5 910 7 6 4 6 6 910 7 6 4 6 7 910 7 6 4 6 8 910 7 6 4 7 0 910 7 6 4 7 1 910 7 6 4 7 2 910 7 6 4 7 3 910 7 6 4 7 4 910 7 6 4 7 5 910 7 6 4 7 6 910 7 6 4 7 7 910 7 6 4 7 8 910 7 6 4 8 3 910 7 6 4 8 4 910 7 6 4 8 5 910 7 6 4
14 1 3 6 0 6 0 7 1 4 3 4 3 6 3 7 65 0 0 0 1 0 2 0 3 0 5 1 1 1 2 1 5 1 6 1 7 2 0 2 1 2 2 2 3 2 4 2 7 3 3 4 1 4 2 4 3 4 4 4 5 4 6 4 7 4 8 4 9 4 10 5 0 5 1 5 2 5 3 5 4 5 5 5 6 5 7 5 8 5 9 5 10 6 1 6 2 6 3 6 4 6 5 6 6 6 7 6 8 7 0 7 1 7 2 7 3 7 4 7 5 7 6 7 7 7 8 8 3 8 4 8 5 0 6 0 7 1 3 1 4 3 4 3 6 3 7 1216 0 0 0 58 0 0 1291 0 0 0 0 1 1291 0 0 0 0 2 1291 0 0 0 0 3 1216 0 0 0 0 5 1291 0 0 0 1 1 1291 0 0 0 1 2 1291 0 0 0 1 5 1291 0 0 0 1 6 1291 0 0 0 1 7 1216 0 0 0 2 0 1291 0 0 0 2 1 1291 0 0 0 2 2 1291 0 0 0 2 3 1216 0 0 0 2 4 1216 0 0 0 2 7 1216 0 0 0 3 3 1216 0 0 0 4 1 1216 0 0 0 4 2 1216 0 0 0 4 3 1216 0 0 0 4 4 1216 0 0 0 4 5 1216 0 0 0 4 6 1216 0 0 0 4 7 1216 0 0 0 4 8 1216 0 0 0 4 9 1216 0 0 0 4 10 1216 0 0 0 5 0 1216 0 0 0 5 1 1216 0 0 0 5 2 1216 0 0 0 5 3 1216 0 0 0 5 4 1216 0 0 0 5 5 1216 0 0 0 5 6 1216 0 0 0 5 7 1216 0 0 0 5 8 1216 0 0 0 5 9 1216 0 0 0 5 10 1216 0 0 0 6 1 1216 0 0 0 6 2 1216 0 0 0 6 3 1216 0 0 0 6 4 1216 0 0 0 6 5 1216 0 0 0 6 6 1216 0 0 0 6 7 1216 0 0 0 6 8 1216 0 0 0 7 0 1216 0 0 0 7 1 1216 0 0 0 7 2 1216 0 0 0 7 3 1216 0 0 0 7 4 1216 0 0 0 7 5 1216 0 0 0 7 6 1216 0 0 0 7 7 1216 0 0 0 7 8 1216 0 0 0 8 3 1216 0 0 0 8 4 1216 0 0 0 8 5 1216 0 0 0
7 2 1 6 0 3 1 1 3 1 3 2 3 3 3 4 27 0 0 0 2 0 4 1 0 1 2 1 3 2 0 2 2 4 1 4 2 5 0 5 1 5 2 6 0 6 1 6 2 7 0 7 1 7 2 8 2 0 3 1 1 2 1 3 1 3 2 3 3 3 4 1 1 3 0 20 0 0 1 1 3 0 0 2 1 1 3 0 0 4 1 1 3 0 1 0 1 1 3 0 1 2 1 1 3 0 1 3 1 1 3 0 2 0 1040 0 0 0 2 2 1 1 3 0 4 1 1 1 3 0 4 2 1 1 3 0 5 0 1 1 3 0 5 1 1 1 3 0 5 2 1 1 3 0 6 0 1 1 3 0 6 1 1 1 3 0 6 2 1 1 3 0 7 0 1 1 3 0 7 1 1 1 3 0 7 2 1 1 3 0 8 2 1 1 3 0
8 3 2 6 0 3 0 4 1 1 3 1 3 3 3 4 34 0 0 0 2 1 0 1 2 1 3 1 4 2 0 2 1 2 2 2 4 2 5 3 0 4 1 4 2 4 3 4 4 4 5 5 0 5 1 5 2 6 0 6 1 6 2 7 0 7 1 7 2 8 2 0 3 0 4 1 1 3 1 3 2 3 3 3 4 1246 0 0 0 27 0 0 1246 0 0 0 0 2 1246 0 0 0 1 0 1246 0 0 0 1 2 1246 0 0 0 1 3 1246 0 0 0 1 4 1293 0 0 0 2 0 1246 0 0 0 2 1 1246 0 0 0 2 2 1246 0 0 0 2 4 1293 0 0 0 2 5 1293 0 0 0 3 0 1293 0 0 0 4 1 1246 0 0 0 4 2 1246 0 0 0 4 3 1293 0 0 0 4 4 1293 0 0 0 4 5 1293 0 0 0 5 0 1246 0 0 0 5 1 1246 0 0 0 5 2 1246 0 0 0 6 0 1246 0 0 0 6 1 1246 0 0 0 6 2 1246 0 0 0 7 0 1246 0 0 0 7 1 1246 0 0 0 7 2 1246 0 0 0 8 2 1246 0 0 0
4 1 3 8 0 3 0 4 1 0 1 1 3 1 3 2 3 3 3 4 15 1 2 1 4 2 4 2 5 4 4 4 5 0 3 0 4 1 0 1 1 1 3 3 1 3 2 3 3 3 4 35 4 1 4 6 1 2 364 1 4 1 1 4 35 4 1 4 2 4 35 4 1 4 2 5 35 4 1 4 4 4 35 4 1 4 4 5 35 4 1 4
5 4 2 5 0 3 1 3 2 3 3 3 4 1 14 3 2 4 0 4 3 4 4 5 2 5 3 5 4 6 4 0 3 1 3 2 3 3 3 4 1 4 2 0 7 4 3 8 3 2 569 0 1 0 4 0 0 7 4 3 4 3 0 7 4 3 4 4 0 7 4 3 5 2 0 7 4 3 5 3 0 7 4 3 5 4 0 7 4 3 6 4 0 7 4 3
6 1 2 7 0 5 0 6 1 3 3 3 3 4 3 5 3 6 24 0 2 1 4 1 5 1 6 2 1 2 2 2 3 2 6 2 7 3 1 3 2 4 0 4 1 4 2 4 6 4 7 0 5 0 6 1 2 1 3 3 3 3 4 3 5 3 6 1295 0 0 2 16 0 2 1295 0 0 2 1 4 1296 6 0 6 1 5 1296 6 0 6 1 6 1296 6 0 6 2 1 1295 0 0 2 2 2 1295 0 0 2 2 3 1295 0 0 2 2 6 1296 6 0 6 2 7 1296 6 0 6 3 1 1295 0 0 2 3 2 1295 0 0 2 4 0 1295 0 0 2 4 1 1295 0 0 2 4 2 1295 0 0 2 4 6 1296 6 0 6 4 7 1296 6 0 6
5 4 5 5 0 6 3 3 3 4 3 5 3 6 18 1 6 2 1 2 2 2 3 2 6 2 7 3 1 3 2 4 0 4 1 4 2 4 4 0 6 3 3 3 4 3 5 3 6 4 5 731 3 0 3 12 1 6 191 1 4 0 2 1 731 3 0 3 2 2 731 3 0 3 2 3 731 3 0 3 2 6 191 1 4 0 2 7 191 1 4 0 3 1 731 3 0 3 3 2 731 3 0 3 4 0 731 3 0 3 4 1 731 3 0 3 4 2 731 3 0 3 4 4 731 3 0 3
7 3 4 6 0 5 0 6 1 3 3 3 3 5 3 6 27 0 2 1 2 1 4 1 5 1 6 2 1 2 2 2 3 2 6 2 7 3 1 3 2 4 0 4 1 4 2 4 4 4 5 4 6 4 7 5 5 0 5 0 6 1 3 3 3 3 4 3 5 3 6 407 6 2 6 20 0 2 407 6 2 6 1 2 407 6 2 6 1 4 407 6 2 6 1 5 407 6 2 6 1 6 407 6 2 6 2 1 1183 3 0 3 2 2 1183 3 0 3 2 3 1183 3 0 3 2 6 407 6 2 6 2 7 407 6 2 6 3 1 1183 3 0 3 3 2 1183 3 0 3 4 0 1183 3 0 3 4 1 1183 3 0 3 4 2 1183 3 0 3 4 4 1183 3 0 3 4 5 1297 0 0 0 4 6 1298 0 0 0 4 7 407 6 2 6 5 5 407 6 2 6
8 3 4 6 0 5 0 6 1 3 3 3 3 5 3 6 38 0 2 0 4 1 2 1 4 1 5 1 6 2 1 2 2 2 3 2 4 2 6 2 7 3 1 3 2 4 0 4 1 4 2 4 3 4 4 4 6 4 7 5 2 5 3 5 4 6 2 6 3 6 4 7 2 7 3 7 4 8 4 0 5 0 6 1 3 3 3 3 4 3 5 3 6 14 6 2 6 31 0 2 14 6 2 6 0 4 14 6 2 6 1 2 14 6 2 6 1 4 14 6 2 6 1 5 14 6 2 6 1 6 14 6 2 6 2 1 1245 0 0 2 2 2 1245 0 0 2 2 3 1245 0 0 2 2 4 14 6 2 6 2 6 14 6 2 6 2 7 14 6 2 6 3 1 14 6 2 6 3 2 1245 0 0 2 4 0 14 6 2 6 4 1 1245 0 0 2 4 2 1293 0 0 2 4 3 1297 0 0 0 4 4 14 6 2 6 4 6 14 6 2 6 4 7 14 6 2 6 5 2 14 6 2 6 5 3 14 6 2 6 5 4 14 6 2 6 6 2 14 6 2 6 6 3 14 6 2 6 6 4 14 6 2 6 7 2 14 6 2 6 7 3 14 6 2 6 7 4 14 6 2 6 8 4 14 6 2 6
7 4 6 5 0 7 3 4 3 5 3 6 3 7 22 1 7 2 0 2 1 2 2 2 3 2 4 2 5 2 7 2 8 3 1 3 2 3 3 4 0 4 1 4 2 4 5 0 7 3 4 3 5 3 6 3 7 4 6 731 3 0 4 16 1 7 278 1 4 0 2 0 731 3 0 4 2 1 731 3 0 4 2 2 731 3 0 4 2 3 731 3 0 4 2 4 731 3 0 4 2 5 731 3 0 4 2 7 278 1 4 0 2 8 278 1 4 0 3 1 731 3 0 4 3 2 731 3 0 4 3 3 731 3 0 4 4 0 731 3 0 4 4 1 731 3 0 4 4 2 731 3 0 4 4 5 731 3 0 4
8 3 5 4 0 7 3 4 3 6 3 7 35 0 5 1 4 1 5 1 7 2 0 2 1 2 2 2 3 2 4 2 5 2 7 2 8 3 1 3 2 3 3 4 0 4 1 4 2 4 3 4 4 4 5 4 6 5 3 5 4 5 5 6 3 6 4 6 5 7 3 7 5 0 7 3 4 3 5 3 6 3 7 14 6 2 7 30 0 5 14 6 2 7 1 4 14 6 2 7 1 5 14 6 2 7 1 7 14 6 2 7 2 0 14 6 2 7 2 1 14 6 2 7 2 2 17 7 7 7 2 3 1251 0 0 0 2 4 504 6 2 7 2 5 14 6 2 7 2 7 14 6 2 7 2 8 14 6 2 7 3 1 14 6 2 7 3 2 14 6 2 7 3 3 17 7 7 7 4 0 14 6 2 7 4 1 14 6 2 7 4 2 17 7 7 7 4 3 1301 0 0 0 4 4 1301 0 0 0 4 5 14 6 2 7 4 6 14 6 2 7 5 3 14 6 2 7 5 4 14 6 2 7 5 5 14 6 2 7 6 3 14 6 2 7 6 4 14 6 2 7 6 5 14 6 2 7 7 3 14 6 2 7 7 5 14 6 2 7
15 3 4 5 0 6 0 7 1 4 3 6 3 7 71 0 0 0 1 0 2 0 3 0 5 1 1 1 2 1 3 1 5 1 6 1 7 2 0 2 1 2 2 2 3 2 4 2 5 2 7 2 8 3 1 3 2 3 3 3 5 4 0 4 1 4 2 4 3 4 4 4 5 4 6 4 7 4 8 4 9 4 10 5 0 5 1 5 2 5 3 5 4 5 5 5 6 5 7 5 8 5 9 5 10 6 1 6 2 6 3 6 4 6 5 6 6 6 7 6 8 7 0 7 1 7 2 7 3 7 4 7 5 7 6 7 7 7 8 8 3 8 4 8 5 0 6 0 7 1 4 3 4 3 6 3 7 1249 0 0 2 65 0 0 1249 0 0 2 0 1 1249 0 0 2 0 2 1249 0 0 2 0 3 1249 0 0 2 0 5 1249 0 0 2 1 1 1249 0 0 2 1 2 1249 0 0 2 1 3 1249 0 0 2 1 5 1249 0 0 2 1 6 1254 0 2 2 1 7 1254 0 2 2 2 0 1249 0 0 2 2 1 1249 0 0 2 2 2 1250 0 0 3 2 3 1252 0 0 0 2 4 1247 0 0 0 2 5 1249 0 0 2 2 7 1254 0 2 2 2 8 1254 0 2 2 3 1 1249 0 0 2 3 2 1249 0 0 2 3 3 1250 0 0 3 3 5 1292 0 0 0 4 0 1249 0 0 2 4 1 1249 0 0 2 4 2 1250 0 0 3 4 3 1294 0 0 3 4 4 1299 0 0 1 4 5 1249 0 0 2 4 6 1300 0 0 1 4 7 1302 0 0 0 4 8 1302 0 0 0 4 9 1249 0 0 2 4 10 1249 0 0 2 5 0 1249 0 0 2 5 1 1249 0 0 2 5 2 1249 0 0 2 5 3 1249 0 0 2 5 4 1249 0 0 2 5 5 1249 0 0 2 5 6 1247 0 0 0 5 7 1249 0 0 2 5 8 1249 0 0 2 5 9 1249 0 0 2 5 10 1249 0 0 2 6 1 1249 0 0 2 6 2 1249 0 0 2 6 3 1249 0 0 2 6 4 1249 0 0 2 6 5 1249 0 0 2 6 6 1249 0 0 2 6 7 1249 0 0 2 6 8 1249 0 0 2 7 0 1249 0 0 2 7 1 1249 0 0 2 7 2 1249 0 0 2 7 3 1249 0 0 2 7 4 1249 0 0 2 7 5 1249 0 0 2 7 6 1249 0 0 2 7 7 1249 0 0 2 7 8 1249 0 0 2 8 3 1249 0 0 2 8 4 1249 0 0 2 8 5 1249 0 0 2
10 2 3 4 0 4 1 4 3 3 4 3 33 1 3 2 2 3 0 3 1 3 2 3 4 4 2 4 4 4 5 4 6 4 7 5 1 5 2 5 3 5 4 5 5 5 6 6 2 6 3 6 4 6 5 6 6 6 7 7 2 7 3 7 4 7 5 8 5 0 4 1 4 2 3 3 3 4 3 19 3 0 3 28 1 3 763 5 2 7 2 2 19 3 0 3 3 0 19 3 0 3 3 1 19 3 0 3 3 2 19 3 0 3 3 4 19 3 0 3 4 2 19 3 0 3 4 4 19 3 0 3 4 5 19 3 0 3 4 6 19 3 0 3 4 7 19 3 0 3 5 1 19 3 0 3 5 2 19 3 0 3 5 3 19 3 0 3 5 4 19 3 0 3 5 5 19 3 0 3 5 6 19 3 0 3 6 2 19 3 0 3 6 3 19 3 0 3 6 4 19 3 0 3 6 5 19 3 0 3 6 6 19 3 0 3 6 7 19 3 0 3 7 2 19 3 0 3 7 3 19 3 0 3 7 4 19 3 0 3 7 5 19 3 0 3 8 5 19 3 0 3
3 1 1 6 0 4 1 2 1 3 1 4 3 2 4 2 11 0 0 0 1 0 5 2 2 0 4 1 1 1 2 1 3 1 4 3 2 4 2 1 4 1 5 4 0 0 1 4 1 5 0 1 1 4 1 5 0 5 158 5 0 4 2 2 1 4 1 5
5 1 4 5 0 5 1 3 1 5 3 3 4 3 18 0 1 0 2 0 4 0 6 1 1 1 2 1 6 2 0 2 1 2 2 2 3 2 4 0 5 1 3 1 4 1 5 3 3 4 3 1305 0 0 1 12 0 1 268 0 0 0 0 2 268 0 0 0 0 4 1305 0 0 1 0 6 1218 1 4 0 1 1 1305 0 0 1 1 2 1218 1 4 0 1 6 1305 0 0 1 2 0 1305 0 0 1 2 1 1305 0 0 1 2 2 1305 0 0 1 2 3 268 0 0 0 2 4 1305 0 0 1
4 1 1 6 0 4 1 2 1 4 2 2 3 2 4 2 13 0 1 0 5 1 3 1 5 2 0 2 1 0 4 1 1 1 2 1 4 2 2 3 2 4 2 1 6 0 2 6 0 1 566 0 0 0 0 5 1 6 0 2 1 3 1 6 0 2 1 5 1 6 0 2 2 0 1 6 0 2 2 1 1 6 0 2
6 2 3 5 0 5 1 3 1 5 3 3 4 3 22 0 2 0 3 0 6 1 2 1 4 1 6 2 1 2 2 3 0 3 1 3 2 4 2 4 4 4 5 5 2 5 4 0 5 1 3 1 5 2 3 3 3 4 3 1307 0 0 1 16 0 2 10 1 5 0 0 3 1307 0 0 1 0 6 10 1 5 0 1 2 10 1 5 0 1 4 10 1 5 0 1 6 10 1 5 0 2 1 10 1 5 0 2 2 10 1 5 0 3 0 1307 0 0 1 3 1 1307 0 0 1 3 2 1307 0 0 1 4 2 1307 0 0 1 4 4 1307 0 0 1 4 5 1307 0 0 1 5 2 1307 0 0 1 5 4 1307 0 0 1
6 3 3 6 0 4 1 1 1 2 3 2 3 4 3 5 23 0 2 0 5 1 4 1 5 2 0 2 1 2 5 2 6 3 1 4 0 4 1 4 2 4 4 4 5 4 6 5 4 0 4 1 1 1 2 3 2 3 3 3 4 3 5 974 6 0 5 16 0 2 1183 3 0 2 0 5 974 6 0 5 1 4 974 6 0 5 1 5 974 6 0 5 2 0 1183 3 0 2 2 1 1183 3 0 2 2 5 974 6 0 5 2 6 974 6 0 5 3 1 1183 3 0 2 4 0 1183 3 0 2 4 1 1183 3 0 2 4 2 1183 3 0 2 4 4 974 6 0 5 4 5 974 6 0 5 4 6 974 6 0 5 5 4 974 6 0 5
14 4 4 6 1 6 1 7 2 3 2 4 4 6 4 7 61 0 3 1 3 1 4 2 6 2 7 3 2 3 3 3 4 3 5 3 7 3 8 4 3 4 5 5 1 5 2 5 3 5 4 5 5 5 6 5 7 5 8 5 9 5 10 6 0 6 1 6 2 6 3 6 4 6 5 6 6 6 7 6 8 6 9 6 10 7 1 7 2 7 3 7 4 7 5 7 6 7 7 7 8 8 0 8 1 8 2 8 3 8 4 8 5 8 6 8 7 8 8 9 3 9 4 9 5 1 6 1 7 2 3 2 4 4 4 4 6 4 7 1306 2 7 3 54 0 3 1306 2 7 3 1 3 1248 2 7 3 1 4 1291 0 1 0 2 6 1306 2 7 3 2 7 1306 2 7 3 3 2 1306 2 7 3 3 3 1308 2 7 3 3 4 1309 0 1 2 3 5 1308 2 7 3 3 7 1306 2 7 3 3 8 1306 2 7 3 4 3 1306 2 7 3 4 5 1291 0 1 0 5 1 1306 2 7 3 5 2 1306 2 7 3 5 3 1248 2 7 3 5 4 1248 2 7 3 5 5 1309 0 1 2 5 6 1306 2 7 3 5 7 1306 2 7 3 5 8 1306 2 7 3 5 9 1306 2 7 3 5 10 1306 2 7 3 6 0 1306 2 7 3 6 1 1306 2 7 3 6 2 1306 2 7 3 6 3 1248 2 7 3 6 4 1248 2 7 3 6 5 1309 0 1 2 6 6 1306 2 7 3 6 7 1306 2 7 3 6 8 1306 2 7 3 6 9 1306 2 7 3 6 10 1306 2 7 3 7 1 1306 2 7 3 7 2 1306 2 7 3 7 3 1306 2 7 3 7 4 1306 2 7 3 7 5 1308 2 7 3 7 6 1306 2 7 3 7 7 1306 2 7 3 7 8 1306 2 7 3 8 0 1306 2 7 3 8 1 1306 2 7 3 8 2 1306 2 7 3 8 3 1306 2 7 3 8 4 1306 2 7 3 8 5 1306 2 7 3 8 6 1306 2 7 3 8 7 1306 2 7 3 8 8 1306 2 7 3 9 3 1306 2 7 3 9 4 1306 2 7 3 9 5 1306 2 7 3
3 1 5 6 0 6 0 7 1 1 1 2 1 3 1 4 11 1 6 2 0 2 1 2 2 0 6 0 7 1 1 1 2 1 3 1 4 1 5 19 4 1 7 4 1 6 2 0 1 0 2 0 19 4 1 7 2 1 19 4 1 7 2 2 19 4 1 7
2 1 4 6 0 5 0 6 1 1 1 2 1 3 2 1 9 1 5 2 0 0 5 0 6 1 1 1 2 1 3 1 4 2 1 1 0 1 0 2 1 5 1 0 1 0 2 0 19 4 1 6
6 5 2 6 0 4 1 4 3 3 4 3 5 3 6 3 21 1 3 2 3 3 4 4 2 4 4 4 5 5 0 5 1 6 2 6 4 7 3 7 4 8 3 8 4 0 4 1 4 3 3 4 3 5 2 5 3 6 3 1312 7 6 4 14 1 3 390 0 3 0 2 3 390 0 3 0 3 4 1312 7 6 4 4 2 1312 7 6 4 4 4 1312 7 6 4 4 5 1312 7 6 4 5 0 1312 7 6 4 5 1 1312 7 6 4 6 2 390 0 3 0 6 4 1312 7 6 4 7 3 1312 7 6 4 7 4 1312 7 6 4 8 3 1312 7 6 4 8 4 1312 7 6 4
5 3 2 7 0 4 0 5 1 1 1 2 3 3 3 4 3 5 22 0 2 1 3 1 4 1 5 2 0 2 1 2 5 2 6 3 1 4 0 4 1 4 2 4 5 4 6 0 4 0 5 1 1 1 2 3 2 3 3 3 4 3 5 1295 0 0 1 14 0 2 1295 0 0 1 1 3 974 6 0 5 1 4 974 6 0 5 1 5 974 6 0 5 2 0 1295 0 0 1 2 1 1295 0 0 1 2 5 974 6 0 5 2 6 974 6 0 5 3 1 1295 0 0 1 4 0 1295 0 0 1 4 1 1295 0 0 1 4 2 1295 0 0 1 4 5 974 6 0 5 4 6 974 6 0 5
2 1 1 7 0 2 0 3 0 5 1 2 1 3 2 3 2 4 10 0 4 1 0 0 2 0 3 0 5 1 1 1 2 1 3 2 3 2 4 6 5 1 4 2 0 4 6 5 1 4 1 0 513 0 0 1
4 2 2 7 0 3 0 4 1 2 1 3 2 3 2 5 3 3 16 1 0 1 1 2 4 3 2 4 2 4 3 5 2 5 3 0 3 0 4 1 2 1 3 2 2 2 3 2 5 3 3 1315 1 2 0 8 1 0 132 7 5 3 1 1 132 7 5 3 2 4 132 7 5 3 3 2 1315 1 2 0 4 2 1315 1 2 0 4 3 1315 1 2 0 5 2 1315 1 2 0 5 3 1315 1 2 0
5 1 2 7 0 3 0 4 0 6 1 3 2 3 2 5 3 3 18 0 5 1 0 1 1 2 2 2 4 3 2 4 2 4 3 5 2 5 3 0 3 0 4 0 6 1 2 1 3 2 3 2 5 3 3 513 0 0 2 10 0 5 1316 0 0 0 1 0 513 0 0 2 1 1 513 0 0 2 2 2 513 0 0 2 2 4 513 0 0 2 3 2 513 0 0 2 4 2 513 0 0 2 4 3 513 0 0 2 5 2 513 0 0 2 5 3 513 0 0 2
6 2 5 6 0 5 1 3 3 2 3 3 3 4 3 5 19 1 5 2 3 2 6 3 0 3 1 4 0 4 1 4 2 4 3 4 4 5 4 6 4 0 5 1 3 2 5 3 2 3 3 3 4 3 5 1 4 3 6 12 1 5 1 4 3 6 2 3 1 4 3 6 2 6 1317 7 6 5 3 0 1 4 3 6 3 1 1 4 3 6 4 0 1 4 3 6 4 1 1 4 3 6 4 2 1 4 3 6 4 3 1 4 3 6 4 4 1 4 3 6 5 4 1 4 3 6 6 4 1 4 3 6
7 1 3 8 0 4 0 5 1 1 1 2 3 2 3 3 3 4 3 5 23 1 4 1 5 2 3 2 5 2 6 3 0 3 1 4 0 4 1 4 2 4 3 4 4 5 4 6 4 0 4 0 5 1 1 1 2 1 3 3 2 3 3 3 4 3 5 19 4 1 5 14 1 4 1318 0 0 0 1 5 19 4 1 5 2 3 19 4 1 5 2 5 19 4 1 5 2 6 19 4 1 5 3 0 19 4 1 5 3 1 19 4 1 5 4 0 19 4 1 5 4 1 19 4 1 5 4 2 19 4 1 5 4 3 19 4 1 5 4 4 19 4 1 5 5 4 19 4 1 5 6 4 19 4 1 5
8 3 2 7 0 4 0 5 1 1 1 2 3 3 3 4 3 5 25 1 3 1 4 1 5 2 3 2 5 2 6 3 0 3 1 4 0 4 1 4 2 4 3 4 4 4 5 4 6 5 4 6 4 0 4 0 5 1 1 1 2 3 2 3 3 3 4 3 5 33 0 3 0 17 1 3 33 0 3 0 1 4 33 0 3 0 1 5 33 0 3 0 2 3 33 0 3 0 2 5 33 0 3 0 2 6 33 0 3 0 3 0 33 0 3 0 3 1 1295 0 0 1 4 0 1295 0 0 1 4 1 1295 0 0 1 4 2 1295 0 0 1 4 3 33 0 3 0 4 4 1295 0 0 1 4 5 1319 0 0 0 4 6 1319 0 0 0 5 4 33 0 3 0 6 4 33 0 3 0
3 1 2 4 0 3 0 4 0 5 1 1 9 0 2 1 0 1 3 1 4 0 3 0 4 0 5 1 1 1 2 19 0 0 1 4 0 2 111 0 0 0 1 0 19 0 0 1 1 3 19 0 0 1 1 4 19 0 0 1
6 4 4 7 0 3 1 3 2 3 3 1 4 1 5 1 6 1 26 1 4 2 4 3 0 3 3 3 4 4 0 4 2 4 3 5 2 5 4 6 0 7 0 7 1 7 2 8 0 8 1 8 2 9 2 0 3 1 3 2 3 3 1 4 1 4 4 5 1 6 1 1321 2 5 3 18 1 4 1187 5 3 4 2 4 1187 5 3 4 3 0 1321 2 5 3 3 3 1187 5 3 4 3 4 1187 5 3 4 4 0 1321 2 5 3 4 2 1321 2 5 3 4 3 1321 2 5 3 5 2 1321 2 5 3 5 4 1187 5 3 4 6 0 1321 2 5 3 7 0 1321 2 5 3 7 1 1321 2 5 3 7 2 1321 2 5 3 8 0 1321 2 5 3 8 1 1321 2 5 3 8 2 1321 2 5 3 9 2 1321 2 5 3
2 1 2 7 0 1 0 3 0 4 1 0 1 1 3 2 4 2 10 1 3 2 2 0 1 0 3 0 4 1 0 1 1 1 2 3 2 4 2 35 6 0 2 2 1 3 35 6 0 2 2 2 19 4 1 4
4 1 5 6 0 2 0 3 0 4 1 2 1 3 1 4 13 1 0 1 1 1 6 2 4 2 5 2 6 0 2 0 3 0 4 1 2 1 3 1 4 1 5 6 1 1 2 6 1 0 6 1 1 2 1 1 6 1 1 2 1 6 141 0 0 0 2 4 6 1 1 2 2 5 6 1 1 2 2 6 6 1 1 2
7 4 3 6 0 4 3 2 3 3 3 4 4 2 4 4 26 1 4 2 4 4 0 4 1 4 5 4 6 5 0 5 1 5 2 5 3 5 4 5 5 5 6 6 3 6 4 6 5 7 3 7 4 7 5 0 4 3 2 3 3 3 4 4 2 4 3 4 4 1324 0 3 0 19 1 4 1324 0 3 0 2 4 1324 0 3 0 4 0 151 2 7 2 4 1 151 2 7 2 4 5 1262 0 0 1 4 6 1262 0 0 1 5 0 1324 0 3 0 5 1 1324 0 3 0 5 2 1324 0 3 0 5 3 1324 0 3 0 5 4 1324 5 3 6 5 5 1324 5 3 6 5 6 1324 5 3 6 6 3 1324 0 3 0 6 4 1324 0 3 0 6 5 1324 0 3 0 7 3 1324 0 3 0 7 4 1324 0 3 0 7 5 1324 0 3 0
8 4 4 9 0 2 0 3 0 5 1 5 1 6 3 2 3 3 3 4 4 2 33 1 2 1 3 1 4 2 2 2 4 4 0 4 1 4 3 4 5 4 6 5 0 5 1 5 2 5 3 5 4 5 5 5 6 6 1 6 2 6 3 7 1 7 2 7 3 0 2 0 3 0 5 1 5 1 6 3 2 3 3 3 4 4 2 4 4 1323 5 0 6 23 1 2 1323 5 0 6 1 3 1325 5 0 6 1 4 1325 5 0 6 2 2 1323 5 0 6 2 4 1325 5 0 6 4 0 1323 5 0 6 4 1 1323 5 0 6 4 3 1323 5 0 6 4 5 1323 5 0 6 4 6 1323 5 0 6 5 0 1323 5 0 6 5 1 1323 5 0 6 5 2 1323 5 0 6 5 3 1323 5 0 6 5 4 1323 5 0 6 5 5 1323 5 0 6 5 6 1323 5 0 6 6 1 1323 5 0 6 6 2 1323 5 0 6 6 3 1323 5 0 6 7 1 1323 5 0 6 7 2 1323 5 0 6 7 3 1323 5 0 6
9 0 5 10 0 7 0 8 1 2 1 3 1 4 1 5 3 6 3 7 3 8 4 8 40 0 0 0 1 0 2 0 4 1 1 1 6 1 7 1 8 2 6 2 8 4 4 4 5 4 6 4 7 4 9 4 10 5 4 5 5 5 6 5 7 5 8 5 9 5 10 6 7 6 8 6 9 7 7 7 8 7 9 0 5 0 7 0 8 1 2 1 3 1 4 1 5 3 6 3 7 3 8 4 8 32 1 1 0 29 0 0 1326 5 0 10 0 1 1326 5 0 10 0 2 1326 5 0 10 0 4 1326 5 0 10 1 1 1326 5 0 10 1 6 32 1 1 0 1 7 32 1 1 0 1 8 32 1 1 0 2 6 32 1 1 0 2 8 32 1 1 0 4 4 32 1 1 0 4 5 32 1 1 0 4 6 32 1 1 0 4 7 32 1 1 0 4 9 32 1 1 0 4 10 32 1 1 0 5 4 32 1 1 0 5 5 32 1 1 0 5 6 32 1 1 0 5 7 32 1 1 0 5 8 32 1 1 0 5 9 32 1 1 0 5 10 32 1 1 0 6 7 32 1 1 0 6 8 32 1 1 0 6 9 32 1 1 0 7 7 32 1 1 0 7 8 32 1 1 0 7 9 32 1 1 0
2 1 1 7 0 0 0 2 0 3 0 4 1 0 3 1 4 1 10 0 1 2 1 0 0 0 2 0 3 0 4 1 0 1 1 3 1 4 1 35 6 0 1 2 0 1 35 6 0 1 2 1 19 0 0 0
5 2 4 8 0 3 0 4 1 0 1 1 3 2 3 3 3 4 4 4 23 1 2 1 3 1 4 1 5 2 5 3 1 5 3 5 4 5 5 6 3 6 4 6 5 7 3 7 5 0 3 0 4 1 0 1 1 2 4 3 2 3 3 3 4 4 4 1328 6 0 4 14 1 2 647 7 7 5 1 3 647 7 7 5 1 4 647 7 7 5 1 5 1328 6 0 4 2 5 1328 6 0 4 3 1 1328 6 0 4 5 3 1328 6 0 4 5 4 1328 6 0 4 5 5 1328 6 0 4 6 3 1328 6 0 4 6 4 1328 6 0 4 6 5 1328 6 0 4 7 3 1328 6 0 4 7 5 1328 6 0 4
10 4 8 9 0 7 0 8 1 2 1 3 1 4 1 5 3 6 3 7 3 8 44 0 0 0 1 0 2 0 4 0 5 1 1 1 6 1 7 1 8 1 9 2 6 2 8 2 9 3 5 4 4 4 5 4 6 4 7 4 9 4 10 4 11 5 4 5 5 5 6 5 7 5 8 5 9 5 10 6 7 6 8 6 9 7 7 7 8 7 9 0 7 0 8 1 2 1 3 1 4 1 5 3 6 3 7 3 8 4 8 75 5 3 11 34 0 0 75 5 3 11 0 1 75 5 3 11 0 2 75 5 3 11 0 4 75 5 3 11 0 5 75 5 3 11 1 1 75 5 3 11 1 6 75 5 3 11 1 7 75 5 3 11 1 8 75 5 3 11 1 9 75 5 3 11 2 6 75 5 3 11 2 8 75 5 3 11 2 9 75 5 3 11 3 5 1327 0 0 0 4 4 75 5 3 11 4 5 75 5 3 11 4 6 75 5 3 11 4 7 1329 0 0 4 4 9 1329 0 0 4 4 10 1329 0 0 4 4 11 1329 0 0 4 5 4 75 5 3 11 5 5 75 5 3 11 5 6 75 5 3 11 5 7 75 5 3 11 5 8 75 5 3 11 5 9 75 5 3 11 5 10 75 5 3 11 6 7 75 5 3 11 6 8 75 5 3 11 6 9 75 5 3 11 7 7 75 5 3 11 7 8 75 5 3 11 7 9 75 5 3 11
3 4 3 9 0 2 0 4 0 5 1 1 1 2 3 3 3 4 3 5 4 1 16 1 3 1 4 2 3 4 0 4 2 4 4 0 2 0 4 0 5 1 1 1 2 3 3 3 4 3 5 4 1 4 3 1152 0 3 0 6 1 3 1152 0 3 0 1 4 1152 0 3 0 2 3 1152 0 3 0 4 0 1323 0 0 1 4 2 1323 0 0 1 4 4 1323 0 0 1
4 4 1 9 0 2 0 4 0 5 1 1 1 2 2 1 3 3 3 4 3 5 18 1 3 1 4 2 3 3 1 4 0 4 2 4 3 4 4 0 2 0 4 0 5 1 1 1 2 2 1 3 3 3 4 3 5 4 1 513 3 0 1 8 1 3 513 3 0 1 1 4 513 3 0 1 2 3 513 3 0 1 3 1 1331 0 0 0 4 0 513 3 0 1 4 2 513 3 0 1 4 3 513 3 0 1 4 4 513 3 0 1
5 2 5 11 0 6 0 8 0 9 1 2 1 3 1 4 1 5 1 6 3 7 3 8 3 9 26 1 1 1 7 1 8 2 0 2 1 2 2 2 4 2 7 3 5 4 4 4 5 4 6 4 7 4 8 0 6 0 8 0 9 1 2 1 3 1 4 1 5 1 6 2 5 3 7 3 8 3 9 32 0 1 0 14 1 1 1332 0 0 4 1 7 32 0 1 0 1 8 32 0 1 0 2 0 1332 0 0 4 2 1 1332 0 0 4 2 2 1332 0 0 4 2 4 1332 0 0 4 2 7 32 0 1 0 3 5 32 0 1 0 4 4 32 0 1 0 4 5 32 0 1 0 4 6 32 0 1 0 4 7 32 0 1 0 4 8 32 0 1 0
6 0 6 10 0 8 0 9 1 2 1 3 1 4 1 5 1 6 3 7 3 8 3 9 27 0 5 1 1 1 7 1 8 2 0 2 1 2 2 2 4 2 5 2 7 3 5 4 4 4 5 4 6 4 7 4 8 0 6 0 8 0 9 1 2 1 3 1 4 1 5 1 6 3 7 3 8 3 9 0 4 1 6 16 0 5 1333 0 0 0 1 1 0 4 1 6 1 7 0 4 1 6 1 8 0 4 1 6 2 0 0 4 1 6 2 1 0 4 1 6 2 2 0 4 1 6 2 4 0 4 1 6 2 5 0 4 1 6 2 7 0 4 1 6 3 5 0 4 1 6 4 4 0 4 1 6 4 5 0 4 1 6 4 6 0 4 1 6 4 7 0 4 1 6 4 8 0 4 1 6
7 1 2 9 0 8 0 9 1 3 1 4 1 5 1 6 3 7 3 8 3 9 30 0 1 0 2 0 3 0 5 0 6 1 1 1 7 1 8 2 0 2 1 2 2 2 4 2 5 2 7 3 5 4 4 4 5 4 6 4 7 4 8 0 8 0 9 1 2 1 3 1 4 1 5 1 6 3 7 3 8 3 9 2 1 1 1 20 0 1 1334 0 0 0 0 2 1334 0 0 0 0 3 1334 0 0 0 0 5 2 1 1 1 0 6 2 1 1 1 1 1 2 1 1 1 1 7 2 1 1 1 1 8 2 1 1 1 2 0 2 1 1 1 2 1 2 1 1 1 2 2 2 1 1 1 2 4 2 1 1 1 2 5 2 1 1 1 2 7 2 1 1 1 3 5 2 1 1 1 4 4 2 1 1 1 4 5 2 1 1 1 4 6 2 1 1 1 4 7 2 1 1 1 4 8 2 1 1 1
3 0 1 7 0 2 0 3 0 4 1 1 2 1 3 1 4 1 12 1 0 3 0 4 0 5 0 0 1 0 2 0 3 0 4 1 1 2 1 3 1 4 1 1 0 0 0 4 1 0 2 7 5 1 3 0 1 0 0 0 4 0 1 0 0 0 5 0 1 0 0 0
4 1 1 7 0 2 0 3 0 4 2 1 3 1 4 1 4 2 14 0 1 1 0 3 0 4 0 5 0 5 2 0 2 0 3 0 4 1 1 2 1 3 1 4 1 4 2 1 2 5 1 6 0 1 1 2 5 1 1 0 1 2 5 1 3 0 1 2 5 1 4 0 1 2 5 1 5 0 1 2 5 1 5 2 1336 0 0 0
2 1 3 7 0 1 0 2 0 3 0 4 1 4 3 3 4 3 10 0 0 2 3 0 1 0 2 0 3 0 4 1 3 1 4 3 3 4 3 35 3 0 3 2 0 0 35 3 0 3 2 3 6 5 0 4
3 0 3 7 0 1 0 2 0 4 1 1 1 4 3 3 4 3 12 0 0 1 0 1 3 2 3 0 1 0 2 0 3 0 4 1 1 1 4 3 3 4 3 1 0 0 0 4 0 0 1 0 0 0 1 0 1338 0 0 0 1 3 1 0 0 0 2 3 1 0 0 0
3 4 4 8 0 3 0 4 1 0 1 1 2 4 3 2 3 3 3 4 15 1 2 1 3 1 4 2 5 3 1 4 5 0 3 0 4 1 0 1 1 2 4 3 2 3 3 3 4 4 4 81 0 2 1 6 1 2 81 0 2 1 1 3 81 0 2 1 1 4 81 0 2 1 2 5 1328 6 0 4 3 1 1328 6 0 4 4 5 1328 6 0 4
3 1 0 10 0 1 0 2 0 4 1 1 2 1 3 1 4 1 4 2 4 3 4 4 15 0 3 2 0 5 0 5 1 0 1 0 2 0 4 1 0 1 1 2 1 3 1 4 1 4 2 4 3 4 4 513 0 0 0 4 0 3 1068 2 5 0 2 0 513 0 0 0 5 0 513 0 0 0 5 1 513 0 0 0
4 4 1 9 0 1 0 2 0 4 1 1 2 1 3 1 4 2 4 3 4 4 16 0 3 1 0 2 0 3 0 5 0 5 1 0 1 0 2 0 4 1 1 2 1 3 1 4 1 4 2 4 3 4 4 1 1 4 0 6 0 3 1 1 4 0 1 0 1 1 4 0 2 0 1 1 4 0 3 0 1341 0 0 0 5 0 1 1 4 0 5 1 1 1 4 0
5 3 4 8 0 1 0 5 1 5 2 1 2 5 3 1 3 2 3 3 17 1 1 2 0 3 5 3 6 4 2 4 3 4 4 4 6 0 1 0 5 1 5 2 1 2 5 3 1 3 2 3 3 3 4 1 1 3 0 8 1 1 1 1 3 0 2 0 1342 2 4 1 3 5 1 1 3 0 3 6 1 1 3 0 4 2 1 1 3 0 4 3 1 1 3 0 4 4 1 1 3 0 4 6 1 1 3 0
6 2 5 9 0 1 0 4 0 5 1 1 1 2 2 1 3 3 3 4 3 5 23 1 3 1 4 1 5 2 6 3 0 3 1 3 2 4 0 4 2 4 3 4 4 4 5 4 6 0 1 0 4 0 5 1 1 1 2 2 1 2 5 3 3 3 4 3 5 1339 7 4 5 13 1 3 1337 2 4 1 1 4 1337 2 4 1 1 5 1337 2 4 1 2 6 1339 7 4 5 3 0 1339 7 4 5 3 1 1339 7 4 5 3 2 1339 7 4 5 4 0 1339 7 4 5 4 2 1339 7 4 5 4 3 1339 7 4 5 4 4 1340 0 0 1 4 5 1343 5 0 6 4 6 1339 7 4 5
7 2 4 12 0 4 0 7 0 8 1 0 1 1 1 2 1 3 1 4 1 5 3 6 3 7 3 8 28 1 6 1 7 1 8 2 3 2 8 2 9 3 3 3 4 3 5 4 3 4 5 4 6 4 7 4 8 4 9 0 4 0 7 0 8 1 0 1 1 1 2 1 3 1 4 1 5 2 4 3 6 3 7 3 8 0 5 1 4 15 1 6 0 5 1 4 1 7 0 5 1 4 1 8 0 5 1 4 2 3 1344 0 0 3 2 8 0 5 1 4 2 9 0 5 1 4 3 3 0 5 1 4 3 4 0 5 1 4 3 5 0 5 1 4 4 3 0 5 1 4 4 5 0 5 1 4 4 6 0 5 1 4 4 7 0 5 1 4 4 8 0 5 1 4 4 9 0 5 1 4
8 0 4 11 0 7 0 8 1 0 1 1 1 2 1 3 1 4 1 5 3 6 3 7 3 8 29 0 5 1 6 1 7 1 8 2 3 2 4 2 8 2 9 3 3 3 4 3 5 4 3 4 5 4 6 4 7 4 8 4 9 0 4 0 7 0 8 1 0 1 1 1 2 1 3 1 4 1 5 3 6 3 7 3 8 1 4 1 5 17 0 5 1345 0 0 0 1 6 1 4 1 5 1 7 1 4 1 5 1 8 1 4 1 5 2 3 1 4 1 5 2 4 1 4 1 5 2 8 1 4 1 5 2 9 1 4 1 5 3 3 1 4 1 5 3 4 1 4 1 5 3 5 1 4 1 5 4 3 1 4 1 5 4 5 1 4 1 5 4 6 1 4 1 5 4 7 1 4 1 5 4 8 1 4 1 5 4 9 1 4 1 5
9 1 1 10 0 8 0 9 1 2 1 3 1 4 1 5 1 6 3 7 3 8 3 9 32 0 5 0 6 1 7 1 8 1 9 2 0 2 1 2 2 2 4 2 5 2 9 2 10 3 4 3 5 3 6 4 4 4 6 4 7 4 8 4 9 4 10 0 8 0 9 1 1 1 2 1 3 1 4 1 5 1 6 3 7 3 8 3 9 2 0 1 0 21 0 5 2 0 1 0 0 6 2 0 1 0 1 7 2 0 1 0 1 8 2 0 1 0 1 9 2 0 1 0 2 0 1346 0 0 1 2 1 1346 0 0 1 2 2 1346 0 0 1 2 4 2 0 1 0 2 5 2 0 1 0 2 9 2 0 1 0 2 10 2 0 1 0 3 4 2 0 1 0 3 5 2 0 1 0 3 6 2 0 1 0 4 4 2 0 1 0 4 6 2 0 1 0 4 7 2 0 1 0 4 8 2 0 1 0 4 9 2 0 1 0 4 10 2 0 1 0
10 1 2 9 0 8 0 9 1 3 1 4 1 5 1 6 3 7 3 8 3 9 35 0 1 0 2 0 3 0 5 0 6 1 1 1 7 1 8 1 9 2 0 2 1 2 2 2 4 2 5 2 9 2 10 3 4 3 5 3 6 4 4 4 6 4 7 4 8 4 9 4 10 0 8 0 9 1 2 1 3 1 4 1 5 1 6 3 7 3 8 3 9 2 1 1 1 25 0 1 1347 0 0 0 0 2 1347 0 0 0 0 3 1347 0 0 0 0 5 2 1 1 1 0 6 2 1 1 1 1 1 2 1 1 1 1 7 2 1 1 1 1 8 2 1 1 1 1 9 2 1 1 1 2 0 2 1 1 1 2 1 2 1 1 1 2 2 2 1 1 1 2 4 2 1 1 1 2 5 2 1 1 1 2 9 2 1 1 1 2 10 2 1 1 1 3 4 2 1 1 1 3 5 2 1 1 1 3 6 2 1 1 1 4 4 2 1 1 1 4 6 2 1 1 1 4 7 2 1 1 1 4 8 2 1 1 1 4 9 2 1 1 1 4 10 2 1 1 1
3 4 4 7 0 5 3 1 3 2 3 3 3 4 3 5 4 3 12 1 5 2 5 2 6 3 0 0 5 3 1 3 2 3 3 3 4 3 5 4 3 4 4 6 5 3 4 4 1 5 6 5 3 4 2 5 6 5 3 4 2 6 6 5 3 4 3 0 731 3 0 2
4 4 3 10 0 2 0 4 0 5 1 1 1 2 3 1 3 2 3 3 3 4 3 5 19 1 3 1 4 1 5 2 3 2 5 2 6 3 0 4 4 0 2 0 4 0 5 1 1 1 2 3 1 3 2 3 3 3 4 3 5 4 3 1323 0 0 1 8 1 3 1349 0 0 0 1 4 1349 0 0 0 1 5 1323 0 0 1 2 3 1349 0 0 0 2 5 1323 0 0 1 2 6 1323 0 0 1 3 0 1323 0 0 1 4 4 1323 0 0 1
5 3 2 9 0 2 0 4 0 5 1 1 1 2 3 1 3 3 3 4 3 5 21 1 3 1 4 1 5 2 3 2 5 2 6 3 0 4 3 4 4 4 5 4 6 0 2 0 4 0 5 1 1 1 2 3 1 3 2 3 3 3 4 3 5 2 5 3 6 11 1 3 2 5 3 6 1 4 2 5 3 6 1 5 2 5 3 6 2 3 2 5 3 6 2 5 2 5 3 6 2 6 2 5 3 6 3 0 2 5 3 6 4 3 2 5 3 6 4 4 1295 0 0 1 4 5 1350 0 0 0 4 6 1350 0 0 0
6 3 1 9 0 2 0 4 0 5 1 1 1 2 2 1 3 3 3 4 3 5 23 1 3 1 4 1 5 2 3 2 5 2 6 3 0 3 2 4 1 4 3 4 4 4 5 4 6 0 2 0 4 0 5 1 1 1 2 2 1 3 1 3 3 3 4 3 5 6 3 0 1 13 1 3 6 3 0 1 1 4 6 3 0 1 1 5 6 3 0 1 2 3 6 3 0 1 2 5 6 3 0 1 2 6 6 3 0 1 3 0 6 3 0 1 3 2 6 3 0 1 4 1 1351 0 0 0 4 3 6 3 0 1 4 4 6 3 0 1 4 5 6 3 0 1 4 6 6 3 0 1
7 2 4 12 0 5 0 7 0 8 1 0 1 1 1 2 1 3 1 4 1 5 3 6 3 7 3 8 28 1 6 1 7 1 8 2 3 2 6 2 8 2 9 3 3 3 4 3 5 4 4 4 6 4 7 4 8 4 9 0 5 0 7 0 8 1 0 1 1 1 2 1 3 1 4 1 5 2 4 3 6 3 7 3 8 0 5 1 4 15 1 6 0 5 1 4 1 7 0 5 1 4 1 8 0 5 1 4 2 3 1352 0 0 3 2 6 0 5 1 4 2 8 0 5 1 4 2 9 0 5 1 4 3 3 0 5 1 4 3 4 0 5 1 4 3 5 0 5 1 4 4 4 0 5 1 4 4 6 0 5 1 4 4 7 0 5 1 4 4 8 0 5 1 4 4 9 0 5 1 4
8 0 5 11 0 7 0 8 1 0 1 1 1 2 1 3 1 4 1 5 3 6 3 7 3 8 29 0 4 1 6 1 7 1 8 2 3 2 4 2 6 2 8 2 9 3 3 3 4 3 5 4 4 4 6 4 7 4 8 4 9 0 5 0 7 0 8 1 0 1 1 1 2 1 3 1 4 1 5 3 6 3 7 3 8 0 4 1 5 17 0 4 1353 0 0 0 1 6 0 4 1 5 1 7 0 4 1 5 1 8 0 4 1 5 2 3 0 4 1 5 2 4 0 4 1 5 2 6 0 4 1 5 2 8 0 4 1 5 2 9 0 4 1 5 3 3 0 4 1 5 3 4 0 4 1 5 3 5 0 4 1 5 4 4 0 4 1 5 4 6 0 4 1 5 4 7 0 4 1 5 4 8 0 4 1 5 4 9 0 4 1 5
9 1 1 10 0 8 0 9 1 2 1 3 1 4 1 5 1 6 3 7 3 8 3 9 32 0 5 0 6 1 7 1 8 1 9 2 0 2 1 2 2 2 4 2 5 2 7 2 9 2 10 3 4 3 5 3 6 4 5 4 7 4 8 4 9 4 10 0 8 0 9 1 1 1 2 1 3 1 4 1 5 1 6 3 7 3 8 3 9 2 0 1 0 21 0 5 2 0 1 0 0 6 2 0 1 0 1 7 2 0 1 0 1 8 2 0 1 0 1 9 2 0 1 0 2 0 1354 0 0 1 2 1 1354 0 0 1 2 2 1354 0 0 1 2 4 2 0 1 0 2 5 2 0 1 0 2 7 2 0 1 0 2 9 2 0 1 0 2 10 2 0 1 0 3 4 2 0 1 0 3 5 2 0 1 0 3 6 2 0 1 0 4 5 2 0 1 0 4 7 2 0 1 0 4 8 2 0 1 0 4 9 2 0 1 0 4 10 2 0 1 0
10 1 2 9 0 8 0 9 1 3 1 4 1 5 1 6 3 7 3 8 3 9 35 0 1 0 2 0 3 0 5 0 6 1 1 1 7 1 8 1 9 2 0 2 1 2 2 2 4 2 5 2 7 2 9 2 10 3 4 3 5 3 6 4 5 4 7 4 8 4 9 4 10 0 8 0 9 1 2 1 3 1 4 1 5 1 6 3 7 3 8 3 9 2 1 1 1 25 0 1 1355 0 0 0 0 2 1355 0 0 0 0 3 1355 0 0 0 0 5 2 1 1 1 0 6 2 1 1 1 1 1 2 1 1 1 1 7 2 1 1 1 1 8 2 1 1 1 1 9 2 1 1 1 2 0 2 1 1 1 2 1 2 1 1 1 2 2 2 1 1 1 2 4 2 1 1 1 2 5 2 1 1 1 2 7 2 1 1 1 2 9 2 1 1 1 2 10 2 1 1 1 3 4 2 1 1 1 3 5 2 1 1 1 3 6 2 1 1 1 4 5 2 1 1 1 4 7 2 1 1 1 4 8 2 1 1 1 4 9 2 1 1 1 4 10 2 1 1 1
11 3 7 8 0 8 0 9 1 3 1 4 1 5 1 6 3 8 3 9 53 0 1 0 2 0 3 0 5 0 6 1 1 1 2 1 7 1 8 1 9 1 10 2 0 2 1 2 2 2 4 2 5 2 7 2 9 2 10 3 4 3 5 3 6 4 4 4 5 4 6 4 7 4 8 4 9 4 10 4 11 4 12 5 5 5 6 5 7 5 8 5 9 5 10 5 11 6 8 6 9 6 10 7 8 7 9 7 10 0 8 0 9 1 3 1 4 1 5 1 6 3 7 3 8 3 9 1314 0 0 4 44 0 1 1314 0 0 4 0 2 1314 0 0 4 0 3 1314 0 0 4 0 5 1314 0 0 4 0 6 1320 0 0 4 1 1 1314 0 0 4 1 2 1314 0 0 4 1 7 1322 6 0 9 1 8 1322 6 0 9 1 9 1322 6 0 9 1 10 1314 0 0 4 2 0 1314 0 0 4 2 1 1314 0 0 4 2 2 1314 0 0 4 2 4 1320 0 0 4 2 5 1320 0 0 4 2 7 1314 0 0 4 2 9 1322 6 0 9 2 10 1322 6 0 9 3 4 1314 0 0 4 3 5 1330 0 0 1 3 6 1335 0 0 0 4 4 1330 0 0 1 4 5 1348 0 0 0 4 6 1356 0 0 0 4 7 1314 0 0 4 4 8 1314 0 0 4 4 9 1322 6 0 9 4 10 1322 6 0 9 4 11 1314 0 0 4 4 12 1314 0 0 4 5 5 1314 0 0 4 5 6 1314 0 0 4 5 7 1314 0 0 4 5 8 1314 0 0 4 5 9 1314 0 0 4 5 10 1314 0 0 4 5 11 1314 0 0 4 6 8 1314 0 0 4 6 9 1314 0 0 4 6 10 1314 0 0 4 7 8 1314 0 0 4 7 9 1314 0 0 4 7 10 1314 0 0 4
12 2 3 7 1 8 1 9 2 4 2 5 2 6 4 8 4 9 55 0 5 1 1 1 2 1 3 1 5 1 6 2 1 2 2 2 7 2 8 2 9 2 10 3 0 3 1 3 2 3 3 3 4 3 5 3 7 3 9 3 10 4 4 4 5 4 6 4 7 5 4 5 5 5 6 5 7 5 8 5 9 5 10 5 11 5 12 6 5 6 6 6 7 6 8 6 9 6 10 6 11 7 8 7 9 7 10 8 8 8 9 8 10 1 8 1 9 2 3 2 4 2 5 2 6 4 8 4 9 14 6 1 6 47 0 5 14 6 1 6 1 1 1311 0 1 2 1 2 1311 0 1 2 1 3 1311 0 1 2 1 5 14 6 1 6 1 6 14 6 1 6 2 1 14 6 1 6 2 2 1311 0 1 2 2 7 14 6 1 6 2 8 14 6 1 6 2 9 14 6 1 6 2 10 14 6 1 6 3 0 14 6 1 6 3 1 1311 0 1 2 3 2 1313 7 5 9 3 3 1357 0 1 0 3 4 14 6 1 6 3 5 14 6 1 6 3 7 14 6 1 6 3 9 14 6 1 6 3 10 14 6 1 6 4 4 14 6 1 6 4 5 14 6 1 6 4 6 14 6 1 6 4 7 14 6 1 6 5 4 14 6 1 6 5 5 14 6 1 6 5 6 14 6 1 6 5 7 14 6 1 6 5 8 14 6 1 6 5 9 14 6 1 6 5 10 14 6 1 6 5 11 14 6 1 6 5 12 14 6 1 6 6 5 14 6 1 6 6 6 14 6 1 6 6 7 14 6 1 6 6 8 14 6 1 6 6 9 14 6 1 6 6 10 14 6 1 6 6 11 14 6 1 6 7 8 14 6 1 6 7 9 14 6 1 6 7 10 14 6 1 6 8 8 14 6 1 6 8 9 14 6 1 6 8 10 14 6 1 6
4 4 3 8 0 3 1 3 2 3 3 3 5 0 5 1 5 3 6 3 17 3 4 4 4 5 4 6 1 6 2 6 4 7 2 7 4 0 3 1 3 2 3 3 3 4 3 5 0 5 1 5 3 6 3 2 2 6 3 8 3 4 2 2 6 3 4 4 2 2 7 3 5 4 364 6 3 4 6 1 2 2 5 3 6 2 2 2 5 3 6 4 2 2 5 3 7 2 2 2 5 3 7 4 2 2 5 3
3 3 1 5 0 1 0 2 1 1 2 1 4 1 10 1 2 3 0 4 0 5 0 0 1 0 2 1 1 2 1 3 1 4 1 0 3 0 1 4 1 2 2 7 5 1 3 0 0 3 0 1 4 0 0 3 0 1 5 0 0 3 0 1
2 2 3 6 0 3 1 3 2 4 3 0 3 2 3 3 9 3 1 4 2 0 3 1 3 2 3 2 4 3 0 3 2 3 3 1 7 4 3 2 3 1 1 7 4 3 4 2 513 4 3 4
5 3 3 10 0 3 1 2 1 3 2 0 2 1 2 3 5 0 5 1 5 3 6 3 21 2 2 3 4 4 3 4 4 5 4 6 1 6 2 6 4 7 2 7 4 0 3 1 2 1 3 2 0 2 1 2 3 3 3 5 0 5 1 5 3 6 3 158 6 0 4 10 2 2 1359 0 0 0 3 4 1360 5 1 4 4 3 158 6 0 4 4 4 1361 2 5 0 5 4 158 6 0 4 6 1 158 6 0 4 6 2 158 6 0 4 6 4 158 6 0 4 7 2 158 6 0 4 7 4 158 6 0 4
6 3 7 11 0 2 0 5 0 6 1 2 1 5 1 6 2 6 3 1 3 2 3 5 3 6 24 1 1 2 0 2 1 2 5 3 3 3 4 4 0 4 1 4 2 4 3 4 4 4 7 0 2 0 5 0 6 1 2 1 5 1 6 2 6 3 1 3 2 3 5 3 6 3 7 1 2 4 6 12 1 1 1 2 4 6 2 0 1 2 4 6 2 1 1 2 4 6 2 5 1 2 4 6 3 3 1 2 4 6 3 4 1 2 4 6 4 0 1 2 4 6 4 1 1 2 4 6 4 2 1 2 4 6 4 3 1 2 4 6 4 4 1 2 4 6 4 7 1362 6 0 7
7 3 5 10 0 2 0 5 0 6 1 2 1 5 1 6 2 6 3 1 3 2 3 6 25 1 1 2 0 2 1 2 5 3 3 3 4 3 7 4 0 4 1 4 2 4 3 4 4 4 5 4 7 0 2 0 5 0 6 1 2 1 5 1 6 2 6 3 1 3 2 3 5 3 6 1 7 4 6 14 1 1 1 7 4 6 2 0 1 7 4 6 2 1 1 7 4 6 2 5 1 7 4 6 3 3 1 7 4 6 3 4 1 7 4 6 3 7 1 7 4 6 4 0 1 7 4 6 4 1 1 7 4 6 4 2 1 7 4 6 4 3 1 7 4 6 4 4 1 7 4 6 4 5 1363 0 0 0 4 7 1 7 4 6
8 1 2 10 0 2 0 5 0 6 1 4 1 5 1 6 2 6 3 1 3 2 3 6 27 1 1 1 3 2 0 2 1 2 5 3 3 3 4 3 5 3 7 4 0 4 1 4 2 4 3 4 4 4 5 4 7 0 2 0 5 0 6 1 2 1 4 1 5 1 6 2 6 3 1 3 2 3 6 513 4 1 6 16 1 1 513 4 1 6 1 3 1364 0 0 0 2 0 513 4 1 6 2 1 513 4 1 6 2 5 513 4 1 6 3 3 513 4 1 6 3 4 513 4 1 6 3 5 513 4 1 6 3 7 513 4 1 6 4 0 513 4 1 6 4 1 513 4 1 6 4 2 513 4 1 6 4 3 513 4 1 6 4 4 513 4 1 6 4 5 513 4 1 6 4 7 513 4 1 6
9 2 4 9 1 1 1 2 1 3 1 4 2 3 3 3 5 1 5 4 6 1 28 0 0 0 1 2 0 2 1 2 2 2 5 3 0 3 1 4 0 4 1 4 3 5 0 5 3 6 0 6 2 6 3 7 0 7 2 1 1 1 2 1 3 1 4 2 3 2 4 3 3 5 1 5 4 6 1 1 5 1 5 18 0 0 1 5 1 5 0 1 1 5 1 5 2 0 1 5 1 5 2 1 1 5 1 5 2 2 1 5 1 5 2 5 1365 7 7 4 3 0 1 5 1 5 3 1 1 5 1 5 4 0 1 5 1 5 4 1 1 5 1 5 4 3 1 5 1 5 5 0 1 5 1 5 5 3 1 5 1 5 6 0 1 5 1 5 6 2 1 5 1 5 6 3 1 5 1 5 7 0 1 5 1 5 7 2 1 5 1 5
10 1 4 8 1 5 1 6 1 7 2 5 3 5 5 4 5 7 6 7 37 0 1 0 2 0 3 0 7 0 8 1 1 1 2 1 3 2 0 2 1 2 2 2 3 2 4 2 6 2 7 2 8 3 7 3 8 4 5 4 7 4 8 5 5 5 8 6 5 6 6 6 8 7 6 7 8 1 4 1 5 1 6 1 7 2 5 3 5 5 4 5 7 6 7 228 6 0 7 28 0 1 1366 5 0 8 0 2 1366 5 0 8 0 3 1366 5 0 8 0 7 228 6 0 7 0 8 228 6 0 7 1 1 228 6 0 7 1 2 1366 5 0 8 1 3 1366 5 0 8 2 0 228 6 0 7 2 1 228 6 0 7 2 2 1366 5 0 8 2 3 354 1 2 0 2 4 203 1 2 1 2 6 372 1 2 0 2 7 228 6 0 7 2 8 228 6 0 7 3 7 228 6 0 7 3 8 228 6 0 7 4 5 228 6 0 7 4 7 228 6 0 7 4 8 228 6 0 7 5 5 228 6 0 7 5 8 228 6 0 7 6 5 228 6 0 7 6 6 228 6 0 7 6 8 228 6 0 7 7 6 228 6 0 7 7 8 228 6 0 7
11 1 7 7 1 5 1 6 2 5 3 5 5 4 5 7 6 7 43 0 1 0 2 0 3 0 7 0 8 0 9 0 10 1 1 1 2 1 3 1 4 1 8 1 9 2 0 2 1 2 2 2 3 2 4 2 6 2 7 2 8 2 9 2 10 3 7 3 8 4 5 4 7 4 8 5 5 5 8 6 5 6 6 6 8 7 6 7 8 1 5 1 6 1 7 2 5 3 5 5 4 5 7 6 7 75 0 1 2 35 0 1 75 0 1 2 0 2 75 0 1 2 0 3 75 0 1 2 0 7 75 0 1 2 0 8 75 0 1 2 0 9 75 0 1 2 0 10 75 0 1 2 1 1 75 0 1 2 1 2 75 0 1 2 1 3 75 0 1 2 1 4 75 0 1 2 1 8 1367 0 0 0 1 9 75 0 1 2 2 0 75 0 1 2 2 1 75 0 1 2 2 2 105 4 2 10 2 3 105 4 2 10 2 4 289 4 2 10 2 6 77 0 1 2 2 7 75 0 1 2 2 8 75 0 1 2 2 9 75 0 1 2 2 10 75 0 1 2 3 7 75 0 1 2 3 8 75 0 1 2 4 5 75 0 1 2 4 7 75 0 1 2 4 8 75 0 1 2 5 5 75 0 1 2 5 8 75 0 1 2 6 5 75 0 1 2 6 6 75 0 1 2 6 8 75 0 1 2 7 6 75 0 1 2 7 8 75 0 1 2
12 6 6 6 1 7 2 4 2 7 4 5 5 5 6 5 47 0 6 0 8 1 5 1 6 1 8 2 5 2 8 3 5 3 7 3 8 4 7 4 8 5 0 5 1 5 2 5 3 5 4 5 6 5 7 5 8 5 9 5 10 6 1 6 2 6 3 6 4 6 7 6 8 6 9 7 1 7 2 7 3 7 5 7 6 7 7 7 8 7 9 7 10 8 6 9 6 1 7 2 4 2 7 4 5 5 5 6 5 6 6 75 2 9 5 40 0 6 75 2 9 5 0 8 75 2 9 5 1 5 75 2 9 5 1 6 75 2 9 5 1 8 75 2 9 5 2 5 75 2 9 5 2 8 75 2 9 5 3 5 658 4 7 10 3 7 75 2 9 5 3 8 75 2 9 5 4 7 75 2 9 5 4 8 75 2 9 5 5 0 75 2 9 5 5 1 75 2 9 5 5 2 75 2 9 5 5 3 75 2 9 5 5 4 75 2 9 5 5 6 77 2 9 5 5 7 75 2 9 5 5 8 75 2 9 5 5 9 75 2 9 5 5 10 75 2 9 5 6 1 75 2 9 5 6 2 75 2 9 5 6 3 75 2 9 5 6 4 75 2 9 5 6 7 75 2 9 5 6 8 75 2 9 5 6 9 75 2 9 5 7 1 75 2 9 5 7 2 75 2 9 5 7 3 75 2 9 5 7 5 75 2 9 5 7 6 1368 1 7 0 7 7 75 2 9 5 7 8 75 2 9 5 7 9 75 2 9 5 7 10 75 2 9 5 8 6 658 4 7 10 9 6 658 4 7 10
6 1 7 6 0 5 0 8 0 9 1 4 1 5 1 6 17 0 0 0 1 0 2 0 3 0 4 0 6 1 1 1 2 1 3 1 8 0 5 0 8 0 9 1 4 1 5 1 6 1 7 19 4 1 9 10 0 0 19 4 1 9 0 1 19 4 1 9 0 2 19 4 1 9 0 3 19 4 1 9 0 4 19 4 1 9 0 6 19 4 1 9 1 1 19 4 1 9 1 2 19 4 1 9 1 3 19 4 1 9 1 8 434 1 1 0
11 4 6 5 0 6 1 6 3 5 4 5 5 5 49 1 5 2 5 3 1 3 2 3 3 3 6 3 7 3 8 3 9 3 10 3 11 4 1 4 2 4 3 4 4 4 7 4 8 4 9 4 10 5 0 5 1 5 2 5 3 5 4 5 6 5 7 5 8 5 9 5 10 6 5 6 6 6 7 6 8 7 5 7 6 7 7 7 8 8 5 8 6 8 7 8 8 9 6 9 8 0 6 1 6 3 5 4 5 4 6 5 5 1370 7 9 6 43 1 5 540 0 3 0 2 5 540 0 3 0 3 1 658 5 3 10 3 2 658 5 3 10 3 3 658 5 3 10 3 6 357 0 3 0 3 7 1370 7 9 6 3 8 1370 7 9 6 3 9 1370 7 9 6 3 10 357 0 3 0 3 11 540 0 3 0 4 1 658 5 3 10 4 2 658 5 3 10 4 3 1370 7 9 6 4 4 1370 7 9 6 4 7 1370 7 9 6 4 8 1370 7 9 6 4 9 1370 7 9 6 4 10 540 0 3 0 5 0 658 5 3 10 5 1 658 5 3 10 5 2 1370 7 9 6 5 3 1370 7 9 6 5 4 1370 7 9 6 5 6 540 0 3 0 5 7 1370 7 9 6 5 8 1370 7 9 6 5 9 1370 7 9 6 5 10 1370 7 9 6 6 5 357 0 3 0 6 6 658 5 3 10 6 7 1370 7 9 6 6 8 1370 7 9 6 7 5 540 0 3 0 7 6 658 5 3 10 7 7 1370 7 9 6 7 8 1370 7 9 6 8 5 540 0 3 0 8 6 658 5 3 10 8 7 540 0 3 0 8 8 1370 7 9 6 9 6 540 0 3 0 9 8 540 0 3 0
13 8 6 6 3 5 3 8 4 5 4 8 6 6 7 6 85 0 9 1 9 1 10 2 6 2 7 2 9 2 10 2 11 2 12 3 6 3 7 3 9 3 10 3 11 3 12 4 6 4 9 4 10 4 11 4 12 5 6 5 7 5 8 5 9 5 10 6 0 6 1 6 2 6 3 6 4 6 5 6 8 6 9 6 10 7 1 7 2 7 3 7 4 7 5 7 7 7 8 7 9 7 10 7 11 8 1 8 2 8 3 8 4 8 5 8 7 8 8 8 9 8 10 8 11 9 2 9 3 9 4 9 5 9 6 9 7 9 8 9 9 9 10 9 11 10 2 10 3 10 4 10 5 10 6 10 7 11 3 11 4 11 5 11 6 11 7 12 3 12 5 12 7 3 5 3 8 4 5 4 8 6 6 7 6 8 6 408 7 12 8 78 0 9 408 7 12 8 1 9 408 7 12 8 1 10 408 7 12 8 2 6 408 7 12 8 2 7 408 7 12 8 2 9 408 7 12 8 2 10 408 7 12 8 2 11 408 7 12 8 2 12 408 7 12 8 3 6 408 7 12 8 3 7 408 7 12 8 3 9 408 7 12 8 3 10 408 7 12 8 3 11 408 7 12 8 3 12 408 7 12 8 4 6 119 0 5 3 4 9 408 7 12 8 4 10 408 7 12 8 4 11 408 7 12 8 4 12 408 7 12 8 5 6 415 0 6 2 5 7 408 7 12 8 5 8 408 7 12 8 5 9 408 7 12 8 5 10 408 7 12 8 6 0 408 7 12 8 6 1 408 7 12 8 6 2 408 7 12 8 6 3 408 7 12 8 6 4 408 7 12 8 6 5 119 0 5 3 6 8 408 7 12 8 6 9 408 7 12 8 6 10 408 7 12 8 7 1 408 7 12 8 7 2 408 7 12 8 7 3 408 7 12 8 7 4 408 7 12 8 7 5 119 0 5 3 7 7 408 7 12 8 7 8 408 7 12 8 7 9 408 7 12 8 7 10 408 7 12 8 7 11 408 7 12 8 8 1 408 7 12 8 8 2 408 7 12 8 8 3 119 5 5 9 8 4 119 5 5 9 8 5 1358 2 12 4 8 7 408 7 12 8 8 8 408 7 12 8 8 9 408 7 12 8 8 10 408 7 12 8 8 11 408 7 12 8 9 2 408 7 12 8 9 3 408 7 12 8 9 4 408 7 12 8 9 5 1369 0 2 1 9 6 87 0 5 2 9 7 1371 5 3 11 9 8 119 5 5 9 9 9 408 7 12 8 9 10 408 7 12 8 9 11 408 7 12 8 10 2 408 7 12 8 10 3 408 7 12 8 10 4 408 7 12 8 10 5 1369 0 2 1 10 6 119 0 5 3 10 7 1371 5 3 11 11 3 408 7 12 8 11 4 408 7 12 8 11 5 1369 0 2 1 11 6 119 0 5 3 11 7 1371 5 3 11 12 3 408 7 12 8 12 5 119 0 5 3 12 7 408 7 12 8
4 1 5 5 0 6 0 7 1 2 1 3 1 4 14 0 0 0 1 0 2 1 1 1 6 2 0 2 1 2 2 0 6 0 7 1 2 1 3 1 4 1 5 19 4 1 7 8 0 0 19 4 1 7 0 1 19 4 1 7 0 2 19 4 1 7 1 1 19 4 1 7 1 6 14 6 0 5 2 0 19 4 1 7 2 1 19 4 1 7 2 2 19 4 1 7
6 1 4 7 0 3 0 4 0 5 0 6 1 3 2 0 2 1 18 0 7 2 2 2 3 3 1 3 2 3 3 3 4 4 2 4 3 4 4 0 3 0 4 0 5 0 6 1 3 1 4 2 0 2 1 6 0 0 3 10 0 7 817 7 4 4 2 2 6 0 0 3 2 3 6 0 0 3 3 1 6 0 0 3 3 2 6 0 0 3 3 3 6 0 0 3 3 4 6 0 0 3 4 2 6 0 0 3 4 3 6 0 0 3 4 4 6 0 0 3
7 1 3 6 0 3 0 4 0 5 0 6 2 0 2 1 19 0 7 1 2 1 4 2 2 2 3 3 1 3 2 3 3 3 4 4 2 4 3 4 4 0 3 0 4 0 5 0 6 1 3 2 0 2 1 1 0 0 2 12 0 7 1 0 0 2 1 2 1374 0 0 0 1 4 1 0 0 2 2 2 1 0 0 2 2 3 1 0 0 2 3 1 1 0 0 2 3 2 1 0 0 2 3 3 1 0 0 2 3 4 1 0 0 2 4 2 1 0 0 2 4 3 1 0 0 2 4 4 1 0 0 2
3 1 5 6 0 6 0 7 1 1 1 2 1 3 1 4 11 0 0 0 1 0 2 1 6 0 6 0 7 1 1 1 2 1 3 1 4 1 5 19 4 1 7 4 0 0 19 4 1 7 0 1 19 4 1 7 0 2 19 4 1 7 1 6 2 1 1 0
8 1 1 7 0 6 0 7 1 2 1 3 1 4 3 6 3 7 26 0 0 0 1 0 2 1 0 1 5 1 6 2 3 2 4 2 5 3 4 3 5 4 3 4 4 4 5 4 6 5 3 5 4 5 5 0 6 0 7 1 1 1 2 1 3 1 4 3 6 3 7 1376 0 0 0 18 0 0 1375 5 1 7 0 1 1375 5 1 7 0 2 1375 5 1 7 1 0 1376 0 0 0 1 5 1375 5 1 7 1 6 1375 5 1 7 2 3 1376 0 0 0 2 4 1376 0 0 0 2 5 1376 0 0 0 3 4 1376 0 0 0 3 5 1376 0 0 0 4 3 1376 0 0 0 4 4 1376 0 0 0 4 5 1376 0 0 0 4 6 1376 0 0 0 5 3 1376 0 0 0 5 4 1376 0 0 0 5 5 1376 0 0 0
8 1 1 7 0 6 0 7 1 2 1 3 1 4 3 6 3 7 26 1 0 1 5 1 6 2 0 2 1 2 2 2 3 2 4 2 5 3 4 3 5 4 3 4 4 4 5 4 6 5 3 5 4 5 5 0 6 0 7 1 1 1 2 1 3 1 4 3 6 3 7 1311 0 0 0 18 1 0 1311 0 0 0 1 5 1375 5 1 7 1 6 1375 5 1 7 2 0 1375 5 1 7 2 1 1375 5 1 7 2 2 1375 5 1 7 2 3 1311 0 0 0 2 4 1311 0 0 0 2 5 1311 0 0 0 3 4 1311 0 0 0 3 5 1311 0 0 0 4 3 1311 0 0 0 4 4 1311 0 0 0 4 5 1311 0 0 0 4 6 1311 0 0 0 5 3 1311 0 0 0 5 4 1311 0 0 0 5 5 1311 0 0 0
8 2 5 5 0 6 1 6 3 5 4 5 5 5 30 1 5 4 0 4 1 4 2 4 3 4 4 4 7 4 8 4 9 5 1 5 2 5 3 5 4 5 6 5 7 5 8 6 1 6 2 6 3 6 4 6 6 6 7 6 8 6 9 0 6 1 6 2 5 3 5 4 5 5 5 19 3 0 5 24 1 5 533 0 2 0 4 0 19 3 0 5 4 1 19 3 0 5 4 2 19 3 0 5 4 3 19 3 0 5 4 4 19 3 0 5 4 7 19 3 0 5 4 8 19 3 0 5 4 9 19 3 0 5 5 1 19 3 0 5 5 2 19 3 0 5 5 3 19 3 0 5 5 4 19 3 0 5 5 6 19 3 0 5 5 7 19 3 0 5 5 8 19 3 0 5 6 1 19 3 0 5 6 2 19 3 0 5 6 3 19 3 0 5 6 4 19 3 0 5 6 6 19 3 0 5 6 7 19 3 0 5 6 8 19 3 0 5 6 9 19 3 0 5
10 5 5 6 0 3 0 6 1 3 1 6 3 5 4 5 50 1 2 1 5 2 1 2 2 2 3 2 4 2 5 3 1 3 2 3 3 3 4 4 0 4 1 4 2 4 3 4 4 4 7 4 8 4 9 5 1 5 2 5 3 5 4 5 6 5 7 5 8 6 1 6 2 6 3 6 4 6 5 6 6 6 7 6 8 6 9 7 1 7 2 7 3 7 4 7 5 7 6 8 4 8 6 0 3 0 6 1 3 1 6 3 5 4 5 5 5 1373 7 7 6 43 1 2 1373 7 7 6 1 5 46 7 8 6 2 1 1373 7 7 6 2 2 1373 7 7 6 2 3 1373 7 7 6 2 4 1373 7 7 6 2 5 46 7 8 6 3 1 1373 7 7 6 3 2 1373 7 7 6 3 3 1373 7 7 6 3 4 1373 7 7 6 4 0 1373 7 7 6 4 1 1373 7 7 6 4 2 1373 7 7 6 4 3 1373 7 7 6 4 4 1373 7 7 6 4 7 1373 7 7 6 4 8 1373 7 7 6 4 9 1373 7 7 6 5 1 1373 7 7 6 5 2 1373 7 7 6 5 3 1373 7 7 6 5 4 1377 7 7 6 5 6 1378 7 7 6 5 7 1373 7 7 6 5 8 1373 7 7 6 6 1 1373 7 7 6 6 2 1373 7 7 6 6 3 1373 7 7 6 6 4 1377 7 7 6 6 5 1379 0 0 0 6 6 1378 7 7 6 6 7 1373 7 7 6 6 8 1373 7 7 6 6 9 1373 7 7 6 7 1 1373 7 7 6 7 2 1373 7 7 6 7 3 1373 7 7 6 7 4 1379 0 0 0 7 5 1373 7 7 6 7 6 1379 0 0 0 8 4 1373 7 7 6 8 6 1373 7 7 6
2 1 1 7 0 1 0 2 0 3 0 4 1 2 2 2 3 2 10 1 0 4 2 0 1 0 2 0 3 0 4 1 1 1 2 2 2 3 2 6 6 0 2 2 1 0 6 6 0 2 4 2 1 0 0 0
4 3 3 7 0 1 0 4 1 4 2 4 3 1 3 2 3 4 16 1 1 2 0 2 1 3 5 4 0 4 1 4 2 4 3 0 1 0 4 1 4 2 4 3 1 3 2 3 3 3 4 1 7 4 4 8 1 1 1 7 4 4 2 0 1 7 4 4 2 1 1 7 4 4 3 5 1 7 4 4 4 0 1 7 4 4 4 1 1 7 4 4 4 2 1 7 4 4 4 3 1246 5 0 5
5 4 4 9 1 4 1 6 1 7 2 4 3 1 3 2 3 3 3 4 4 7 22 0 5 0 6 0 7 0 8 1 3 1 5 2 7 2 8 3 0 3 7 4 3 5 3 1 4 1 6 1 7 2 4 3 1 3 2 3 3 3 4 4 4 4 7 1381 7 5 4 12 0 5 1381 7 5 4 0 6 1381 7 5 4 0 7 1381 7 5 4 0 8 1381 7 5 4 1 3 1381 7 5 4 1 5 1381 7 5 4 2 7 1381 7 5 4 2 8 1381 7 5 4 3 0 1382 4 4 8 3 7 1381 7 5 4 4 3 1382 4 4 8 5 3 1382 4 4 8
4 3 2 6 0 4 1 1 2 1 3 1 3 3 3 4 19 0 1 1 4 2 4 2 5 3 0 4 0 4 1 4 2 4 3 4 4 4 5 5 2 0 4 1 1 2 1 3 1 3 2 3 3 3 4 1246 0 0 0 12 0 1 1246 0 0 0 1 4 251 6 0 4 2 4 251 6 0 4 2 5 251 6 0 4 3 0 251 6 0 4 4 0 1246 0 0 0 4 1 1246 0 0 0 4 2 1246 0 0 0 4 3 251 6 0 4 4 4 251 6 0 4 4 5 251 6 0 4 5 2 1246 0 0 0
6 4 5 8 1 2 1 5 2 5 4 3 4 4 5 3 6 3 7 3 27 0 4 0 6 1 3 1 4 1 6 2 6 3 5 3 6 3 7 4 2 4 6 5 0 5 1 5 2 5 5 5 6 5 7 8 3 1 2 1 5 2 5 4 3 4 4 4 5 5 3 6 3 7 3 77 0 4 0 18 0 4 77 0 4 0 0 6 77 0 4 0 1 3 77 0 4 0 1 4 77 0 4 0 1 6 77 0 4 0 2 6 77 0 4 0 3 5 77 0 4 0 3 6 77 0 4 0 3 7 77 0 4 0 4 2 1305 4 5 7 4 6 1383 7 8 6 5 0 1305 4 5 7 5 1 1305 4 5 7 5 2 1384 2 5 2 5 5 77 0 4 0 5 6 77 0 4 0 5 7 77 0 4 0 8 3 77 0 4 0
7 4 4 7 1 2 1 5 2 5 4 3 5 3 6 3 7 3 28 0 4 0 6 1 3 1 4 1 6 2 6 3 4 3 5 3 6 3 7 4 2 4 5 4 6 5 0 5 1 5 2 5 5 5 6 5 7 8 3 1 2 1 5 2 5 4 3 4 4 5 3 6 3 7 3 1 3 3 3 20 0 4 1 3 3 3 0 6 1 3 3 3 1 3 1 3 3 3 1 4 1 3 3 3 1 6 1 3 3 3 2 6 1 3 3 3 3 4 1385 0 0 0 3 5 1 3 3 3 3 6 1 3 3 3 3 7 1 3 3 3 4 2 1 3 3 3 4 5 1 3 3 3 4 6 1 3 3 3 5 0 1 3 3 3 5 1 1 3 3 3 5 2 1 3 3 3 5 5 1 3 3 3 5 6 1 3 3 3 5 7 1 3 3 3 8 3 1 3 3 3
8 7 3 7 1 2 1 5 2 5 3 3 4 3 5 3 6 3 32 0 4 0 6 1 3 1 4 1 6 2 6 3 4 3 5 3 6 3 7 4 2 4 4 4 5 4 6 5 0 5 1 5 2 5 5 5 6 5 7 6 4 7 4 8 3 8 4 1 2 1 5 2 5 3 3 4 3 5 3 6 3 7 3 2 2 8 3 24 0 4 2 2 8 3 0 6 2 2 8 3 1 3 2 2 8 3 1 4 2 2 8 3 1 6 2 2 8 3 2 6 2 2 8 3 3 4 2 2 8 3 3 5 2 2 8 3 3 6 2 2 8 3 3 7 2 2 8 3 4 2 2 2 8 3 4 4 2 2 8 3 4 5 2 2 8 3 4 6 2 2 8 3 5 0 2 2 8 3 5 1 2 2 8 3 5 2 2 2 8 3 5 5 2 2 8 3 5 6 2 2 8 3 5 7 2 2 8 3 6 4 1386 0 0 0 7 4 1386 0 0 0 8 3 2 2 8 3 8 4 1386 0 0 0
8 7 3 7 1 2 1 5 2 5 3 3 4 3 5 3 6 3 32 0 4 0 6 1 3 1 4 1 6 2 6 3 4 3 5 3 6 3 7 4 2 4 4 4 5 4 6 5 0 5 1 5 2 5 5 5 6 5 7 6 2 7 2 8 2 8 3 1 2 1 5 2 5 3 3 4 3 5 3 6 3 7 3 2 7 8 3 24 0 4 2 7 8 3 0 6 2 7 8 3 1 3 2 7 8 3 1 4 2 7 8 3 1 6 2 7 8 3 2 6 2 7 8 3 3 4 2 7 8 3 3 5 2 7 8 3 3 6 2 7 8 3 3 7 2 7 8 3 4 2 2 7 8 3 4 4 2 7 8 3 4 5 2 7 8 3 4 6 2 7 8 3 5 0 2 7 8 3 5 1 2 7 8 3 5 2 2 7 8 3 5 5 2 7 8 3 5 6 2 7 8 3 5 7 2 7 8 3 6 2 1386 0 0 0 7 2 1386 0 0 0 8 2 1386 0 0 0 8 3 2 7 8 3
9 6 5 6 1 4 1 7 2 7 3 5 4 5 5 5 48 0 6 0 8 1 5 1 6 1 8 2 8 3 6 3 7 3 8 3 9 4 4 4 6 4 7 4 8 5 0 5 1 5 2 5 3 5 4 5 7 5 8 5 9 6 1 6 2 6 3 6 4 6 6 6 7 6 8 7 1 7 2 7 3 7 4 7 5 7 6 7 7 7 8 7 9 8 4 8 5 8 6 1 4 1 7 2 7 3 5 4 5 5 5 6 5 45 0 3 4 41 0 6 45 0 3 4 0 8 45 0 3 4 1 5 45 0 3 4 1 6 45 0 3 4 1 8 45 0 3 4 2 8 45 0 3 4 3 6 45 0 3 4 3 7 45 0 3 4 3 8 45 0 3 4 3 9 45 0 3 4 4 4 45 0 3 4 4 6 45 0 3 4 4 7 45 0 3 4 4 8 45 0 3 4 5 0 45 0 3 4 5 1 45 0 3 4 5 2 45 0 3 4 5 3 45 0 3 4 5 4 45 0 3 4 5 7 45 0 3 4 5 8 45 0 3 4 5 9 45 0 3 4 6 1 45 0 3 4 6 2 45 0 3 4 6 3 45 0 3 4 6 4 1387 0 0 2 6 6 1388 0 0 2 6 7 45 0 3 4 6 8 45 0 3 4 7 1 45 0 3 4 7 2 45 0 3 4 7 3 45 0 3 4 7 4 1387 0 0 2 7 5 533 0 3 0 7 6 1388 0 0 2 7 7 45 0 3 4 7 8 45 0 3 4 7 9 45 0 3 4 8 4 533 0 3 0 8 5 45 0 3 4 8 6 533 0 3 0
10 3 5 6 1 4 1 7 2 4 2 7 4 5 5 5 50 0 6 0 8 1 5 1 6 1 8 2 5 2 8 3 6 3 7 3 8 3 9 4 4 4 6 4 7 4 8 5 0 5 1 5 2 5 3 5 4 5 7 5 8 5 9 6 1 6 2 6 3 6 4 6 5 6 6 6 7 6 8 7 1 7 2 7 3 7 4 7 5 7 6 7 7 7 8 7 9 8 4 8 5 8 6 1 4 1 7 2 4 2 7 3 5 4 5 5 5 19 6 1 5 43 0 6 19 6 1 5 0 8 19 6 1 5 1 5 19 6 1 5 1 6 19 6 1 5 1 8 19 6 1 5 2 5 1389 0 0 0 2 8 19 6 1 5 3 6 19 6 1 5 3 7 19 6 1 5 3 8 19 6 1 5 3 9 19 6 1 5 4 4 19 6 1 5 4 6 19 6 1 5 4 7 19 6 1 5 4 8 19 6 1 5 5 0 19 6 1 5 5 1 19 6 1 5 5 2 19 6 1 5 5 3 19 6 1 5 5 4 19 6 1 5 5 7 19 6 1 5 5 8 19 6 1 5 5 9 19 6 1 5 6 1 19 6 1 5 6 2 19 6 1 5 6 3 19 6 1 5 6 4 19 6 1 5 6 5 19 6 1 5 6 6 19 6 1 5 6 7 19 6 1 5 6 8 19 6 1 5 7 1 19 6 1 5 7 2 19 6 1 5 7 3 19 6 1 5 7 4 19 6 1 5 7 5 19 6 1 5 7 6 19 6 1 5 7 7 19 6 1 5 7 8 19 6 1 5 7 9 19 6 1 5 8 4 19 6 1 5 8 5 19 6 1 5 8 6 19 6 1 5
8 3 3 7 0 4 0 5 1 1 1 2 3 2 3 4 3 5 25 1 3 1 4 1 5 2 3 2 5 2 6 3 0 3 1 4 0 4 1 4 2 4 3 4 4 4 5 4 6 5 4 6 4 0 4 0 5 1 1 1 2 3 2 3 3 3 4 3 5 33 0 3 0 17 1 3 33 0 3 0 1 4 33 0 3 0 1 5 33 0 3 0 2 3 33 0 3 0 2 5 33 0 3 0 2 6 33 0 3 0 3 0 33 0 3 0 3 1 1295 0 0 1 4 0 1295 0 0 1 4 1 1295 0 0 1 4 2 1295 0 0 1 4 3 33 0 3 0 4 4 1295 0 0 1 4 5 1319 0 0 0 4 6 1319 0 0 0 5 4 33 0 3 0 6 4 33 0 3 0
2 0 3 7 1 0 1 1 1 2 1 3 2 3 3 3 3 4 10 0 4 4 4 0 3 1 0 1 1 1 2 1 3 2 3 3 3 3 4 1 2 4 3 2 0 4 1 2 4 3 4 4 1 4 1 4
3 1 2 6 0 3 1 1 1 3 2 1 3 1 4 1 11 0 0 0 2 0 4 1 0 0 3 1 1 1 2 1 3 2 1 3 1 4 1 1 3 0 1 4 0 0 1 3 0 1 0 2 1392 2 4 0 0 4 1 3 0 1 1 0 1 3 0 1
6 2 2 6 0 4 1 2 1 4 3 2 3 5 4 2 21 0 1 0 3 0 5 1 1 1 3 3 0 3 1 3 4 4 1 4 3 4 4 4 5 5 1 5 3 0 4 1 2 1 4 2 2 3 2 3 5 4 2 1393 0 0 1 14 0 1 1183 5 1 5 0 3 1183 5 1 5 0 5 1183 5 1 5 1 1 1183 5 1 5 1 3 1183 5 1 5 3 0 1393 0 0 1 3 1 1393 0 0 1 3 4 1393 0 0 1 4 1 1393 0 0 1 4 3 1393 0 0 1 4 4 1393 0 0 1 4 5 1393 0 0 1 5 1 1393 0 0 1 5 3 1393 0 0 1
14 3 4 6 0 6 0 7 1 3 1 4 3 6 3 7 61 0 3 0 4 1 5 1 6 1 7 2 3 2 4 2 5 2 7 2 8 3 2 3 3 3 5 4 1 4 2 4 3 4 4 4 5 4 6 4 7 4 8 4 9 4 10 5 0 5 1 5 2 5 3 5 4 5 5 5 6 5 7 5 8 5 9 5 10 6 1 6 2 6 3 6 4 6 5 6 6 6 7 6 8 7 0 7 1 7 2 7 3 7 4 7 5 7 6 7 7 7 8 8 3 8 4 8 5 0 6 0 7 1 3 1 4 3 4 3 6 3 7 1306 2 6 3 54 0 3 1391 0 0 2 0 4 1391 0 0 2 1 5 1306 2 6 3 1 6 1306 2 6 3 1 7 1306 2 6 3 2 3 1391 0 0 2 2 4 1391 0 0 2 2 5 1394 2 5 3 2 7 1306 2 6 3 2 8 1306 2 6 3 3 2 1306 2 6 3 3 3 1306 2 6 3 3 5 1291 0 0 0 4 1 1391 0 0 2 4 2 1306 2 6 3 4 3 1248 2 6 3 4 4 1248 2 6 3 4 5 1394 2 5 3 4 6 1306 2 6 3 4 7 1306 2 6 3 4 8 1306 2 6 3 4 9 1391 0 0 2 4 10 1391 0 0 2 5 0 1391 0 0 2 5 1 1391 0 0 2 5 2 1391 0 0 2 5 3 1391 0 0 2 5 4 1391 0 0 2 5 5 1391 0 0 2 5 6 1306 2 6 3 5 7 1391 0 0 2 5 8 1391 0 0 2 5 9 1391 0 0 2 5 10 1391 0 0 2 6 1 1391 0 0 2 6 2 1391 0 0 2 6 3 1391 0 0 2 6 4 1391 0 0 2 6 5 1391 0 0 2 6 6 1306 2 6 3 6 7 1391 0 0 2 6 8 1391 0 0 2 7 0 1391 0 0 2 7 1 1391 0 0 2 7 2 1391 0 0 2 7 3 1391 0 0 2 7 4 1391 0 0 2 7 5 1391 0 0 2 7 6 1391 0 0 2 7 7 1391 0 0 2 7 8 1391 0 0 2 8 3 1391 0 0 2 8 4 1391 0 0 2 8 5 1391 0 0 2
15 7 7 5 3 5 3 8 4 5 4 8 6 7 102 0 3 0 4 1 3 1 4 2 1 2 2 2 3 2 4 2 6 2 7 3 1 3 2 3 3 3 4 3 6 3 7 4 1 4 2 4 3 4 4 4 7 5 0 5 1 5 2 5 3 5 4 5 5 5 6 5 7 5 9 6 0 6 1 6 2 6 3 6 4 6 5 6 6 6 8 6 9 6 10 6 11 6 12 6 13 7 0 7 1 7 2 7 3 7 4 7 5 7 6 7 8 7 9 7 10 7 11 7 12 8 1 8 2 8 3 8 4 8 5 8 6 8 7 8 8 8 9 8 10 8 11 8 12 9 1 9 2 9 3 9 4 9 5 9 6 9 7 9 8 9 9 9 10 9 11 10 1 10 3 10 4 10 5 10 6 10 7 10 8 10 9 10 10 10 11 11 6 11 7 11 8 11 9 11 10 12 6 12 8 12 10 3 5 3 8 4 5 4 8 6 7 7 7 1304 0 3 4 96 0 3 1304 0 3 4 0 4 1304 0 3 4 1 3 1304 0 3 4 1 4 1304 0 3 4 2 1 1304 0 3 4 2 2 1304 0 3 4 2 3 1304 0 3 4 2 4 1304 0 3 4 2 6 1304 0 3 4 2 7 1304 0 3 4 3 1 1304 0 3 4 3 2 1304 0 3 4 3 3 1304 0 3 4 3 4 1304 0 3 4 3 6 1304 0 3 4 3 7 1304 0 3 4 4 1 1304 0 3 4 4 2 1304 0 3 4 4 3 1304 0 3 4 4 4 1304 0 3 4 4 7 495 5 5 11 5 0 1304 0 3 4 5 1 1304 0 3 4 5 2 1304 0 3 4 5 3 1304 0 3 4 5 4 1304 0 3 4 5 5 1304 0 3 4 5 6 1215 0 3 4 5 7 1310 7 10 9 5 9 1304 0 3 4 6 0 1304 0 3 4 6 1 1304 0 3 4 6 2 1304 0 3 4 6 3 1304 0 3 4 6 4 1215 0 3 4 6 5 1215 0 3 4 6 6 1372 5 0 13 6 8 1380 0 3 2 6 9 1304 0 3 4 6 10 1304 0 3 4 6 11 1304 0 3 4 6 12 1304 0 3 4 6 13 1304 0 3 4 7 0 1304 0 3 4 7 1 1304 0 3 4 7 2 1304 0 3 4 7 3 1304 0 3 4 7 4 1304 0 3 4 7 5 1304 0 3 4 7 6 1390 5 2 12 7 8 1380 0 3 2 7 9 1395 7 10 8 7 10 1310 7 10 9 7 11 1310 7 10 9 7 12 1304 0 3 4 8 1 1304 0 3 4 8 2 1304 0 3 4 8 3 1304 0 3 4 8 4 1304 0 3 4 8 5 1310 7 10 9 8 6 1395 7 10 8 8 7 1310 7 10 9 8 8 1310 7 10 9 8 9 1310 7 10 9 8 10 1310 7 10 9 8 11 1304 0 3 4 8 12 1304 0 3 4 9 1 1304 0 3 4 9 2 1304 0 3 4 9 3 1304 0 3 4 9 4 1304 0 3 4 9 5 1304 0 3 4 9 6 1310 7 10 9 9 7 1310 7 10 9 9 8 1310 7 10 9 9 9 1310 7 10 9 9 10 1310 7 10 9 9 11 1310 7 10 9 10 1 1304 0 3 4 10 3 1304 0 3 4 10 4 1304 0 3 4 10 5 1304 0 3 4 10 6 1310 7 10 9 10 7 1310 7 10 9 10 8 1310 7 10 9 10 9 1215 0 3 4 10 10 1304 0 3 4 10 11 1304 0 3 4 11 6 1304 0 3 4 11 7 1304 0 3 4 11 8 1304 0 3 4 11 9 495 5 5 11 11 10 1304 0 3 4 12 6 1304 0 3 4 12 8 1304 0 3 4 12 10 1304 0 3 4
3 1 3 7 0 1 0 2 0 3 0 4 1 4 3 3 3 4 12 0 0 2 4 4 3 4 4 0 1 0 2 0 3 0 4 1 3 1 4 3 3 3 4 6 5 0 4 4 0 0 474 7 4 4 2 4 6 5 0 4 4 3 6 5 0 4 4 4 6 5 0 4
4 1 4 6 0 1 0 2 0 3 0 4 3 3 3 4 13 0 0 1 3 1 5 2 4 4 3 4 4 0 1 0 2 0 3 0 4 1 4 3 3 3 4 1 5 0 5 6 0 0 1 5 0 5 1 3 1 5 0 5 1 5 1397 0 0 0 2 4 1 5 0 5 4 3 1 5 0 5 4 4 1 5 0 5
5 0 3 6 0 1 0 2 0 4 1 4 3 1 3 2 15 0 5 1 0 1 1 1 2 1 5 2 1 4 1 4 2 0 1 0 2 0 3 0 4 1 4 3 1 3 2 1 5 0 5 8 0 5 1 5 0 5 1 0 1 5 0 5 1 1 1 5 0 5 1 2 1 5 0 5 1 5 1398 5 0 5 2 1 1 5 0 5 4 1 1 5 0 5 4 2 1 5 0 5
7 4 2 6 1 3 1 4 3 1 4 1 4 3 4 4 35 0 0 0 2 0 3 0 4 1 0 1 1 1 2 2 0 2 1 2 2 2 4 3 3 3 4 3 5 4 0 5 0 5 1 5 2 6 0 6 1 6 2 7 0 7 1 7 2 8 0 8 1 8 2 9 2 1 3 1 4 3 1 4 1 4 2 4 3 4 4 1398 1 4 0 28 0 0 1398 1 4 0 0 2 1398 1 4 0 0 3 532 7 9 4 0 4 532 7 9 4 1 0 1398 1 4 0 1 1 1398 1 4 0 1 2 1398 1 4 0 2 0 1398 1 4 0 2 1 1398 1 4 0 2 2 1398 1 4 0 2 4 532 7 9 4 3 3 532 7 9 4 3 4 532 7 9 4 3 5 532 7 9 4 4 0 532 7 9 4 5 0 1398 1 4 0 5 1 1398 1 4 0 5 2 1398 1 4 0 6 0 1398 1 4 0 6 1 1398 1 4 0 6 2 1398 1 4 0 7 0 1398 1 4 0 7 1 1398 1 4 0 7 2 1398 1 4 0 8 0 1398 1 4 0 8 1 1398 1 4 0 8 2 1398 1 4 0 9 2 1398 1 4 0
14 4 5 5 1 5 1 8 2 5 2 8 4 6 54 0 6 1 6 1 7 1 9 2 6 2 9 3 0 3 1 3 2 3 3 3 4 3 5 3 7 3 8 3 9 3 10 4 1 4 2 4 3 4 4 4 7 4 8 4 9 5 1 5 2 5 3 5 4 5 5 5 6 5 7 5 8 5 9 5 10 6 3 6 4 6 5 6 6 6 7 7 3 7 4 7 5 7 6 7 7 8 3 8 4 8 5 9 3 9 5 1 5 1 8 2 5 2 8 4 5 4 6 1399 3 0 5 48 0 6 1005 0 1 0 1 6 1005 0 1 0 1 7 1005 0 1 0 1 9 1005 0 1 0 2 6 1005 0 1 0 2 9 1005 0 1 0 3 0 1399 3 0 5 3 1 1399 3 0 5 3 2 1399 3 0 5 3 3 1399 3 0 5 3 4 1399 3 0 5 3 5 1227 0 1 2 3 7 1399 3 0 5 3 8 1399 3 0 5 3 9 1399 3 0 5 3 10 1005 0 1 0 4 1 1399 3 0 5 4 2 1399 3 0 5 4 3 1399 3 0 5 4 4 1399 3 0 5 4 7 1399 3 0 5 4 8 1399 3 0 5 4 9 1005 0 1 0 5 1 1399 3 0 5 5 2 1399 3 0 5 5 3 1399 3 0 5 5 4 1399 3 0 5 5 5 1005 0 1 0 5 6 1400 7 5 9 5 7 1399 3 0 5 5 8 1399 3 0 5 5 9 1399 3 0 5 5 10 1005 0 1 0 6 3 1005 0 1 0 6 4 1005 0 1 0 6 5 1005 0 1 0 6 6 1005 0 1 0 6 7 1005 0 1 0 7 3 1005 0 1 0 7 4 1005 0 1 0 7 5 1005 0 1 0 7 6 1005 0 1 0 7 7 1005 0 1 0 8 3 1005 0 1 0 8 4 1005 0 1 0 8 5 1005 0 1 0 9 3 1005 0 1 0 9 5 1005 0 1 0
7 2 4 4 0 4 1 4 3 3 3 4 21 2 2 2 3 2 5 2 6 2 7 3 0 3 1 3 2 3 5 3 6 3 7 4 0 4 1 4 2 4 3 4 5 0 4 1 4 2 4 3 3 3 4 1 7 4 4 16 2 2 1 7 4 4 2 3 1 7 4 4 2 5 1 7 4 4 2 6 1 7 4 4 2 7 1 7 4 4 3 0 1 7 4 4 3 1 1 7 4 4 3 2 1 7 4 4 3 5 1 7 4 4 3 6 1 7 4 4 3 7 1 7 4 4 4 0 1 7 4 4 4 1 1 7 4 4 4 2 1 7 4 4 4 3 413 0 0 0 4 5 1 7 4 4
7 4 2 6 1 3 1 4 3 1 4 1 4 3 4 4 29 0 0 0 1 0 3 0 4 1 0 1 1 2 0 2 1 2 2 2 4 3 2 3 3 3 4 3 5 4 0 5 0 5 1 5 2 6 1 6 2 7 1 7 2 1 3 1 4 3 1 4 1 4 2 4 3 4 4 1398 1 4 0 22 0 0 1398 1 4 0 0 1 1398 1 4 0 0 3 413 6 0 4 0 4 413 6 0 4 1 0 1398 1 4 0 1 1 1398 1 4 0 2 0 1398 1 4 0 2 1 1398 1 4 0 2 2 1398 1 4 0 2 4 413 6 0 4 3 2 1398 1 4 0 3 3 413 6 0 4 3 4 413 6 0 4 3 5 413 6 0 4 4 0 413 6 0 4 5 0 1398 1 4 0 5 1 1398 1 4 0 5 2 1398 1 4 0 6 1 1398 1 4 0 6 2 1398 1 4 0 7 1 1398 1 4 0 7 2 1398 1 4 0
3 1 2 7 0 3 0 4 1 3 1 4 1 5 2 4 3 2 14 1 0 1 1 2 1 2 2 2 5 4 2 0 3 0 4 1 2 1 3 1 4 1 5 2 4 3 2 666 7 4 5 6 1 0 666 7 4 5 1 1 666 7 4 5 2 1 665 0 0 0 2 2 665 0 0 0 2 5 666 7 4 5 4 2 665 0 0 0
4 1 5 6 0 3 0 4 1 3 1 4 2 4 3 2 17 0 1 0 2 1 0 1 1 1 2 1 6 2 1 2 2 2 5 4 2 0 3 0 4 1 3 1 4 1 5 2 4 3 2 7 1 1 1 10 0 1 1404 0 0 0 0 2 1404 0 0 0 1 0 7 1 1 1 1 1 7 1 1 1 1 2 7 1 1 1 1 6 1404 0 0 0 2 1 7 1 1 1 2 2 7 1 1 1 2 5 7 1 1 1 4 2 7 1 1 1
5 1 3 6 0 3 0 4 1 4 2 4 3 2 3 4 19 0 1 0 2 1 0 1 1 1 2 1 5 1 6 2 1 2 2 2 5 4 2 4 4 0 3 0 4 1 3 1 4 2 4 3 2 3 4 6 6 0 4 12 0 1 6 6 0 4 0 2 6 6 0 4 1 0 6 6 0 4 1 1 6 6 0 4 1 2 6 6 0 4 1 5 6 6 0 4 1 6 6 6 0 4 2 1 6 6 0 4 2 2 6 6 0 4 2 5 6 6 0 4 4 2 6 6 0 4 4 4 1405 0 0 0
6 1 3 5 1 4 2 4 3 4 4 2 4 4 20 0 3 1 1 1 2 2 0 2 1 2 2 2 3 2 5 2 6 3 1 3 2 3 5 5 2 5 4 1 3 1 4 2 4 3 4 4 2 4 4 1 6 0 4 14 0 3 1406 0 1 0 1 1 1 6 0 4 1 2 1 6 0 4 2 0 1 6 0 4 2 1 1 6 0 4 2 2 1 6 0 4 2 3 1 6 0 4 2 5 1 6 0 4 2 6 1 6 0 4 3 1 1 6 0 4 3 2 1 6 0 4 3 5 1 6 0 4 5 2 1 6 0 4 5 4 1 6 0 4
7 1 5 7 0 2 0 3 0 4 1 3 1 4 2 4 3 4 22 1 0 1 1 1 2 1 6 2 0 2 1 2 2 2 3 2 5 2 6 3 1 3 2 3 3 4 2 0 2 0 3 0 4 1 3 1 4 1 5 2 4 3 4 6 1 1 2 14 1 0 6 1 1 2 1 1 6 1 1 2 1 2 6 1 1 2 1 6 383 0 0 0 2 0 6 1 1 2 2 1 6 1 1 2 2 2 6 1 1 2 2 3 6 1 1 2 2 5 6 1 1 2 2 6 6 1 1 2 3 1 6 1 1 2 3 2 6 1 1 2 3 3 6 1 1 2 4 2 6 1 1 2
8 1 3 6 0 2 0 3 0 4 1 4 2 4 3 4 23 1 0 1 1 1 2 1 5 1 6 2 0 2 1 2 2 2 3 2 5 2 6 3 1 3 2 3 3 4 2 4 4 0 2 0 3 0 4 1 3 1 4 2 4 3 4 6 6 0 4 16 1 0 6 6 0 4 1 1 6 6 0 4 1 2 6 6 0 4 1 5 6 6 0 4 1 6 6 6 0 4 2 0 6 6 0 4 2 1 6 6 0 4 2 2 6 6 0 4 2 3 6 6 0 4 2 5 6 6 0 4 2 6 6 6 0 4 3 1 6 6 0 4 3 2 6 6 0 4 3 3 6 6 0 4 4 2 6 6 0 4 4 4 1408 0 0 0
9 4 4 5 1 2 1 3 1 4 2 4 3 4 32 0 2 0 4 2 0 2 1 2 2 2 3 2 5 2 6 3 0 3 1 3 2 3 3 3 5 3 6 4 1 4 2 4 3 5 2 5 3 5 4 5 5 6 3 6 4 6 5 7 3 7 5 1 2 1 3 1 4 2 4 3 4 4 4 277 2 7 3 26 0 2 277 2 7 3 0 4 277 2 7 3 2 0 277 2 7 3 2 1 277 2 7 3 2 2 277 2 7 3 2 3 1407 1 5 0 2 5 277 2 7 3 2 6 277 2 7 3 3 0 277 2 7 3 3 1 277 2 7 3 3 2 277 2 7 3 3 3 277 2 7 3 3 5 277 2 7 3 3 6 277 2 7 3 4 1 277 2 7 3 4 2 277 2 7 3 4 3 277 2 7 3 5 2 277 2 7 3 5 3 1409 0 1 0 5 4 1407 1 5 0 5 5 1407 1 5 0 6 3 1407 1 5 0 6 4 1407 1 5 0 6 5 1407 1 5 0 7 3 1407 1 5 0 7 5 1407 1 5 0
10 3 5 4 1 5 1 6 1 7 2 5 47 0 5 0 7 2 0 2 1 2 2 2 3 2 4 2 6 2 7 2 8 2 9 2 10 3 1 3 2 3 3 3 4 3 6 3 7 3 8 3 9 4 0 4 1 4 2 4 3 4 4 4 5 4 6 4 7 4 8 4 9 5 4 5 5 5 6 5 7 5 8 5 9 6 4 6 5 6 6 6 7 7 4 7 6 1 5 1 6 1 7 2 5 3 5 439 5 0 8 42 0 5 415 5 1 9 0 7 439 5 0 8 2 0 439 5 0 8 2 1 439 5 0 8 2 2 439 5 0 8 2 3 439 5 0 8 2 4 439 5 0 8 2 6 119 5 0 8 2 7 439 5 0 8 2 8 439 5 0 8 2 9 439 5 0 8 2 10 439 5 0 8 3 1 439 5 0 8 3 2 439 5 0 8 3 3 439 5 0 8 3 4 439 5 0 8 3 6 461 5 0 8 3 7 461 5 0 8 3 8 461 5 0 8 3 9 439 5 0 8 4 0 439 5 0 8 4 1 439 5 0 8 4 2 439 5 0 8 4 3 461 5 0 8 4 4 1410 5 0 9 4 5 87 0 0 1 4 6 1154 0 0 0 4 7 439 5 0 8 4 8 439 5 0 8 4 9 439 5 0 8 5 4 537 0 0 1 5 5 119 0 0 2 5 6 1154 0 0 0 5 7 439 5 0 8 5 8 439 5 0 8 5 9 439 5 0 8 6 4 537 0 0 1 6 5 439 5 0 8 6 6 1154 0 0 0 6 7 439 5 0 8 7 4 439 5 0 8 7 6 439 5 0 8
5 1 6 5 1 3 1 4 1 5 2 5 3 5 18 0 1 0 2 0 3 0 6 0 7 1 1 1 2 2 0 2 1 2 2 2 4 4 5 1 3 1 4 1 5 1 6 2 5 3 5 83 0 0 3 12 0 1 83 0 0 3 0 2 83 0 0 3 0 3 83 0 0 3 0 6 191 1 2 0 0 7 191 1 2 0 1 1 83 0 0 3 1 2 83 0 0 3 2 0 83 0 0 3 2 1 83 0 0 3 2 2 83 0 0 3 2 4 83 0 0 3 4 5 191 1 2 0
4 2 5 6 1 2 1 3 1 4 1 5 2 2 3 2 13 0 0 0 1 1 1 2 4 2 6 4 2 1 2 1 3 1 4 1 5 2 2 2 5 3 2 1 5 1 6 6 0 0 1 5 1 6 0 1 1 5 1 6 1 1 1 5 1 6 2 4 1 5 1 6 2 6 421 7 4 5 4 2 1 5 1 6
2 1 2 6 0 3 0 4 1 1 1 3 1 4 2 4 9 1 0 2 5 0 3 0 4 1 1 1 2 1 3 1 4 2 4 1 5 1 5 2 1 0 1 5 1 5 2 5 6 4 1 4
5 3 3 5 1 3 1 4 2 3 3 2 4 3 14 0 4 3 0 3 1 4 2 4 4 4 5 5 2 5 4 1 3 1 4 2 3 3 2 3 3 4 3 1 3 0 3 8 0 4 183 0 1 0 3 0 1 3 0 3 3 1 1 3 0 3 4 2 1 3 0 3 4 4 1 3 0 3 4 5 1 3 0 3 5 2 1 3 0 3 5 4 1 3 0 3
6 4 3 6 1 2 1 3 1 4 2 2 2 3 3 2 17 0 4 3 0 3 1 3 3 4 2 4 4 4 5 5 2 5 3 5 4 1 2 1 3 1 4 2 2 2 3 3 2 4 3 129 2 5 2 10 0 4 129 2 5 2 3 0 129 2 5 2 3 1 129 2 5 2 3 3 129 2 5 2 4 2 1414 2 5 2 4 4 129 2 5 2 4 5 129 2 5 2 5 2 1414 2 5 2 5 3 1415 0 0 0 5 4 129 2 5 2
7 2 3 6 1 2 1 3 1 4 1 5 2 2 3 2 19 0 4 1 6 3 0 3 1 3 3 4 2 4 3 4 4 4 5 5 2 5 3 5 4 1 2 1 3 1 4 1 5 2 2 2 3 3 2 6 0 1 2 12 0 4 6 0 1 2 1 6 1416 0 0 0 3 0 6 0 1 2 3 1 6 0 1 2 3 3 6 0 1 2 4 2 6 0 1 2 4 3 6 0 1 2 4 4 6 0 1 2 4 5 6 0 1 2 5 2 6 0 1 2 5 3 6 0 1 2 5 4 6 0 1 2
8 1 2 5 1 3 1 4 1 5 2 5 3 5 26 0 3 0 6 0 7 1 1 1 6 2 0 2 1 2 2 2 3 2 4 3 4 3 6 3 7 4 2 4 3 4 4 4 5 5 3 5 4 5 5 1 2 1 3 1 4 1 5 2 5 3 5 32 0 1 0 20 0 3 32 0 1 0 0 6 32 0 1 0 0 7 32 0 1 0 1 1 1413 5 0 7 1 6 32 0 1 0 2 0 1413 5 0 7 2 1 1417 5 0 7 2 2 1417 5 0 7 2 3 32 0 1 0 2 4 1413 5 0 7 3 4 32 0 1 0 3 6 32 0 1 0 3 7 32 0 1 0 4 2 32 0 1 0 4 3 32 0 1 0 4 4 32 0 1 0 4 5 32 0 1 0 5 3 32 0 1 0 5 4 32 0 1 0 5 5 32 0 1 0
8 1 5 5 2 3 2 4 2 5 3 5 4 5 32 0 6 1 6 2 2 3 0 3 1 3 2 3 3 3 4 3 7 3 8 3 9 4 1 4 2 4 3 4 4 4 6 4 7 4 8 5 1 5 2 5 3 5 4 5 6 5 7 5 8 5 9 1 5 2 3 2 4 2 5 3 5 4 5 83 7 4 6 26 0 6 533 0 1 0 1 6 533 0 1 0 2 2 533 0 1 0 3 0 83 7 4 6 3 1 83 7 4 6 3 2 83 7 4 6 3 3 83 7 4 6 3 4 83 7 4 6 3 7 83 7 4 6 3 8 83 7 4 6 3 9 83 7 4 6 4 1 83 7 4 6 4 2 83 7 4 6 4 3 83 7 4 6 4 4 83 7 4 6 4 6 83 7 4 6 4 7 83 7 4 6 4 8 83 7 4 6 5 1 83 7 4 6 5 2 83 7 4 6 5 3 83 7 4 6 5 4 83 7 4 6 5 6 83 7 4 6 5 7 83 7 4 6 5 8 83 7 4 6 5 9 83 7 4 6
5 2 4 6 0 3 1 3 1 4 2 3 3 3 4 3 15 2 5 2 6 3 0 3 1 3 2 3 4 4 2 5 3 0 3 1 3 1 4 2 3 2 4 3 3 4 3 6 3 1 3 8 2 5 6 3 1 3 2 6 6 3 1 3 3 0 6 3 1 3 3 1 6 3 1 3 3 2 6 3 1 3 3 4 6 3 1 3 4 2 6 3 1 3 5 3 290 0 0 0
6 4 3 5 0 3 1 3 1 4 2 3 3 3 22 2 4 2 5 2 6 3 0 3 1 3 2 3 4 4 2 5 2 5 3 5 4 6 2 6 3 6 4 7 2 7 4 0 3 1 3 1 4 2 3 3 3 4 3 2 7 5 3 16 2 4 2 7 5 3 2 5 2 7 5 3 2 6 2 7 5 3 3 0 2 7 5 3 3 1 2 7 5 3 3 2 277 7 7 4 3 4 2 7 5 3 4 2 277 7 7 4 5 2 1420 0 0 0 5 3 2 7 5 3 5 4 2 7 5 3 6 2 2 7 5 3 6 3 2 7 5 3 6 4 2 7 5 3 7 2 2 7 5 3 7 4 2 7 5 3
7 3 7 5 1 6 2 6 3 4 3 5 3 6 26 0 5 0 6 1 5 2 0 2 1 2 2 2 4 2 5 3 1 3 2 3 3 4 0 4 1 4 2 4 3 4 4 4 7 4 8 5 4 6 4 1 6 2 6 3 4 3 5 3 6 3 7 83 1 4 4 20 0 5 83 1 4 4 0 6 1421 7 6 7 1 5 83 1 4 4 2 0 83 1 4 4 2 1 83 1 4 4 2 2 83 1 4 4 2 4 83 1 4 4 2 5 83 1 4 4 3 1 83 1 4 4 3 2 83 1 4 4 3 3 83 1 4 4 4 0 83 1 4 4 4 1 83 1 4 4 4 2 83 1 4 4 4 3 83 1 4 4 4 4 83 1 4 4 4 7 1421 7 6 7 4 8 1421 7 6 7 5 4 83 1 4 4 6 4 83 1 4 4
9 4 4 4 2 4 2 5 2 6 3 4 46 0 3 0 6 1 3 1 4 1 6 2 7 2 8 3 0 3 1 3 2 3 5 3 6 3 7 3 8 3 9 4 1 4 2 4 3 4 5 4 6 4 7 4 8 5 0 5 1 5 2 5 3 5 4 5 5 5 6 5 7 5 8 6 3 6 4 6 5 6 6 6 7 7 3 7 4 7 5 8 3 8 5 2 4 2 5 2 6 3 4 4 4 85 2 6 3 41 0 3 439 5 1 7 0 6 85 2 6 3 1 3 439 5 1 7 1 4 299 5 2 7 1 6 85 2 6 3 2 7 439 5 1 7 2 8 85 2 6 3 3 0 85 2 6 3 3 1 85 2 6 3 3 2 85 2 6 3 3 5 85 2 6 3 3 6 85 2 6 3 3 7 85 2 6 3 3 8 85 2 6 3 3 9 85 2 6 3 4 1 85 2 6 3 4 2 85 2 6 3 4 3 439 5 1 7 4 5 1412 2 7 3 4 6 85 2 6 3 4 7 85 2 6 3 4 8 85 2 6 3 5 0 85 2 6 3 5 1 85 2 6 3 5 2 85 2 6 3 5 3 1418 2 7 3 5 4 1419 5 0 9 5 5 1422 7 8 7 5 6 85 2 6 3 5 7 85 2 6 3 5 8 85 2 6 3 6 3 1418 2 7 3 6 4 85 2 6 3 6 5 1419 5 0 9 6 6 85 2 6 3 6 7 85 2 6 3 7 3 85 2 6 3 7 4 85 2 6 3 7 5 85 2 6 3 8 3 85 2 6 3 8 5 85 2 6 3
5 1 4 6 0 1 0 2 0 3 1 3 2 3 3 3 17 0 0 2 4 3 2 4 2 4 3 4 4 5 2 5 3 5 4 6 4 0 1 0 2 0 3 1 3 1 4 2 3 3 3 6 5 0 4 10 0 0 191 7 6 4 2 4 6 5 0 4 3 2 6 5 0 4 4 2 6 5 0 4 4 3 6 5 0 4 4 4 6 5 0 4 5 2 6 5 0 4 5 3 6 5 0 4 5 4 6 5 0 4 6 4 6 5 0 4
2 1 3 6 0 3 0 4 1 1 1 2 2 0 2 1 9 1 0 1 4 0 3 0 4 1 1 1 2 1 3 2 0 2 1 6 0 1 0 2 1 0 6 0 1 0 1 4 6 4 1 4
3 1 4 6 0 5 0 6 1 3 2 0 2 2 2 3 11 1 2 1 5 1 6 2 1 0 5 0 6 1 3 1 4 2 0 2 2 2 3 513 4 2 4 4 1 2 513 4 2 4 1 5 513 4 2 4 1 6 513 4 2 4 2 1 1425 0 0 2
4 4 1 7 0 3 1 3 3 1 3 2 3 3 3 4 6 1 14 0 2 1 2 2 2 4 0 4 2 5 1 0 3 1 3 3 1 3 2 3 3 3 4 4 1 6 1 1 0 3 0 6 0 2 1 0 3 0 1 2 1 0 3 0 2 2 1 0 3 0 4 0 1426 7 6 3 4 2 1 0 3 0 5 1 1 0 3 0
5 4 6 10 0 5 1 3 1 4 1 5 1 6 2 0 2 1 2 3 3 3 4 3 21 2 6 2 7 3 0 3 1 3 2 3 4 3 6 4 4 4 5 5 4 0 5 1 3 1 4 1 5 1 6 2 0 2 1 2 3 3 3 4 3 4 6 731 2 4 3 10 2 6 1427 2 5 0 2 7 1427 2 5 0 3 0 731 2 4 3 3 1 731 2 4 3 3 2 731 2 4 3 3 4 731 2 4 3 3 6 1427 2 5 0 4 4 731 2 4 3 4 5 731 2 4 3 5 4 731 2 4 3
6 0 5 9 1 3 1 4 1 5 1 6 2 0 2 1 2 3 3 3 4 3 24 0 2 0 6 1 2 2 6 2 7 3 0 3 1 3 2 3 4 3 6 4 4 4 5 4 6 5 4 0 5 1 3 1 4 1 5 1 6 2 0 2 1 2 3 3 3 4 3 1392 2 4 2 14 0 2 1428 0 0 0 0 6 1428 0 0 0 1 2 1428 0 0 0 2 6 1392 2 4 2 2 7 1392 2 4 2 3 0 1392 2 4 2 3 1 1392 2 4 2 3 2 1392 2 4 2 3 4 1392 2 4 2 3 6 1392 2 4 2 4 4 1392 2 4 2 4 5 1392 2 4 2 4 6 1392 2 4 2 5 4 1392 2 4 2
7 3 1 8 0 3 1 3 3 2 3 3 3 4 4 4 5 4 6 4 25 0 2 1 2 2 2 2 4 2 5 4 0 4 1 4 2 4 5 5 1 5 5 6 1 6 2 6 3 6 5 7 3 0 3 1 3 3 1 3 2 3 3 3 4 4 4 5 4 6 4 1 5 3 5 16 0 2 1 5 3 5 1 2 1 5 3 5 2 2 1 5 3 5 2 4 1 5 3 5 2 5 1 5 3 5 4 0 1 5 3 5 4 1 1 5 3 5 4 2 1 5 3 5 4 5 1429 6 0 5 5 1 1 5 3 5 5 5 1 5 3 5 6 1 1 5 3 5 6 2 1 5 3 5 6 3 1 5 3 5 6 5 1 5 3 5 7 3 1 5 3 5
8 6 4 7 0 3 1 3 3 2 3 3 3 4 4 4 5 4 32 0 2 1 2 1 5 2 2 2 4 2 5 3 1 4 0 4 1 4 2 4 5 5 1 5 5 6 1 6 2 6 3 6 5 7 3 7 4 7 5 8 3 8 4 8 5 9 5 0 3 1 3 3 2 3 3 3 4 4 4 5 4 6 4 14 0 3 3 24 0 2 14 0 3 3 1 2 14 0 3 3 1 5 14 0 3 3 2 2 14 0 3 3 2 4 14 0 3 3 2 5 14 0 3 3 3 1 14 0 3 3 4 0 14 0 3 3 4 1 14 0 3 3 4 2 14 0 3 3 4 5 14 0 3 3 5 1 14 0 3 3 5 5 14 0 3 3 6 1 14 0 3 3 6 2 14 0 3 3 6 3 1224 7 7 5 6 5 1424 0 3 1 7 3 1224 7 7 5 7 4 1224 7 7 5 7 5 1430 0 0 0 8 3 1224 7 7 5 8 4 14 0 3 3 8 5 1224 7 7 5 9 5 14 0 3 3
7 4 4 5 2 3 2 4 2 5 3 3 4 3 27 0 2 1 2 1 3 2 6 3 0 3 1 3 2 3 5 3 6 3 7 4 1 4 2 4 5 4 6 5 2 5 4 5 5 5 6 5 7 6 2 7 2 2 3 2 4 2 5 3 3 4 3 4 4 302 3 0 2 21 0 2 506 0 2 0 1 2 506 0 2 0 1 3 506 0 2 0 2 6 82 5 1 7 3 0 302 3 0 2 3 1 302 3 0 2 3 2 302 3 0 2 3 5 302 3 0 2 3 6 302 3 0 2 3 7 302 3 0 2 4 1 302 3 0 2 4 2 302 3 0 2 4 5 302 3 0 2 4 6 302 3 0 2 5 2 302 3 0 2 5 4 506 0 2 0 5 5 302 3 0 2 5 6 302 3 0 2 5 7 302 3 0 2 6 2 302 3 0 2 7 2 302 3 0 2
4 1 3 7 0 3 0 4 0 5 3 3 3 4 3 5 4 2 16 0 6 1 0 1 1 1 2 1 4 2 3 3 2 4 1 0 3 0 4 0 5 1 3 3 3 3 4 3 5 4 2 804 4 4 5 8 0 6 804 4 4 5 1 0 804 4 4 5 1 1 804 4 4 5 1 2 804 4 4 5 1 4 804 4 4 5 2 3 75 0 0 0 3 2 75 0 0 0 4 1 75 0 0 0
5 4 5 7 0 6 1 3 1 4 1 5 3 3 4 3 4 4 21 0 7 1 6 2 5 3 0 3 1 3 2 3 4 3 5 3 6 3 7 3 8 4 2 4 6 0 6 1 3 1 4 1 5 3 3 4 3 4 4 4 5 75 1 4 0 13 0 7 75 1 4 0 1 6 75 1 4 0 2 5 75 1 4 0 3 0 1433 4 4 8 3 1 1433 4 4 8 3 2 1433 4 4 8 3 4 77 1 4 0 3 5 75 1 4 0 3 6 75 1 4 0 3 7 75 1 4 0 3 8 75 1 4 0 4 2 75 1 4 0 4 6 1433 4 4 8
6 4 4 7 0 6 1 3 1 4 1 5 2 3 3 3 4 3 23 0 7 1 6 2 5 3 0 3 1 3 2 3 4 3 5 3 6 3 7 3 8 4 2 4 5 4 6 5 4 0 6 1 3 1 4 1 5 2 3 3 3 4 3 4 4 1 2 5 3 15 0 7 1 2 5 3 1 6 1 2 5 3 2 5 1 2 5 3 3 0 1 2 5 3 3 1 1 2 5 3 3 2 1 2 5 3 3 4 1 2 5 3 3 5 1 2 5 3 3 6 1 2 5 3 3 7 1 2 5 3 3 8 1 2 5 3 4 2 1 2 5 3 4 5 1 2 5 3 4 6 1 2 5 3 5 4 1434 0 0 0
7 0 6 6 1 3 1 4 1 5 2 3 3 3 4 3 26 0 2 0 5 0 7 1 2 1 6 2 5 3 0 3 1 3 2 3 4 3 5 3 6 3 7 3 8 4 2 4 4 4 5 4 6 5 4 0 6 1 3 1 4 1 5 2 3 3 3 4 3 1068 0 0 2 19 0 2 1435 0 0 0 0 5 1435 0 0 0 0 7 1068 0 0 2 1 2 1435 0 0 0 1 6 1068 0 0 2 2 5 1068 0 0 2 3 0 1068 0 0 2 3 1 1068 0 0 2 3 2 1068 0 0 2 3 4 1068 0 0 2 3 5 1068 0 0 2 3 6 1068 0 0 2 3 7 1068 0 0 2 3 8 1068 0 0 2 4 2 1068 0 0 2 4 4 1068 0 0 2 4 5 1068 0 0 2 4 6 1068 0 0 2 5 4 1068 0 0 2
8 4 5 5 1 3 1 4 1 5 2 5 3 5 27 0 1 0 2 0 3 0 4 0 6 1 2 1 6 2 3 3 0 3 1 3 2 3 3 3 4 3 6 3 7 3 8 4 2 4 3 4 4 4 6 5 4 1 3 1 4 1 5 2 5 3 5 4 5 1 6 0 5 21 0 1 1 6 0 5 0 2 1 6 0 5 0 3 1 6 0 5 0 4 1436 5 0 8 0 6 1 6 0 5 1 2 1 6 0 5 1 6 1 6 0 5 2 3 1 6 0 5 3 0 1 6 0 5 3 1 1 6 0 5 3 2 1 6 0 5 3 3 1 6 0 5 3 4 1 6 0 5 3 6 1 6 0 5 3 7 1 6 0 5 3 8 1 6 0 5 4 2 1 6 0 5 4 3 1 6 0 5 4 4 1 6 0 5 4 6 1 6 0 5 5 4 1 6 0 5
10 5 4 6 0 5 1 5 3 4 3 5 3 6 4 4 52 0 6 1 3 1 6 2 3 2 4 2 6 2 7 3 7 4 0 4 1 4 2 4 3 4 6 4 7 4 8 5 0 5 1 5 2 5 3 5 5 5 6 5 7 6 0 6 1 6 2 6 3 6 4 6 5 6 6 6 7 6 8 7 2 7 3 7 4 7 5 7 6 7 7 7 8 8 2 8 3 8 4 8 5 8 6 8 8 9 3 0 5 1 5 3 4 3 5 3 6 4 4 5 4 85 2 7 3 45 0 6 85 2 7 3 1 3 507 0 2 1 1 6 85 2 7 3 2 3 507 0 2 1 2 4 517 0 3 0 2 6 85 2 7 3 2 7 85 2 7 3 3 7 119 5 2 7 4 0 85 2 7 3 4 1 85 2 7 3 4 2 85 2 7 3 4 3 85 2 7 3 4 6 85 2 7 3 4 7 85 2 7 3 4 8 85 2 7 3 5 0 85 2 7 3 5 1 85 2 7 3 5 2 85 2 7 3 5 3 900 5 2 8 5 5 1431 5 0 8 5 6 85 2 7 3 5 7 85 2 7 3 6 0 85 2 7 3 6 1 85 2 7 3 6 2 85 2 7 3 6 3 507 0 2 1 6 4 1432 0 1 1 6 5 1437 2 8 3 6 6 85 2 7 3 6 7 85 2 7 3 6 8 85 2 7 3 7 2 85 2 7 3 7 3 507 0 2 1 7 4 85 2 7 3 7 5 1432 0 1 1 7 6 85 2 7 3 7 7 85 2 7 3 7 8 85 2 7 3 8 2 85 2 7 3 8 3 85 2 7 3 8 4 85 2 7 3 8 5 85 2 7 3 8 6 85 2 7 3 8 8 85 2 7 3 9 3 85 2 7 3
11 4 5 5 0 6 1 6 3 5 3 6 3 7 59 0 7 1 4 1 7 2 4 2 5 2 7 2 8 3 8 3 9 4 0 4 1 4 2 4 3 4 4 4 6 4 7 4 8 4 9 4 10 5 1 5 2 5 3 5 4 5 5 5 6 5 7 5 8 5 9 6 0 6 1 6 2 6 3 6 4 6 5 6 6 6 7 6 8 6 9 7 3 7 4 7 5 7 6 7 7 7 8 7 9 8 3 8 4 8 5 8 6 8 7 8 9 9 4 9 6 0 6 1 6 3 5 3 6 3 7 4 5 75 0 3 2 53 0 7 75 0 3 2 1 4 75 0 3 2 1 7 75 0 3 2 2 4 75 0 3 2 2 5 75 0 3 2 2 7 75 0 3 2 2 8 75 0 3 2 3 8 1411 0 2 0 3 9 75 0 3 2 4 0 75 0 3 2 4 1 75 0 3 2 4 2 177 5 3 10 4 3 177 5 3 10 4 4 1423 0 1 1 4 6 1438 0 0 1 4 7 75 0 3 2 4 8 75 0 3 2 4 9 75 0 3 2 4 10 75 0 3 2 5 1 75 0 3 2 5 2 75 0 3 2 5 3 75 0 3 2 5 4 75 0 3 2 5 5 75 0 3 2 5 6 75 0 3 2 5 7 75 0 3 2 5 8 75 0 3 2 5 9 75 0 3 2 6 0 75 0 3 2 6 1 75 0 3 2 6 2 75 0 3 2 6 3 75 0 3 2 6 4 75 0 3 2 6 5 75 0 3 2 6 6 75 0 3 2 6 7 75 0 3 2 6 8 75 0 3 2 6 9 75 0 3 2 7 3 75 0 3 2 7 4 75 0 3 2 7 5 75 0 3 2 7 6 75 0 3 2 7 7 75 0 3 2 7 8 75 0 3 2 7 9 75 0 3 2 8 3 75 0 3 2 8 4 75 0 3 2 8 5 75 0 3 2 8 6 75 0 3 2 8 7 75 0 3 2 8 9 75 0 3 2 9 4 75 0 3 2 9 6 75 0 3 2
4 1 1 5 0 4 1 2 1 3 1 4 1 5 14 0 3 1 0 2 0 2 1 2 2 2 3 2 4 2 5 0 4 1 1 1 2 1 3 1 4 1 5 2 0 1 0 8 0 3 2 0 1 0 1 0 2 0 1 0 2 0 175 1 2 0 2 1 175 1 2 0 2 2 175 1 2 0 2 3 2 0 1 0 2 4 2 0 1 0 2 5 2 0 1 0
5 4 3 5 0 3 1 3 1 4 2 3 3 3 16 0 2 1 2 1 5 2 0 2 1 2 2 3 4 4 4 5 3 5 4 0 3 1 3 1 4 2 3 3 3 4 3 2 2 5 3 10 0 2 2 2 5 3 1 2 2 2 5 3 1 5 2 2 5 3 2 0 2 2 5 3 2 1 2 2 5 3 2 2 2 2 5 3 3 4 9 0 0 0 4 4 9 0 0 0 5 3 2 2 5 3 5 4 9 0 0 0
7 2 2 5 0 4 1 4 2 3 2 4 2 5 23 0 3 1 0 1 1 1 2 1 3 2 0 2 1 3 0 3 1 3 2 3 3 3 4 3 5 4 2 4 3 5 2 5 3 0 4 1 4 2 2 2 3 2 4 2 5 14 6 1 5 17 0 3 14 6 1 5 1 0 1440 0 1 0 1 1 1440 0 1 0 1 2 1440 0 1 0 1 3 14 6 1 5 2 0 14 6 1 5 2 1 443 0 0 1 3 0 1441 7 5 5 3 1 1441 7 5 5 3 2 1441 7 5 5 3 3 14 6 1 5 3 4 14 6 1 5 3 5 14 6 1 5 4 2 14 6 1 5 4 3 14 6 1 5 5 2 14 6 1 5 5 3 14 6 1 5
8 2 3 6 0 4 1 4 3 3 3 4 3 5 4 3 26 1 3 2 2 3 2 4 0 4 1 4 2 4 4 4 5 5 0 5 1 5 2 5 3 5 4 6 2 6 3 6 4 7 2 7 3 7 4 0 4 1 4 2 3 3 3 3 4 3 5 4 3 19 3 0 3 19 1 3 1442 7 7 5 2 2 19 3 0 3 3 2 19 3 0 3 4 0 19 3 0 3 4 1 19 3 0 3 4 2 19 3 0 3 4 4 19 3 0 3 4 5 19 3 0 3 5 0 19 3 0 3 5 1 19 3 0 3 5 2 19 3 0 3 5 3 19 3 0 3 5 4 19 3 0 3 6 2 19 3 0 3 6 3 19 3 0 3 6 4 19 3 0 3 7 2 19 3 0 3 7 3 19 3 0 3 7 4 19 3 0 3
4 1 2 6 0 5 1 3 1 4 1 5 3 4 4 4 15 0 4 1 1 2 0 2 1 2 2 2 5 2 6 3 5 0 5 1 2 1 3 1 4 1 5 3 4 4 4 34 0 0 2 8 0 4 34 0 0 2 1 1 34 0 0 2 2 0 34 0 0 2 2 1 34 0 0 2 2 2 34 0 0 2 2 5 4 7 2 5 2 6 4 7 2 5 3 5 4 7 2 5
9 4 5 5 0 4 1 4 3 3 3 4 3 5 31 1 5 2 0 2 1 2 2 2 5 2 6 3 1 3 2 3 6 4 3 4 4 4 6 4 7 4 8 5 4 5 5 5 6 5 7 5 8 6 4 6 5 6 6 7 4 7 5 7 6 0 4 1 4 3 3 3 4 3 5 4 5 75 5 3 8 25 1 5 75 5 3 8 2 0 75 5 3 8 2 1 75 5 3 8 2 2 75 5 3 8 2 5 75 5 3 8 2 6 75 5 3 8 3 1 75 5 3 8 3 2 1443 5 0 8 3 6 75 5 3 8 4 3 75 5 3 8 4 4 815 1 4 2 4 6 1444 1 4 0 4 7 815 1 4 2 4 8 815 1 4 2 5 4 75 5 3 8 5 5 75 5 3 8 5 6 75 5 3 8 5 7 75 5 3 8 5 8 75 5 3 8 6 4 75 5 3 8 6 5 75 5 3 8 6 6 75 5 3 8 7 4 75 5 3 8 7 5 75 5 3 8 7 6 75 5 3 8
12 3 5 4 0 6 1 6 3 6 3 7 67 0 4 0 7 1 4 1 7 2 2 2 3 2 4 2 5 2 7 2 8 3 1 3 2 3 3 3 4 3 8 3 9 4 0 4 1 4 2 4 3 4 4 4 5 4 6 4 7 4 8 4 9 4 10 5 1 5 2 5 3 5 4 5 5 5 6 5 7 5 8 5 9 5 10 6 0 6 1 6 2 6 3 6 4 6 5 6 6 6 7 6 8 6 9 7 3 7 4 7 5 7 6 7 7 7 8 7 9 8 3 8 4 8 5 8 6 8 7 8 9 9 4 9 6 0 6 1 6 3 5 3 6 3 7 555 0 0 2 62 0 4 555 0 0 2 0 7 555 0 0 2 1 4 555 0 0 2 1 7 31 4 4 9 2 2 72 4 6 9 2 3 72 4 6 9 2 4 72 4 6 9 2 5 555 0 0 2 2 7 31 4 4 9 2 8 31 4 4 9 3 1 555 0 0 2 3 2 555 0 0 2 3 3 1439 0 0 0 3 4 1439 0 0 0 3 8 555 0 0 2 3 9 555 0 0 2 4 0 555 0 0 2 4 1 555 0 0 2 4 2 1445 0 0 2 4 3 1445 0 0 2 4 4 1445 0 0 2 4 5 555 0 0 2 4 6 555 0 0 2 4 7 393 5 0 10 4 8 408 0 1 1 4 9 555 0 0 2 4 10 555 0 0 2 5 1 555 0 0 2 5 2 555 0 0 2 5 3 555 0 0 2 5 4 555 0 0 2 5 5 555 0 0 2 5 6 555 0 0 2 5 7 555 0 0 2 5 8 555 0 0 2 5 9 555 0 0 2 5 10 555 0 0 2 6 0 555 0 0 2 6 1 555 0 0 2 6 2 555 0 0 2 6 3 555 0 0 2 6 4 555 0 0 2 6 5 555 0 0 2 6 6 555 0 0 2 6 7 555 0 0 2 6 8 555 0 0 2 6 9 555 0 0 2 7 3 555 0 0 2 7 4 555 0 0 2 7 5 555 0 0 2 7 6 555 0 0 2 7 7 555 0 0 2 7 8 555 0 0 2 7 9 555 0 0 2 8 3 555 0 0 2 8 4 555 0 0 2 8 5 555 0 0 2 8 6 555 0 0 2 8 7 555 0 0 2 8 9 555 0 0 2 9 4 555 0 0 2 9 6 555 0 0 2
13 4 6 5 1 8 1 9 3 6 4 8 4 9 75 0 4 0 5 0 6 0 8 0 9 1 1 1 2 1 3 1 4 1 5 1 6 2 2 2 3 2 4 2 5 2 6 2 7 2 9 3 1 3 2 3 3 3 4 3 5 3 7 3 8 3 9 3 10 4 0 4 1 4 2 4 3 4 4 4 5 4 7 5 1 5 2 5 3 5 4 5 5 5 6 5 7 6 0 6 1 6 2 6 3 6 4 6 5 6 6 6 7 6 8 6 9 7 1 7 2 7 3 7 4 7 5 7 6 7 7 8 3 8 4 8 5 8 6 8 7 9 3 9 4 9 5 9 6 10 3 10 5 1 8 1 9 3 6 4 6 4 8 4 9 1399 4 4 10 69 0 4 1402 6 0 9 0 5 1399 4 4 10 0 6 1399 4 4 10 0 8 1402 6 0 9 0 9 1402 6 0 9 1 1 1402 6 0 9 1 2 1402 6 0 9 1 3 1402 6 0 9 1 4 1402 6 0 9 1 5 1399 4 4 10 1 6 1399 4 4 10 2 2 1402 6 0 9 2 3 1402 6 0 9 2 4 1402 6 0 9 2 5 1399 4 4 10 2 6 1399 4 4 10 2 7 1399 4 4 10 2 9 1402 6 0 9 3 1 1402 6 0 9 3 2 1402 6 0 9 3 3 1402 6 0 9 3 4 1402 6 0 9 3 5 1403 0 0 5 3 7 1399 4 4 10 3 8 1402 6 0 9 3 9 1402 6 0 9 3 10 1402 6 0 9 4 0 1402 6 0 9 4 1 1402 6 0 9 4 2 1402 6 0 9 4 3 1402 6 0 9 4 4 1402 6 0 9 4 5 1402 6 0 9 4 7 1446 7 10 9 5 1 1402 6 0 9 5 2 1402 6 0 9 5 3 1402 6 0 9 5 4 1402 6 0 9 5 5 1399 4 4 10 5 6 1399 4 4 10 5 7 1399 4 4 10 6 0 1402 6 0 9 6 1 1402 6 0 9 6 2 1402 6 0 9 6 3 1402 6 0 9 6 4 1402 6 0 9 6 5 1402 6 0 9 6 6 1399 4 4 10 6 7 1399 4 4 10 6 8 1402 6 0 9 6 9 1402 6 0 9 7 1 1402 6 0 9 7 2 1402 6 0 9 7 3 1402 6 0 9 7 4 1402 6 0 9 7 5 1402 6 0 9 7 6 1399 4 4 10 7 7 1399 4 4 10 8 3 1402 6 0 9 8 4 1402 6 0 9 8 5 1402 6 0 9 8 6 1402 6 0 9 8 7 1402 6 0 9 9 3 1402 6 0 9 9 4 1402 6 0 9 9 5 1402 6 0 9 9 6 1402 6 0 9 10 3 1402 6 0 9 10 5 1402 6 0 9
7 2 4 4 0 4 1 4 3 4 3 5 21 2 0 2 1 2 2 2 3 2 5 2 6 2 7 3 1 3 2 3 3 3 6 4 0 4 1 4 2 4 3 4 5 0 4 1 4 2 4 3 4 3 5 1 2 4 4 16 2 0 1 2 4 4 2 1 1 2 4 4 2 2 1 2 4 4 2 3 1 2 4 4 2 5 1 2 4 4 2 6 1 2 4 4 2 7 1 2 4 4 3 1 1 2 4 4 3 2 1 2 4 4 3 3 1 2 4 4 3 6 1 2 4 4 4 0 1 2 4 4 4 1 1 2 4 4 4 2 1 2 4 4 4 3 1 2 4 4 4 5 16 0 0 0
7 4 2 6 1 3 1 4 3 1 4 1 4 3 4 4 29 0 3 0 4 1 2 2 1 2 2 2 4 3 2 3 3 3 4 3 5 4 0 5 0 5 1 5 2 6 0 6 1 6 2 7 0 7 1 7 2 8 0 8 2 1 3 1 4 3 1 4 1 4 2 4 3 4 4 1398 1 4 0 22 0 3 16 7 8 4 0 4 16 7 8 4 1 2 1398 1 4 0 2 1 1398 1 4 0 2 2 1398 1 4 0 2 4 16 7 8 4 3 2 1398 1 4 0 3 3 16 7 8 4 3 4 16 7 8 4 3 5 16 7 8 4 4 0 16 7 8 4 5 0 1398 1 4 0 5 1 1398 1 4 0 5 2 1398 1 4 0 6 0 1398 1 4 0 6 1 1398 1 4 0 6 2 1398 1 4 0 7 0 1398 1 4 0 7 1 1398 1 4 0 7 2 1398 1 4 0 8 0 1398 1 4 0 8 2 1398 1 4 0
5 3 5 5 0 3 1 3 3 2 3 3 3 4 17 1 2 2 0 2 1 2 2 3 1 4 0 4 1 4 2 4 4 4 5 4 6 0 3 1 3 3 2 3 3 3 4 3 5 3 0 3 0 11 1 2 3 0 3 0 2 0 3 0 3 0 2 1 3 0 3 0 2 2 3 0 3 0 3 1 364 4 4 5 4 0 364 4 4 5 4 1 5 1 4 0 4 2 5 1 4 0 4 4 14 6 2 5 4 5 14 6 2 5 4 6 14 6 2 5
11 1 1 4 1 2 1 3 1 4 2 4 29 0 0 0 1 0 4 0 5 2 0 2 1 2 2 2 3 2 5 3 1 3 2 3 3 3 4 3 5 4 1 4 2 4 3 4 4 4 5 5 3 5 4 5 5 6 3 6 5 1 1 1 2 1 3 1 4 2 4 1 5 1 5 24 0 0 1 5 1 5 0 1 1 5 1 5 0 4 1 5 1 5 0 5 1 5 1 5 2 0 1 5 1 5 2 1 1 5 1 5 2 2 1 5 1 5 2 3 1 5 1 5 2 5 428 5 0 5 3 1 1 5 1 5 3 2 1 5 1 5 3 3 1 5 1 5 3 4 1 5 1 5 3 5 1 5 1 5 4 1 1 5 1 5 4 2 1 5 1 5 4 3 1 5 1 5 4 4 1 5 1 5 4 5 1 5 1 5 5 3 1 5 1 5 5 4 1 5 1 5 5 5 1 5 1 5 6 3 1 5 1 5 6 5 1 5 1 5
2 1 0 5 0 2 0 3 0 4 1 1 1 3 8 0 1 1 2 0 2 0 3 0 4 1 0 1 1 1 3 35 4 1 4 2 0 1 35 4 1 4 1 2 19 0 0 0
6 3 3 6 0 2 0 3 1 2 1 3 2 3 3 2 19 1 1 2 0 2 1 2 4 2 5 3 0 3 1 3 4 4 0 4 1 4 2 4 4 0 2 0 3 1 2 1 3 2 3 3 2 3 3 1 7 4 3 12 1 1 1 7 4 3 2 0 1 7 4 3 2 1 1 7 4 3 2 4 1 7 4 3 2 5 1 7 4 3 3 0 1 7 4 3 3 1 1 7 4 3 3 4 1 7 4 3 4 0 1 7 4 3 4 1 1 7 4 3 4 2 775 0 0 0 4 4 1 7 4 3
5 3 3 5 1 3 1 4 2 3 3 2 4 3 14 0 4 3 0 3 1 3 4 4 4 4 5 4 6 5 4 1 3 1 4 2 3 3 2 3 3 4 3 1 3 0 3 8 0 4 142 5 1 6 3 0 1 3 0 3 3 1 1 3 0 3 3 4 1 3 0 3 4 4 1 3 0 3 4 5 1 3 0 3 4 6 1 3 0 3 5 4 1 3 0 3
7 4 3 6 1 2 1 3 1 4 2 3 2 4 3 4 23 0 2 2 2 3 1 3 2 3 3 3 5 3 6 4 0 4 1 4 2 4 4 4 5 5 1 5 2 5 3 5 5 1 2 1 3 1 4 2 3 2 4 3 4 4 3 1452 7 5 4 16 0 2 1452 7 5 4 2 2 1452 7 5 4 3 1 1452 7 5 4 3 2 1452 7 5 4 3 3 1453 0 1 1 3 5 1452 7 5 4 3 6 1452 7 5 4 4 0 1452 7 5 4 4 1 1452 7 5 4 4 2 1452 7 5 4 4 4 1454 5 0 6 4 5 1452 7 5 4 5 1 1452 7 5 4 5 2 1452 7 5 4 5 3 1454 5 0 6 5 5 1452 7 5 4
8 2 3 6 1 2 1 3 1 4 1 5 2 2 3 2 25 0 4 1 6 2 4 3 0 3 1 3 3 3 4 3 5 4 1 4 2 4 3 4 4 4 5 4 6 5 1 5 3 5 4 5 5 1 2 1 3 1 4 1 5 2 2 2 3 3 2 6 0 1 2 18 0 4 6 0 1 2 1 6 1455 5 0 6 2 4 6 0 1 2 3 0 6 0 1 2 3 1 6 0 1 2 3 3 6 0 1 2 3 4 6 0 1 2 3 5 6 0 1 2 4 1 6 0 1 2 4 2 6 0 1 2 4 3 6 0 1 2 4 4 6 0 1 2 4 5 6 0 1 2 4 6 6 0 1 2 5 1 6 0 1 2 5 3 6 0 1 2 5 4 6 0 1 2 5 5 6 0 1 2
9 1 2 5 1 3 1 4 1 5 2 5 3 5 31 0 3 0 6 0 7 1 1 1 6 2 0 2 1 2 2 2 3 2 4 3 2 3 3 3 4 3 6 3 7 4 1 4 2 4 3 4 4 4 5 4 6 5 2 5 3 5 4 5 6 1 2 1 3 1 4 1 5 2 5 3 5 32 0 1 0 25 0 3 32 0 1 0 0 6 32 0 1 0 0 7 32 0 1 0 1 1 1413 5 0 7 1 6 32 0 1 0 2 0 1413 5 0 7 2 1 1456 5 0 7 2 2 1456 5 0 7 2 3 32 0 1 0 2 4 1413 5 0 7 3 2 32 0 1 0 3 3 32 0 1 0 3 4 32 0 1 0 3 6 32 0 1 0 3 7 32 0 1 0 4 1 32 0 1 0 4 2 32 0 1 0 4 3 32 0 1 0 4 4 32 0 1 0 4 5 32 0 1 0 4 6 32 0 1 0 5 2 32 0 1 0 5 3 32 0 1 0 5 4 32 0 1 0 5 6 32 0 1 0
10 4 4 4 2 4 2 5 2 6 3 4 47 0 3 0 6 1 3 1 4 1 6 1 7 1 8 2 7 3 0 3 1 3 2 3 5 3 6 3 7 3 8 3 9 4 1 4 2 4 3 4 5 4 6 4 7 4 8 5 0 5 1 5 2 5 3 5 4 5 5 5 6 5 7 5 8 6 3 6 4 6 5 6 6 6 7 7 3 7 4 7 5 8 3 8 5 2 4 2 5 2 6 3 4 4 4 85 2 6 3 42 0 3 439 5 1 7 0 6 85 2 6 3 1 3 439 5 1 7 1 4 299 5 2 7 1 6 85 2 6 3 1 7 85 2 6 3 1 8 85 2 6 3 2 7 439 5 1 7 3 0 85 2 6 3 3 1 85 2 6 3 3 2 85 2 6 3 3 5 85 2 6 3 3 6 85 2 6 3 3 7 85 2 6 3 3 8 85 2 6 3 3 9 85 2 6 3 4 1 85 2 6 3 4 2 85 2 6 3 4 3 439 5 1 7 4 5 1412 2 7 3 4 6 85 2 6 3 4 7 85 2 6 3 4 8 85 2 6 3 5 0 85 2 6 3 5 1 85 2 6 3 5 2 85 2 6 3 5 3 1457 2 7 3 5 4 1419 5 0 9 5 5 1422 7 8 7 5 6 85 2 6 3 5 7 85 2 6 3 5 8 85 2 6 3 6 3 1419 5 0 9 6 4 85 2 6 3 6 5 1419 5 0 9 6 6 85 2 6 3 6 7 85 2 6 3 7 3 85 2 6 3 7 4 85 2 6 3 7 5 85 2 6 3 8 3 85 2 6 3 8 5 85 2 6 3
12 4 5 5 0 6 1 6 3 5 3 6 3 7 59 0 7 1 4 1 7 2 4 2 5 2 7 2 8 2 9 3 8 4 0 4 1 4 2 4 3 4 4 4 6 4 7 4 8 4 9 4 10 5 1 5 2 5 3 5 4 5 5 5 6 5 7 5 8 5 9 6 0 6 1 6 2 6 3 6 4 6 5 6 6 6 7 6 8 6 9 7 3 7 4 7 5 7 6 7 7 7 8 7 9 8 3 8 4 8 5 8 6 8 7 8 9 9 4 9 6 0 6 1 6 3 5 3 6 3 7 4 5 75 0 3 2 53 0 7 75 0 3 2 1 4 75 0 3 2 1 7 75 0 3 2 2 4 75 0 3 2 2 5 75 0 3 2 2 7 75 0 3 2 2 8 75 0 3 2 2 9 75 0 3 2 3 8 1411 0 2 0 4 0 75 0 3 2 4 1 75 0 3 2 4 2 1451 5 2 9 4 3 1451 5 2 9 4 4 1458 0 1 1 4 6 1438 0 0 1 4 7 75 0 3 2 4 8 75 0 3 2 4 9 75 0 3 2 4 10 75 0 3 2 5 1 75 0 3 2 5 2 75 0 3 2 5 3 75 0 3 2 5 4 75 0 3 2 5 5 75 0 3 2 5 6 75 0 3 2 5 7 75 0 3 2 5 8 75 0 3 2 5 9 75 0 3 2 6 0 75 0 3 2 6 1 75 0 3 2 6 2 75 0 3 2 6 3 75 0 3 2 6 4 75 0 3 2 6 5 75 0 3 2 6 6 75 0 3 2 6 7 75 0 3 2 6 8 75 0 3 2 6 9 75 0 3 2 7 3 75 0 3 2 7 4 75 0 3 2 7 5 75 0 3 2 7 6 75 0 3 2 7 7 75 0 3 2 7 8 75 0 3 2 7 9 75 0 3 2 8 3 75 0 3 2 8 4 75 0 3 2 8 5 75 0 3 2 8 6 75 0 3 2 8 7 75 0 3 2 8 9 75 0 3 2 9 4 75 0 3 2 9 6 75 0 3 2
13 3 5 4 0 6 1 6 3 6 3 7 63 0 7 1 4 1 7 2 2 2 3 2 4 2 5 2 7 2 8 2 9 3 3 3 4 3 8 4 0 4 1 4 2 4 3 4 4 4 5 4 6 4 7 4 8 4 9 4 10 5 1 5 2 5 3 5 4 5 5 5 6 5 7 5 8 5 9 6 0 6 1 6 2 6 3 6 4 6 5 6 6 6 7 6 8 6 9 7 3 7 4 7 5 7 6 7 7 7 8 7 9 8 3 8 4 8 5 8 6 8 7 8 9 9 4 9 6 0 6 1 6 3 5 3 6 3 7 555 0 0 2 58 0 7 555 0 0 2 1 4 555 0 0 2 1 7 31 4 4 9 2 2 210 1 4 2 2 3 210 1 4 2 2 4 210 1 4 2 2 5 555 0 0 2 2 7 31 4 4 9 2 8 31 4 4 9 2 9 555 0 0 2 3 3 1450 5 0 9 3 4 1459 0 0 0 3 8 555 0 0 2 4 0 555 0 0 2 4 1 555 0 0 2 4 2 56 5 2 9 4 3 56 5 2 9 4 4 56 5 2 9 4 5 555 0 0 2 4 6 555 0 0 2 4 7 31 5 2 9 4 8 31 5 2 9 4 9 555 0 0 2 4 10 555 0 0 2 5 1 555 0 0 2 5 2 555 0 0 2 5 3 555 0 0 2 5 4 555 0 0 2 5 5 555 0 0 2 5 6 555 0 0 2 5 7 555 0 0 2 5 8 555 0 0 2 5 9 555 0 0 2 6 0 555 0 0 2 6 1 555 0 0 2 6 2 555 0 0 2 6 3 555 0 0 2 6 4 555 0 0 2 6 5 555 0 0 2 6 6 555 0 0 2 6 7 555 0 0 2 6 8 555 0 0 2 6 9 555 0 0 2 7 3 555 0 0 2 7 4 555 0 0 2 7 5 555 0 0 2 7 6 555 0 0 2 7 7 555 0 0 2 7 8 555 0 0 2 7 9 555 0 0 2 8 3 555 0 0 2 8 4 555 0 0 2 8 5 555 0 0 2 8 6 555 0 0 2 8 7 555 0 0 2 8 9 555 0 0 2 9 4 555 0 0 2 9 6 555 0 0 2
14 4 6 5 1 8 1 9 3 6 4 8 4 9 70 0 5 0 8 0 9 1 1 1 2 1 3 1 4 1 5 1 7 2 2 2 3 2 4 2 5 2 6 2 7 2 9 3 1 3 2 3 3 3 4 3 5 3 7 3 8 3 9 3 10 4 0 4 1 4 2 4 3 4 4 4 5 4 7 5 1 5 2 5 3 5 4 5 5 5 6 5 7 6 0 6 1 6 2 6 3 6 4 6 5 6 6 6 7 6 8 7 1 7 2 7 3 7 4 7 5 7 6 7 7 8 3 8 4 8 5 8 7 9 3 9 4 9 5 10 3 10 5 1 8 1 9 3 6 4 6 4 8 4 9 1399 4 4 10 64 0 5 1448 7 8 9 0 8 1448 7 8 9 0 9 1448 7 8 9 1 1 1448 7 8 9 1 2 1448 7 8 9 1 3 1448 7 8 9 1 4 1448 7 8 9 1 5 1448 7 8 9 1 7 1399 4 4 10 2 2 1448 7 8 9 2 3 1448 7 8 9 2 4 1448 7 8 9 2 5 1448 7 8 9 2 6 1399 4 4 10 2 7 1399 4 4 10 2 9 1448 7 8 9 3 1 1448 7 8 9 3 2 1448 7 8 9 3 3 1448 7 8 9 3 4 1448 7 8 9 3 5 1449 0 0 5 3 7 1399 4 4 10 3 8 1448 7 8 9 3 9 1448 7 8 9 3 10 1448 7 8 9 4 0 1448 7 8 9 4 1 1448 7 8 9 4 2 1448 7 8 9 4 3 1448 7 8 9 4 4 1448 7 8 9 4 5 1448 7 8 9 4 7 1460 7 10 9 5 1 1448 7 8 9 5 2 1448 7 8 9 5 3 1448 7 8 9 5 4 1448 7 8 9 5 5 1399 4 4 10 5 6 1399 4 4 10 5 7 1399 4 4 10 6 0 1448 7 8 9 6 1 1448 7 8 9 6 2 1448 7 8 9 6 3 1448 7 8 9 6 4 1448 7 8 9 6 5 1399 4 4 10 6 6 1399 4 4 10 6 7 1399 4 4 10 6 8 1448 7 8 9 7 1 1448 7 8 9 7 2 1448 7 8 9 7 3 1448 7 8 9 7 4 1448 7 8 9 7 5 1399 4 4 10 7 6 1399 4 4 10 7 7 1399 4 4 10 8 3 1448 7 8 9 8 4 1448 7 8 9 8 5 1399 4 4 10 8 7 1399 4 4 10 9 3 1448 7 8 9 9 4 1448 7 8 9 9 5 1448 7 8 9 10 3 1448 7 8 9 10 5 1448 7 8 9
4 1 4 5 0 4 1 3 1 5 2 3 3 3 12 1 6 2 0 2 1 2 2 2 4 4 3 0 4 1 3 1 4 1 5 2 3 3 3 6 3 0 3 6 1 6 6 3 0 3 2 0 6 3 0 3 2 1 6 3 0 3 2 2 6 3 0 3 2 4 6 3 0 3 4 3 75 0 1 0
5 4 3 6 0 3 1 3 1 4 2 3 2 5 3 3 17 2 4 2 6 3 0 3 1 3 2 3 4 4 4 5 3 5 4 6 4 0 3 1 3 1 4 2 3 2 5 3 3 4 3 2 2 5 3 10 2 4 2 2 5 3 2 6 2 2 5 3 3 0 2 2 5 3 3 1 2 2 5 3 3 2 2 2 5 3 3 4 32 2 6 3 4 4 1462 0 1 0 5 3 2 2 5 3 5 4 1462 0 1 0 6 4 2 2 5 3
6 3 3 5 0 3 1 3 1 4 2 3 2 5 20 2 4 2 6 3 0 3 1 3 2 3 4 4 2 4 3 4 4 5 2 5 3 5 4 6 2 6 4 0 3 1 3 1 4 2 3 2 5 3 3 14 0 0 2 14 2 4 14 0 0 2 2 6 14 0 0 2 3 0 14 0 0 2 3 1 14 0 0 2 3 2 348 7 6 4 3 4 191 7 6 4 4 2 1463 0 0 0 4 3 249 5 0 6 4 4 261 7 6 6 5 2 249 5 0 6 5 3 14 0 0 2 5 4 261 7 6 6 6 2 14 0 0 2 6 4 14 0 0 2
7 3 6 6 0 5 1 4 1 5 2 5 3 4 3 5 23 0 4 2 0 2 1 2 2 2 3 2 4 3 1 3 2 3 3 4 0 4 1 4 2 4 3 4 6 5 3 6 3 0 5 1 4 1 5 2 5 3 4 3 5 3 6 1 2 4 5 16 0 4 1 2 4 5 2 0 1 2 4 5 2 1 1 2 4 5 2 2 1 2 4 5 2 3 1 2 4 5 2 4 1 2 4 5 3 1 1 2 4 5 3 2 1 2 4 5 3 3 1 2 4 5 4 0 1 2 4 5 4 1 1 2 4 5 4 2 1 2 4 5 4 3 1 2 4 5 4 6 1464 7 6 6 5 3 1 2 4 5 6 3 1 2 4 5
8 3 4 5 0 5 1 4 1 5 2 5 3 5 24 0 4 2 0 2 1 2 2 2 3 2 4 3 1 3 2 3 3 3 6 4 0 4 1 4 2 4 3 4 4 4 6 5 3 6 3 0 5 1 4 1 5 2 5 3 4 3 5 1 7 4 5 18 0 4 1 7 4 5 2 0 1 7 4 5 2 1 1 7 4 5 2 2 1 7 4 5 2 3 1 7 4 5 2 4 1 7 4 5 3 1 1 7 4 5 3 2 1 7 4 5 3 3 1 7 4 5 3 6 1 7 4 5 4 0 1 7 4 5 4 1 1 7 4 5 4 2 1 7 4 5 4 3 1 7 4 5 4 4 1465 0 0 0 4 6 1 7 4 5 5 3 1 7 4 5 6 3 1 7 4 5
9 3 6 6 0 7 1 7 3 3 3 4 3 5 4 5 30 2 2 2 3 2 6 2 7 2 8 3 7 4 2 4 3 4 4 4 6 5 0 5 1 5 2 5 3 5 4 6 2 6 3 6 4 7 2 7 3 7 4 8 2 8 4 0 7 1 7 3 3 3 4 3 5 3 6 4 5 978 3 0 3 23 2 2 978 3 0 3 2 3 978 3 0 3 2 6 1466 7 8 6 2 7 1466 7 8 6 2 8 1466 7 8 6 3 7 1466 7 8 6 4 2 978 3 0 3 4 3 978 3 0 3 4 4 978 3 0 3 4 6 5 4 4 8 5 0 978 3 0 3 5 1 978 3 0 3 5 2 978 3 0 3 5 3 978 3 0 3 5 4 978 3 0 3 6 2 978 3 0 3 6 3 978 3 0 3 6 4 978 3 0 3 7 2 978 3 0 3 7 3 978 3 0 3 7 4 978 3 0 3 8 2 978 3 0 3 8 4 978 3 0 3
10 3 3 5 0 7 1 7 3 4 3 5 4 5 36 2 0 2 1 2 2 2 3 2 6 2 7 2 8 3 1 3 2 3 6 3 7 4 0 4 1 4 2 4 3 4 4 4 6 5 0 5 1 5 2 5 3 5 4 6 2 6 3 6 4 7 2 7 3 7 4 8 2 8 4 0 7 1 7 3 3 3 4 3 5 4 5 177 0 3 0 30 2 0 177 0 3 0 2 1 177 0 3 0 2 2 177 0 3 0 2 3 105 1 4 0 2 6 105 1 4 0 2 7 105 1 4 0 2 8 105 1 4 0 3 1 1467 0 0 0 3 2 1467 0 0 0 3 6 105 1 4 0 3 7 105 1 4 0 4 0 268 1 4 0 4 1 268 1 4 0 4 2 268 1 4 0 4 3 105 1 4 0 4 4 105 1 4 0 4 6 289 1 4 0 5 0 105 1 4 0 5 1 105 1 4 0 5 2 105 1 4 0 5 3 105 1 4 0 5 4 105 1 4 0 6 2 105 1 4 0 6 3 105 1 4 0 6 4 105 1 4 0 7 2 105 1 4 0 7 3 105 1 4 0 7 4 105 1 4 0 8 2 105 1 4 0 8 4 105 1 4 0
11 3 4 6 0 4 0 7 1 4 1 7 3 5 4 5 39 2 0 2 1 2 2 2 3 2 4 2 6 2 7 2 8 3 1 3 2 3 3 3 6 3 7 4 0 4 1 4 2 4 3 4 4 4 6 5 0 5 1 5 2 5 3 5 4 6 2 6 3 6 4 7 2 7 3 7 4 8 2 8 4 0 4 0 7 1 4 1 7 3 4 3 5 4 5 35 2 4 4 32 2 0 35 2 4 4 2 1 35 2 4 4 2 2 35 2 4 4 2 3 35 2 4 4 2 4 1468 0 0 0 2 6 35 2 4 4 2 7 35 2 4 4 2 8 35 2 4 4 3 1 35 2 4 4 3 2 35 2 4 4 3 3 35 2 4 4 3 6 35 2 4 4 3 7 35 2 4 4 4 0 35 2 4 4 4 1 35 2 4 4 4 2 35 2 4 4 4 3 35 2 4 4 4 4 35 2 4 4 4 6 35 2 4 4 5 0 35 2 4 4 5 1 35 2 4 4 5 2 35 2 4 4 5 3 35 2 4 4 5 4 35 2 4 4 6 2 35 2 4 4 6 3 35 2 4 4 6 4 35 2 4 4 7 2 35 2 4 4 7 3 35 2 4 4 7 4 35 2 4 4 8 2 35 2 4 4 8 4 35 2 4 4
12 4 5 5 0 4 0 7 1 4 1 7 3 5 51 1 5 2 0 2 1 2 2 2 3 2 4 2 5 2 6 2 7 2 8 3 1 3 2 3 3 3 4 3 6 3 7 3 8 4 0 4 1 4 2 4 3 4 4 4 6 5 0 5 1 5 2 5 3 5 4 5 5 5 6 5 7 6 1 6 2 6 3 6 4 6 5 6 6 7 2 7 3 7 4 7 5 7 6 8 2 8 3 8 4 0 4 0 7 1 4 1 7 3 5 4 5 1213 2 5 4 45 1 5 1469 0 0 0 2 0 1213 2 5 4 2 1 1213 2 5 4 2 2 1213 2 5 4 2 3 1213 2 5 4 2 4 1304 5 0 8 2 5 1469 0 0 0 2 6 1213 2 5 4 2 7 1213 2 5 4 2 8 1213 2 5 4 3 1 1213 2 5 4 3 2 1213 2 5 4 3 3 1213 2 5 4 3 4 1216 2 7 4 3 6 1213 2 5 4 3 7 1213 2 5 4 3 8 1213 2 5 4 4 0 1213 2 5 4 4 1 1213 2 5 4 4 2 1213 2 5 4 4 3 1213 2 5 4 4 4 1213 2 5 4 4 6 1213 2 5 4 5 0 1213 2 5 4 5 1 1213 2 5 4 5 2 1213 2 5 4 5 3 1213 2 5 4 5 4 1213 2 5 4 5 5 1469 0 0 0 5 6 1213 2 5 4 5 7 1213 2 5 4 6 1 1213 2 5 4 6 2 1213 2 5 4 6 3 1213 2 5 4 6 4 1213 2 5 4 6 5 1213 2 5 4 6 6 1213 2 5 4 7 2 1213 2 5 4 7 3 1213 2 5 4 7 4 1213 2 5 4 7 5 1213 2 5 4 7 6 1213 2 5 4 8 2 1213 2 5 4 8 3 1213 2 5 4 8 4 1213 2 5 4
6 1 6 3 1 3 1 4 1 5 19 0 0 0 1 0 2 0 3 0 4 0 5 0 6 1 1 1 2 1 7 1 8 2 1 2 2 2 3 2 4 1 3 1 4 1 5 1 6 14 6 0 6 15 0 0 14 6 0 6 0 1 12 6 0 7 0 2 124 4 2 8 0 3 407 7 2 6 0 4 14 6 0 6 0 5 14 6 0 6 0 6 14 6 0 6 1 1 14 6 0 6 1 2 12 6 0 7 1 7 14 6 0 6 1 8 14 6 0 6 2 1 12 6 0 7 2 2 123 1 1 0 2 3 123 1 1 0 2 4 14 6 0 6
10 1 6 2 1 4 1 5 40 0 5 0 6 0 7 0 8 0 9 0 10 1 1 1 2 1 3 1 7 1 8 1 9 1 10 2 0 2 1 2 2 2 3 2 4 2 5 2 6 2 7 2 8 2 9 2 10 3 4 3 5 3 6 3 7 3 8 4 5 4 6 4 7 4 8 5 5 5 6 5 7 5 8 1 4 1 5 1 6 31 1 2 2 37 0 5 31 1 2 2 0 6 991 1 2 0 0 7 497 1 2 1 0 8 718 0 0 1 0 9 30 1 2 1 0 10 30 1 2 1 1 1 30 1 2 1 1 2 31 1 2 2 1 3 46 5 0 9 1 7 718 0 0 1 1 8 30 1 2 1 1 9 30 1 2 1 1 10 30 1 2 1 2 0 30 1 2 1 2 1 31 1 2 2 2 2 1471 4 2 9 2 3 431 4 2 10 2 4 30 1 2 1 2 5 31 1 2 2 2 6 53 4 2 9 2 7 126 0 0 0 2 8 126 0 0 0 2 9 30 1 2 1 2 10 30 1 2 1 3 4 30 1 2 1 3 5 30 1 2 1 3 6 30 1 2 1 3 7 30 1 2 1 3 8 30 1 2 1 4 5 30 1 2 1 4 6 30 1 2 1 4 7 30 1 2 1 4 8 30 1 2 1 5 5 30 1 2 1 5 6 30 1 2 1 5 7 30 1 2 1 5 8 30 1 2 1
3 1 2 6 0 2 0 3 0 4 1 3 3 2 4 2 11 0 5 1 0 1 1 2 2 0 2 0 3 0 4 1 2 1 3 3 2 4 2 35 3 0 2 4 0 5 35 3 0 2 1 0 35 3 0 2 1 1 35 3 0 2 2 2 7 0 0 0
4 3 2 5 0 3 1 3 2 3 3 0 3 3 12 3 1 3 4 4 2 4 3 4 4 5 4 0 3 1 3 2 3 3 0 3 2 3 3 1 7 4 3 6 3 1 1 7 4 3 3 4 1 7 4 3 4 2 519 0 0 0 4 3 1 7 4 3 4 4 1 7 4 3 5 4 1 7 4 3
3 1 3 5 0 5 1 1 1 2 1 4 1 5 10 0 6 2 0 2 1 2 2 0 5 1 1 1 2 1 3 1 4 1 5 1 4 1 6 4 0 6 2 0 1 0 2 0 1 4 1 6 2 1 1 4 1 6 2 2 1 4 1 6
4 3 4 6 0 5 1 5 2 5 3 1 3 2 3 5 13 2 6 3 3 4 0 4 1 4 2 4 4 0 5 1 5 2 5 3 1 3 2 3 4 3 5 1 7 4 5 6 2 6 1 7 4 5 3 3 1 7 4 5 4 0 1 7 4 5 4 1 1 7 4 5 4 2 1 7 4 5 4 4 1475 0 2 0
5 4 5 6 0 5 1 5 2 5 3 5 4 1 4 2 18 3 6 4 3 4 4 4 6 5 0 5 1 5 2 5 4 5 5 5 6 6 6 0 5 1 5 2 5 3 5 4 1 4 2 4 5 2 2 5 5 11 3 6 1474 0 1 2 4 3 2 2 5 5 4 4 2 2 5 5 4 6 1476 0 1 0 5 0 2 2 5 5 5 1 2 2 5 5 5 2 2 2 5 5 5 4 2 2 5 5 5 5 2 2 5 5 5 6 1476 0 1 0 6 6 2 2 5 5
6 1 6 5 1 3 1 4 1 5 4 2 5 2 25 0 0 0 1 0 2 0 3 0 6 0 7 0 8 1 1 1 2 1 7 2 1 2 2 2 6 2 7 2 8 3 2 4 1 5 1 6 1 1 3 1 4 1 5 1 6 4 2 5 2 14 2 2 3 19 0 0 14 2 2 3 0 1 14 2 2 3 0 2 14 2 2 3 0 3 14 2 2 3 0 6 1477 7 6 6 0 7 1477 7 6 6 0 8 1477 7 6 6 1 1 14 2 2 3 1 2 14 2 2 3 1 7 1477 7 6 6 2 1 14 2 2 3 2 2 14 2 2 3 2 6 1477 7 6 6 2 7 1477 7 6 6 2 8 1477 7 6 6 3 2 14 2 2 3 4 1 14 2 2 3 5 1 14 2 2 3 6 1 14 2 2 3
5 3 2 4 0 3 3 3 3 4 3 5 18 1 2 1 3 2 0 2 1 2 2 2 3 3 1 4 0 4 1 4 2 4 4 4 5 4 6 0 3 3 2 3 3 3 4 3 5 3 0 3 0 13 1 2 3 0 3 0 1 3 3 0 3 0 2 0 3 0 3 0 2 1 3 0 3 0 2 2 3 0 3 0 2 3 3 0 3 0 3 1 37 4 4 5 4 0 5 1 4 0 4 1 5 1 4 0 4 2 5 1 4 0 4 4 37 4 4 5 4 5 37 4 4 5 4 6 37 4 4 5
7 5 5 7 1 3 1 6 2 3 2 6 4 4 5 3 5 4 35 0 7 1 7 2 7 3 2 3 3 3 6 4 0 4 1 4 2 4 3 4 6 4 7 4 8 5 1 5 2 5 6 5 7 6 0 6 1 6 2 6 4 6 5 6 6 6 7 6 8 7 5 8 5 1 3 1 6 2 3 2 6 4 4 5 3 5 4 5 5 1473 1 5 1 27 0 7 1473 1 5 1 1 7 1473 1 5 1 2 7 1473 1 5 1 3 2 1473 1 5 1 3 3 698 5 3 8 3 6 1473 1 5 1 4 0 1473 1 5 1 4 1 698 5 3 8 4 2 698 5 3 8 4 3 1478 4 6 8 4 6 1473 1 5 1 4 7 1473 1 5 1 4 8 1473 1 5 1 5 1 1473 1 5 1 5 2 1473 1 5 1 5 6 1479 0 2 0 5 7 1473 1 5 1 6 0 1473 1 5 1 6 1 1473 1 5 1 6 2 1473 1 5 1 6 4 1473 1 5 1 6 5 1473 1 5 1 6 6 1473 1 5 1 6 7 1473 1 5 1 6 8 1473 1 5 1 7 5 1473 1 5 1 8 5 1473 1 5 1
11 3 5 5 0 5 1 5 3 4 4 4 4 5 40 2 5 2 6 3 2 3 6 3 7 4 1 4 2 4 3 5 0 5 1 5 2 5 3 5 4 5 5 5 6 5 7 5 8 6 1 6 2 6 3 6 4 6 5 6 6 6 7 7 0 7 1 7 2 7 3 7 4 7 5 7 6 7 7 7 8 8 2 0 5 1 5 3 4 3 5 4 4 4 5 35 7 4 5 34 2 5 757 0 2 0 2 6 35 7 4 5 3 2 35 7 4 5 3 6 35 7 4 5 3 7 35 7 4 5 4 1 35 7 4 5 4 2 35 7 4 5 4 3 35 7 4 5 5 0 35 7 4 5 5 1 35 7 4 5 5 2 35 7 4 5 5 3 35 7 4 5 5 4 35 7 4 5 5 5 35 7 4 5 5 6 35 7 4 5 5 7 35 7 4 5 5 8 35 7 4 5 6 1 35 7 4 5 6 2 35 7 4 5 6 3 35 7 4 5 6 4 35 7 4 5 6 5 35 7 4 5 6 6 35 7 4 5 6 7 35 7 4 5 7 0 35 7 4 5 7 1 35 7 4 5 7 2 35 7 4 5 7 3 35 7 4 5 7 4 35 7 4 5 7 5 35 7 4 5 7 6 35 7 4 5 7 7 35 7 4 5 7 8 35 7 4 5 8 2 35 7 4 5
7 3 4 5 0 3 0 4 1 3 1 4 2 4 21 1 2 2 0 2 1 2 2 2 5 3 1 3 2 3 3 3 5 4 0 4 1 4 2 4 3 4 4 4 5 0 3 0 4 1 3 1 4 2 4 3 4 6 6 0 4 15 1 2 6 6 0 4 2 0 6 6 0 4 2 1 6 6 0 4 2 2 6 6 0 4 2 5 6 6 0 4 3 1 6 6 0 4 3 2 6 6 0 4 3 3 6 6 0 4 3 5 6 6 0 4 4 0 6 6 0 4 4 1 6 6 0 4 4 2 6 6 0 4 4 3 6 6 0 4 4 4 456 0 0 0 4 5 6 6 0 4
8 3 5 5 0 4 0 5 1 4 1 5 2 5 22 2 1 2 2 2 3 2 4 3 1 3 2 3 3 3 4 3 6 4 0 4 1 4 2 4 3 4 4 4 5 4 6 0 4 0 5 1 4 1 5 2 5 3 5 6 6 0 5 16 2 1 6 6 0 5 2 2 6 6 0 5 2 3 6 6 0 5 2 4 6 6 0 5 3 1 6 6 0 5 3 2 6 6 0 5 3 3 6 6 0 5 3 4 6 6 0 5 3 6 6 6 0 5 4 0 6 6 0 5 4 1 6 6 0 5 4 2 6 6 0 5 4 3 6 6 0 5 4 4 6 6 0 5 4 5 352 0 0 0 4 6 6 6 0 5
9 3 5 6 1 4 1 5 2 3 2 4 2 5 2 6 35 0 6 1 6 3 1 3 2 3 3 3 4 3 6 3 7 4 1 4 2 4 3 4 4 4 5 4 6 4 7 4 8 5 0 5 1 5 2 5 3 5 4 5 5 5 6 5 7 5 8 6 3 6 4 6 6 1 4 1 5 2 3 2 4 2 5 2 6 3 5 487 5 1 7 28 0 6 487 5 1 7 1 6 487 5 1 7 3 1 487 5 1 7 3 2 162 0 1 2 3 3 162 0 1 2 3 4 1482 0 1 1 3 6 1483 0 1 0 3 7 362 5 0 8 4 1 487 5 1 7 4 2 362 5 0 8 4 3 362 5 0 8 4 4 437 0 1 2 4 5 437 0 1 2 4 6 487 5 1 7 4 7 487 5 1 7 4 8 487 5 1 7 5 0 487 5 1 7 5 1 487 5 1 7 5 2 487 5 1 7 5 3 362 5 0 8 5 4 487 5 1 7 5 5 437 0 1 2 5 6 487 5 1 7 5 7 487 5 1 7 5 8 487 5 1 7 6 3 487 5 1 7 6 4 487 5 1 7 6 6 487 5 1 7
10 2 3 5 1 4 1 5 2 4 2 5 2 6 37 0 6 1 6 2 1 2 2 3 1 3 2 3 3 3 4 3 5 3 6 3 7 4 1 4 2 4 3 4 4 4 5 4 6 4 7 4 8 5 0 5 1 5 2 5 3 5 4 5 5 5 6 5 7 5 8 6 3 6 4 6 6 1 4 1 5 2 3 2 4 2 5 2 6 58 1 2 1 31 0 6 58 1 2 1 1 6 3 0 2 1 2 1 3 0 2 1 2 2 1484 0 0 0 3 1 58 1 2 1 3 2 58 1 2 1 3 3 58 1 2 1 3 4 58 1 2 1 3 5 58 1 2 1 3 6 58 1 2 1 3 7 58 1 2 1 4 1 58 1 2 1 4 2 58 1 2 1 4 3 58 1 2 1 4 4 58 1 2 1 4 5 58 1 2 1 4 6 58 1 2 1 4 7 58 1 2 1 4 8 58 1 2 1 5 0 58 1 2 1 5 1 58 1 2 1 5 2 58 1 2 1 5 3 58 1 2 1 5 4 58 1 2 1 5 5 58 1 2 1 5 6 58 1 2 1 5 7 58 1 2 1 5 8 58 1 2 1 6 3 58 1 2 1 6 4 58 1 2 1 6 6 58 1 2 1
4 1 2 5 0 3 0 4 1 3 1 4 1 5 14 0 5 1 0 1 1 1 6 1 7 2 1 2 2 2 3 0 3 0 4 1 2 1 3 1 4 1 5 58 1 1 0 8 0 5 141 5 0 7 1 0 141 5 0 7 1 1 141 5 0 7 1 6 58 1 1 0 1 7 58 1 1 0 2 1 58 1 1 0 2 2 58 1 1 0 2 3 58 1 1 0
11 2 6 4 1 4 1 5 2 4 2 5 40 0 6 1 6 2 1 2 2 2 3 2 7 2 8 3 1 3 2 3 3 3 4 3 5 3 6 3 7 3 8 4 1 4 2 4 3 4 4 4 5 4 6 4 7 4 8 5 0 5 1 5 2 5 3 5 4 5 5 5 6 5 7 5 8 6 3 6 4 6 6 1 4 1 5 2 4 2 5 2 6 149 0 1 1 35 0 6 149 0 1 1 1 6 308 5 1 8 2 1 308 5 1 8 2 2 308 5 1 8 2 3 308 5 1 8 2 7 1485 0 0 0 2 8 1485 0 0 0 3 1 149 0 1 1 3 2 149 0 1 1 3 3 149 0 1 1 3 4 149 0 1 1 3 5 149 0 1 1 3 6 1486 0 1 1 3 7 1486 0 1 1 3 8 1486 0 1 1 4 1 149 0 1 1 4 2 149 0 1 1 4 3 149 0 1 1 4 4 149 0 1 1 4 5 149 0 1 1 4 6 149 0 1 1 4 7 149 0 1 1 4 8 149 0 1 1 5 0 149 0 1 1 5 1 149 0 1 1 5 2 149 0 1 1 5 3 149 0 1 1 5 4 149 0 1 1 5 5 149 0 1 1 5 6 149 0 1 1 5 7 149 0 1 1 5 8 149 0 1 1 6 3 149 0 1 1 6 4 149 0 1 1 6 6 149 0 1 1
12 3 5 5 0 5 1 5 3 4 4 4 4 5 43 2 5 2 6 3 6 4 1 4 2 4 3 4 6 4 7 4 8 5 1 5 2 5 3 5 4 5 5 5 6 5 7 5 8 6 1 6 2 6 3 6 4 6 5 6 6 6 7 6 8 7 0 7 1 7 2 7 3 7 4 7 5 7 6 7 7 7 8 8 3 8 4 8 6 0 5 1 5 3 4 3 5 4 4 4 5 35 7 4 5 37 2 5 1487 0 2 0 2 6 35 7 4 5 3 6 35 7 4 5 4 1 35 7 4 5 4 2 35 7 4 5 4 3 35 7 4 5 4 6 35 7 4 5 4 7 35 7 4 5 4 8 35 7 4 5 5 1 35 7 4 5 5 2 35 7 4 5 5 3 35 7 4 5 5 4 35 7 4 5 5 5 35 7 4 5 5 6 35 7 4 5 5 7 35 7 4 5 5 8 35 7 4 5 6 1 35 7 4 5 6 2 35 7 4 5 6 3 35 7 4 5 6 4 35 7 4 5 6 5 35 7 4 5 6 6 35 7 4 5 6 7 35 7 4 5 6 8 35 7 4 5 7 0 35 7 4 5 7 1 35 7 4 5 7 2 35 7 4 5 7 3 35 7 4 5 7 4 35 7 4 5 7 5 35 7 4 5 7 6 35 7 4 5 7 7 35 7 4 5 7 8 35 7 4 5 8 3 35 7 4 5 8 4 35 7 4 5 8 6 35 7 4 5
5 3 1 8 0 2 0 4 1 1 1 2 1 3 1 4 2 4 3 3 19 2 0 2 1 3 2 3 4 3 5 4 1 4 3 4 4 4 5 5 5 0 2 0 4 1 1 1 2 1 3 1 4 2 4 3 1 3 3 666 7 4 4 10 2 0 520 0 0 1 2 1 520 0 0 1 3 2 666 7 4 4 3 4 666 7 4 4 3 5 666 7 4 4 4 1 520 0 0 1 4 3 666 7 4 4 4 4 666 7 4 4 4 5 666 7 4 4 5 5 666 7 4 4
2 1 4 5 0 0 0 5 1 1 1 2 1 3 8 0 1 0 4 0 0 0 5 1 1 1 2 1 3 1 4 0 4 1 5 2 0 1 0 4 1 5 0 4 0 1 1 0
6 5 3 8 0 3 2 2 2 4 3 1 3 2 3 3 3 4 4 4 23 1 3 1 4 4 0 4 1 4 3 5 1 5 2 5 4 5 5 6 1 6 3 6 4 6 5 7 5 0 3 2 2 2 4 3 1 3 2 3 3 3 4 4 4 5 3 1490 2 5 3 14 1 3 1489 0 2 0 1 4 1489 0 2 0 4 0 1490 2 5 3 4 1 1490 2 5 3 4 3 1489 0 2 0 5 1 1490 2 5 3 5 2 1490 2 5 3 5 4 1490 2 5 3 5 5 1490 2 5 3 6 1 1490 2 5 3 6 3 1490 2 5 3 6 4 1490 2 5 3 6 5 1490 2 5 3 7 5 1490 2 5 3
7 2 4 7 0 3 2 2 3 1 3 2 3 3 3 4 4 4 24 1 3 1 4 2 5 4 0 4 1 4 3 5 1 5 2 5 3 5 4 5 5 6 1 6 3 6 4 6 5 7 5 0 3 2 2 2 4 3 1 3 2 3 3 3 4 4 4 1 4 3 5 16 1 3 1 4 3 5 1 4 1 4 3 5 2 5 1491 0 0 0 4 0 1 4 3 5 4 1 1 4 3 5 4 3 1 4 3 5 5 1 1 4 3 5 5 2 1 4 3 5 5 3 1 4 3 5 5 4 1 4 3 5 5 5 1 4 3 5 6 1 1 4 3 5 6 3 1 4 3 5 6 4 1 4 3 5 6 5 1 4 3 5 7 5 1 4 3 5
8 4 4 6 0 3 2 2 3 1 3 2 3 3 3 4 25 1 3 1 4 2 4 2 5 4 0 4 1 4 3 4 5 5 1 5 2 5 3 5 4 5 5 6 1 6 3 6 4 6 5 7 5 0 3 2 2 3 1 3 2 3 3 3 4 4 4 1 5 3 5 18 1 3 1 5 3 5 1 4 1 5 3 5 2 4 1 5 3 5 2 5 1 5 3 5 4 0 1 5 3 5 4 1 1 5 3 5 4 3 1 5 3 5 4 5 1492 0 0 0 5 1 1 5 3 5 5 2 1 5 3 5 5 3 1 5 3 5 5 4 1 5 3 5 5 5 1 5 3 5 6 1 1 5 3 5 6 3 1 5 3 5 6 4 1 5 3 5 6 5 1 5 3 5 7 5 1 5 3 5
9 5 4 7 1 5 2 2 2 5 4 3 5 1 5 2 5 3 37 0 6 1 6 2 6 3 1 3 2 3 5 4 0 4 1 4 5 4 6 5 5 5 6 6 0 6 1 6 2 6 4 6 5 6 6 6 7 7 0 7 1 7 2 7 3 7 4 8 0 8 1 8 2 8 4 9 0 1 5 2 2 2 5 4 3 5 1 5 2 5 3 5 4 10 2 8 0 29 0 6 10 2 8 0 1 6 10 2 8 0 2 6 10 2 8 0 3 1 1477 3 0 1 3 2 10 2 8 0 3 5 10 2 8 0 4 0 1477 3 0 1 4 1 1477 3 0 1 4 5 10 2 8 0 4 6 10 2 8 0 5 5 1493 5 2 5 5 6 10 2 8 0 6 0 1477 3 0 1 6 1 1477 3 0 1 6 2 1477 3 0 1 6 4 10 2 8 0 6 5 10 2 8 0 6 6 10 2 8 0 6 7 10 2 8 0 7 0 10 2 8 0 7 1 10 2 8 0 7 2 1477 3 0 1 7 3 10 2 8 0 7 4 10 2 8 0 8 0 10 2 8 0 8 1 10 2 8 0 8 2 1477 3 0 1 8 4 10 2 8 0 9 0 10 2 8 0
8 1 6 5 0 3 0 6 1 3 1 4 1 5 23 0 7 1 7 2 2 2 3 2 4 2 5 3 0 3 1 3 2 3 3 3 4 4 2 4 3 4 4 5 2 5 3 5 4 0 3 0 6 1 3 1 4 1 5 1 6 1 4 1 7 17 0 7 1258 5 0 7 1 7 1 4 1 7 2 2 1 4 1 7 2 3 1 4 1 7 2 4 1 4 1 7 2 5 1 4 1 7 3 0 1 4 1 7 3 1 1 4 1 7 3 2 1 4 1 7 3 3 1 4 1 7 3 4 1 4 1 7 4 2 1 4 1 7 4 3 1 4 1 7 4 4 1 4 1 7 5 2 1 4 1 7 5 3 1 4 1 7 5 4 1 4 1 7
6 1 3 4 0 7 1 4 1 5 1 6 17 0 0 0 1 0 2 0 6 1 1 1 2 2 1 2 2 2 3 2 4 2 5 2 6 0 7 1 3 1 4 1 5 1 6 0 4 1 7 12 0 0 0 4 1 7 0 1 0 4 1 7 0 2 0 4 1 7 0 6 409 6 0 6 1 1 0 4 1 7 1 2 0 4 1 7 2 1 0 4 1 7 2 2 0 4 1 7 2 3 0 4 1 7 2 4 0 4 1 7 2 5 0 4 1 7 2 6 0 4 1 7
9 0 7 4 0 4 1 4 1 5 1 6 33 0 0 0 1 0 2 0 6 0 8 0 9 1 1 1 2 1 3 1 7 1 8 2 1 2 2 2 3 2 4 2 5 2 6 3 1 3 2 3 3 3 4 3 5 4 3 4 4 4 5 5 3 5 4 5 5 0 4 0 7 1 4 1 5 1 6 223 4 1 9 28 0 0 223 4 1 9 0 1 223 4 1 9 0 2 223 4 1 9 0 6 1495 0 0 1 0 8 1496 0 0 0 0 9 1496 0 0 0 1 1 223 4 1 9 1 2 223 4 1 9 1 3 1495 0 0 1 1 7 1496 0 0 0 1 8 223 4 1 9 2 1 223 4 1 9 2 2 223 4 1 9 2 3 223 4 1 9 2 4 223 4 1 9 2 5 223 4 1 9 2 6 223 4 1 9 3 1 223 4 1 9 3 2 223 4 1 9 3 3 223 4 1 9 3 4 223 4 1 9 3 5 223 4 1 9 4 3 223 4 1 9 4 4 223 4 1 9 4 5 223 4 1 9 5 3 223 4 1 9 5 4 223 4 1 9 5 5 223 4 1 9
10 5 4 6 1 8 2 5 2 8 4 6 5 5 5 6 57 0 9 1 9 2 9 3 4 3 5 3 8 4 0 4 1 4 2 4 3 4 4 4 8 4 9 4 10 5 0 5 1 5 2 5 3 5 7 5 8 5 9 6 0 6 1 6 2 6 3 6 4 6 5 6 6 6 7 6 8 6 9 6 10 7 2 7 3 7 4 7 5 7 6 7 7 7 8 7 9 8 2 8 3 8 4 8 5 8 6 8 7 9 3 9 5 9 6 9 7 1 8 2 5 2 8 4 6 5 4 5 5 5 6 31 4 6 8 50 0 9 31 4 6 8 1 9 31 4 6 8 2 9 31 4 6 8 3 4 31 4 6 8 3 5 31 4 6 8 3 8 31 4 6 8 4 0 31 4 6 8 4 1 1494 0 0 3 4 2 1494 0 0 3 4 3 497 4 6 9 4 4 497 4 6 9 4 8 31 4 6 8 4 9 31 4 6 8 4 10 31 4 6 8 5 0 31 4 6 8 5 1 31 4 6 8 5 2 1494 0 0 3 5 3 1494 0 0 3 5 7 57 7 8 7 5 8 31 4 6 8 5 9 31 4 6 8 6 0 31 4 6 8 6 1 1497 5 4 10 6 2 1497 5 4 10 6 3 1497 5 4 10 6 4 53 1 6 1 6 5 31 4 6 8 6 6 1494 0 0 3 6 7 431 1 6 0 6 8 431 1 6 0 6 9 31 4 6 8 6 10 31 4 6 8 7 2 31 4 6 8 7 3 31 4 6 8 7 4 31 4 6 8 7 5 31 4 6 8 7 6 31 4 6 8 7 7 31 4 6 8 7 8 31 4 6 8 7 9 31 4 6 8 8 2 31 4 6 8 8 3 31 4 6 8 8 4 31 4 6 8 8 5 31 4 6 8 8 6 31 4 6 8 8 7 31 4 6 8 9 3 31 4 6 8 9 5 31 4 6 8 9 6 31 4 6 8 9 7 31 4 6 8
9 1 3 6 1 4 1 5 3 4 3 5 4 4 4 5 36 0 0 0 1 0 2 0 3 0 4 0 5 0 6 0 7 0 8 1 1 1 2 1 6 1 7 1 8 2 0 2 1 2 2 2 3 2 6 2 7 2 8 3 1 3 2 3 3 4 1 4 2 4 3 5 1 5 3 1 3 1 4 1 5 3 4 3 5 4 4 4 5 555 4 4 8 29 0 0 555 4 4 8 0 1 555 4 4 8 0 2 221 0 0 1 0 3 1132 0 0 0 0 4 555 4 4 8 0 5 555 4 4 8 0 6 818 1 4 0 0 7 220 5 0 8 0 8 15 5 0 7 1 1 555 4 4 8 1 2 555 4 4 8 1 6 1132 0 0 0 1 7 15 5 0 7 1 8 555 4 4 8 2 0 555 4 4 8 2 1 555 4 4 8 2 2 15 0 0 1 2 3 15 0 0 1 2 6 15 5 0 7 2 7 15 5 0 7 2 8 15 5 0 7 3 1 555 4 4 8 3 2 555 4 4 8 3 3 15 0 0 1 4 1 555 4 4 8 4 2 555 4 4 8 4 3 555 4 4 8 5 1 555 4 4 8 5 3 555 4 4 8
6 2 3 6 0 2 0 3 1 2 1 3 3 2 3 3 19 1 1 2 0 2 1 2 4 2 5 3 0 3 1 3 4 4 0 4 1 4 3 4 4 0 2 0 3 1 2 1 3 2 3 3 2 3 3 6 6 0 3 12 1 1 6 6 0 3 2 0 6 6 0 3 2 1 6 6 0 3 2 4 6 6 0 3 2 5 6 6 0 3 3 0 6 6 0 3 3 1 6 6 0 3 3 4 6 6 0 3 4 0 6 6 0 3 4 1 6 6 0 3 4 3 775 0 0 0 4 4 6 6 0 3
6 2 3 6 0 2 0 3 1 2 1 3 3 2 3 3 19 1 1 2 0 2 1 2 4 2 5 3 0 3 1 3 4 4 0 4 1 4 2 4 4 0 2 0 3 1 2 1 3 2 3 3 2 3 3 1 7 4 3 12 1 1 1 7 4 3 2 0 1 7 4 3 2 1 1 7 4 3 2 4 1 7 4 3 2 5 1 7 4 3 3 0 1 7 4 3 3 1 1 7 4 3 3 4 1 7 4 3 4 0 1 7 4 3 4 1 1 7 4 3 4 2 775 0 0 0 4 4 1 7 4 3
10 4 5 5 1 4 1 5 2 4 2 5 4 4 37 0 1 0 3 1 1 1 2 1 3 2 1 2 2 2 3 3 0 3 1 3 2 3 3 3 5 3 6 3 7 3 8 4 1 4 2 4 3 4 6 4 7 4 8 5 0 5 1 5 2 5 3 5 4 5 5 5 6 5 7 5 8 1 4 1 5 2 4 2 5 4 4 4 5 474 7 5 5 31 0 1 474 7 5 5 0 3 474 7 5 5 1 1 474 7 5 5 1 2 474 7 5 5 1 3 474 7 5 5 2 1 474 7 5 5 2 2 474 7 5 5 2 3 474 7 5 5 3 0 474 7 5 5 3 1 474 7 5 5 3 2 474 7 5 5 3 3 474 7 5 5 3 5 1499 1 5 0 3 6 474 7 5 5 3 7 474 7 5 5 3 8 474 7 5 5 4 1 474 7 5 5 4 2 474 7 5 5 4 3 474 7 5 5 4 6 474 7 5 5 4 7 474 7 5 5 4 8 474 7 5 5 5 0 474 7 5 5 5 1 474 7 5 5 5 2 474 7 5 5 5 3 474 7 5 5 5 4 1500 0 1 2 5 5 1501 0 1 2 5 6 474 7 5 5 5 7 474 7 5 5 5 8 474 7 5 5
8 1 2 5 0 3 0 4 1 1 1 3 1 4 20 1 0 2 0 2 1 2 2 2 3 2 4 2 5 3 2 3 3 3 4 3 5 4 3 4 4 4 5 0 3 0 4 1 1 1 2 1 3 1 4 6 4 1 4 14 1 0 167 0 0 0 2 0 6 4 1 4 2 1 6 4 1 4 2 2 6 4 1 4 2 3 6 4 1 4 2 4 6 4 1 4 2 5 6 4 1 4 3 2 6 4 1 4 3 3 6 4 1 4 3 4 6 4 1 4 3 5 6 4 1 4 4 3 6 4 1 4 4 4 6 4 1 4 4 5 6 4 1 4
8 3 5 5 0 4 0 5 1 4 1 5 3 4 32 0 2 1 2 1 3 2 0 2 1 2 2 2 3 2 4 2 5 2 6 2 7 2 8 3 1 3 2 3 3 3 6 3 7 4 0 4 1 4 2 4 3 4 5 4 6 4 7 4 8 5 3 0 4 0 5 1 4 1 5 3 4 3 5 301 2 4 4 26 0 2 301 2 4 4 1 2 301 2 4 4 1 3 301 2 4 4 2 0 301 2 4 4 2 1 301 2 4 4 2 2 301 2 4 4 2 3 301 2 4 4 2 4 1500 0 0 2 2 5 554 5 0 8 2 6 301 2 4 4 2 7 301 2 4 4 2 8 301 2 4 4 3 1 301 2 4 4 3 2 301 2 4 4 3 3 301 2 4 4 3 6 301 2 4 4 3 7 301 2 4 4 4 0 301 2 4 4 4 1 301 2 4 4 4 2 301 2 4 4 4 3 301 2 4 4 4 5 585 5 0 8 4 6 301 2 4 4 4 7 301 2 4 4 4 8 301 2 4 4 5 3 301 2 4 4
11 4 4 4 1 4 1 5 2 4 2 5 40 0 1 0 2 0 3 1 1 1 2 1 3 2 1 2 2 2 3 3 0 3 1 3 2 3 3 3 4 3 5 3 6 3 7 3 8 4 1 4 2 4 3 4 5 4 6 4 7 4 8 5 0 5 1 5 2 5 3 5 4 5 5 5 6 5 7 5 8 6 3 1 4 1 5 2 4 2 5 4 4 1094 2 5 4 35 0 1 1094 2 5 4 0 2 1094 2 5 4 0 3 1094 2 5 4 1 1 1094 2 5 4 1 2 1094 2 5 4 1 3 1094 2 5 4 2 1 1094 2 5 4 2 2 1094 2 5 4 2 3 1094 2 5 4 3 0 1094 2 5 4 3 1 1094 2 5 4 3 2 1094 2 5 4 3 3 1094 2 5 4 3 4 1502 0 0 0 3 5 1503 7 5 5 3 6 1094 2 5 4 3 7 1094 2 5 4 3 8 1094 2 5 4 4 1 1094 2 5 4 4 2 1094 2 5 4 4 3 1094 2 5 4 4 5 1503 7 5 5 4 6 1094 2 5 4 4 7 1094 2 5 4 4 8 1094 2 5 4 5 0 1094 2 5 4 5 1 1094 2 5 4 5 2 1094 2 5 4 5 3 1094 2 5 4 5 4 1504 0 1 0 5 5 1503 7 5 5 5 6 1094 2 5 4 5 7 1094 2 5 4 5 8 1094 2 5 4 6 3 1094 2 5 4
12 3 4 5 0 4 1 4 3 5 4 4 4 5 43 2 1 2 2 2 3 2 4 3 1 3 2 3 3 4 1 4 2 4 3 5 0 5 1 5 2 5 3 5 4 5 5 5 6 5 7 5 8 6 1 6 2 6 3 6 4 6 5 6 6 6 7 6 8 7 0 7 1 7 2 7 3 7 4 7 5 7 6 7 7 7 8 8 3 0 4 1 4 3 4 3 5 4 4 4 5 35 2 4 4 37 2 1 35 2 4 4 2 2 35 2 4 4 2 3 35 2 4 4 2 4 1505 0 2 0 3 1 35 2 4 4 3 2 35 2 4 4 3 3 35 2 4 4 4 1 35 2 4 4 4 2 35 2 4 4 4 3 35 2 4 4 5 0 35 2 4 4 5 1 35 2 4 4 5 2 35 2 4 4 5 3 35 2 4 4 5 4 35 2 4 4 5 5 35 2 4 4 5 6 35 2 4 4 5 7 35 2 4 4 5 8 35 2 4 4 6 1 35 2 4 4 6 2 35 2 4 4 6 3 35 2 4 4 6 4 35 2 4 4 6 5 35 2 4 4 6 6 35 2 4 4 6 7 35 2 4 4 6 8 35 2 4 4 7 0 35 2 4 4 7 1 35 2 4 4 7 2 35 2 4 4 7 3 35 2 4 4 7 4 35 2 4 4 7 5 35 2 4 4 7 6 35 2 4 4 7 7 35 2 4 4 7 8 35 2 4 4 8 3 35 2 4 4
10 3 5 5 0 5 1 5 3 4 4 4 4 5 38 2 5 2 6 3 2 3 6 3 7 3 8 4 1 4 2 4 3 4 6 4 7 4 8 5 0 5 1 5 2 5 3 5 4 5 5 6 1 6 2 6 3 6 4 6 5 6 6 7 0 7 1 7 2 7 3 7 4 7 5 7 6 7 7 0 5 1 5 3 4 3 5 4 4 4 5 35 7 4 5 32 2 5 803 0 2 0 2 6 35 7 4 5 3 2 35 7 4 5 3 6 35 7 4 5 3 7 35 7 4 5 3 8 35 7 4 5 4 1 35 7 4 5 4 2 35 7 4 5 4 3 35 7 4 5 4 6 35 7 4 5 4 7 35 7 4 5 4 8 35 7 4 5 5 0 35 7 4 5 5 1 35 7 4 5 5 2 35 7 4 5 5 3 35 7 4 5 5 4 35 7 4 5 5 5 35 7 4 5 6 1 35 7 4 5 6 2 35 7 4 5 6 3 35 7 4 5 6 4 35 7 4 5 6 5 35 7 4 5 6 6 35 7 4 5 7 0 35 7 4 5 7 1 35 7 4 5 7 2 35 7 4 5 7 3 35 7 4 5 7 4 35 7 4 5 7 5 35 7 4 5 7 6 35 7 4 5 7 7 35 7 4 5
5 3 4 6 0 4 1 4 3 3 4 3 4 4 4 5 17 2 4 3 5 4 0 4 1 4 2 4 6 4 7 5 5 5 6 5 7 0 4 1 4 3 3 3 4 4 3 4 4 4 5 35 7 4 4 10 2 4 149 0 3 0 3 5 35 7 4 4 4 0 35 7 4 4 4 1 35 7 4 4 4 2 35 7 4 4 4 6 35 7 4 4 4 7 35 7 4 4 5 5 35 7 4 4 5 6 35 7 4 4 5 7 35 7 4 4
7 3 3 6 0 3 1 3 3 4 4 2 4 3 4 4 19 0 1 1 1 2 0 2 1 2 3 3 0 3 1 3 2 4 0 4 1 4 5 5 2 0 3 1 3 3 3 3 4 4 2 4 3 4 4 35 2 4 3 12 0 1 35 2 4 3 1 1 35 2 4 3 2 0 35 2 4 3 2 1 35 2 4 3 2 3 155 1 5 0 3 0 35 2 4 3 3 1 35 2 4 3 3 2 35 2 4 3 4 0 35 2 4 3 4 1 35 2 4 3 4 5 35 2 4 3 5 2 35 2 4 3
9 4 4 5 0 5 1 5 3 6 4 5 4 6 43 0 2 0 3 1 2 1 3 2 2 2 3 2 4 2 5 3 1 3 2 3 3 3 4 3 5 4 0 4 1 4 2 4 3 4 7 4 8 4 9 5 0 5 1 5 2 5 3 5 4 5 5 5 7 5 8 5 9 6 3 6 4 6 5 7 3 7 4 7 5 8 3 8 5 0 5 1 5 3 6 4 4 4 5 4 6 1508 5 0 9 37 0 2 1508 5 0 9 0 3 1508 5 0 9 1 2 1508 5 0 9 1 3 1508 5 0 9 2 2 1508 5 0 9 2 3 1508 5 0 9 2 4 1508 5 0 9 2 5 461 6 1 7 3 1 1508 5 0 9 3 2 1508 5 0 9 3 3 1508 5 0 9 3 4 461 6 1 7 3 5 393 5 1 9 4 0 1508 5 0 9 4 1 1508 5 0 9 4 2 26 2 8 3 4 3 26 2 8 3 4 7 415 6 0 6 4 8 461 6 1 7 4 9 461 6 1 7 5 0 1508 5 0 9 5 1 1508 5 0 9 5 2 26 2 8 3 5 3 1509 0 0 2 5 4 402 7 7 7 5 5 1508 5 0 9 5 7 1508 5 0 9 5 8 1508 5 0 9 5 9 1508 5 0 9 6 3 1508 5 0 9 6 4 1508 5 0 9 6 5 1508 5 0 9 7 3 1508 5 0 9 7 4 1508 5 0 9 7 5 1508 5 0 9 8 3 1508 5 0 9 8 5 1508 5 0 9
9 4 4 5 0 5 1 5 3 6 4 5 4 6 41 0 2 0 3 1 2 1 3 2 2 2 3 2 4 2 5 3 0 3 1 3 2 3 3 3 4 3 5 4 1 4 2 4 3 4 7 4 8 4 9 5 0 5 1 5 2 5 3 5 4 5 5 5 6 6 3 6 4 6 5 7 3 7 4 7 5 8 3 8 5 0 5 1 5 3 6 4 4 4 5 4 6 1508 5 0 9 35 0 2 1508 5 0 9 0 3 1508 5 0 9 1 2 1508 5 0 9 1 3 1508 5 0 9 2 2 1508 5 0 9 2 3 1508 5 0 9 2 4 1508 5 0 9 2 5 461 6 1 7 3 0 1508 5 0 9 3 1 1508 5 0 9 3 2 1508 5 0 9 3 3 1508 5 0 9 3 4 461 6 1 7 3 5 408 0 2 0 4 1 1508 5 0 9 4 2 87 7 8 7 4 3 87 7 8 7 4 7 415 6 0 6 4 8 461 6 1 7 4 9 461 6 1 7 5 0 1508 5 0 9 5 1 1508 5 0 9 5 2 1509 0 0 2 5 3 1509 0 0 2 5 4 402 7 7 7 5 5 1508 5 0 9 5 6 1508 5 0 9 6 3 1508 5 0 9 6 4 1508 5 0 9 6 5 1508 5 0 9 7 3 1508 5 0 9 7 4 1508 5 0 9 7 5 1508 5 0 9 8 3 1508 5 0 9 8 5 1508 5 0 9
13 5 5 6 1 5 1 8 2 5 2 8 4 6 5 6 74 0 9 1 2 1 3 1 9 2 2 2 3 2 9 3 2 3 3 3 4 3 5 3 8 4 0 4 1 4 2 4 3 4 4 4 5 4 8 4 9 4 10 5 0 5 1 5 2 5 3 5 4 5 7 5 8 5 9 5 10 6 0 6 1 6 2 6 3 6 4 6 5 6 6 6 7 6 8 6 9 6 10 6 11 7 2 7 3 7 4 7 5 7 6 7 7 7 8 7 9 8 1 8 2 8 3 8 4 8 5 8 6 8 7 8 8 8 9 8 10 9 2 9 3 9 4 9 5 9 6 9 7 9 8 1 5 1 8 2 5 2 8 4 6 5 5 5 6 1480 0 0 2 67 0 9 1472 5 4 10 1 2 1480 0 0 2 1 3 1480 0 0 2 1 9 1472 5 4 10 2 2 1480 0 0 2 2 3 1480 0 0 2 2 9 1472 5 4 10 3 2 1480 0 0 2 3 3 1480 0 0 2 3 4 1472 5 4 10 3 5 1472 5 4 10 3 8 1472 5 4 10 4 0 1480 0 0 2 4 1 1480 0 0 2 4 2 1481 5 1 10 4 3 1488 5 1 10 4 4 1125 5 3 11 4 5 1498 0 0 0 4 8 1472 5 4 10 4 9 1472 5 4 10 4 10 1472 5 4 10 5 0 1480 0 0 2 5 1 1480 0 0 2 5 2 1480 0 0 2 5 3 1481 5 1 10 5 4 1481 5 1 10 5 7 1506 0 1 1 5 8 1506 0 1 1 5 9 1506 0 1 1 5 10 1480 0 0 2 6 0 1480 0 0 2 6 1 1480 0 0 2 6 2 1507 5 1 10 6 3 1507 5 1 10 6 4 1507 5 1 10 6 5 1480 0 0 2 6 6 1510 0 1 0 6 7 1511 0 1 0 6 8 1511 0 1 0 6 9 1511 0 1 0 6 10 1506 0 1 1 6 11 1480 0 0 2 7 2 1480 0 0 2 7 3 1480 0 0 2 7 4 1480 0 0 2 7 5 1480 0 0 2 7 6 1480 0 0 2 7 7 1472 5 4 10 7 8 1480 0 0 2 7 9 1480 0 0 2 8 1 1480 0 0 2 8 2 1480 0 0 2 8 3 1480 0 0 2 8 4 1480 0 0 2 8 5 1480 0 0 2 8 6 1480 0 0 2 8 7 1472 5 4 10 8 8 1480 0 0 2 8 9 1480 0 0 2 8 10 1480 0 0 2 9 2 1480 0 0 2 9 3 1480 0 0 2 9 4 1480 0 0 2 9 5 1480 0 0 2 9 6 1480 0 0 2 9 7 1480 0 0 2 9 8 1480 0 0 2
2 0 2 8 0 3 0 4 1 0 1 1 1 2 2 2 3 2 3 3 11 0 1 4 3 0 2 0 3 0 4 1 0 1 1 1 2 2 2 3 2 3 3 1 2 4 2 2 0 1 1 2 4 2 4 3 19 0 0 0
5 2 4 7 0 6 1 3 1 6 2 3 2 5 3 5 4 5 20 1 0 1 1 1 2 2 1 2 2 2 6 3 0 3 1 3 2 3 6 3 7 3 8 0 6 1 3 1 6 2 3 2 4 2 5 3 5 4 5 1513 7 4 6 12 1 0 1513 7 4 6 1 1 1513 7 4 6 1 2 77 5 2 8 2 1 1513 7 4 6 2 2 1513 7 4 6 2 6 105 1 3 0 3 0 1513 7 4 6 3 1 1513 7 4 6 3 2 1513 7 4 6 3 6 77 1 2 0 3 7 1513 7 4 6 3 8 1513 7 4 6
6 2 5 6 0 6 1 3 1 6 2 3 3 5 4 5 21 1 0 1 1 1 2 1 5 2 1 2 2 2 4 2 6 3 0 3 1 3 2 3 6 3 7 3 8 0 6 1 3 1 6 2 3 2 5 3 5 4 5 19 3 0 5 14 1 0 19 3 0 5 1 1 19 3 0 5 1 2 19 3 0 5 1 5 1514 0 0 0 2 1 19 3 0 5 2 2 19 3 0 5 2 4 19 3 0 5 2 6 19 3 0 5 3 0 19 3 0 5 3 1 19 3 0 5 3 2 19 3 0 5 3 6 19 3 0 5 3 7 19 3 0 5 3 8 19 3 0 5
6 1 4 5 1 1 1 2 1 3 1 5 3 5 20 0 0 0 1 0 2 0 4 2 5 2 6 4 4 4 5 4 6 5 4 5 5 5 6 6 4 6 6 1 1 1 2 1 3 1 4 1 5 3 5 2 1 1 0 14 0 0 849 2 6 2 0 1 849 2 6 2 0 2 849 2 6 2 0 4 2 1 1 0 2 5 2 1 1 0 2 6 2 1 1 0 4 4 2 1 1 0 4 5 2 1 1 0 4 6 2 1 1 0 5 4 2 1 1 0 5 5 2 1 1 0 5 6 2 1 1 0 6 4 2 1 1 0 6 6 2 1 1 0
3 0 2 4 0 1 0 3 0 4 0 5 11 1 0 1 1 1 2 1 4 1 5 1 6 0 1 0 2 0 3 0 4 0 5 2 5 0 6 6 1 0 2 5 0 6 1 1 2 5 0 6 1 2 2 5 0 6 1 4 2 0 0 0 1 5 2 0 0 0 1 6 2 0 0 0
7 1 1 6 1 3 1 4 1 5 3 1 3 2 4 2 23 0 0 0 1 0 2 0 4 0 5 0 6 1 2 2 0 2 1 4 0 4 1 5 0 5 1 5 2 6 0 6 2 1 1 1 3 1 4 1 5 3 1 3 2 4 2 244 2 6 1 16 0 0 244 2 6 1 0 1 1516 5 0 6 0 2 244 2 6 1 0 4 244 2 6 1 0 5 244 2 6 1 0 6 244 2 6 1 1 2 244 2 6 1 2 0 1517 1 1 0 2 1 1517 1 1 0 4 0 1517 1 1 0 4 1 1517 1 1 0 5 0 1517 1 1 0 5 1 1517 1 1 0 5 2 1517 1 1 0 6 0 1517 1 1 0 6 2 1517 1 1 0
8 4 2 7 1 3 1 4 1 5 3 1 3 2 4 4 4 5 26 0 0 0 1 0 2 0 4 0 5 0 6 1 1 1 2 2 0 2 1 4 0 4 1 4 3 5 0 5 1 5 2 6 0 6 2 1 3 1 4 1 5 3 1 3 2 4 2 4 4 4 5 35 1 4 1 18 0 0 35 1 4 1 0 1 35 1 4 1 0 2 35 1 4 1 0 4 35 1 4 1 0 5 35 1 4 1 0 6 35 1 4 1 1 1 35 1 4 1 1 2 35 1 4 1 2 0 35 1 4 1 2 1 35 1 4 1 4 0 35 1 4 1 4 1 35 1 4 1 4 3 1518 0 0 0 5 0 35 1 4 1 5 1 35 1 4 1 5 2 35 1 4 1 6 0 35 1 4 1 6 2 35 1 4 1
3 3 1 5 0 4 3 2 3 3 3 4 4 3 12 1 4 2 4 2 5 3 0 4 4 4 5 0 4 3 1 3 2 3 3 3 4 4 3 47 0 3 0 6 1 4 47 0 3 0 2 4 47 0 3 0 2 5 47 0 3 0 3 0 731 3 0 1 4 4 731 3 0 1 4 5 731 3 0 1
4 4 3 5 0 4 1 2 3 2 3 3 3 4 18 0 2 1 4 2 2 2 4 2 5 3 0 3 1 4 2 4 4 4 5 5 3 6 3 0 4 1 2 3 2 3 3 3 4 4 3 1520 0 0 0 12 0 2 1520 0 0 0 1 4 244 2 6 2 2 2 1520 0 0 0 2 4 244 2 6 2 2 5 244 2 6 2 3 0 244 2 6 2 3 1 244 2 6 2 4 2 1520 0 0 0 4 4 244 2 6 2 4 5 244 2 6 2 5 3 1520 0 0 0 6 3 1520 0 0 0
5 1 2 7 0 3 0 4 1 0 1 1 3 2 3 3 3 4 22 0 2 1 3 1 4 2 2 2 4 2 5 3 0 3 1 4 2 4 3 4 4 4 5 5 3 6 3 0 3 0 4 1 0 1 1 1 2 3 2 3 3 3 4 19 4 1 4 14 0 2 19 4 1 4 1 3 1521 0 0 0 1 4 19 4 1 4 2 2 19 4 1 4 2 4 19 4 1 4 2 5 19 4 1 4 3 0 19 4 1 4 3 1 19 4 1 4 4 2 19 4 1 4 4 3 19 4 1 4 4 4 19 4 1 4 4 5 19 4 1 4 5 3 19 4 1 4 6 3 19 4 1 4
9 3 3 6 1 3 1 6 2 3 2 6 4 5 5 5 38 0 2 0 4 1 2 1 4 1 5 2 0 2 1 2 2 2 5 3 1 3 2 3 4 3 5 3 6 4 0 4 1 4 2 4 3 4 6 4 7 4 8 5 2 5 3 5 4 5 6 5 7 6 2 6 4 6 6 6 7 6 8 1 3 1 6 2 3 2 6 3 3 4 5 5 5 1314 7 6 6 31 0 2 1515 0 1 0 0 4 1515 0 1 0 1 2 1515 0 1 0 1 4 1515 0 1 0 1 5 1515 0 1 0 2 0 1314 7 6 6 2 1 1314 7 6 6 2 2 1314 7 6 6 2 5 1519 2 6 2 3 1 1314 7 6 6 3 2 1314 7 6 6 3 4 1314 7 6 6 3 5 1519 2 6 2 3 6 1314 7 6 6 4 0 1314 7 6 6 4 1 1314 7 6 6 4 2 1522 7 5 6 4 3 1515 0 1 0 4 6 1522 7 5 6 4 7 1314 7 6 6 4 8 1314 7 6 6 5 2 1515 0 1 0 5 3 1515 0 1 0 5 4 1515 0 1 0 5 6 1314 7 6 6 5 7 1314 7 6 6 6 2 1515 0 1 0 6 4 1515 0 1 0 6 6 1314 7 6 6 6 7 1314 7 6 6 6 8 1314 7 6 6
14 7 6 5 3 5 3 8 4 5 4 8 6 6 102 0 9 1 9 1 10 2 6 2 7 2 9 2 10 2 11 2 12 3 2 3 3 3 6 3 7 3 9 3 10 3 11 3 12 4 2 4 3 4 6 4 9 4 10 4 11 4 12 5 2 5 3 5 4 5 5 5 6 5 7 5 8 5 9 5 10 6 0 6 1 6 2 6 3 6 4 6 5 6 8 6 9 6 10 6 11 7 0 7 1 7 2 7 3 7 4 7 5 7 7 7 8 7 9 7 10 7 11 8 0 8 1 8 2 8 3 8 4 8 5 8 6 8 7 8 8 8 9 8 10 8 11 9 2 9 3 9 4 9 5 9 6 9 7 9 8 9 9 9 10 9 11 10 1 10 2 10 3 10 4 10 5 10 6 10 7 10 8 10 9 10 10 11 2 11 3 11 4 11 5 11 6 11 7 11 8 12 3 12 5 12 7 3 5 3 8 4 5 4 8 6 6 7 6 1213 2 8 5 96 0 9 1213 2 8 5 1 9 1213 2 8 5 1 10 1213 2 8 5 2 6 1213 2 8 5 2 7 1213 2 8 5 2 9 1213 2 8 5 2 10 1213 2 8 5 2 11 1213 2 8 5 2 12 1213 2 8 5 3 2 1213 2 8 5 3 3 1213 2 8 5 3 6 1213 2 8 5 3 7 1213 2 8 5 3 9 1213 2 8 5 3 10 1213 2 8 5 3 11 1213 2 8 5 3 12 1213 2 8 5 4 2 1213 2 8 5 4 3 1213 2 8 5 4 6 1512 0 2 0 4 9 1213 2 8 5 4 10 1213 2 8 5 4 11 1213 2 8 5 4 12 1213 2 8 5 5 2 1213 2 8 5 5 3 1213 2 8 5 5 4 1213 2 8 5 5 5 1372 0 0 0 5 6 1512 0 2 0 5 7 1213 2 8 5 5 8 1213 2 8 5 5 9 1213 2 8 5 5 10 1213 2 8 5 6 0 1213 2 8 5 6 1 1213 2 8 5 6 2 1213 2 8 5 6 3 1213 2 8 5 6 4 1213 2 8 5 6 5 1216 2 10 5 6 8 1213 2 8 5 6 9 1213 2 8 5 6 10 1213 2 8 5 6 11 1213 2 8 5 7 0 1213 2 8 5 7 1 1213 2 8 5 7 2 1213 2 8 5 7 3 1213 2 8 5 7 4 1213 2 8 5 7 5 1213 2 8 5 7 7 1213 2 8 5 7 8 1213 2 8 5 7 9 1213 2 8 5 7 10 1213 2 8 5 7 11 1213 2 8 5 8 0 1213 2 8 5 8 1 1213 2 8 5 8 2 1213 2 8 5 8 3 1213 2 8 5 8 4 1213 2 8 5 8 5 1213 2 8 5 8 6 1523 5 2 11 8 7 1213 2 8 5 8 8 1213 2 8 5 8 9 1213 2 8 5 8 10 1213 2 8 5 8 11 1213 2 8 5 9 2 1213 2 8 5 9 3 1213 2 8 5 9 4 1213 2 8 5 9 5 1213 2 8 5 9 6 1213 2 8 5 9 7 1213 2 8 5 9 8 1213 2 8 5 9 9 1213 2 8 5 9 10 1213 2 8 5 9 11 1213 2 8 5 10 1 1213 2 8 5 10 2 1213 2 8 5 10 3 1213 2 8 5 10 4 1213 2 8 5 10 5 1213 2 8 5 10 6 1213 2 8 5 10 7 1213 2 8 5 10 8 1213 2 8 5 10 9 1213 2 8 5 10 10 1213 2 8 5 11 2 1213 2 8 5 11 3 1213 2 8 5 11 4 1213 2 8 5 11 5 1213 2 8 5 11 6 1213 2 8 5 11 7 1213 2 8 5 11 8 1213 2 8 5 12 3 1213 2 8 5 12 5 1213 2 8 5 12 7 1213 2 8 5
6 3 3 4 1 2 1 3 2 3 4 3 15 0 2 0 3 3 0 3 1 3 2 4 2 4 4 4 5 5 2 5 4 1 2 1 3 2 3 3 3 4 3 1 6 0 3 10 0 2 10 1 5 0 0 3 1 6 0 3 3 0 1 6 0 3 3 1 1 6 0 3 3 2 1 6 0 3 4 2 1 6 0 3 4 4 1 6 0 3 4 5 1 6 0 3 5 2 1 6 0 3 5 4 1 6 0 3
7 2 2 5 1 2 1 3 1 4 2 1 4 2 18 0 2 0 3 1 5 3 2 3 3 3 4 3 5 4 0 4 1 4 3 5 1 5 3 1 2 1 3 1 4 2 1 2 2 4 2 6 0 1 1 12 0 2 6 0 1 1 0 3 6 0 1 1 1 5 1525 5 0 5 3 2 6 0 1 1 3 3 6 0 1 1 3 4 6 0 1 1 3 5 6 0 1 1 4 0 6 0 1 1 4 1 6 0 1 1 4 3 6 0 1 1 5 1 6 0 1 1 5 3 6 0 1 1
8 1 2 6 1 1 1 3 1 4 2 1 2 4 4 3 21 0 2 0 3 1 0 2 0 2 3 3 0 3 1 3 2 3 3 4 2 4 4 4 5 5 2 5 4 1 1 1 2 1 3 1 4 2 1 2 4 4 3 1 0 1 0 14 0 2 1 0 1 0 0 3 1 0 1 0 1 0 1 0 1 0 2 0 1526 5 0 5 2 3 1 0 1 0 3 0 1 0 1 0 3 1 1 0 1 0 3 2 1 0 1 0 3 3 1 0 1 0 4 2 1 0 1 0 4 4 1 0 1 0 4 5 1 0 1 0 5 2 1 0 1 0 5 4 1 0 1 0
2 2 3 6 0 3 1 3 3 0 3 1 3 2 3 3 9 2 4 4 2 0 3 1 3 2 3 3 0 3 1 3 2 3 3 1 7 4 3 2 2 4 1 7 4 3 4 2 1 4 3 4
5 3 6 5 0 6 1 6 3 3 3 4 3 5 23 2 0 2 1 2 2 2 6 2 7 2 8 2 9 3 1 3 2 3 7 4 0 4 1 4 2 4 5 4 6 4 7 4 8 0 6 1 6 3 3 3 4 3 5 3 6 1528 0 0 3 17 2 0 1528 0 0 3 2 1 1528 0 0 3 2 2 1528 0 0 3 2 6 203 1 4 0 2 7 203 1 4 0 2 8 1528 0 0 3 2 9 1528 0 0 3 3 1 1528 0 0 3 3 2 1528 0 0 3 3 7 1528 0 0 3 4 0 1528 0 0 3 4 1 1528 0 0 3 4 2 1528 0 0 3 4 5 14 2 4 3 4 6 1528 0 0 3 4 7 1528 0 0 3 4 8 1528 0 0 3
5 1 2 5 0 3 1 0 1 3 2 3 3 3 18 0 4 1 1 2 2 2 4 3 4 4 2 4 3 4 4 5 2 5 3 5 4 6 2 0 3 1 0 1 2 1 3 2 3 3 3 712 0 0 0 12 0 4 191 2 6 2 1 1 191 2 6 2 2 2 712 0 0 0 2 4 191 2 6 2 3 4 712 0 0 0 4 2 712 0 0 0 4 3 712 0 0 0 4 4 712 0 0 0 5 2 712 0 0 0 5 3 712 0 0 0 5 4 712 0 0 0 6 2 712 0 0 0
6 3 3 6 0 3 0 5 1 3 3 4 3 5 3 6 21 1 5 2 0 2 1 2 2 2 3 2 4 2 5 3 1 3 2 4 1 4 2 4 3 4 4 4 6 0 3 0 5 1 3 3 3 3 4 3 5 3 6 1528 5 0 6 14 1 5 1528 5 0 6 2 0 1528 5 0 6 2 1 1528 5 0 6 2 2 805 6 0 6 2 3 1530 6 0 6 2 4 1528 5 0 6 2 5 1528 5 0 6 3 1 1528 5 0 6 3 2 1528 5 0 6 4 1 1528 5 0 6 4 2 1528 5 0 6 4 3 1528 5 0 6 4 4 805 6 0 6 4 6 1528 5 0 6
12 3 5 5 0 4 0 6 1 6 3 3 3 4 39 1 4 2 0 2 1 2 2 2 4 2 5 2 6 2 7 2 8 2 9 3 1 3 2 3 6 3 7 3 8 4 0 4 1 4 2 4 3 4 5 4 6 4 7 4 8 5 2 5 3 5 4 5 5 5 6 6 2 6 3 6 4 6 5 6 6 0 4 0 6 1 6 3 3 3 4 3 5 53 0 2 0 33 1 4 53 0 2 0 2 0 56 4 4 7 2 1 56 4 4 7 2 2 56 4 4 7 2 4 1529 0 0 0 2 5 1529 0 0 0 2 6 971 0 0 0 2 7 102 7 6 6 2 8 53 0 2 0 2 9 53 0 2 0 3 1 1531 5 0 9 3 2 1531 5 0 9 3 6 102 7 6 6 3 7 53 0 2 0 3 8 53 0 2 0 4 0 1531 5 0 9 4 1 1531 5 0 9 4 2 1531 5 0 9 4 3 1529 0 0 0 4 5 53 0 2 0 4 6 53 0 2 0 4 7 53 0 2 0 4 8 53 0 2 0 5 2 53 0 2 0 5 3 53 0 2 0 5 4 53 0 2 0 5 5 53 0 2 0 5 6 53 0 2 0 6 2 53 0 2 0 6 3 53 0 2 0 6 4 53 0 2 0 6 5 53 0 2 0 6 6 53 0 2 0
6 1 5 5 0 4 0 7 1 4 1 6 1 7 18 0 0 0 1 0 2 0 5 0 6 0 8 1 1 1 2 1 3 2 1 2 2 2 3 0 4 0 7 1 4 1 5 1 6 1 7 1 4 1 8 12 0 0 1 4 1 8 0 1 1 4 1 8 0 2 1 4 1 8 0 5 1 4 1 8 0 6 1 4 1 8 0 8 961 0 0 0 1 1 1 4 1 8 1 2 1 4 1 8 1 3 1 4 1 8 2 1 1 4 1 8 2 2 1 4 1 8 2 3 1 4 1 8
4 1 3 6 0 1 0 3 0 4 1 1 1 4 2 1 13 0 0 0 2 1 2 1 5 2 0 2 2 0 1 0 3 0 4 1 1 1 3 1 4 2 1 552 4 2 4 6 0 0 949 4 2 5 0 2 552 4 2 4 1 2 136 0 0 0 1 5 552 4 2 4 2 0 136 0 0 0 2 2 136 0 0 0
7 4 3 5 1 4 1 5 2 5 4 4 4 5 28 0 4 1 2 2 2 2 4 3 0 3 1 3 2 3 3 3 4 3 5 3 6 3 7 4 1 4 2 4 6 5 0 5 1 5 2 5 3 5 5 6 3 7 3 1 4 1 5 2 5 4 3 4 4 4 5 1534 7 5 5 22 0 4 31 5 3 7 1 2 1534 7 5 5 2 2 1534 7 5 5 2 4 31 5 3 7 3 0 1534 7 5 5 3 1 1534 7 5 5 3 2 1534 7 5 5 3 3 53 0 3 0 3 4 31 5 3 7 3 5 119 7 7 6 3 6 1534 7 5 5 3 7 1534 7 5 5 4 1 1534 7 5 5 4 2 1534 7 5 5 4 6 1534 7 5 5 5 0 1534 7 5 5 5 1 1534 7 5 5 5 2 1534 7 5 5 5 3 15 5 3 7 5 5 31 5 3 7 6 3 1534 7 5 5 7 3 1534 7 5 5
13 4 4 6 1 4 1 5 1 7 2 4 2 7 4 5 49 0 5 1 2 2 2 2 5 3 0 3 1 3 2 3 3 3 4 3 5 3 6 3 7 3 8 3 9 3 10 4 1 4 2 4 3 4 6 4 7 4 8 4 9 5 0 5 1 5 2 5 3 5 4 5 6 5 7 5 8 5 9 6 3 6 4 6 5 6 6 6 7 7 3 7 4 7 5 7 6 7 7 8 5 1 4 1 5 1 7 2 4 2 7 4 4 4 5 896 7 6 5 42 0 5 585 5 1 8 1 2 896 7 6 5 2 2 896 7 6 5 2 5 585 5 1 8 3 0 896 7 6 5 3 1 896 7 6 5 3 2 896 7 6 5 3 3 896 7 6 5 3 4 1532 0 1 1 3 5 896 7 6 5 3 6 896 7 6 5 3 7 896 7 6 5 3 8 896 7 6 5 3 9 896 7 6 5 3 10 896 7 6 5 4 1 896 7 6 5 4 2 896 7 6 5 4 3 1533 7 8 5 4 6 896 7 6 5 4 7 896 7 6 5 4 8 896 7 6 5 4 9 896 7 6 5 5 0 896 7 6 5 5 1 896 7 6 5 5 2 896 7 6 5 5 3 1535 5 0 9 5 4 585 5 1 8 5 6 896 7 6 5 5 7 896 7 6 5 5 8 896 7 6 5 5 9 896 7 6 5 6 3 1535 5 0 9 6 4 896 7 6 5 6 5 896 7 6 5 6 6 896 7 6 5 6 7 896 7 6 5 7 3 896 7 6 5 7 4 896 7 6 5 7 5 896 7 6 5 7 6 896 7 6 5 7 7 896 7 6 5 8 5 896 7 6 5
3 4 3 6 0 2 1 3 2 3 3 0 3 2 3 3 11 1 2 3 1 4 4 5 4 0 2 1 3 2 3 3 0 3 2 3 3 4 3 0 6 0 3 4 1 2 729 6 1 4 3 1 0 6 0 3 4 4 0 6 0 3 5 4 0 6 0 3
7 1 3 6 0 3 1 1 1 4 2 4 3 1 3 4 19 0 2 1 2 2 0 2 1 2 2 2 5 4 1 4 2 4 4 5 1 5 2 6 2 0 3 1 1 1 3 1 4 2 4 3 1 3 4 6 6 0 4 12 0 2 6 6 0 4 1 2 6 6 0 4 2 0 6 6 0 4 2 1 6 6 0 4 2 2 6 6 0 4 2 5 6 6 0 4 4 1 6 6 0 4 4 2 6 6 0 4 4 4 721 0 0 0 5 1 6 6 0 4 5 2 6 6 0 4 6 2 6 6 0 4
8 3 2 6 0 4 1 2 1 5 2 5 3 4 3 5 27 0 3 1 3 1 4 2 0 2 1 2 2 2 3 2 6 3 1 3 3 4 0 4 1 4 2 4 3 4 5 4 6 5 2 5 3 5 6 6 3 0 4 1 2 1 5 2 5 3 2 3 4 3 5 1537 0 0 2 20 0 3 1537 0 0 2 1 3 1537 0 0 2 1 4 713 0 2 0 2 0 1537 0 0 2 2 1 1537 0 0 2 2 2 1537 0 0 2 2 3 1537 0 0 2 2 6 1537 0 0 2 3 1 1537 0 0 2 3 3 1538 0 0 1 4 0 1537 0 0 2 4 1 1537 0 0 2 4 2 1537 0 0 2 4 3 1537 0 0 2 4 5 713 0 2 0 4 6 713 0 2 0 5 2 1537 0 0 2 5 3 1537 0 0 2 5 6 713 0 2 0 6 3 1537 0 0 2
9 2 5 6 0 4 0 5 1 2 1 5 3 4 3 5 29 0 3 1 3 1 4 2 0 2 1 2 2 2 3 2 6 3 1 3 2 3 3 4 0 4 1 4 2 4 3 4 4 4 5 4 6 5 2 5 3 5 6 6 3 0 4 0 5 1 2 1 5 2 5 3 4 3 5 1 7 4 5 22 0 3 1 7 4 5 1 3 1 7 4 5 1 4 1 7 4 5 2 0 1 7 4 5 2 1 1 7 4 5 2 2 1 7 4 5 2 3 1 7 4 5 2 6 1 7 4 5 3 1 1 7 4 5 3 2 1 7 4 5 3 3 1 7 4 5 4 0 1 7 4 5 4 1 1 7 4 5 4 2 1 7 4 5 4 3 1 7 4 5 4 4 1539 0 0 0 4 5 1 7 4 5 4 6 1 7 4 5 5 2 1 7 4 5 5 3 1 7 4 5 5 6 1 7 4 5 6 3 1 7 4 5
5 2 5 5 0 5 1 5 3 2 3 4 3 5 16 2 0 2 1 2 2 2 6 3 1 3 3 4 0 4 1 4 2 4 4 0 5 1 5 2 5 3 2 3 4 3 5 1 7 4 5 10 2 0 1 7 4 5 2 1 1 7 4 5 2 2 1 7 4 5 2 6 1 7 4 5 3 1 1 7 4 5 3 3 1 7 4 5 4 0 1 7 4 5 4 1 1 7 4 5 4 2 1 7 4 5 4 4 713 0 2 0
6 3 4 4 0 5 1 5 3 3 3 5 25 2 0 2 1 2 2 2 3 2 4 2 5 2 6 2 7 2 8 3 1 3 2 3 6 3 7 4 0 4 1 4 2 4 4 4 5 4 6 4 7 0 5 1 5 3 3 3 4 3 5 1218 5 0 8 20 2 0 1218 5 0 8 2 1 1218 5 0 8 2 2 1218 5 0 8 2 3 1218 5 0 8 2 4 1104 0 0 2 2 5 53 1 4 0 2 6 53 1 4 0 2 7 53 1 4 0 2 8 1104 0 0 2 3 1 1218 5 0 8 3 2 1219 5 0 8 3 6 1218 5 0 8 3 7 1218 5 0 8 4 0 1218 5 0 8 4 1 1218 5 0 8 4 2 1218 5 0 8 4 4 1219 5 0 8 4 5 1218 5 0 8 4 6 1218 5 0 8 4 7 1218 5 0 8
4 1 2 6 1 3 1 4 1 5 3 2 4 2 4 3 17 0 0 0 1 0 2 0 4 0 5 0 6 1 1 2 1 2 2 5 3 1 2 1 3 1 4 1 5 3 2 4 2 4 3 1232 0 1 1 10 0 0 1232 0 1 1 0 1 1232 0 1 1 0 2 1232 0 1 1 0 4 1232 0 1 1 0 5 1232 0 1 1 0 6 1232 0 1 1 1 1 1232 0 1 1 2 1 3 1 1 0 2 2 3 1 1 0 5 3 3 1 1 0
4 1 2 7 0 3 0 5 1 3 3 2 3 3 3 4 3 5 16 0 2 0 4 0 6 1 0 1 1 2 2 4 1 4 2 0 3 0 5 1 2 1 3 3 2 3 3 3 4 3 5 616 4 4 5 8 0 2 616 4 4 5 0 4 616 4 4 5 0 6 616 4 4 5 1 0 616 4 4 5 1 1 616 4 4 5 2 2 244 0 0 0 4 1 244 0 0 0 4 2 244 0 0 0
5 3 4 8 0 6 1 6 2 6 3 3 3 6 4 0 4 1 4 3 17 3 7 4 2 4 4 4 5 4 6 4 7 5 5 5 7 0 6 1 6 2 6 3 3 3 4 3 6 4 0 4 1 4 3 35 4 4 4 8 3 7 35 4 4 4 4 2 226 0 0 3 4 4 35 4 4 4 4 5 35 4 4 4 4 6 35 4 4 4 4 7 35 4 4 4 5 5 35 4 4 4 5 7 35 4 4 4
3 1 0 7 0 2 0 3 0 4 1 1 3 1 4 1 5 1 12 0 0 0 1 2 0 2 1 0 2 0 3 0 4 1 0 1 1 3 1 4 1 5 1 19 0 0 0 4 0 0 19 0 0 0 0 1 627 6 0 1 2 0 19 0 0 0 2 1 19 0 0 0
4 1 1 7 0 2 0 3 0 4 0 5 3 1 4 1 5 1 14 0 0 0 1 1 0 1 2 2 0 2 1 0 2 0 3 0 4 0 5 1 1 3 1 4 1 5 1 0 0 0 1 6 0 0 0 0 0 1 0 1 0 0 0 1 1 0 0 0 0 1 1 2 1546 0 0 0 2 0 0 0 0 1 2 1 0 0 0 1
5 4 1 8 0 2 0 3 0 4 0 5 3 1 3 2 5 1 6 1 17 0 0 0 1 1 0 1 1 1 2 2 0 2 1 2 2 0 2 0 3 0 4 0 5 3 1 3 2 4 1 5 1 6 1 1 3 2 1 8 0 0 1 3 2 1 0 1 1 3 2 1 1 0 1 3 2 1 1 1 1 3 2 1 1 2 1 3 2 1 2 0 1 3 2 1 2 1 1 3 2 1 2 2 1547 0 0 0
4 3 4 8 0 6 1 6 2 6 3 3 3 6 4 0 4 1 4 3 15 3 5 3 7 4 2 4 6 4 7 5 7 0 6 1 6 2 6 3 3 3 4 3 6 4 0 4 1 4 3 35 4 4 4 6 3 5 35 4 4 4 3 7 35 4 4 4 4 2 805 0 0 3 4 6 35 4 4 4 4 7 35 4 4 4 5 7 35 4 4 4
3 1 3 7 0 4 1 1 1 2 1 4 2 1 3 1 4 1 12 0 0 0 3 0 5 1 0 0 4 1 1 1 2 1 3 1 4 2 1 3 1 4 1 1 4 1 5 4 0 0 1 4 1 5 0 3 1 4 1 5 0 5 1068 0 0 0 1 0 1 4 1 5
4 1 2 6 0 4 1 1 1 4 2 1 3 1 4 1 13 0 0 0 2 0 3 0 5 1 0 1 3 0 4 1 1 1 2 1 4 2 1 3 1 4 1 1 3 0 1 6 0 0 1 3 0 1 0 2 1550 0 0 0 0 3 1 3 0 1 0 5 1 3 0 1 1 0 1 3 0 1 1 3 1 3 0 1
6 3 6 7 0 6 1 6 2 6 3 3 4 0 4 1 4 3 20 3 4 3 5 3 7 4 2 4 4 4 5 4 6 4 7 5 4 5 5 5 6 5 7 0 6 1 6 2 6 3 3 3 6 4 0 4 1 4 3 14 0 0 5 12 3 4 14 0 0 5 3 5 1545 0 0 0 3 7 1548 7 5 6 4 2 14 0 0 5 4 4 14 0 0 5 4 5 1549 0 0 0 4 6 1551 4 4 7 4 7 1548 7 5 6 5 4 14 0 0 5 5 5 1551 4 4 7 5 6 14 0 0 5 5 7 1551 4 4 7
7 2 6 9 0 6 1 3 1 4 1 5 1 6 3 3 4 0 4 1 4 3 24 2 7 3 4 3 5 3 6 3 7 4 2 4 4 4 5 4 6 4 7 5 4 5 5 5 6 5 7 0 6 1 3 1 4 1 5 1 6 2 6 3 3 4 0 4 1 4 3 1 5 1 7 14 2 7 1552 0 0 0 3 4 1 5 1 7 3 5 1 5 1 7 3 6 1 5 1 7 3 7 1 5 1 7 4 2 1 5 1 7 4 4 1 5 1 7 4 5 1 5 1 7 4 6 1 5 1 7 4 7 1 5 1 7 5 4 1 5 1 7 5 5 1 5 1 7 5 6 1 5 1 7 5 7 1 5 1 7
8 1 6 8 0 6 1 3 1 4 1 5 3 3 4 0 4 1 4 3 25 0 7 2 6 2 7 3 4 3 5 3 6 3 7 4 2 4 4 4 5 4 6 4 7 5 4 5 5 5 6 5 7 0 6 1 3 1 4 1 5 1 6 3 3 4 0 4 1 4 3 1 4 1 7 16 0 7 1553 0 0 0 2 6 1 4 1 7 2 7 1 4 1 7 3 4 1 4 1 7 3 5 1 4 1 7 3 6 1 4 1 7 3 7 1 4 1 7 4 2 1 4 1 7 4 4 1 4 1 7 4 5 1 4 1 7 4 6 1 4 1 7 4 7 1 4 1 7 5 4 1 4 1 7 5 5 1 4 1 7 5 6 1 4 1 7 5 7 1 4 1 7
9 6 0 8 0 4 1 4 2 1 3 1 3 3 3 4 4 1 5 1 27 2 4 4 3 4 4 4 5 5 0 5 3 5 4 5 5 6 1 6 2 6 3 6 4 6 5 7 0 7 2 7 3 7 4 7 5 0 4 1 4 2 1 3 1 3 3 3 4 4 1 5 1 6 0 0 7 6 1 18 2 4 0 7 6 1 4 3 0 7 6 1 4 4 0 7 6 1 4 5 0 7 6 1 5 0 1554 3 0 0 5 3 0 7 6 1 5 4 0 7 6 1 5 5 0 7 6 1 6 1 0 7 6 1 6 2 0 7 6 1 6 3 0 7 6 1 6 4 0 7 6 1 6 5 0 7 6 1 7 0 0 7 6 1 7 2 0 7 6 1 7 3 0 7 6 1 7 4 0 7 6 1 7 5 0 7 6 1
5 1 4 7 0 5 0 7 0 8 1 5 3 3 3 4 3 5 20 0 4 0 6 2 3 2 4 3 2 3 6 4 0 4 1 4 2 4 3 5 3 6 3 0 5 0 7 0 8 1 4 1 5 3 3 3 4 3 5 35 0 0 4 12 0 4 35 0 0 4 0 6 261 0 0 0 2 3 35 0 0 4 2 4 35 0 0 4 3 2 35 0 0 4 3 6 35 0 0 4 4 0 35 0 0 4 4 1 35 0 0 4 4 2 35 0 0 4 4 3 35 0 0 4 5 3 35 0 0 4 6 3 35 0 0 4
10 5 3 8 0 6 1 3 1 6 2 3 3 3 3 5 3 6 4 3 33 2 6 4 4 4 5 4 6 4 7 5 0 5 1 5 2 5 4 5 5 5 6 5 7 6 2 6 3 6 4 6 5 6 6 6 7 7 2 7 4 7 5 7 6 7 7 8 2 0 6 1 3 1 6 2 3 3 3 3 5 3 6 4 3 5 3 2 2 6 3 24 2 6 2 2 6 3 4 4 1555 0 0 2 4 5 2 2 6 3 4 6 2 2 6 3 4 7 2 2 6 3 5 0 2 2 6 3 5 1 2 2 6 3 5 2 2 2 6 3 5 4 1555 0 0 2 5 5 2 2 6 3 5 6 2 2 6 3 5 7 2 2 6 3 6 2 2 2 6 3 6 3 2 2 6 3 6 4 1556 7 8 6 6 5 2 2 6 3 6 6 2 2 6 3 6 7 2 2 6 3 7 2 2 2 6 3 7 4 2 2 6 3 7 5 2 2 6 3 7 6 2 2 6 3 7 7 2 2 6 3 8 2 2 2 6 3
2 3 2 7 0 3 1 3 2 0 2 1 2 3 3 1 3 3 10 3 4 4 2 0 3 1 3 2 0 2 1 2 3 3 1 3 2 3 3 1 7 4 3 2 3 4 1 7 4 3 4 2 6 1 3 0
3 1 1 8 0 2 0 4 0 5 1 2 3 1 3 2 3 3 3 4 13 0 3 2 0 2 1 4 1 0 2 0 4 0 5 1 1 1 2 3 1 3 2 3 3 3 4 35 0 0 1 4 0 3 1558 6 0 4 2 0 35 0 0 1 2 1 35 0 0 1 4 1 35 0 0 1
11 4 3 7 0 6 1 3 1 6 2 3 3 3 3 5 3 6 37 2 2 2 6 3 2 4 2 4 4 4 5 4 6 4 7 5 0 5 1 5 2 5 3 5 4 5 5 5 6 5 7 6 2 6 3 6 4 6 5 6 6 6 7 7 2 7 3 7 4 7 5 7 6 7 7 8 2 0 6 1 3 1 6 2 3 3 3 3 5 3 6 4 3 1559 7 5 6 29 2 2 1544 7 6 6 2 6 504 5 1 4 3 2 1544 7 6 6 4 2 1557 0 0 0 4 4 504 5 1 4 4 5 504 5 1 4 4 6 504 5 1 4 4 7 1544 7 6 6 5 0 1544 7 6 6 5 1 1544 7 6 6 5 2 1559 7 5 6 5 3 1544 7 6 6 5 4 1544 7 6 6 5 5 504 5 1 4 5 6 1544 7 6 6 5 7 1544 7 6 6 6 2 1544 7 6 6 6 3 1544 7 6 6 6 4 1544 7 6 6 6 5 504 5 1 4 6 6 1544 7 6 6 6 7 1544 7 6 6 7 2 1544 7 6 6 7 3 1544 7 6 6 7 4 1544 7 6 6 7 5 1544 7 6 6 7 6 1544 7 6 6 7 7 1544 7 6 6 8 2 1544 7 6 6
3 3 4 7 0 4 1 4 2 1 2 4 3 1 3 2 3 3 12 2 0 3 5 4 4 4 5 0 4 1 4 2 1 2 4 3 1 3 2 3 3 3 4 1 1 3 0 4 2 0 628 1 4 1 3 5 1 1 3 0 4 4 1 1 3 0 4 5 1 1 3 0
4 2 2 6 1 3 1 4 1 5 3 2 4 2 4 3 17 0 1 0 2 1 1 1 2 1 6 2 0 2 1 2 3 2 4 5 3 1 3 1 4 1 5 2 2 3 2 4 2 4 3 69 0 1 0 10 0 1 69 0 1 0 0 2 69 0 1 0 1 1 69 0 1 0 1 2 69 0 1 0 1 6 1561 7 5 5 2 0 1561 7 5 5 2 1 1561 7 5 5 2 3 1561 7 5 5 2 4 1561 7 5 5 5 3 69 0 1 0
12 4 6 7 1 5 1 7 1 8 2 5 2 8 4 5 4 7 49 0 1 0 2 0 3 0 4 0 7 1 1 1 2 1 3 1 4 1 6 2 1 2 2 2 3 2 4 3 1 3 2 3 3 3 4 3 6 3 7 3 8 3 9 3 10 4 1 4 2 4 3 4 4 4 8 4 9 5 0 5 1 5 2 5 3 5 4 5 5 5 6 5 8 5 9 5 10 6 3 7 3 1 5 1 7 1 8 2 5 2 8 4 5 4 6 4 7 1543 4 5 10 41 0 1 1543 4 5 10 0 2 1543 4 5 10 0 3 1543 4 5 10 0 4 1543 4 5 10 0 7 1560 7 7 8 1 1 1543 4 5 10 1 2 1543 4 5 10 1 3 1543 4 5 10 1 4 1543 4 5 10 1 6 1543 4 5 10 2 1 1543 4 5 10 2 2 1543 4 5 10 2 3 1543 4 5 10 2 4 1543 4 5 10 3 1 1543 4 5 10 3 2 1543 4 5 10 3 3 1543 4 5 10 3 4 1543 4 5 10 3 6 1543 4 5 10 3 7 1543 4 5 10 3 8 1560 7 7 8 3 9 1560 7 7 8 3 10 1543 4 5 10 4 1 1543 4 5 10 4 2 1543 4 5 10 4 3 1543 4 5 10 4 4 1543 4 5 10 4 8 1560 7 7 8 4 9 1560 7 7 8 5 0 1543 4 5 10 5 1 1543 4 5 10 5 2 1543 4 5 10 5 3 1543 4 5 10 5 4 1562 4 5 10 5 5 1562 4 5 10 5 6 1562 4 5 10 5 8 1560 7 7 8 5 9 1560 7 7 8 5 10 1562 4 5 10 6 3 1543 4 5 10 7 3 1543 4 5 10
7 1 4 6 1 2 1 3 1 5 2 5 4 3 4 5 19 0 4 2 6 3 0 3 1 3 2 3 4 3 5 3 6 4 1 4 2 4 4 5 4 1 2 1 3 1 4 1 5 2 5 4 3 4 5 1 5 1 6 12 0 4 1 5 1 6 2 6 721 7 5 6 3 0 1 5 1 6 3 1 1 5 1 6 3 2 1 5 1 6 3 4 1 5 1 6 3 5 1 5 1 6 3 6 1 5 1 6 4 1 1 5 1 6 4 2 1 5 1 6 4 4 1 5 1 6 5 4 1 5 1 6
6 1 5 4 0 2 0 3 0 5 1 3 17 0 4 0 6 1 1 1 2 1 4 1 6 2 0 2 1 2 2 2 4 2 5 2 6 0 2 0 3 0 5 1 3 1 5 238 1 1 2 12 0 4 1255 0 0 0 0 6 238 1 1 2 1 1 238 1 1 2 1 2 238 1 1 2 1 4 551 0 0 1 1 6 589 0 0 0 2 0 238 1 1 2 2 1 238 1 1 2 2 2 238 1 1 2 2 4 238 1 1 2 2 5 238 1 1 2 2 6 238 1 1 2
7 4 3 5 0 4 1 4 3 1 3 3 3 4 20 2 4 3 0 3 2 4 0 4 1 4 2 4 4 4 5 5 0 5 1 5 2 5 4 5 5 5 6 0 4 1 4 3 1 3 3 3 4 4 3 35 7 4 4 14 2 4 1565 5 3 6 3 0 35 7 4 4 3 2 35 7 4 4 4 0 35 7 4 4 4 1 35 7 4 4 4 2 35 7 4 4 4 4 35 7 4 4 4 5 35 7 4 4 5 0 35 7 4 4 5 1 35 7 4 4 5 2 35 7 4 4 5 4 35 7 4 4 5 5 35 7 4 4 5 6 35 7 4 4
13 5 5 6 2 5 2 7 2 8 3 5 3 8 5 7 54 0 3 1 1 1 2 1 3 1 4 1 6 1 7 2 1 2 2 2 3 2 4 2 6 3 1 3 2 3 3 3 4 4 1 4 2 4 3 4 4 4 5 4 6 4 7 4 8 4 9 4 10 5 1 5 2 5 3 5 4 5 6 5 8 5 9 6 0 6 1 6 2 6 3 6 4 6 5 6 6 6 8 6 9 6 10 7 3 7 4 7 6 8 3 2 5 2 7 2 8 3 5 3 8 5 5 5 7 1541 7 7 8 47 0 3 1541 7 7 8 1 1 1541 7 7 8 1 2 1541 7 7 8 1 3 1541 7 7 8 1 4 1541 7 7 8 1 6 1542 5 2 10 1 7 1541 7 7 8 2 1 1541 7 7 8 2 2 1541 7 7 8 2 3 1541 7 7 8 2 4 1541 7 7 8 2 6 1542 5 2 10 3 1 1541 7 7 8 3 2 1541 7 7 8 3 3 1541 7 7 8 3 4 1542 5 2 10 4 1 1541 7 7 8 4 2 1541 7 7 8 4 3 1541 7 7 8 4 4 1541 7 7 8 4 5 1563 0 1 0 4 6 1541 7 7 8 4 7 1541 7 7 8 4 8 1541 7 7 8 4 9 1541 7 7 8 4 10 1541 7 7 8 5 1 1541 7 7 8 5 2 1541 7 7 8 5 3 1541 7 7 8 5 4 1564 5 1 10 5 6 1566 7 6 8 5 8 1541 7 7 8 5 9 1541 7 7 8 6 0 1541 7 7 8 6 1 1541 7 7 8 6 2 1541 7 7 8 6 3 1541 7 7 8 6 4 1564 5 1 10 6 5 1564 5 1 10 6 6 1566 7 6 8 6 8 1541 7 7 8 6 9 1541 7 7 8 6 10 1541 7 7 8 7 3 1541 7 7 8 7 4 1542 5 2 10 7 6 1542 5 2 10 8 3 1541 7 7 8
6 3 3 4 1 3 1 4 2 3 4 3 15 0 3 0 4 3 0 3 1 3 2 4 2 4 4 4 5 5 2 5 4 1 3 1 4 2 3 3 3 4 3 1 3 0 3 10 0 3 1 3 0 3 0 4 10 1 5 0 3 0 1 3 0 3 3 1 1 3 0 3 3 2 1 3 0 3 4 2 1 3 0 3 4 4 1 3 0 3 4 5 1 3 0 3 5 2 1 3 0 3 5 4 1 3 0 3
7 2 3 5 1 3 1 4 1 5 2 2 4 3 18 0 3 0 4 1 6 3 0 3 1 3 2 3 3 4 2 4 4 4 5 5 2 5 4 1 3 1 4 1 5 2 2 2 3 4 3 6 0 1 2 12 0 3 6 0 1 2 0 4 6 0 1 2 1 6 1568 0 0 0 3 0 6 0 1 2 3 1 6 0 1 2 3 2 6 0 1 2 3 3 6 0 1 2 4 2 6 0 1 2 4 4 6 0 1 2 4 5 6 0 1 2 5 2 6 0 1 2 5 4 6 0 1 2
8 1 4 6 1 2 1 3 1 5 2 2 2 5 4 3 21 0 3 0 4 1 6 2 3 2 6 3 0 3 1 3 2 3 3 4 2 4 4 4 5 5 2 5 4 1 2 1 3 1 4 1 5 2 2 2 5 4 3 1 5 1 6 14 0 3 1 5 1 6 0 4 1 5 1 6 1 6 1 5 1 6 2 3 1 5 1 6 2 6 1569 0 0 0 3 0 1 5 1 6 3 1 1 5 1 6 3 2 1 5 1 6 3 3 1 5 1 6 4 2 1 5 1 6 4 4 1 5 1 6 4 5 1 5 1 6 5 2 1 5 1 6 5 4 1 5 1 6
5 2 1 6 0 1 0 2 1 0 1 1 3 1 3 2 15 1 2 2 0 4 0 4 1 4 2 5 0 5 1 6 0 0 1 0 2 1 0 1 1 2 1 3 1 3 2 1 2 4 1 8 1 2 1 2 4 1 2 0 1 2 4 1 4 0 1 2 4 1 4 1 1 2 4 1 4 2 541 7 6 2 5 0 1 2 4 1 5 1 1 2 4 1 6 0 1 2 4 1
6 4 5 6 0 4 1 4 1 5 2 5 4 2 4 4 22 3 0 3 1 3 2 3 3 3 5 4 1 4 3 4 6 5 0 5 1 5 2 5 3 5 5 5 6 5 7 0 4 1 4 1 5 2 5 4 2 4 4 4 5 513 6 0 5 15 3 0 513 6 0 5 3 1 513 6 0 5 3 2 513 6 0 5 3 3 513 6 0 5 3 5 1071 4 5 7 4 1 513 6 0 5 4 3 513 6 0 5 4 6 513 6 0 5 5 0 513 6 0 5 5 1 513 6 0 5 5 2 513 6 0 5 5 3 513 6 0 5 5 5 513 6 0 5 5 6 513 6 0 5 5 7 513 6 0 5
3 0 2 5 0 1 0 3 0 4 0 5 1 4 10 1 0 1 1 1 2 1 5 0 1 0 2 0 3 0 4 0 5 1 4 1 5 0 5 4 1 0 1 5 0 5 1 1 1 5 0 5 1 2 1 5 0 5 1 5 2 0 0 0
4 1 5 6 0 6 1 1 1 3 1 4 1 6 2 4 13 0 7 1 2 2 0 2 1 2 2 2 5 0 6 1 1 1 3 1 4 1 5 1 6 2 4 1 4 1 7 6 0 7 1573 0 1 0 1 2 1 4 1 7 2 0 1 4 1 7 2 1 1 4 1 7 2 2 1 4 1 7 2 5 1 4 1 7
5 4 6 9 0 5 1 2 1 3 1 4 3 1 4 1 4 3 4 4 5 3 24 0 6 1 5 1 6 2 5 2 6 2 7 3 0 3 6 4 2 4 5 5 2 5 5 5 6 5 7 0 5 1 2 1 3 1 4 3 1 4 1 4 3 4 4 4 6 5 3 1574 5 3 7 14 0 6 1574 5 3 7 1 5 1574 5 3 7 1 6 1574 5 3 7 2 5 1574 5 3 7 2 6 1574 5 3 7 2 7 1574 5 3 7 3 0 1201 2 4 2 3 6 1574 5 3 7 4 2 1201 2 4 2 4 5 1201 2 4 2 5 2 1201 2 4 2 5 5 1201 2 4 2 5 6 1201 2 4 2 5 7 1201 2 4 2
6 0 5 9 1 1 1 2 1 3 1 4 3 1 4 1 4 3 4 4 5 3 26 0 4 0 6 1 5 1 6 2 5 2 6 2 7 3 0 3 6 4 2 4 5 4 6 5 2 5 5 5 6 5 7 0 5 1 1 1 2 1 3 1 4 3 1 4 1 4 3 4 4 5 3 0 4 1 5 16 0 4 1575 0 0 0 0 6 0 4 1 5 1 5 0 4 1 5 1 6 0 4 1 5 2 5 0 4 1 5 2 6 0 4 1 5 2 7 0 4 1 5 3 0 0 4 1 5 3 6 0 4 1 5 4 2 0 4 1 5 4 5 0 4 1 5 4 6 0 4 1 5 5 2 0 4 1 5 5 5 0 4 1 5 5 6 0 4 1 5 5 7 0 4 1 5
7 4 5 8 0 4 1 3 1 4 1 6 2 6 4 3 4 4 4 6 33 0 0 0 1 0 2 0 5 1 1 1 2 1 5 2 1 2 7 3 0 3 1 3 2 3 7 3 8 4 1 4 2 4 7 5 1 5 2 5 3 5 5 5 6 5 7 5 8 0 4 1 3 1 4 1 6 2 6 4 3 4 4 4 5 4 6 3 0 4 1 24 0 0 3 0 4 1 0 1 3 0 4 1 0 2 3 0 4 1 0 5 3 0 4 1 1 1 3 0 4 1 1 2 3 0 4 1 1 5 3 0 4 1 2 1 3 0 4 1 2 7 3 0 4 1 3 0 3 0 4 1 3 1 3 0 4 1 3 2 3 0 4 1 3 7 3 0 4 1 3 8 3 0 4 1 4 1 3 0 4 1 4 2 226 3 1 3 4 7 3 0 4 1 5 1 226 3 1 3 5 2 226 3 1 3 5 3 226 3 1 3 5 5 226 3 1 3 5 6 1576 4 5 7 5 7 1576 4 5 7 5 8 3 0 4 1
8 4 3 8 0 4 1 3 1 4 1 6 2 3 2 6 4 4 4 6 35 0 0 0 1 0 2 0 5 1 1 1 2 1 5 2 1 2 7 3 0 3 1 3 2 3 3 3 7 3 8 4 1 4 2 4 5 4 7 5 1 5 2 5 3 5 5 5 6 5 7 5 8 0 4 1 3 1 4 1 6 2 3 2 6 4 3 4 4 4 6 513 3 0 3 26 0 0 513 3 0 3 0 1 513 3 0 3 0 2 513 3 0 3 0 5 513 3 0 3 1 1 513 3 0 3 1 2 513 3 0 3 1 5 513 3 0 3 2 1 513 3 0 3 2 7 513 3 0 3 3 0 513 3 0 3 3 1 513 3 0 3 3 2 513 3 0 3 3 3 1577 0 0 0 3 7 513 3 0 3 3 8 513 3 0 3 4 1 513 3 0 3 4 2 513 3 0 3 4 5 513 3 0 3 4 7 513 3 0 3 5 1 513 3 0 3 5 2 513 3 0 3 5 3 513 3 0 3 5 5 513 3 0 3 5 6 513 3 0 3 5 7 513 3 0 3 5 8 513 3 0 3
9 5 6 7 1 4 2 3 2 4 2 6 3 3 3 6 5 4 45 0 8 1 0 1 1 1 2 1 5 1 7 1 8 2 1 2 2 2 5 2 7 2 8 3 1 3 7 4 0 4 1 4 2 4 3 4 5 4 6 4 7 4 8 5 1 5 2 5 3 5 5 5 7 5 8 6 1 6 2 6 3 6 5 6 6 6 7 6 8 7 5 7 7 1 4 2 3 2 4 2 6 3 3 3 6 5 4 5 6 1541 2 7 3 37 0 8 1541 2 7 3 1 0 1541 2 7 3 1 1 1541 2 7 3 1 2 1541 2 7 3 1 5 1566 2 6 3 1 7 1541 2 7 3 1 8 1541 2 7 3 2 1 1541 2 7 3 2 2 1541 2 7 3 2 5 1572 5 1 8 2 7 1541 2 7 3 2 8 1541 2 7 3 3 1 1541 2 7 3 3 7 1572 5 1 8 4 0 1541 2 7 3 4 1 1541 2 7 3 4 2 1541 2 7 3 4 3 1541 2 7 3 4 5 1541 2 7 3 4 6 1578 0 1 0 4 7 1541 2 7 3 4 8 1541 2 7 3 5 1 1541 2 7 3 5 2 1541 2 7 3 5 3 1541 2 7 3 5 5 1566 2 6 3 5 7 1564 0 1 1 5 8 1541 2 7 3 6 1 1541 2 7 3 6 2 1541 2 7 3 6 3 1541 2 7 3 6 5 1566 2 6 3 6 6 1564 0 1 1 6 7 1564 0 1 1 6 8 1541 2 7 3 7 5 1564 0 1 1 7 7 1564 0 1 1
10 2 5 6 3 3 3 5 3 6 4 3 4 6 6 5 49 0 5 1 1 1 5 2 0 2 1 2 2 2 4 2 7 2 8 2 9 3 1 3 2 3 4 3 7 3 8 4 2 4 5 4 8 5 1 5 2 5 3 5 4 5 6 5 7 5 8 5 9 6 1 6 2 6 3 6 4 6 6 6 7 6 8 7 1 7 2 7 3 7 4 7 6 7 7 7 8 8 2 8 4 2 5 3 3 3 5 3 6 4 3 4 6 6 5 21 6 0 6 42 0 5 1571 6 2 6 1 1 21 6 0 6 1 5 1571 6 2 6 2 0 21 6 0 6 2 1 21 6 0 6 2 2 21 6 0 6 2 4 21 6 0 6 2 7 21 6 0 6 2 8 21 6 0 6 2 9 21 6 0 6 3 1 21 6 0 6 3 2 21 6 0 6 3 4 21 6 0 6 3 7 21 6 0 6 3 8 21 6 0 6 4 2 21 6 0 6 4 5 1579 5 1 9 4 8 21 6 0 6 5 1 21 6 0 6 5 2 21 6 0 6 5 3 21 6 0 6 5 4 21 6 0 6 5 6 1571 6 2 6 5 7 21 6 0 6 5 8 21 6 0 6 5 9 21 6 0 6 6 1 21 6 0 6 6 2 21 6 0 6 6 3 21 6 0 6 6 4 21 6 0 6 6 6 1571 6 2 6 6 7 21 6 0 6 6 8 21 6 0 6 7 1 21 6 0 6 7 2 21 6 0 6 7 3 21 6 0 6 7 4 21 6 0 6 7 6 21 6 0 6 7 7 21 6 0 6 7 8 21 6 0 6 8 2 21 6 0 6 8 4 21 6 0 6
6 1 2 6 0 4 1 1 1 3 1 4 2 3 2 4 17 0 2 0 5 1 5 2 0 2 1 2 2 3 0 3 1 4 1 5 1 0 4 1 1 1 2 1 3 1 4 2 3 2 4 1 4 1 5 10 0 2 1 4 1 5 0 5 154 0 0 0 1 5 1 4 1 5 2 0 1 4 1 5 2 1 1 4 1 5 2 2 1 4 1 5 3 0 1 4 1 5 3 1 1 4 1 5 4 1 1 4 1 5 5 1 1 4 1 5
7 2 4 6 1 3 1 4 1 5 1 6 2 3 4 4 19 0 4 0 5 1 7 3 3 3 4 3 5 4 0 4 1 4 2 4 3 5 2 5 3 1 3 1 4 1 5 1 6 2 3 2 4 4 4 6 0 1 3 12 0 4 6 0 1 3 0 5 6 0 1 3 1 7 1581 7 5 5 3 3 6 0 1 3 3 4 6 0 1 3 3 5 6 0 1 3 4 0 6 0 1 3 4 1 6 0 1 3 4 2 6 0 1 3 4 3 6 0 1 3 5 2 6 0 1 3 5 3 6 0 1 3
8 1 5 6 1 3 1 4 1 6 2 3 2 6 4 4 21 0 4 0 5 1 7 2 4 2 7 3 3 3 4 3 5 4 0 4 1 4 2 4 3 5 2 5 3 1 3 1 4 1 5 1 6 2 3 2 6 4 4 1 5 1 7 14 0 4 1 5 1 7 0 5 1 5 1 7 1 7 1 5 1 7 2 4 1 5 1 7 2 7 1582 0 0 0 3 3 1 5 1 7 3 4 1 5 1 7 3 5 1 5 1 7 4 0 1 5 1 7 4 1 1 5 1 7 4 2 1 5 1 7 4 3 1 5 1 7 5 2 1 5 1 7 5 3 1 5 1 7
14 3 7 5 3 5 3 8 4 5 4 8 6 7 79 0 7 1 3 1 7 2 1 2 2 2 3 2 4 2 6 2 7 2 9 2 10 2 11 3 1 3 2 3 3 3 4 3 6 3 9 3 10 4 1 4 2 4 3 4 4 4 7 4 10 5 1 5 2 5 3 5 4 5 5 5 6 5 7 5 8 5 9 5 10 5 11 5 12 6 1 6 2 6 3 6 4 6 5 6 6 6 8 6 9 6 10 6 11 7 0 7 1 7 2 7 3 7 4 7 5 7 6 7 8 7 9 7 10 7 11 7 12 8 3 8 4 8 5 8 6 8 7 8 8 8 9 9 3 9 5 9 6 9 7 9 8 9 9 10 7 3 5 3 7 3 8 4 5 4 8 6 7 1527 0 2 4 73 0 7 1527 0 2 4 1 3 1527 0 2 4 1 7 1527 0 2 4 2 1 1527 0 2 4 2 2 1527 0 2 4 2 3 1527 0 2 4 2 4 1527 0 2 4 2 6 1536 5 2 12 2 7 1540 7 8 8 2 9 1527 0 2 4 2 10 1527 0 2 4 2 11 1527 0 2 4 3 1 1527 0 2 4 3 2 1527 0 2 4 3 3 1527 0 2 4 3 4 1536 5 2 12 3 6 1536 5 2 12 3 9 1527 0 2 4 3 10 1527 0 2 4 4 1 1527 0 2 4 4 2 1527 0 2 4 4 3 1527 0 2 4 4 4 1536 5 2 12 4 7 1567 0 1 0 4 10 1527 0 2 4 5 1 1527 0 2 4 5 2 1527 0 2 4 5 3 1527 0 2 4 5 4 1570 5 2 10 5 5 1570 5 2 10 5 6 1570 5 2 10 5 7 1580 0 0 2 5 8 1527 0 2 4 5 9 1527 0 2 4 5 10 1527 0 2 4 5 11 1527 0 2 4 5 12 1527 0 2 4 6 1 1527 0 2 4 6 2 1527 0 2 4 6 3 1527 0 2 4 6 4 1527 0 2 4 6 5 1527 0 2 4 6 6 1583 5 2 11 6 8 1540 7 8 8 6 9 1570 5 2 10 6 10 1527 0 2 4 6 11 1527 0 2 4 7 0 1527 0 2 4 7 1 1527 0 2 4 7 2 1527 0 2 4 7 3 1527 0 2 4 7 4 1527 0 2 4 7 5 1527 0 2 4 7 6 1583 5 2 11 7 8 1540 7 8 8 7 9 1527 0 2 4 7 10 1527 0 2 4 7 11 1527 0 2 4 7 12 1527 0 2 4 8 3 1527 0 2 4 8 4 1527 0 2 4 8 5 1527 0 2 4 8 6 1527 0 2 4 8 7 1527 0 2 4 8 8 1527 0 2 4 8 9 1527 0 2 4 9 3 1527 0 2 4 9 5 1527 0 2 4 9 6 1527 0 2 4 9 7 1527 0 2 4 9 8 1527 0 2 4 9 9 1527 0 2 4 10 7 1527 0 2 4
3 1 4 7 0 1 0 4 1 1 1 2 1 3 3 3 3 4 12 0 0 2 4 2 5 4 3 0 1 0 4 1 1 1 2 1 3 1 4 3 3 3 4 1 1 1 0 4 0 0 675 0 0 1 2 4 1 1 1 0 2 5 1 1 1 0 4 3 1 1 1 0
4 1 3 7 0 1 0 3 0 4 1 1 1 2 3 3 3 4 14 0 0 1 0 1 4 2 4 2 5 4 3 0 1 0 3 0 4 1 1 1 2 1 3 3 3 3 4 6 4 1 4 6 0 0 6 4 1 4 1 0 1585 0 0 0 1 4 6 4 1 4 2 4 6 4 1 4 2 5 6 4 1 4 4 3 6 4 1 4
5 3 2 7 1 2 1 3 1 4 3 1 4 1 4 3 4 4 20 0 2 0 3 2 1 2 2 2 4 2 5 3 0 3 3 3 4 4 0 5 1 6 1 1 2 1 3 1 4 3 1 3 2 4 1 4 3 4 4 260 7 6 2 12 0 2 1586 1 4 0 0 3 260 7 6 2 2 1 1586 1 4 0 2 2 1586 1 4 0 2 4 260 7 6 2 2 5 260 7 6 2 3 0 260 7 6 2 3 3 260 7 6 2 3 4 260 7 6 2 4 0 260 7 6 2 5 1 1586 1 4 0 6 1 1586 1 4 0
6 3 4 6 0 2 0 4 1 4 3 1 3 2 3 3 21 0 1 1 1 1 2 2 0 2 1 2 4 3 5 4 0 4 1 4 2 4 4 4 5 4 6 5 2 0 2 0 4 1 4 3 1 3 2 3 3 3 4 805 3 0 1 14 0 1 805 3 0 1 1 1 805 3 0 1 1 2 805 3 0 1 2 0 805 3 0 1 2 1 805 3 0 1 2 4 1183 6 0 4 3 5 1183 6 0 4 4 0 805 3 0 1 4 1 805 3 0 1 4 2 805 3 0 1 4 4 1183 6 0 4 4 5 1183 6 0 4 4 6 1183 6 0 4 5 2 805 3 0 1
9 1 2 5 0 2 0 3 0 4 1 3 1 4 27 1 0 1 1 1 5 1 6 2 0 2 1 2 2 2 3 2 4 2 5 2 6 3 1 3 2 3 3 3 4 3 5 4 1 4 2 4 3 4 4 4 5 0 2 0 3 0 4 1 2 1 3 1 4 1324 0 0 0 21 1 0 308 5 0 6 1 1 308 5 0 6 1 5 308 0 0 0 1 6 308 0 0 0 2 0 1324 0 0 0 2 1 1324 0 0 0 2 2 1324 0 0 0 2 3 1324 0 0 0 2 4 1324 5 0 6 2 5 1324 5 0 6 2 6 1324 5 0 6 3 1 1324 0 0 0 3 2 1324 0 0 0 3 3 1324 0 0 0 3 4 1324 0 0 0 3 5 1324 0 0 0 4 1 1324 0 0 0 4 2 1324 0 0 0 4 3 1324 0 0 0 4 4 1324 0 0 0 4 5 1324 0 0 0
6 2 2 6 0 3 1 3 3 1 3 2 4 1 4 2 20 1 2 4 0 5 1 5 2 5 3 5 4 5 5 6 1 6 2 6 3 7 1 7 2 7 3 0 3 1 3 2 2 3 1 3 2 4 1 4 2 19 3 0 2 13 1 2 147 5 2 5 4 0 19 3 0 2 5 1 19 3 0 2 5 2 19 3 0 2 5 3 19 3 0 2 5 4 19 3 0 2 5 5 19 3 0 2 6 1 19 3 0 2 6 2 19 3 0 2 6 3 19 3 0 2 7 1 19 3 0 2 7 2 19 3 0 2 7 3 19 3 0 2
3 2 4 6 0 3 0 4 1 2 1 3 1 4 3 3 13 1 0 1 1 2 5 3 4 4 3 4 4 0 3 0 4 1 2 1 3 1 4 2 4 3 3 129 7 4 4 6 1 0 129 7 4 4 1 1 129 7 4 4 2 5 129 7 4 4 3 4 665 0 0 0 4 3 665 0 0 0 4 4 665 0 0 0
4 1 2 6 0 2 0 3 0 4 1 3 1 4 3 3 17 0 5 1 0 1 1 1 5 1 6 2 1 2 2 3 2 4 2 4 3 0 2 0 3 0 4 1 2 1 3 1 4 3 3 58 1 1 0 10 0 5 1591 5 0 6 1 0 1591 5 0 6 1 1 1591 5 0 6 1 5 58 1 1 0 1 6 58 1 1 0 2 1 58 1 1 0 2 2 58 1 1 0 3 2 58 1 1 0 4 2 58 1 1 0 4 3 58 1 1 0
5 4 3 6 0 4 1 2 1 3 1 4 2 3 2 4 19 1 5 2 0 2 1 2 2 2 5 2 6 3 1 3 2 3 3 4 2 5 2 5 3 0 4 1 2 1 3 1 4 2 3 2 4 4 3 513 3 0 3 12 1 5 513 3 0 3 2 0 513 3 0 3 2 1 513 3 0 3 2 2 513 3 0 3 2 5 513 3 0 3 2 6 513 3 0 3 3 1 513 3 0 3 3 2 513 3 0 3 3 3 1592 0 1 0 4 2 513 3 0 3 5 2 513 3 0 3 5 3 513 3 0 3
6 2 4 7 0 5 1 5 3 2 3 3 3 4 4 3 4 4 22 1 4 3 5 4 0 4 1 4 2 4 5 4 6 5 1 5 2 5 3 6 2 6 3 7 2 7 3 0 5 1 5 2 4 3 2 3 3 3 4 4 3 4 4 19 3 0 4 14 1 4 1593 0 2 0 3 5 19 3 0 4 4 0 19 3 0 4 4 1 19 3 0 4 4 2 19 3 0 4 4 5 19 3 0 4 4 6 19 3 0 4 5 1 19 3 0 4 5 2 19 3 0 4 5 3 19 3 0 4 6 2 19 3 0 4 6 3 19 3 0 4 7 2 19 3 0 4 7 3 19 3 0 4
10 4 4 6 0 5 1 5 3 2 3 3 3 4 4 3 34 1 4 2 4 3 5 4 0 4 1 4 2 4 5 4 6 4 7 5 0 5 1 5 2 5 3 5 4 5 5 5 6 5 7 6 1 6 2 6 3 6 4 6 5 7 1 7 2 7 3 7 4 7 5 0 5 1 5 3 2 3 3 3 4 4 3 4 4 144 0 1 0 27 1 4 1589 0 3 0 2 4 1589 0 3 0 3 5 144 0 1 0 4 0 1590 0 0 2 4 1 1590 0 0 2 4 2 515 2 7 2 4 5 1590 0 0 2 4 6 1590 0 0 2 4 7 1590 0 0 2 5 0 1590 0 0 2 5 1 1590 0 0 2 5 2 1590 0 0 2 5 3 144 0 1 0 5 4 1594 0 0 0 5 5 1594 0 0 0 5 6 1594 0 0 0 5 7 144 0 1 0 6 1 144 0 1 0 6 2 144 0 1 0 6 3 144 0 1 0 6 4 144 0 1 0 6 5 1594 0 0 0 7 1 144 0 1 0 7 2 144 0 1 0 7 3 144 0 1 0 7 4 144 0 1 0 7 5 1594 0 0 0
5 1 2 8 0 1 0 3 0 4 1 1 3 2 3 3 3 4 4 2 17 0 0 1 0 1 3 1 4 2 2 2 4 2 5 4 3 0 1 0 3 0 4 1 1 1 2 3 2 3 3 3 4 4 2 35 6 0 2 8 0 0 35 6 0 2 1 0 35 6 0 2 1 3 35 6 0 2 1 4 35 6 0 2 2 2 1586 0 0 0 2 4 35 6 0 2 2 5 35 6 0 2 4 3 35 6 0 2
10 4 4 8 0 2 0 3 0 5 1 5 3 2 3 3 3 4 4 3 39 0 6 1 2 1 3 1 4 1 6 2 1 2 2 2 4 4 0 4 1 4 2 4 5 4 6 5 0 5 1 5 2 5 3 5 4 5 5 5 6 6 1 6 2 6 3 6 4 6 5 7 1 7 2 7 3 7 4 7 5 0 2 0 3 0 5 1 5 3 2 3 3 3 4 4 3 4 4 1596 5 0 6 30 0 6 1589 0 3 0 1 2 1589 0 3 0 1 3 1589 0 3 0 1 4 1589 0 3 0 1 6 1589 0 3 0 2 1 1589 0 3 0 2 2 1589 0 3 0 2 4 1589 0 3 0 4 0 1596 5 0 6 4 1 1596 5 0 6 4 2 1596 5 0 6 4 5 1596 5 0 6 4 6 1596 5 0 6 5 0 1596 5 0 6 5 1 1596 5 0 6 5 2 1596 5 0 6 5 3 1596 5 0 6 5 4 1596 5 0 6 5 5 1596 5 0 6 5 6 1596 5 0 6 6 1 1596 5 0 6 6 2 1596 5 0 6 6 3 1596 5 0 6 6 4 1596 5 0 6 6 5 1596 5 0 6 7 1 1596 5 0 6 7 2 1596 5 0 6 7 3 1596 5 0 6 7 4 1596 5 0 6 7 5 1596 5 0 6
4 3 2 6 0 5 3 3 3 4 3 5 4 3 4 4 15 1 5 2 5 2 6 3 0 3 1 4 0 4 1 4 2 0 5 3 2 3 3 3 4 3 5 4 3 4 4 731 3 0 2 8 1 5 132 0 3 0 2 5 132 0 3 0 2 6 132 0 3 0 3 0 731 3 0 2 3 1 731 3 0 2 4 0 731 3 0 2 4 1 731 3 0 2 4 2 731 3 0 2
8 4 3 8 0 2 0 4 0 5 1 2 3 3 3 4 3 5 4 4 34 0 1 1 1 1 3 1 4 1 5 2 3 2 5 2 6 3 0 3 1 3 2 4 0 4 1 4 2 5 0 5 1 5 2 5 3 5 4 6 2 6 3 6 4 7 2 7 3 7 4 0 2 0 4 0 5 1 2 3 3 3 4 3 5 4 3 4 4 1598 0 0 0 25 0 1 1598 0 0 0 1 1 1598 0 0 0 1 3 1598 0 0 0 1 4 1598 0 0 0 1 5 515 7 7 5 2 3 1598 0 0 0 2 5 515 7 7 5 2 6 515 7 7 5 3 0 1596 0 0 1 3 1 1596 0 0 1 3 2 1596 0 0 1 4 0 1596 0 0 1 4 1 1596 0 0 1 4 2 1596 0 0 1 5 0 1598 0 0 0 5 1 1598 0 0 0 5 2 1598 0 0 0 5 3 1598 0 0 0 5 4 1598 0 0 0 6 2 1598 0 0 0 6 3 1598 0 0 0 6 4 1598 0 0 0 7 2 1598 0 0 0 7 3 1598 0 0 0 7 4 1598 0 0 0
11 4 4 7 0 2 0 4 0 5 1 2 3 3 3 4 3 5 44 0 1 1 1 1 3 1 4 1 5 2 3 2 5 2 6 3 0 3 1 3 2 4 0 4 1 4 2 4 3 4 5 4 6 4 7 5 0 5 1 5 2 5 3 5 4 5 5 5 6 5 7 6 2 6 3 6 4 6 5 6 6 7 2 7 3 7 4 7 5 7 6 0 2 0 4 0 5 1 2 3 3 3 4 3 5 4 4 1520 0 0 1 36 0 1 1520 0 0 1 1 1 1520 0 0 1 1 3 1520 0 0 1 1 4 1520 0 0 1 1 5 1595 5 0 7 2 3 1520 0 0 1 2 5 1595 5 0 7 2 6 1595 5 0 7 3 0 1520 0 0 1 3 1 1595 5 0 7 3 2 1597 5 0 7 4 0 1520 0 0 1 4 1 1520 0 0 1 4 2 1520 0 0 1 4 3 1520 0 0 1 4 5 1599 0 0 0 4 6 1599 0 0 0 4 7 1520 0 0 1 5 0 1520 0 0 1 5 1 1520 0 0 1 5 2 1520 0 0 1 5 3 1520 0 0 1 5 4 1520 0 0 1 5 5 1520 0 0 1 5 6 1520 0 0 1 5 7 1520 0 0 1 6 2 1520 0 0 1 6 3 1520 0 0 1 6 4 1520 0 0 1 6 5 1520 0 0 1 6 6 1520 0 0 1 7 2 1520 0 0 1 7 3 1520 0 0 1 7 4 1520 0 0 1 7 5 1520 0 0 1 7 6 1520 0 0 1
5 3 5 4 1 6 2 6 3 3 3 4 23 0 6 2 0 2 1 2 2 2 5 2 7 2 8 3 1 3 2 3 6 3 7 4 0 4 1 4 2 4 3 4 4 4 7 4 8 1 6 2 6 3 3 3 4 3 5 223 4 3 8 18 0 6 223 4 3 8 2 0 223 4 3 8 2 1 223 4 3 8 2 2 223 4 3 8 2 5 1225 4 4 8 2 7 277 0 2 0 2 8 277 0 2 0 3 1 223 4 3 8 3 2 1225 4 4 8 3 6 277 0 2 0 3 7 223 4 3 8 4 0 223 4 3 8 4 1 223 4 3 8 4 2 223 4 3 8 4 3 223 4 3 8 4 4 223 4 3 8 4 7 223 4 3 8 4 8 223 4 3 8
12 3 4 6 2 6 2 7 4 4 4 7 5 4 5 7 53 0 2 0 3 0 4 1 2 1 3 1 4 1 6 1 7 1 8 1 9 1 10 2 0 2 1 2 2 2 3 2 4 2 5 2 8 2 9 3 0 3 1 3 2 3 3 3 5 3 6 3 8 3 9 3 10 4 0 4 1 4 2 4 3 4 6 5 0 5 1 5 2 5 3 5 5 5 6 6 0 6 1 6 2 6 3 6 5 7 2 7 3 2 6 2 7 3 4 4 4 4 7 5 4 5 7 1587 3 1 3 46 0 2 1587 3 1 3 0 3 1587 3 1 3 0 4 1587 3 1 3 1 2 1587 3 1 3 1 3 1587 3 1 3 1 4 1587 3 1 3 1 6 1588 7 6 7 1 7 1588 7 6 7 1 8 1587 3 1 3 1 9 1587 3 1 3 1 10 1587 3 1 3 2 0 1587 3 1 3 2 1 1587 3 1 3 2 2 1587 3 1 3 2 3 1587 3 1 3 2 4 1587 3 1 3 2 5 1600 6 0 7 2 8 1588 7 6 7 2 9 1588 7 6 7 3 0 1587 3 1 3 3 1 1587 3 1 3 3 2 1587 3 1 3 3 3 1588 7 6 7 3 5 1588 7 6 7 3 6 1601 4 5 10 3 8 1587 3 1 3 3 9 1587 3 1 3 3 10 1587 3 1 3 4 0 1587 3 1 3 4 1 1587 3 1 3 4 2 1587 3 1 3 4 3 1601 4 5 10 4 6 1601 4 5 10 5 0 1587 3 1 3 5 1 1587 3 1 3 5 2 1587 3 1 3 5 3 1587 3 1 3 5 5 1601 4 5 10 5 6 1601 4 5 10 6 0 1587 3 1 3 6 1 1587 3 1 3 6 2 1587 3 1 3 6 3 1587 3 1 3 6 5 1601 4 5 10 7 2 1587 3 1 3 7 3 1587 3 1 3
13 2 7 5 2 6 4 4 4 7 5 4 5 7 58 0 2 0 3 0 4 1 2 1 3 1 4 1 6 1 7 1 8 1 9 1 10 1 11 2 0 2 1 2 2 2 3 2 4 2 5 2 8 2 9 2 10 3 0 3 1 3 2 3 3 3 4 3 5 3 6 3 7 3 8 3 9 3 10 3 11 4 0 4 1 4 2 4 3 4 6 5 0 5 1 5 2 5 3 5 5 5 6 6 0 6 1 6 2 6 3 6 5 6 6 7 2 7 3 2 6 2 7 4 4 4 7 5 4 5 7 1399 7 6 7 52 0 2 1448 4 5 11 0 3 1448 4 5 11 0 4 1448 4 5 11 1 2 1448 4 5 11 1 3 1448 4 5 11 1 4 1448 4 5 11 1 6 1449 3 1 3 1 7 1448 4 5 11 1 8 1399 7 6 7 1 9 1399 7 6 7 1 10 1399 7 6 7 1 11 1399 7 6 7 2 0 1448 4 5 11 2 1 1448 4 5 11 2 2 1448 4 5 11 2 3 1448 4 5 11 2 4 1448 4 5 11 2 5 1399 7 6 7 2 8 1399 7 6 7 2 9 1399 7 6 7 2 10 1399 7 6 7 3 0 1448 4 5 11 3 1 1448 4 5 11 3 2 1448 4 5 11 3 3 1448 4 5 11 3 4 1399 7 6 7 3 5 1399 7 6 7 3 6 1399 7 6 7 3 7 1602 0 0 0 3 8 1399 7 6 7 3 9 1399 7 6 7 3 10 1399 7 6 7 3 11 1399 7 6 7 4 0 1448 4 5 11 4 1 1448 4 5 11 4 2 1448 4 5 11 4 3 1448 4 5 11 4 6 1448 4 5 11 5 0 1448 4 5 11 5 1 1448 4 5 11 5 2 1448 4 5 11 5 3 1448 4 5 11 5 5 1448 4 5 11 5 6 1448 4 5 11 6 0 1448 4 5 11 6 1 1448 4 5 11 6 2 1448 4 5 11 6 3 1448 4 5 11 6 5 1448 4 5 11 6 6 1448 4 5 11 7 2 1448 4 5 11 7 3 1448 4 5 11
16 6 7 4 3 6 3 9 4 6 4 9 126 0 7 0 10 0 11 1 7 1 10 1 11 2 3 2 4 2 5 2 7 2 8 2 10 2 11 2 12 2 13 3 3 3 4 3 5 3 7 3 8 3 10 3 11 3 12 3 13 4 3 4 4 4 7 4 10 4 11 4 12 4 13 5 1 5 2 5 3 5 4 5 5 5 6 5 7 5 8 5 9 5 10 5 11 5 12 5 13 5 14 6 1 6 2 6 3 6 4 6 5 6 6 6 8 6 9 6 10 6 11 6 12 6 13 6 14 7 0 7 1 7 2 7 3 7 4 7 5 7 6 7 7 7 8 7 9 7 10 7 11 7 12 7 13 7 14 8 1 8 2 8 3 8 4 8 5 8 6 8 7 8 8 8 9 8 10 8 11 8 12 8 13 9 0 9 1 9 2 9 3 9 4 9 5 9 6 9 7 9 8 9 9 9 10 9 11 9 12 9 13 10 2 10 3 10 4 10 5 10 6 10 7 10 8 10 9 10 10 10 11 10 13 11 3 11 4 11 5 11 6 11 7 11 8 11 9 12 4 12 6 12 8 3 6 3 9 4 6 4 9 6 7 1253 5 2 13 121 0 7 1217 5 3 12 0 10 1217 5 3 12 0 11 1217 5 3 12 1 7 1217 5 3 12 1 10 1217 5 3 12 1 11 1217 5 3 12 2 3 1217 5 3 12 2 4 1217 5 3 12 2 5 1217 5 3 12 2 7 1217 5 3 12 2 8 1217 5 3 12 2 10 1217 5 3 12 2 11 1217 5 3 12 2 12 1217 5 3 12 2 13 1217 5 3 12 3 3 1217 5 3 12 3 4 1217 5 3 12 3 5 1217 5 3 12 3 7 1217 5 3 12 3 8 1217 5 3 12 3 10 1217 5 3 12 3 11 1217 5 3 12 3 12 1217 5 3 12 3 13 1217 5 3 12 4 3 1217 5 3 12 4 4 1217 5 3 12 4 7 1237 0 2 2 4 10 1217 5 3 12 4 11 1217 5 3 12 4 12 1217 5 3 12 4 13 1217 5 3 12 5 1 1217 5 3 12 5 2 1217 5 3 12 5 3 1253 5 2 13 5 4 1303 2 10 6 5 5 1303 2 10 6 5 6 1396 5 0 14 5 7 1401 0 2 1 5 8 1217 5 3 12 5 9 1447 7 12 10 5 10 1461 7 12 10 5 11 1470 0 3 2 5 12 1217 5 3 12 5 13 1217 5 3 12 5 14 1217 5 3 12 6 1 1217 5 3 12 6 2 1217 5 3 12 6 3 1253 5 2 13 6 4 1253 5 2 13 6 5 1303 2 10 6 6 6 1303 2 10 6 6 8 1524 0 0 1 6 9 1461 7 12 10 6 10 1461 7 12 10 6 11 1470 0 3 2 6 12 1217 5 3 12 6 13 1217 5 3 12 6 14 1217 5 3 12 7 0 1217 5 3 12 7 1 1217 5 3 12 7 2 1253 5 2 13 7 3 1253 5 2 13 7 4 1303 2 10 6 7 5 1303 2 10 6 7 6 1253 5 2 13 7 7 1584 5 0 14 7 8 1603 4 8 13 7 9 1470 0 3 2 7 10 1470 0 3 2 7 11 1470 0 3 2 7 12 1470 0 3 2 7 13 1217 5 3 12 7 14 1217 5 3 12 8 1 1217 5 3 12 8 2 1217 5 3 12 8 3 1253 5 2 13 8 4 1253 5 2 13 8 5 1253 5 2 13 8 6 1253 5 2 13 8 7 1603 4 8 13 8 8 1603 4 8 13 8 9 1401 0 2 1 8 10 1470 0 3 2 8 11 1217 5 3 12 8 12 1217 5 3 12 8 13 1217 5 3 12 9 0 1217 5 3 12 9 1 1217 5 3 12 9 2 1217 5 3 12 9 3 1253 5 2 13 9 4 1253 5 2 13 9 5 1253 5 2 13 9 6 1253 5 2 13 9 7 1253 5 2 13 9 8 1603 4 8 13 9 9 1217 5 3 12 9 10 1217 5 3 12 9 11 1217 5 3 12 9 12 1217 5 3 12 9 13 1217 5 3 12 10 2 1217 5 3 12 10 3 1217 5 3 12 10 4 1253 5 2 13 10 5 1253 5 2 13 10 6 1253 5 2 13 10 7 1253 5 2 13 10 8 1603 4 8 13 10 9 1217 5 3 12 10 10 1217 5 3 12 10 11 1217 5 3 12 10 13 1217 5 3 12 11 3 1217 5 3 12 11 4 1253 5 2 13 11 5 1217 5 3 12 11 6 1253 5 2 13 11 7 1253 5 2 13 11 8 1253 5 2 13 11 9 1217 5 3 12 12 4 1217 5 3 12 12 6 1253 5 2 13 12 8 1253 5 2 13
13 1 6 2 1 4 1 5 44 0 1 0 2 0 3 0 4 0 7 0 8 0 9 1 1 1 2 1 3 1 7 1 8 1 9 2 0 2 1 2 2 2 3 2 4 2 5 2 6 2 7 2 8 2 9 3 2 3 3 3 4 3 5 3 6 3 7 4 2 4 3 4 4 4 5 4 6 4 7 5 2 5 3 5 4 5 5 6 3 6 5 1 4 1 5 1 6 246 0 0 2 41 0 1 246 0 0 2 0 2 15 1 2 2 0 3 15 1 2 2 0 4 15 1 2 2 0 7 53 1 2 1 0 8 53 1 2 1 0 9 53 1 2 1 1 1 246 0 0 2 1 2 246 0 0 2 1 3 1006 5 0 9 1 7 46 0 0 1 1 8 53 1 2 1 1 9 246 0 0 2 2 0 246 0 0 2 2 1 246 0 0 2 2 2 221 1 2 2 2 3 221 1 2 2 2 4 53 1 2 1 2 5 246 0 0 2 2 6 246 0 0 2 2 7 431 1 2 0 2 8 431 1 2 0 2 9 53 1 2 1 3 2 246 0 0 2 3 3 246 0 0 2 3 4 246 0 0 2 3 5 246 0 0 2 3 6 246 0 0 2 3 7 246 0 0 2 4 2 246 0 0 2 4 3 246 0 0 2 4 4 246 0 0 2 4 5 246 0 0 2 4 6 246 0 0 2 4 7 246 0 0 2 5 2 246 0 0 2 5 3 246 0 0 2 5 4 246 0 0 2 5 5 246 0 0 2 6 3 246 0 0 2 6 5 246 0 0 2
7 4 4 5 1 5 1 6 4 5 4 6 4 7 38 0 8 0 9 0 10 1 7 1 8 1 9 2 4 2 5 2 6 2 7 2 8 2 9 2 10 3 1 3 2 3 3 3 5 3 7 3 8 4 1 4 2 4 3 5 0 5 1 5 2 5 3 5 4 5 5 5 6 5 7 5 8 6 6 1 5 1 6 4 4 4 5 4 6 4 7 3 0 4 2 32 0 8 3 0 4 2 0 9 3 0 4 2 0 10 3 0 4 2 1 7 3 0 4 2 1 8 3 0 4 2 1 9 3 0 4 2 2 4 3 0 4 2 2 5 3 0 4 2 2 6 3 0 4 2 2 7 3 0 4 2 2 8 3 0 4 2 2 9 3 0 4 2 2 10 3 0 4 2 3 1 3 0 4 2 3 2 3 0 4 2 3 3 3 0 4 2 3 5 3 0 4 2 3 7 3 0 4 2 3 8 3 0 4 2 4 1 3 0 4 2 4 2 3 0 4 2 4 3 1183 3 1 4 5 0 3 0 4 2 5 1 3 0 4 2 5 2 1183 3 1 4 5 3 1183 3 1 4 5 4 1183 3 1 4 5 5 3 0 4 2 5 6 1021 4 5 10 5 7 504 6 3 7 5 8 504 6 3 7 6 6 3 0 4 2
10 5 7 4 2 5 2 6 5 5 5 6 66 0 7 1 7 1 8 1 9 1 10 2 7 2 8 2 9 3 4 3 5 3 6 3 7 3 8 3 9 3 10 4 1 4 2 4 3 4 5 4 7 4 8 4 9 4 10 5 1 5 2 5 3 5 4 5 8 5 9 6 0 6 1 6 2 6 3 6 4 6 5 6 6 6 7 6 8 6 9 6 10 7 2 7 3 7 4 7 5 7 6 7 7 7 8 7 9 8 3 8 4 8 5 8 6 8 7 8 8 8 9 9 4 9 5 9 6 9 7 9 8 9 9 2 5 2 6 5 5 5 6 5 7 31 1 6 3 61 0 7 31 1 6 3 1 7 31 1 6 3 1 8 31 1 6 3 1 9 31 1 6 3 1 10 31 1 6 3 2 7 31 1 6 3 2 8 31 1 6 3 2 9 31 1 6 3 3 4 31 1 6 3 3 5 31 1 6 3 3 6 31 1 6 3 3 7 31 1 6 3 3 8 31 1 6 3 3 9 31 1 6 3 3 10 31 1 6 3 4 1 31 1 6 3 4 2 31 1 6 3 4 3 31 1 6 3 4 5 31 1 6 3 4 7 497 4 6 10 4 8 497 4 6 10 4 9 497 4 6 10 4 10 497 4 6 10 5 1 31 1 6 3 5 2 31 1 6 3 5 3 31 1 6 3 5 4 46 5 4 10 5 8 1606 0 1 0 5 9 119 3 2 4 6 0 31 1 6 3 6 1 31 1 6 3 6 2 31 1 6 3 6 3 119 3 2 4 6 4 119 3 2 4 6 5 119 3 2 4 6 6 31 1 6 3 6 7 53 4 6 10 6 8 503 0 2 1 6 9 503 0 2 1 6 10 503 0 2 1 7 2 31 1 6 3 7 3 31 1 6 3 7 4 31 1 6 3 7 5 31 1 6 3 7 6 31 1 6 3 7 7 31 1 6 3 7 8 31 1 6 3 7 9 31 1 6 3 8 3 31 1 6 3 8 4 31 1 6 3 8 5 31 1 6 3 8 6 31 1 6 3 8 7 31 1 6 3 8 8 31 1 6 3 8 9 31 1 6 3 9 4 31 1 6 3 9 5 31 1 6 3 9 6 31 1 6 3 9 7 31 1 6 3 9 8 31 1 6 3 9 9 31 1 6 3
17 5 9 3 5 8 8 8 8 9 157 0 5 0 6 0 7 0 8 0 9 0 10 0 11 1 2 1 3 1 4 1 5 1 6 1 7 1 8 1 9 1 10 1 11 1 12 2 3 2 4 2 5 2 6 2 7 2 8 2 9 2 10 2 11 2 12 2 13 2 14 2 15 3 2 3 3 3 4 3 5 3 6 3 7 3 8 3 9 3 10 3 11 3 12 3 13 3 14 4 2 4 3 4 4 4 5 4 6 4 7 4 8 4 9 4 10 4 11 4 12 4 13 4 14 4 15 5 1 5 2 5 3 5 4 5 5 5 6 5 7 5 10 5 11 5 12 5 13 5 14 6 0 6 1 6 2 6 3 6 4 6 5 6 6 6 7 6 9 6 10 6 11 6 12 6 13 6 14 6 15 7 1 7 2 7 3 7 4 7 5 7 6 7 7 7 8 7 9 7 10 7 11 7 12 8 0 8 1 8 2 8 3 8 4 8 5 8 6 8 7 8 11 8 12 9 1 9 2 9 3 9 4 9 5 9 6 9 7 9 9 9 10 9 11 9 12 10 0 10 1 10 2 10 3 10 4 10 5 10 6 10 7 10 8 10 9 10 10 10 12 11 1 11 2 11 3 11 4 11 5 11 6 11 7 11 8 11 9 11 10 12 2 12 3 12 4 12 5 12 6 12 7 13 3 13 4 13 5 13 6 13 7 14 3 14 5 5 8 5 9 8 8 8 9 1199 4 9 14 153 0 5 54 1 7 5 0 6 54 1 7 5 0 7 54 1 7 5 0 8 54 1 7 5 0 9 54 1 7 5 0 10 54 1 7 5 0 11 54 1 7 5 1 2 54 1 7 5 1 3 54 1 7 5 1 4 54 1 7 5 1 5 54 1 7 5 1 6 54 1 7 5 1 7 54 1 7 5 1 8 54 1 7 5 1 9 54 1 7 5 1 10 347 6 0 11 1 11 54 1 7 5 1 12 1180 3 0 5 2 3 54 1 7 5 2 4 54 1 7 5 2 5 54 1 7 5 2 6 54 1 7 5 2 7 54 1 7 5 2 8 54 1 7 5 2 9 1199 4 9 14 2 10 1199 4 9 14 2 11 1007 1 6 3 2 12 1180 3 0 5 2 13 54 1 7 5 2 14 54 1 7 5 2 15 54 1 7 5 3 2 54 1 7 5 3 3 54 1 7 5 3 4 54 1 7 5 3 5 54 1 7 5 3 6 54 1 7 5 3 7 54 1 7 5 3 8 1032 4 9 15 3 9 1199 4 9 14 3 10 1199 4 9 14 3 11 1007 1 6 3 3 12 347 6 0 11 3 13 54 1 7 5 3 14 54 1 7 5 4 2 54 1 7 5 4 3 54 1 7 5 4 4 54 1 7 5 4 5 1200 4 9 13 4 6 1200 4 9 13 4 7 1199 4 9 14 4 8 1032 4 9 15 4 9 1206 4 9 15 4 10 1210 1 9 2 4 11 1211 4 10 15 4 12 347 6 0 11 4 13 1180 3 0 5 4 14 54 1 7 5 4 15 54 1 7 5 5 1 54 1 7 5 5 2 54 1 7 5 5 3 54 1 7 5 5 4 54 1 7 5 5 5 54 1 7 5 5 6 1174 4 10 15 5 7 1174 4 10 15 5 10 1604 7 14 12 5 11 347 6 0 11 5 12 1180 3 0 5 5 13 54 1 7 5 5 14 54 1 7 5 6 0 54 1 7 5 6 1 54 1 7 5 6 2 54 1 7 5 6 3 54 1 7 5 6 4 54 1 7 5 6 5 1174 4 10 15 6 6 1174 4 10 15 6 7 1605 4 6 13 6 9 1007 1 6 3 6 10 1607 4 10 14 6 11 1604 7 14 12 6 12 347 6 0 11 6 13 1180 3 0 5 6 14 54 1 7 5 6 15 54 1 7 5 7 1 54 1 7 5 7 2 54 1 7 5 7 3 54 1 7 5 7 4 54 1 7 5 7 5 54 1 7 5 7 6 54 1 7 5 7 7 54 1 7 5 7 8 54 1 7 5 7 9 1007 1 6 3 7 10 54 1 7 5 7 11 54 1 7 5 7 12 54 1 7 5 8 0 54 1 7 5 8 1 54 1 7 5 8 2 54 1 7 5 8 3 54 1 7 5 8 4 54 1 7 5 8 5 54 1 7 5 8 6 54 1 7 5 8 7 54 1 7 5 8 11 54 1 7 5 8 12 54 1 7 5 9 1 54 1 7 5 9 2 54 1 7 5 9 3 54 1 7 5 9 4 54 1 7 5 9 5 54 1 7 5 9 6 54 1 7 5 9 7 54 1 7 5 9 9 54 1 7 5 9 10 54 1 7 5 9 11 54 1 7 5 9 12 54 1 7 5 10 0 54 1 7 5 10 1 54 1 7 5 10 2 54 1 7 5 10 3 54 1 7 5 10 4 54 1 7 5 10 5 54 1 7 5 10 6 54 1 7 5 10 7 54 1 7 5 10 8 54 1 7 5 10 9 54 1 7 5 10 10 54 1 7 5 10 12 54 1 7 5 11 1 54 1 7 5 11 2 54 1 7 5 11 3 54 1 7 5 11 4 54 1 7 5 11 5 54 1 7 5 11 6 54 1 7 5 11 7 54 1 7 5 11 8 54 1 7 5 11 9 54 1 7 5 11 10 54 1 7 5 12 2 54 1 7 5 12 3 54 1 7 5 12 4 54 1 7 5 12 5 54 1 7 5 12 6 54 1 7 5 12 7 54 1 7 5 13 3 54 1 7 5 13 4 54 1 7 5 13 5 54 1 7 5 13 6 54 1 7 5 13 7 54 1 7 5 14 3 54 1 7 5 14 5 54 1 7 5
7 4 4 4 1 4 2 3 2 4 3 4 24 0 0 0 1 0 2 0 3 0 5 1 0 1 1 1 2 1 3 1 5 1 6 1 7 2 5 2 6 2 7 4 3 5 3 5 4 6 3 1 4 2 3 2 4 3 4 4 4 47 7 5 4 19 0 0 47 7 5 4 0 1 47 7 5 4 0 2 47 7 5 4 0 3 5 7 6 5 0 5 47 7 5 4 1 0 47 7 5 4 1 1 47 7 5 4 1 2 47 7 5 4 1 3 5 7 6 5 1 5 47 7 5 4 1 6 47 7 5 4 1 7 47 7 5 4 2 5 47 7 5 4 2 6 47 7 5 4 2 7 47 7 5 4 4 3 47 7 5 4 5 3 47 7 5 4 5 4 1265 1 4 0 6 3 47 7 5 4
11 4 6 3 3 5 4 4 4 5 49 0 3 0 4 1 3 1 4 2 3 2 4 2 7 3 3 3 4 3 7 3 8 3 9 4 1 4 2 4 3 4 7 4 8 5 1 5 2 5 3 5 4 5 5 5 6 5 7 5 8 5 9 6 1 6 2 6 3 6 4 6 5 6 6 6 7 6 8 7 0 7 1 7 2 7 3 7 4 7 5 7 6 8 3 8 4 8 5 8 6 3 5 4 4 4 5 4 6 15 1 5 2 45 0 3 15 1 5 2 0 4 15 1 5 2 1 3 15 1 5 2 1 4 15 1 5 2 2 3 15 1 5 2 2 4 15 1 5 2 2 7 15 1 5 2 3 3 15 1 5 2 3 4 15 1 5 2 3 7 1143 0 2 0 3 8 1143 0 2 0 3 9 1143 0 2 0 4 1 15 1 5 2 4 2 15 1 5 2 4 3 1609 3 0 3 4 7 1143 0 2 0 4 8 1143 0 2 0 5 1 15 1 5 2 5 2 698 5 2 9 5 3 698 5 2 9 5 4 698 5 2 9 5 5 698 5 2 9 5 6 1609 3 0 3 5 7 1609 3 0 3 5 8 1609 3 0 3 5 9 1609 3 0 3 6 1 15 1 5 2 6 2 15 1 5 2 6 3 15 1 5 2 6 4 15 1 5 2 6 5 15 1 5 2 6 6 15 1 5 2 6 7 15 1 5 2 6 8 15 1 5 2 7 0 15 1 5 2 7 1 15 1 5 2 7 2 15 1 5 2 7 3 15 1 5 2 7 4 15 1 5 2 7 5 15 1 5 2 7 6 15 1 5 2 8 3 15 1 5 2 8 4 15 1 5 2 8 5 15 1 5 2 8 6 15 1 5 2
12 3 5 4 1 5 1 6 4 4 4 5 54 0 3 0 4 0 6 1 3 1 4 2 3 2 4 2 5 2 6 2 7 3 3 3 4 3 7 3 8 3 9 4 1 4 2 4 3 4 6 4 7 4 8 5 1 5 2 5 3 5 4 5 5 5 6 5 7 5 8 5 9 6 1 6 2 6 3 6 4 6 5 6 6 6 7 6 8 7 0 7 1 7 2 7 3 7 4 7 5 7 6 8 3 8 4 8 5 8 6 1 5 1 6 3 5 4 4 4 5 1134 3 0 4 49 0 3 1134 3 0 4 0 4 1134 3 0 4 0 6 1610 0 0 0 1 3 1134 3 0 4 1 4 1134 3 0 4 2 3 1134 3 0 4 2 4 1134 3 0 4 2 5 1610 0 0 0 2 6 1134 3 0 4 2 7 1134 3 0 4 3 3 1134 3 0 4 3 4 1134 3 0 4 3 7 1134 3 0 4 3 8 1134 3 0 4 3 9 1134 3 0 4 4 1 1134 3 0 4 4 2 1134 3 0 4 4 3 1134 3 0 4 4 6 1134 3 0 4 4 7 1134 3 0 4 4 8 1134 3 0 4 5 1 1134 3 0 4 5 2 1134 3 0 4 5 3 1134 3 0 4 5 4 910 2 6 5 5 5 1134 3 0 4 5 6 1134 3 0 4 5 7 1134 3 0 4 5 8 1134 3 0 4 5 9 1134 3 0 4 6 1 1134 3 0 4 6 2 1134 3 0 4 6 3 1134 3 0 4 6 4 1134 3 0 4 6 5 1134 3 0 4 6 6 1134 3 0 4 6 7 1134 3 0 4 6 8 1134 3 0 4 7 0 1134 3 0 4 7 1 1134 3 0 4 7 2 1134 3 0 4 7 3 1134 3 0 4 7 4 1134 3 0 4 7 5 1134 3 0 4 7 6 1134 3 0 4 8 3 1134 3 0 4 8 4 1134 3 0 4 8 5 1134 3 0 4 8 6 1134 3 0 4
11 3 5 4 1 5 1 6 4 4 4 5 56 0 4 0 6 1 4 2 2 2 4 2 5 2 6 3 0 3 1 3 2 3 4 3 7 3 8 3 9 4 1 4 2 4 3 4 6 4 7 4 8 4 9 5 0 5 1 5 2 5 3 5 4 5 5 5 6 5 7 5 8 5 9 5 10 6 1 6 2 6 3 6 4 6 5 6 6 6 7 6 8 7 0 7 1 7 2 7 3 7 4 7 5 7 6 8 3 8 4 8 5 8 6 1 5 1 6 3 5 4 4 4 5 1134 3 0 4 51 0 4 1134 3 0 4 0 6 1125 5 2 10 1 4 1134 3 0 4 2 2 1134 3 0 4 2 4 1134 3 0 4 2 5 1125 5 2 10 2 6 1134 3 0 4 3 0 1134 3 0 4 3 1 1134 3 0 4 3 2 1134 3 0 4 3 4 1134 3 0 4 3 7 1134 3 0 4 3 8 1134 3 0 4 3 9 1134 3 0 4 4 1 1134 3 0 4 4 2 1134 3 0 4 4 3 1134 3 0 4 4 6 1134 3 0 4 4 7 1134 3 0 4 4 8 1134 3 0 4 4 9 1134 3 0 4 5 0 1134 3 0 4 5 1 1134 3 0 4 5 2 1134 3 0 4 5 3 1134 3 0 4 5 4 910 2 6 5 5 5 1134 3 0 4 5 6 1134 3 0 4 5 7 1134 3 0 4 5 8 1134 3 0 4 5 9 1134 3 0 4 5 10 1134 3 0 4 6 1 1134 3 0 4 6 2 1134 3 0 4 6 3 1134 3 0 4 6 4 1134 3 0 4 6 5 1134 3 0 4 6 6 1134 3 0 4 6 7 1134 3 0 4 6 8 1134 3 0 4 7 0 1134 3 0 4 7 1 1134 3 0 4 7 2 1134 3 0 4 7 3 1134 3 0 4 7 4 1134 3 0 4 7 5 1134 3 0 4 7 6 1134 3 0 4 8 3 1134 3 0 4 8 4 1134 3 0 4 8 5 1134 3 0 4 8 6 1134 3 0 4
10 4 6 4 1 5 1 6 4 4 4 5 53 0 2 0 4 0 6 1 2 1 3 1 4 2 2 2 3 2 4 2 5 2 6 2 7 3 1 3 2 3 3 3 5 3 7 3 8 3 9 4 1 4 2 4 3 4 7 4 8 4 9 5 0 5 1 5 2 5 3 5 4 5 5 5 6 5 7 5 8 5 9 5 10 6 4 6 6 6 7 6 8 7 4 7 6 7 7 7 8 8 6 8 7 8 8 9 6 1 5 1 6 4 4 4 5 4 6 408 0 2 0 48 0 2 408 0 2 0 0 4 408 0 2 0 0 6 408 0 2 0 1 2 408 0 2 0 1 3 408 0 2 0 1 4 408 0 2 0 2 2 408 0 2 0 2 3 408 5 2 10 2 4 408 0 2 0 2 5 408 0 2 0 2 6 408 0 2 0 2 7 408 0 2 0 3 1 408 5 2 10 3 2 408 5 2 10 3 3 408 5 2 10 3 5 408 0 2 0 3 7 408 0 2 0 3 8 408 0 2 0 3 9 408 0 2 0 4 1 408 5 2 10 4 2 983 4 5 9 4 3 1130 5 1 9 4 7 1133 1 5 1 4 8 1133 1 5 1 4 9 408 0 2 0 5 0 408 5 2 10 5 1 408 5 2 10 5 2 408 5 2 10 5 3 408 5 2 10 5 4 1133 1 5 1 5 5 983 4 5 9 5 6 1135 4 5 9 5 7 408 0 2 0 5 8 408 0 2 0 5 9 408 0 2 0 5 10 408 0 2 0 6 4 408 5 2 10 6 6 408 0 2 0 6 7 408 0 2 0 6 8 408 0 2 0 7 4 408 5 2 10 7 6 408 0 2 0 7 7 408 0 2 0 7 8 408 0 2 0 8 6 408 0 2 0 8 7 408 0 2 0 8 8 408 0 2 0 9 6 408 0 2 0
4 1 3 5 0 3 2 3 2 4 3 3 3 4 12 2 5 3 0 3 1 3 2 4 2 4 4 0 3 1 3 2 3 2 4 3 3 3 4 1 2 4 3 6 2 5 1 2 4 3 3 0 1 2 4 3 3 1 1 2 4 3 3 2 1 2 4 3 4 2 1 2 4 3 4 4 59 0 0 0
11 3 4 5 1 4 1 5 3 3 4 3 4 4 42 0 5 2 2 2 4 2 5 3 1 3 2 3 6 4 5 4 6 4 7 5 0 5 1 5 2 5 3 5 4 5 5 5 6 5 7 5 8 6 1 6 2 6 3 6 4 6 5 6 6 6 7 7 0 7 1 7 2 7 3 7 4 7 5 7 6 7 7 7 8 8 6 1 4 1 5 3 3 3 4 4 3 4 4 1134 3 0 3 36 0 5 1614 5 1 7 2 2 1134 3 0 3 2 4 757 5 2 8 2 5 1134 3 0 3 3 1 1134 3 0 3 3 2 1134 3 0 3 3 6 1134 3 0 3 4 5 1134 3 0 3 4 6 1134 3 0 3 4 7 1134 3 0 3 5 0 1134 3 0 3 5 1 1134 3 0 3 5 2 1134 3 0 3 5 3 910 2 6 4 5 4 1134 3 0 3 5 5 1134 3 0 3 5 6 1134 3 0 3 5 7 1134 3 0 3 5 8 1134 3 0 3 6 1 1134 3 0 3 6 2 1134 3 0 3 6 3 1134 3 0 3 6 4 1134 3 0 3 6 5 1134 3 0 3 6 6 1134 3 0 3 6 7 1134 3 0 3 7 0 1134 3 0 3 7 1 1134 3 0 3 7 2 1134 3 0 3 7 3 1134 3 0 3 7 4 1134 3 0 3 7 5 1134 3 0 3 7 6 1134 3 0 3 7 7 1134 3 0 3 7 8 1134 3 0 3 8 6 1134 3 0 3
9 4 3 4 0 4 2 3 3 3 3 4 37 0 2 0 3 1 2 1 3 1 4 2 2 3 5 3 6 3 7 4 0 4 1 4 2 4 4 4 5 4 6 4 7 5 0 5 1 5 2 5 3 5 4 5 5 5 6 5 7 6 2 6 3 6 4 6 5 7 2 7 3 7 4 7 5 0 4 2 3 3 3 3 4 4 3 1181 7 5 4 32 0 2 1181 7 5 4 0 3 938 7 6 4 1 2 1181 7 5 4 1 3 516 5 2 7 1 4 516 5 2 7 2 2 1181 7 5 4 3 5 1181 7 5 4 3 6 1181 7 5 4 3 7 1181 7 5 4 4 0 1181 7 5 4 4 1 1181 7 5 4 4 2 1181 7 5 4 4 4 938 7 6 4 4 5 1181 7 5 4 4 6 1181 7 5 4 4 7 1181 7 5 4 5 0 1181 7 5 4 5 1 1181 7 5 4 5 2 1181 7 5 4 5 3 1181 7 5 4 5 4 938 7 6 4 5 5 1181 7 5 4 5 6 1181 7 5 4 5 7 1181 7 5 4 6 2 1181 7 5 4 6 3 1181 7 5 4 6 4 1181 7 5 4 6 5 1181 7 5 4 7 2 1181 7 5 4 7 3 1181 7 5 4 7 4 1181 7 5 4 7 5 1181 7 5 4
12 4 3 5 1 3 1 4 2 3 4 4 4 5 33 0 4 2 4 3 0 3 1 3 2 3 3 3 4 3 5 3 6 4 1 4 2 5 0 5 1 5 2 5 3 5 5 5 6 6 2 6 3 6 4 6 5 6 6 7 2 7 3 7 4 7 5 7 6 1 3 1 4 2 3 4 3 4 4 4 5 1219 0 1 0 27 0 4 1219 0 1 0 2 4 1219 0 1 0 3 0 896 7 6 4 3 1 896 7 6 4 3 2 896 7 6 4 3 3 102 7 7 6 3 4 896 7 6 4 3 5 896 7 6 4 3 6 896 7 6 4 4 1 896 7 6 4 4 2 1534 2 5 3 5 0 896 7 6 4 5 1 896 7 6 4 5 2 1534 2 5 3 5 3 1219 0 1 0 5 5 896 7 6 4 5 6 896 7 6 4 6 2 1534 2 5 3 6 3 896 7 6 4 6 4 896 7 6 4 6 5 896 7 6 4 6 6 896 7 6 4 7 2 896 7 6 4 7 3 896 7 6 4 7 4 896 7 6 4 7 5 896 7 6 4 7 6 896 7 6 4
13 5 3 4 3 4 3 5 6 3 6 4 72 0 2 0 3 0 4 0 5 0 6 1 2 1 3 1 4 1 5 1 6 2 0 2 1 2 2 2 3 2 5 2 6 3 1 3 2 3 3 4 0 4 1 4 2 4 3 4 4 4 5 4 6 5 0 5 1 5 2 5 4 5 6 6 5 6 6 6 7 7 0 7 1 7 2 7 3 7 4 7 5 7 6 7 7 7 8 8 0 8 1 8 2 8 3 8 4 8 5 8 6 8 7 9 0 9 1 9 2 9 3 9 4 9 5 9 6 9 7 9 8 10 2 10 3 10 4 10 5 10 6 11 2 11 5 3 4 3 5 5 3 6 3 6 4 942 0 3 0 67 0 2 914 5 4 7 0 3 914 5 4 7 0 4 914 5 4 7 0 5 914 5 4 7 0 6 914 5 4 7 1 2 914 5 4 7 1 3 914 5 4 7 1 4 914 5 4 7 1 5 914 5 4 7 1 6 914 5 4 7 2 0 914 5 4 7 2 1 914 5 4 7 2 2 914 5 4 7 2 3 914 5 4 7 2 5 914 5 4 7 2 6 914 5 4 7 3 1 914 5 4 7 3 2 914 5 4 7 3 3 914 5 4 7 4 0 914 5 4 7 4 1 914 5 4 7 4 2 914 5 4 7 4 3 1615 0 2 0 4 4 914 5 4 7 4 5 914 5 4 7 4 6 914 5 4 7 5 0 914 5 4 7 5 1 914 5 4 7 5 2 914 5 4 7 5 4 1616 0 3 0 5 6 914 5 4 7 6 5 1617 1 7 0 6 6 942 0 3 0 6 7 942 0 3 0 7 0 942 0 3 0 7 1 942 0 3 0 7 2 1617 1 7 0 7 3 1617 1 7 0 7 4 942 0 3 0 7 5 942 0 3 0 7 6 942 0 3 0 7 7 942 0 3 0 7 8 914 5 4 7 8 0 942 0 3 0 8 1 942 0 3 0 8 2 1617 1 7 0 8 3 1617 1 7 0 8 4 1617 1 7 0 8 5 942 0 3 0 8 6 942 0 3 0 8 7 942 0 3 0 9 0 914 5 4 7 9 1 914 5 4 7 9 2 1617 1 7 0 9 3 1617 1 7 0 9 4 1617 1 7 0 9 5 942 0 3 0 9 6 914 5 4 7 9 7 914 5 4 7 9 8 914 5 4 7 10 2 1615 0 2 0 10 3 942 0 3 0 10 4 1615 0 2 0 10 5 942 0 3 0 10 6 914 5 4 7 11 2 942 0 3 0 11 5 942 0 3 0
9 4 5 4 0 6 2 5 3 5 3 6 38 0 4 1 4 1 5 1 6 2 4 2 6 4 0 4 1 4 2 4 3 4 4 4 7 4 8 4 9 5 1 5 2 5 3 5 4 5 5 5 6 5 7 5 8 6 1 6 2 6 3 6 4 6 5 6 6 6 7 6 8 6 9 7 4 7 6 0 6 2 5 3 5 3 6 4 5 420 3 0 5 33 0 4 420 3 0 5 1 4 420 3 0 5 1 5 534 0 1 0 1 6 941 7 7 6 2 4 420 3 0 5 2 6 938 7 6 6 4 0 420 3 0 5 4 1 420 3 0 5 4 2 420 3 0 5 4 3 420 3 0 5 4 4 420 3 0 5 4 7 420 3 0 5 4 8 420 3 0 5 4 9 420 3 0 5 5 1 420 3 0 5 5 2 420 3 0 5 5 3 420 3 0 5 5 4 420 3 0 5 5 5 420 3 0 5 5 6 420 3 0 5 5 7 420 3 0 5 5 8 420 3 0 5 6 1 420 3 0 5 6 2 420 3 0 5 6 3 420 3 0 5 6 4 420 3 0 5 6 5 420 3 0 5 6 6 420 3 0 5 6 7 420 3 0 5 6 8 420 3 0 5 6 9 420 3 0 5 7 4 420 3 0 5 7 6 420 3 0 5
5 1 3 5 0 7 1 4 1 5 1 6 2 4 16 0 1 0 2 0 3 0 6 1 1 1 2 2 0 2 1 2 2 2 5 0 7 1 3 1 4 1 5 1 6 2 4 0 4 1 7 10 0 1 0 4 1 7 0 2 0 4 1 7 0 3 0 4 1 7 0 6 192 6 0 6 1 1 0 4 1 7 1 2 0 4 1 7 2 0 0 4 1 7 2 1 0 4 1 7 2 2 0 4 1 7 2 5 0 4 1 7
6 1 6 5 0 7 1 4 1 5 1 7 2 4 18 0 1 0 2 0 3 0 6 0 8 1 1 1 2 1 3 2 0 2 1 2 2 2 5 0 7 1 4 1 5 1 6 1 7 2 4 1 4 1 8 12 0 1 1 4 1 8 0 2 1 4 1 8 0 3 1 4 1 8 0 6 1 4 1 8 0 8 1620 0 0 0 1 1 1 4 1 8 1 2 1 4 1 8 1 3 1 4 1 8 2 0 1 4 1 8 2 1 1 4 1 8 2 2 1 4 1 8 2 5 1 4 1 8
12 3 5 5 1 5 1 6 3 4 4 4 4 5 46 0 6 2 1 2 2 2 3 2 5 2 6 3 1 3 2 3 3 4 1 4 2 4 3 5 0 5 1 5 2 5 3 5 4 5 5 5 6 5 7 5 8 6 1 6 2 6 3 6 4 6 5 6 6 6 7 6 8 7 0 7 1 7 2 7 3 7 4 7 5 7 6 7 7 7 8 8 3 8 4 1 5 1 6 3 4 3 5 4 4 4 5 1134 3 0 4 40 0 6 1505 0 2 0 2 1 1134 3 0 4 2 2 1134 3 0 4 2 3 1134 3 0 4 2 5 1505 0 2 0 2 6 1134 3 0 4 3 1 1134 3 0 4 3 2 1134 3 0 4 3 3 1134 3 0 4 4 1 1134 3 0 4 4 2 1134 3 0 4 4 3 1134 3 0 4 5 0 1134 3 0 4 5 1 1134 3 0 4 5 2 1134 3 0 4 5 3 1134 3 0 4 5 4 1621 7 8 6 5 5 1134 3 0 4 5 6 1134 3 0 4 5 7 1134 3 0 4 5 8 1134 3 0 4 6 1 1134 3 0 4 6 2 1134 3 0 4 6 3 1134 3 0 4 6 4 1134 3 0 4 6 5 1134 3 0 4 6 6 1134 3 0 4 6 7 1134 3 0 4 6 8 1134 3 0 4 7 0 1134 3 0 4 7 1 1134 3 0 4 7 2 1134 3 0 4 7 3 1134 3 0 4 7 4 1134 3 0 4 7 5 1134 3 0 4 7 6 1134 3 0 4 7 7 1134 3 0 4 7 8 1134 3 0 4 8 3 1134 3 0 4 8 4 1134 3 0 4
4 1 5 4 0 6 1 2 1 3 1 4 13 0 0 0 1 0 2 0 5 1 1 2 0 2 1 2 2 0 6 1 2 1 3 1 4 1 5 0 4 1 6 8 0 0 0 4 1 6 0 1 0 4 1 6 0 2 0 4 1 6 0 5 14 6 0 5 1 1 0 4 1 6 2 0 0 4 1 6 2 1 0 4 1 6 2 2 0 4 1 6
8 4 3 4 0 4 2 3 3 3 3 4 32 1 3 1 4 2 4 3 1 3 2 4 0 4 1 4 2 4 4 4 5 4 6 5 0 5 1 5 2 5 3 5 4 5 5 5 6 5 7 6 2 6 3 6 4 6 5 6 6 6 7 7 2 7 4 0 4 2 3 3 3 3 4 4 3 420 3 0 3 27 1 3 362 5 1 6 1 4 359 7 7 4 2 4 1623 7 6 4 3 1 420 3 0 3 3 2 420 3 0 3 4 0 420 3 0 3 4 1 420 3 0 3 4 2 420 3 0 3 4 4 420 3 0 3 4 5 420 3 0 3 4 6 420 3 0 3 5 0 420 3 0 3 5 1 420 3 0 3 5 2 420 3 0 3 5 3 420 3 0 3 5 4 420 3 0 3 5 5 420 3 0 3 5 6 420 3 0 3 5 7 420 3 0 3 6 2 420 3 0 3 6 3 420 3 0 3 6 4 420 3 0 3 6 5 420 3 0 3 6 6 420 3 0 3 6 7 420 3 0 3 7 2 420 3 0 3 7 4 420 3 0 3
13 4 6 4 2 8 3 5 3 8 4 5 73 0 2 0 3 0 4 1 2 1 3 1 4 1 7 1 9 1 10 1 11 2 2 2 3 2 4 2 7 2 9 2 10 2 11 3 0 3 1 3 2 3 3 3 4 3 6 3 7 3 10 3 11 4 0 4 1 4 2 4 3 4 4 4 7 4 8 4 9 4 10 4 11 5 0 5 1 5 2 5 3 5 4 5 5 5 6 5 7 5 8 5 9 5 10 5 11 6 2 6 3 6 4 6 5 6 6 6 7 6 8 6 9 7 2 7 3 7 4 7 5 7 6 7 7 7 9 8 2 8 3 8 4 8 5 9 4 2 8 3 5 3 8 4 5 4 6 1624 7 7 8 68 0 2 1472 5 3 10 0 3 1472 5 3 10 0 4 1472 5 3 10 1 2 1472 5 3 10 1 3 1472 5 3 10 1 4 1472 5 3 10 1 7 1472 5 3 10 1 9 1472 5 3 10 1 10 1472 5 3 10 1 11 1472 5 3 10 2 2 1472 5 3 10 2 3 1472 5 3 10 2 4 1472 5 3 10 2 7 1472 5 3 10 2 9 1472 5 3 10 2 10 1472 5 3 10 2 11 1472 5 3 10 3 0 1617 2 7 4 3 1 1617 2 7 4 3 2 1617 2 7 4 3 3 1617 2 7 4 3 4 1619 7 9 8 3 6 1472 5 3 10 3 7 1472 5 3 10 3 10 1472 5 3 10 3 11 1472 5 3 10 4 0 1617 2 7 4 4 1 1617 2 7 4 4 2 1617 2 7 4 4 3 1617 2 7 4 4 4 1617 2 7 4 4 7 1622 7 8 9 4 8 1624 7 7 8 4 9 1624 7 7 8 4 10 1472 5 3 10 4 11 1472 5 3 10 5 0 1617 2 7 4 5 1 1617 2 7 4 5 2 1617 2 7 4 5 3 1617 2 7 4 5 4 1617 2 7 4 5 5 1617 2 7 4 5 6 1617 2 7 4 5 7 1624 7 7 8 5 8 1624 7 7 8 5 9 1624 7 7 8 5 10 1624 7 7 8 5 11 1472 5 3 10 6 2 1617 2 7 4 6 3 1617 2 7 4 6 4 1617 2 7 4 6 5 1617 2 7 4 6 6 1617 2 7 4 6 7 1472 5 3 10 6 8 1472 5 3 10 6 9 1472 5 3 10 7 2 1617 2 7 4 7 3 1617 2 7 4 7 4 1617 2 7 4 7 5 1617 2 7 4 7 6 1472 5 3 10 7 7 1472 5 3 10 7 9 1472 5 3 10 8 2 1617 2 7 4 8 3 1617 2 7 4 8 4 1617 2 7 4 8 5 1617 2 7 4 9 4 1472 5 3 10
5 1 3 5 0 6 1 4 1 5 1 6 1 7 18 0 0 0 1 0 2 0 5 1 1 1 2 2 0 2 1 2 2 2 6 2 7 2 8 0 6 1 3 1 4 1 5 1 6 1 7 2 5 1 8 12 0 0 2 5 1 8 0 1 2 5 1 8 0 2 2 5 1 8 0 5 2 5 1 8 1 1 2 5 1 8 1 2 2 5 1 8 2 0 2 5 1 8 2 1 2 5 1 8 2 2 2 5 1 8 2 6 277 0 0 0 2 7 277 0 0 0 2 8 277 0 0 0
6 5 3 5 1 3 2 3 2 4 3 3 4 3 23 0 2 1 2 2 2 3 0 3 1 3 2 3 4 4 2 4 4 4 5 4 6 5 4 6 2 6 3 7 2 7 3 8 2 1 3 2 3 2 4 3 3 4 3 5 3 2 6 0 3 17 0 2 542 0 1 0 1 2 542 0 1 0 2 2 542 0 1 0 3 0 2 6 0 3 3 1 2 6 0 3 3 2 2 6 0 3 3 4 2 6 0 3 4 2 2 6 0 3 4 4 2 6 0 3 4 5 2 6 0 3 4 6 2 6 0 3 5 4 2 6 0 3 6 2 2 6 0 3 6 3 2 6 0 3 7 2 2 6 0 3 7 3 2 6 0 3 8 2 2 6 0 3
10 4 5 4 1 5 2 5 2 6 3 5 47 0 4 1 4 2 4 3 0 3 1 3 2 3 3 3 4 3 6 3 7 3 8 3 9 3 10 4 1 4 2 4 3 4 4 4 6 4 7 4 8 4 9 5 1 5 2 5 3 5 5 5 6 5 7 5 8 5 9 6 4 6 5 6 6 6 7 6 8 7 4 7 5 7 6 7 7 7 8 8 4 8 6 8 8 1 5 2 5 2 6 3 5 4 5 5 2 6 4 42 0 4 875 0 1 0 1 4 875 0 1 0 2 4 875 0 1 0 3 0 5 2 6 4 3 1 5 2 6 4 3 2 5 2 6 4 3 3 5 2 6 4 3 4 5 2 6 4 3 6 5 2 6 4 3 7 5 2 6 4 3 8 5 2 6 4 3 9 5 2 6 4 3 10 5 2 6 4 4 1 5 2 6 4 4 2 5 2 6 4 4 3 5 2 6 4 4 4 5 2 6 4 4 6 1626 7 8 6 4 7 5 2 6 4 4 8 5 2 6 4 4 9 5 2 6 4 5 1 5 2 6 4 5 2 5 2 6 4 5 3 5 2 6 4 5 5 875 0 1 0 5 6 1626 7 8 6 5 7 5 2 6 4 5 8 5 2 6 4 5 9 5 2 6 4 6 4 5 2 6 4 6 5 5 2 6 4 6 6 1627 0 0 2 6 7 5 2 6 4 6 8 5 2 6 4 7 4 5 2 6 4 7 5 5 2 6 4 7 6 5 2 6 4 7 7 5 2 6 4 7 8 5 2 6 4 8 4 5 2 6 4 8 6 5 2 6 4 8 8 5 2 6 4
11 3 5 3 4 5 4 6 5 5 59 0 4 0 6 1 4 1 5 1 6 2 4 2 5 2 6 2 7 3 2 3 3 3 4 4 2 4 3 4 4 5 0 5 1 5 2 5 3 5 4 5 6 5 7 5 8 5 9 5 10 6 1 6 2 6 3 6 4 6 5 6 6 6 7 6 8 6 9 7 1 7 2 7 3 7 5 7 6 7 7 7 8 7 9 8 4 8 5 8 6 8 7 8 8 9 4 9 5 9 6 9 7 9 8 10 4 10 6 10 8 3 5 4 5 4 6 5 5 53 6 0 6 55 0 4 1609 4 6 9 0 6 1628 0 2 0 1 4 1609 4 6 9 1 5 1628 0 2 0 1 6 1628 0 2 0 2 4 1609 4 6 9 2 5 1628 0 2 0 2 6 1628 0 2 0 2 7 53 6 0 6 3 2 53 6 0 6 3 3 53 6 0 6 3 4 1609 4 6 9 4 2 53 6 0 6 4 3 53 6 0 6 4 4 53 6 0 6 5 0 53 6 0 6 5 1 53 6 0 6 5 2 53 6 0 6 5 3 53 6 0 6 5 4 53 6 0 6 5 6 110 1 6 2 5 7 53 6 0 6 5 8 53 6 0 6 5 9 53 6 0 6 5 10 53 6 0 6 6 1 53 6 0 6 6 2 53 6 0 6 6 3 53 6 0 6 6 4 53 6 0 6 6 5 1609 4 6 9 6 6 110 1 6 2 6 7 53 6 0 6 6 8 53 6 0 6 6 9 53 6 0 6 7 1 53 6 0 6 7 2 53 6 0 6 7 3 53 6 0 6 7 5 53 6 0 6 7 6 110 1 6 2 7 7 53 6 0 6 7 8 53 6 0 6 7 9 53 6 0 6 8 4 53 6 0 6 8 5 53 6 0 6 8 6 53 6 0 6 8 7 53 6 0 6 8 8 53 6 0 6 9 4 53 6 0 6 9 5 53 6 0 6 9 6 53 6 0 6 9 7 53 6 0 6 9 8 53 6 0 6 10 4 53 6 0 6 10 6 53 6 0 6 10 8 53 6 0 6
12 4 6 4 2 6 2 7 5 5 5 6 64 0 5 1 3 1 4 1 5 1 7 2 0 2 1 2 2 2 3 2 4 2 5 3 1 3 2 3 3 3 4 3 5 3 6 3 7 3 8 4 0 4 1 4 2 4 3 4 4 4 5 4 8 4 9 4 10 5 1 5 2 5 3 5 4 5 7 5 8 5 9 6 0 6 1 6 2 6 4 6 5 6 6 6 7 6 8 6 9 6 10 7 3 7 4 7 5 7 6 7 7 8 3 8 4 8 5 8 6 8 7 9 3 9 4 9 5 10 5 2 6 2 7 4 6 5 5 5 6 239 7 7 7 59 0 5 239 7 7 7 1 3 239 7 7 7 1 4 239 7 7 7 1 5 239 7 7 7 1 7 1629 7 10 10 2 0 239 7 7 7 2 1 239 7 7 7 2 2 239 7 7 7 2 3 239 7 7 7 2 4 239 7 7 7 2 5 239 7 7 7 3 1 239 7 7 7 3 2 239 7 7 7 3 3 239 7 7 7 3 4 239 7 7 7 3 5 239 7 7 7 3 6 1629 7 10 10 3 7 239 7 7 7 3 8 239 7 7 7 4 0 239 7 7 7 4 1 239 7 7 7 4 2 239 7 7 7 4 3 239 7 7 7 4 4 239 7 7 7 4 5 239 7 7 7 4 8 239 7 7 7 4 9 239 7 7 7 4 10 239 7 7 7 5 1 239 7 7 7 5 2 239 7 7 7 5 3 239 7 7 7 5 4 239 7 7 7 5 7 935 7 7 7 5 8 239 7 7 7 5 9 239 7 7 7 6 0 239 7 7 7 6 1 239 7 7 7 6 2 239 7 7 7 6 4 239 7 7 7 6 5 910 2 7 6 6 6 923 0 1 3 6 7 935 7 7 7 6 8 239 7 7 7 6 9 239 7 7 7 6 10 239 7 7 7 7 3 239 7 7 7 7 4 239 7 7 7 7 5 910 2 7 6 7 6 239 7 7 7 7 7 935 7 7 7 8 3 239 7 7 7 8 4 239 7 7 7 8 5 239 7 7 7 8 6 239 7 7 7 8 7 239 7 7 7 9 3 239 7 7 7 9 4 239 7 7 7 9 5 239 7 7 7 10 5 239 7 7 7
3 3 4 6 0 4 1 4 2 1 3 1 3 2 3 3 11 2 0 2 4 2 5 4 3 0 4 1 4 2 1 3 1 3 2 3 3 3 4 1 1 3 0 4 2 0 1528 0 0 1 2 4 1 1 3 0 2 5 1 1 3 0 4 3 1 1 3 0
4 3 3 7 0 2 0 3 1 3 2 1 2 3 3 0 3 1 16 1 2 2 2 2 4 3 2 3 4 4 3 4 4 5 4 0 2 0 3 1 3 2 1 2 3 3 0 3 1 3 3 238 0 2 0 8 1 2 238 0 2 0 2 2 4 5 0 4 2 4 4 5 0 4 3 2 4 5 0 4 3 4 238 0 2 0 4 3 238 0 2 0 4 4 238 0 2 0 5 4 238 0 2 0
3 1 2 7 0 1 0 3 0 4 1 1 1 3 2 1 2 2 12 0 0 1 0 1 4 1 5 0 1 0 3 0 4 1 1 1 2 1 3 2 1 2 2 6 4 1 4 4 0 0 6 4 1 4 1 0 665 4 2 5 1 4 6 4 1 4 1 5 6 4 1 4
4 2 3 8 0 4 1 1 1 3 1 4 2 1 3 1 3 2 3 3 15 1 0 2 0 2 2 2 4 2 5 4 3 0 4 1 1 1 3 1 4 2 1 2 3 3 1 3 2 3 3 6 3 0 3 6 1 0 6 3 0 3 2 0 6 3 0 3 2 2 6 3 0 3 2 4 6 3 0 3 2 5 6 3 0 3 4 3 1633 0 1 0
5 3 3 7 0 4 1 1 1 3 1 4 2 1 3 1 3 2 20 1 0 2 0 2 2 2 3 2 4 2 5 3 4 3 5 4 3 4 4 4 5 4 6 0 4 1 1 1 3 1 4 2 1 3 1 3 2 3 3 1631 0 0 0 12 1 0 1631 0 0 0 2 0 1632 3 0 1 2 2 1631 0 0 0 2 3 1631 0 0 0 2 4 268 5 2 6 2 5 268 5 2 6 3 4 1634 0 0 0 3 5 1631 0 0 0 4 3 268 5 2 6 4 4 1631 0 0 0 4 5 1631 0 0 0 4 6 1631 0 0 0
6 3 4 7 0 2 0 5 1 2 1 3 1 5 2 5 3 5 22 1 6 2 1 2 2 2 3 2 4 2 6 3 1 3 2 3 3 4 0 4 1 4 2 4 3 4 4 0 2 0 5 1 2 1 3 1 5 2 5 3 4 3 5 1 7 4 5 14 1 6 1 7 4 5 2 1 1 7 4 5 2 2 1 7 4 5 2 3 1 7 4 5 2 4 1 7 4 5 2 6 1 7 4 5 3 1 1 7 4 5 3 2 1 7 4 5 3 3 1 7 4 5 4 0 1 7 4 5 4 1 1 7 4 5 4 2 1 7 4 5 4 3 1 7 4 5 4 4 1635 5 0 6
7 3 3 6 1 1 1 2 1 3 1 4 4 3 4 4 25 0 2 0 3 0 4 0 5 2 0 2 1 2 2 2 3 3 0 3 1 3 2 4 0 4 1 4 2 5 0 5 1 5 2 6 0 1 1 1 2 1 3 1 4 3 3 4 3 4 4 158 0 0 1 18 0 2 158 0 0 1 0 3 158 0 0 1 0 4 1636 7 6 4 0 5 1636 7 6 4 2 0 158 0 0 1 2 1 158 0 0 1 2 2 158 0 0 1 2 3 1636 7 6 4 3 0 158 0 0 1 3 1 158 0 0 1 3 2 158 0 0 1 4 0 158 0 0 1 4 1 158 0 0 1 4 2 158 0 0 1 5 0 158 0 0 1 5 1 158 0 0 1 5 2 158 0 0 1 6 0 158 0 0 1
8 1 4 5 1 5 1 6 1 7 4 6 4 7 34 0 1 0 2 0 3 0 5 0 6 0 7 0 8 1 1 1 2 1 3 2 0 2 1 2 2 2 3 2 4 2 5 2 6 3 3 3 4 3 5 3 6 4 3 4 4 4 5 5 3 5 4 5 5 6 3 1 4 1 5 1 6 1 7 4 6 4 7 203 0 0 1 28 0 1 1637 0 0 3 0 2 1637 0 0 3 0 3 1637 0 0 3 0 5 203 0 0 1 0 6 504 6 0 7 0 7 504 6 0 7 0 8 504 6 0 7 1 1 203 0 0 1 1 2 1637 0 0 3 1 3 1637 0 0 3 2 0 203 0 0 1 2 1 1637 0 0 3 2 2 1637 0 0 3 2 3 1172 0 0 0 2 4 203 0 0 1 2 5 203 0 0 1 2 6 203 0 0 1 3 3 203 0 0 1 3 4 203 0 0 1 3 5 203 0 0 1 3 6 203 0 0 1 4 3 203 0 0 1 4 4 203 0 0 1 4 5 203 0 0 1 5 3 203 0 0 1 5 4 203 0 0 1 5 5 203 0 0 1 6 3 203 0 0 1
13 2 3 5 1 3 1 4 1 5 4 4 4 5 39 0 4 1 2 1 6 2 0 2 1 2 2 2 4 3 0 3 1 3 2 3 3 3 4 3 5 3 6 4 1 4 2 4 3 5 0 5 1 5 2 5 3 5 5 5 6 6 2 6 3 6 4 6 5 6 6 7 2 7 3 7 4 7 5 7 6 1 3 1 4 1 5 2 3 4 4 4 5 77 0 1 0 33 0 4 77 0 1 0 1 2 1617 0 0 0 1 6 1617 0 0 0 2 0 1617 0 0 0 2 1 1617 0 0 0 2 2 1617 0 0 0 2 4 77 0 1 0 3 0 77 0 1 0 3 1 77 0 1 0 3 2 77 0 1 0 3 3 77 0 1 0 3 4 77 0 1 0 3 5 77 0 1 0 3 6 77 0 1 0 4 1 77 0 1 0 4 2 77 0 1 0 4 3 77 0 1 0 5 0 77 0 1 0 5 1 77 0 1 0 5 2 77 0 1 0 5 3 77 0 1 0 5 5 77 0 1 0 5 6 77 0 1 0 6 2 77 0 1 0 6 3 77 0 1 0 6 4 77 0 1 0 6 5 77 0 1 0 6 6 77 0 1 0 7 2 77 0 1 0 7 3 77 0 1 0 7 4 77 0 1 0 7 5 77 0 1 0 7 6 77 0 1 0
9 3 2 4 0 3 3 3 3 4 3 5 28 1 2 1 3 2 0 2 1 2 2 2 4 2 5 2 6 3 1 4 0 4 1 4 2 4 3 5 1 5 2 5 3 6 1 6 2 6 3 7 1 7 2 7 3 8 3 0 3 3 2 3 3 3 4 3 5 3 1 3 0 23 1 2 3 1 3 0 1 3 3 1 3 0 2 0 5 0 2 0 2 1 5 0 2 0 2 2 5 0 2 0 2 4 1129 5 0 5 2 5 1129 5 0 5 2 6 1129 5 0 5 3 1 1129 5 0 5 4 0 3 1 3 0 4 1 3 1 3 0 4 2 3 1 3 0 4 3 3 1 3 0 5 1 3 1 3 0 5 2 3 1 3 0 5 3 3 1 3 0 6 1 3 1 3 0 6 2 3 1 3 0 6 3 3 1 3 0 7 1 3 1 3 0 7 2 3 1 3 0 7 3 3 1 3 0 8 3 3 1 3 0
14 6 7 4 3 6 3 7 6 5 6 6 69 0 4 0 5 0 6 0 7 0 8 1 3 1 4 1 5 1 6 1 7 1 8 2 2 2 3 2 4 2 5 2 7 2 8 3 3 3 4 3 5 4 2 4 3 4 4 4 5 4 6 4 7 4 8 5 0 5 1 5 2 5 3 5 4 5 5 5 6 5 8 5 9 5 10 6 1 6 2 6 3 6 4 6 8 6 9 6 10 7 1 7 2 7 3 7 5 7 6 7 7 7 8 7 9 7 10 7 11 8 7 8 8 8 9 9 7 9 8 9 9 10 7 10 8 10 9 11 7 3 6 3 7 6 5 6 6 6 7 408 5 4 11 64 0 4 408 5 4 11 0 5 408 5 4 11 0 6 408 5 4 11 0 7 408 5 4 11 0 8 408 5 4 11 1 3 408 5 4 11 1 4 408 5 4 11 1 5 408 5 4 11 1 6 408 5 4 11 1 7 408 5 4 11 1 8 408 5 4 11 2 2 408 5 4 11 2 3 408 5 4 11 2 4 408 5 4 11 2 5 408 5 4 11 2 7 408 5 4 11 2 8 408 5 4 11 3 3 408 5 4 11 3 4 408 5 4 11 3 5 408 5 4 11 4 2 408 5 4 11 4 3 408 5 4 11 4 4 408 5 4 11 4 5 408 5 4 11 4 6 408 5 4 11 4 7 408 5 4 11 4 8 1638 1 7 0 5 0 408 5 4 11 5 1 408 5 4 11 5 2 408 5 4 11 5 3 408 5 4 11 5 4 408 5 4 11 5 5 408 5 4 11 5 6 408 5 4 11 5 8 1639 1 7 2 5 9 1639 1 7 2 5 10 1639 1 7 2 6 1 408 5 4 11 6 2 408 5 4 11 6 3 1640 5 3 10 6 4 1640 5 3 10 6 8 1638 1 7 0 6 9 1639 1 7 2 6 10 1640 5 3 10 7 1 408 5 4 11 7 2 408 5 4 11 7 3 408 5 4 11 7 5 1640 5 3 10 7 6 1640 5 3 10 7 7 1639 1 7 2 7 8 1639 1 7 2 7 9 1639 1 7 2 7 10 1639 1 7 2 7 11 1640 5 3 10 8 7 1639 1 7 2 8 8 408 5 4 11 8 9 408 5 4 11 9 7 1639 1 7 2 9 8 408 5 4 11 9 9 408 5 4 11 10 7 408 5 4 11 10 8 408 5 4 11 10 9 408 5 4 11 11 7 408 5 4 11
4 1 3 4 0 4 1 1 1 2 1 4 11 0 3 0 5 1 0 2 3 2 4 2 5 0 4 1 1 1 2 1 3 1 4 1 4 1 5 6 0 3 1 4 1 5 0 5 175 1 2 0 1 0 1 4 1 5 2 3 1 4 1 5 2 4 1 4 1 5 2 5 1 4 1 5
7 3 4 5 1 3 1 4 4 3 4 4 4 5 27 0 3 0 5 1 5 2 2 2 3 2 4 2 5 3 0 3 1 3 2 3 5 4 1 4 2 4 6 5 0 5 1 5 2 5 3 5 4 6 3 7 3 1 3 1 4 3 4 4 3 4 4 4 5 1642 2 5 3 21 0 3 698 0 2 0 0 5 698 0 2 0 1 5 698 0 2 0 2 2 1642 2 5 3 2 3 698 0 2 0 2 4 698 0 2 0 2 5 698 0 2 0 3 0 1642 2 5 3 3 1 1642 2 5 3 3 2 1642 2 5 3 3 5 1642 2 5 3 4 1 1642 2 5 3 4 2 1642 2 5 3 4 6 1642 2 5 3 5 0 1642 2 5 3 5 1 1642 2 5 3 5 2 1642 2 5 3 5 3 1642 2 5 3 5 4 698 0 2 0 6 3 1642 2 5 3 7 3 1642 2 5 3
14 6 5 4 3 4 3 5 6 3 6 4 61 0 2 0 3 0 4 0 5 0 6 1 2 1 3 1 4 1 5 1 6 2 0 2 1 2 2 2 3 2 5 2 6 3 1 3 2 3 3 4 0 4 1 4 2 4 3 4 4 4 5 4 6 5 0 5 1 5 2 5 3 5 4 5 6 5 7 5 8 6 1 6 2 6 6 6 7 7 0 7 1 7 2 7 4 7 5 7 6 7 7 7 8 8 5 8 6 8 7 9 5 9 6 9 7 10 5 10 6 10 7 11 5 3 4 3 5 6 3 6 4 6 5 53 1 7 0 56 0 2 53 1 7 0 0 3 53 1 7 0 0 4 53 1 7 0 0 5 53 1 7 0 0 6 53 1 7 0 1 2 53 1 7 0 1 3 53 1 7 0 1 4 53 1 7 0 1 5 53 1 7 0 1 6 53 1 7 0 2 0 53 1 7 0 2 1 53 1 7 0 2 2 53 1 7 0 2 3 53 1 7 0 2 5 53 1 7 0 2 6 53 1 7 0 3 1 53 1 7 0 3 2 53 1 7 0 3 3 53 1 7 0 4 0 53 1 7 0 4 1 53 1 7 0 4 2 53 1 7 0 4 3 53 1 7 0 4 4 53 1 7 0 4 5 53 1 7 0 4 6 53 1 7 0 5 0 53 5 5 8 5 1 1640 5 3 8 5 2 1643 5 2 8 5 3 1133 1 7 0 5 4 53 1 7 0 5 6 53 1 7 0 5 7 53 1 7 0 5 8 53 1 7 0 6 1 53 5 5 8 6 2 1640 5 3 8 6 6 1133 1 7 0 6 7 53 1 7 0 7 0 53 5 5 8 7 1 53 5 5 8 7 2 53 5 5 8 7 4 53 5 5 8 7 5 1639 1 7 0 7 6 1639 1 7 0 7 7 1133 1 7 0 7 8 53 1 7 0 8 5 53 1 7 0 8 6 53 1 7 0 8 7 53 1 7 0 9 5 53 1 7 0 9 6 53 1 7 0 9 7 53 1 7 0 10 5 53 1 7 0 10 6 53 1 7 0 10 7 53 1 7 0 11 5 53 1 7 0
10 4 7 4 1 6 1 7 4 5 4 6 46 0 3 0 4 0 5 1 3 1 4 1 5 2 3 2 4 2 5 2 6 2 7 3 0 3 1 3 2 3 3 3 4 3 5 3 6 3 8 3 9 3 10 4 1 4 2 4 3 4 4 4 8 4 9 5 0 5 1 5 2 5 3 5 4 5 5 5 7 5 8 5 9 5 10 6 4 6 5 7 4 7 5 1 6 1 7 4 5 4 6 4 7 31 4 5 9 41 0 3 31 4 5 9 0 4 31 4 5 9 0 5 31 4 5 9 1 3 31 4 5 9 1 4 31 4 5 9 1 5 31 4 5 9 2 3 31 4 5 9 2 4 31 4 5 9 2 5 31 4 5 9 2 6 31 4 5 9 2 7 31 4 5 9 3 0 31 4 5 9 3 1 31 4 5 9 3 2 56 1 5 3 3 3 969 5 1 10 3 4 971 5 1 10 3 5 983 4 5 10 3 6 31 4 5 9 3 8 31 4 5 9 3 9 31 4 5 9 3 10 31 4 5 9 4 1 31 4 5 9 4 2 31 4 5 9 4 3 56 1 5 3 4 4 969 5 1 10 4 8 948 0 0 0 4 9 31 4 5 9 5 0 31 4 5 9 5 1 31 4 5 9 5 2 56 1 5 3 5 3 53 5 3 10 5 4 53 5 3 10 5 5 53 5 3 10 5 7 969 5 1 10 5 8 119 7 7 8 5 9 119 7 7 8 5 10 31 4 5 9 6 4 31 4 5 9 6 5 31 4 5 9 7 4 31 4 5 9 7 5 31 4 5 9
11 4 5 3 2 5 2 6 3 5 51 0 5 1 3 1 5 2 2 2 3 2 4 3 0 3 1 3 2 3 3 3 4 3 6 3 7 3 8 3 9 3 10 4 1 4 2 4 3 4 4 4 6 4 7 4 8 4 9 5 1 5 2 5 3 5 4 5 5 5 6 5 7 5 8 5 9 6 3 6 4 6 5 6 6 6 7 6 8 7 3 7 4 7 5 7 6 7 7 7 8 8 6 8 8 2 5 2 6 3 5 4 5 461 5 1 8 47 0 5 461 5 1 8 1 3 461 5 1 8 1 5 299 5 2 8 2 2 461 5 1 8 2 3 461 5 1 8 2 4 461 5 1 8 3 0 461 5 1 8 3 1 461 5 1 8 3 2 461 5 1 8 3 3 461 5 1 8 3 4 461 5 1 8 3 6 119 5 1 8 3 7 461 5 1 8 3 8 461 5 1 8 3 9 461 5 1 8 3 10 461 5 1 8 4 1 461 5 1 8 4 2 461 5 1 8 4 3 408 2 8 3 4 4 408 2 8 3 4 6 461 5 1 8 4 7 461 5 1 8 4 8 461 5 1 8 4 9 461 5 1 8 5 1 461 5 1 8 5 2 461 5 1 8 5 3 461 5 1 8 5 4 468 0 0 0 5 5 87 0 1 1 5 6 470 0 1 1 5 7 408 2 8 3 5 8 408 2 8 3 5 9 461 5 1 8 6 3 461 5 1 8 6 4 537 0 1 1 6 5 119 0 1 2 6 6 537 5 1 9 6 7 461 5 1 8 6 8 461 5 1 8 7 3 461 5 1 8 7 4 537 0 1 1 7 5 461 5 1 8 7 6 537 5 1 9 7 7 461 5 1 8 7 8 461 5 1 8 8 6 461 5 1 8 8 8 461 5 1 8
12 2 6 4 1 8 2 5 2 8 3 5 56 0 5 1 3 1 5 1 7 1 9 2 2 2 3 2 4 2 7 3 0 3 1 3 2 3 3 3 4 3 6 3 7 3 8 3 9 3 10 4 1 4 2 4 3 4 4 4 5 4 6 4 7 4 8 4 9 5 1 5 2 5 3 5 4 5 5 5 6 5 7 5 8 5 9 6 3 6 4 6 5 6 6 6 7 6 8 7 3 7 4 7 5 7 6 7 7 7 8 8 6 8 8 1 8 2 5 2 6 2 8 3 5 868 0 1 4 51 0 5 868 0 1 4 1 3 868 0 1 4 1 5 868 0 1 4 1 7 868 0 1 4 1 9 1646 0 0 0 2 2 868 0 1 4 2 3 868 0 1 4 2 4 868 0 1 4 2 7 1646 0 0 0 3 0 868 0 1 4 3 1 868 0 1 4 3 2 868 0 1 4 3 3 868 0 1 4 3 4 1642 0 1 4 3 6 868 0 1 4 3 7 868 0 1 4 3 8 868 0 1 4 3 9 868 0 1 4 3 10 868 0 1 4 4 1 868 0 1 4 4 2 868 0 1 4 4 3 868 0 1 4 4 4 868 0 1 4 4 5 868 0 1 4 4 6 868 0 1 4 4 7 868 0 1 4 4 8 868 0 1 4 4 9 868 0 1 4 5 1 868 0 1 4 5 2 868 0 1 4 5 3 868 0 1 4 5 4 868 0 1 4 5 5 868 0 1 4 5 6 868 0 1 4 5 7 868 0 1 4 5 8 868 0 1 4 5 9 868 0 1 4 6 3 868 0 1 4 6 4 868 0 1 4 6 5 868 0 1 4 6 6 868 0 1 4 6 7 868 0 1 4 6 8 868 0 1 4 7 3 868 0 1 4 7 4 868 0 1 4 7 5 868 0 1 4 7 6 868 0 1 4 7 7 868 0 1 4 7 8 868 0 1 4 8 6 868 0 1 4 8 8 868 0 1 4
15 6 5 3 3 6 3 7 6 6 97 0 4 0 5 0 6 0 7 0 8 1 3 1 4 1 5 1 6 1 7 1 8 2 2 2 3 2 4 2 5 2 7 2 8 3 0 3 1 3 2 3 3 3 4 3 5 4 1 4 2 4 3 4 4 4 5 4 6 4 7 4 8 5 0 5 1 5 2 5 3 5 4 5 5 5 6 5 8 5 9 5 10 6 0 6 1 6 2 6 3 6 4 6 7 6 8 6 9 6 10 7 0 7 1 7 2 7 3 7 4 7 5 7 6 7 7 7 8 7 9 7 10 7 11 8 1 8 2 8 3 8 4 8 5 8 6 8 7 8 8 8 9 9 1 9 2 9 3 9 4 9 5 9 6 9 7 9 8 9 9 9 10 10 2 10 3 10 4 10 5 10 6 10 7 10 8 10 9 11 4 11 5 11 6 11 7 3 6 3 7 6 5 6 6 342 6 2 10 93 0 4 342 6 2 10 0 5 342 6 2 10 0 6 342 6 2 10 0 7 342 6 2 10 0 8 342 6 2 10 1 3 342 6 2 10 1 4 342 6 2 10 1 5 342 6 2 10 1 6 342 6 2 10 1 7 342 6 2 10 1 8 342 6 2 10 2 2 342 6 2 10 2 3 104 5 4 10 2 4 342 6 2 10 2 5 104 5 4 10 2 7 342 6 2 10 2 8 342 6 2 10 3 0 342 6 2 10 3 1 342 6 2 10 3 2 342 6 2 10 3 3 104 5 4 10 3 4 104 5 4 10 3 5 104 5 4 10 4 1 342 6 2 10 4 2 342 6 2 10 4 3 104 5 4 10 4 4 104 5 4 10 4 5 104 5 4 10 4 6 1087 0 4 0 4 7 342 6 2 10 4 8 342 6 2 10 5 0 342 6 2 10 5 1 104 5 4 10 5 2 1611 0 2 1 5 3 1611 0 2 1 5 4 1612 0 2 1 5 5 1613 0 2 1 5 6 1605 0 5 1 5 8 1087 0 4 0 5 9 1087 0 4 0 5 10 1087 0 4 0 6 0 342 6 2 10 6 1 104 5 4 10 6 2 104 5 4 10 6 3 1618 0 0 2 6 4 1618 0 0 2 6 7 1625 7 11 9 6 8 1625 7 11 9 6 9 1087 0 4 0 6 10 342 6 2 10 7 0 342 6 2 10 7 1 342 6 2 10 7 2 342 6 2 10 7 3 1630 0 1 0 7 4 1641 0 0 0 7 5 1644 0 0 2 7 6 1645 0 2 0 7 7 1647 7 11 8 7 8 1647 7 11 8 7 9 1647 7 11 8 7 10 1087 0 4 0 7 11 342 6 2 10 8 1 342 6 2 10 8 2 342 6 2 10 8 3 342 6 2 10 8 4 1613 0 2 1 8 5 1641 0 0 0 8 6 1613 0 2 1 8 7 342 6 2 10 8 8 342 6 2 10 8 9 342 6 2 10 9 1 342 6 2 10 9 2 342 6 2 10 9 3 342 6 2 10 9 4 1613 0 2 1 9 5 1641 0 0 0 9 6 1087 0 4 0 9 7 342 6 2 10 9 8 342 6 2 10 9 9 342 6 2 10 9 10 342 6 2 10 10 2 342 6 2 10 10 3 342 6 2 10 10 4 104 5 4 10 10 5 342 6 2 10 10 6 104 5 4 10 10 7 342 6 2 10 10 8 342 6 2 10 10 9 342 6 2 10 11 4 342 6 2 10 11 5 342 6 2 10 11 6 342 6 2 10 11 7 342 6 2 10
8 2 5 3 1 5 3 5 4 5 33 0 6 1 6 2 6 3 0 3 1 3 2 3 3 3 4 3 7 3 8 3 9 4 1 4 2 4 3 4 4 4 6 4 7 4 8 5 1 5 2 5 3 5 4 5 5 5 6 5 7 5 8 5 9 6 4 6 6 1 5 2 5 3 5 4 5 14 0 1 4 29 0 6 14 0 1 4 1 6 14 0 1 4 2 6 14 0 1 4 3 0 3 2 6 5 3 1 3 2 6 5 3 2 3 2 6 5 3 3 3 2 6 5 3 4 3 2 6 5 3 7 3 2 6 5 3 8 3 2 6 5 3 9 3 2 6 5 4 1 3 2 6 5 4 2 3 2 6 5 4 3 3 2 6 5 4 4 3 2 6 5 4 6 5 7 6 6 4 7 3 2 6 5 4 8 3 2 6 5 5 1 3 2 6 5 5 2 3 2 6 5 5 3 3 2 6 5 5 4 3 2 6 5 5 5 533 0 1 0 5 6 5 7 6 6 5 7 3 2 6 5 5 8 3 2 6 5 5 9 3 2 6 5 6 4 3 2 6 5 6 6 5 7 6 6
11 3 4 4 1 4 3 5 4 4 4 5 40 0 4 2 4 2 6 3 2 3 6 3 7 4 1 4 2 4 3 5 0 5 1 5 2 5 3 5 4 5 5 5 6 5 7 5 8 6 1 6 2 6 3 6 4 6 5 6 6 6 7 7 0 7 1 7 2 7 3 7 4 7 5 7 6 7 7 7 8 8 2 1 4 3 4 3 5 4 4 4 5 136 3 0 4 35 0 4 757 0 2 0 2 4 757 0 2 0 2 6 136 3 0 4 3 2 136 3 0 4 3 6 136 3 0 4 3 7 136 3 0 4 4 1 136 3 0 4 4 2 136 3 0 4 4 3 136 3 0 4 5 0 136 3 0 4 5 1 136 3 0 4 5 2 136 3 0 4 5 3 136 3 0 4 5 4 136 3 0 4 5 5 751 4 5 7 5 6 136 3 0 4 5 7 136 3 0 4 5 8 136 3 0 4 6 1 136 3 0 4 6 2 136 3 0 4 6 3 136 3 0 4 6 4 136 3 0 4 6 5 136 3 0 4 6 6 136 3 0 4 6 7 136 3 0 4 7 0 136 3 0 4 7 1 136 3 0 4 7 2 136 3 0 4 7 3 136 3 0 4 7 4 136 3 0 4 7 5 136 3 0 4 7 6 136 3 0 4 7 7 136 3 0 4 7 8 136 3 0 4 8 2 136 3 0 4
7 3 4 5 1 3 1 4 2 3 2 4 3 3 29 0 5 1 5 1 6 2 0 2 1 2 2 3 0 3 1 3 2 3 5 3 6 3 7 4 0 4 1 4 2 4 4 4 5 4 6 4 7 5 2 5 4 5 5 6 2 1 3 1 4 2 3 2 4 3 3 3 4 146 0 0 1 23 0 5 151 5 1 7 1 5 151 5 1 7 1 6 151 5 1 7 2 0 146 0 0 1 2 1 151 5 1 7 2 2 151 5 1 7 3 0 146 0 0 1 3 1 146 0 0 1 3 2 146 0 0 1 3 5 146 0 0 1 3 6 146 0 0 1 3 7 146 0 0 1 4 0 146 0 0 1 4 1 146 0 0 1 4 2 146 0 0 1 4 4 316 0 1 0 4 5 146 0 0 1 4 6 146 0 0 1 4 7 146 0 0 1 5 2 146 0 0 1 5 4 316 0 1 0 5 5 146 0 0 1 6 2 146 0 0 1
8 2 4 5 0 4 2 3 3 3 3 4 4 3 31 1 4 1 5 2 5 2 6 3 0 3 1 3 2 4 0 4 1 4 2 4 4 4 5 4 6 4 7 5 0 5 1 5 2 5 4 5 5 5 6 5 7 6 2 6 4 6 5 7 2 0 4 2 3 2 4 3 3 3 4 4 3 513 7 4 4 25 1 4 1651 0 1 0 1 5 513 7 4 4 2 5 513 7 4 4 2 6 513 7 4 4 3 0 513 7 4 4 3 1 513 7 4 4 3 2 513 7 4 4 4 0 513 7 4 4 4 1 513 7 4 4 4 2 513 7 4 4 4 4 513 7 4 4 4 5 513 7 4 4 4 6 513 7 4 4 4 7 513 7 4 4 5 0 513 7 4 4 5 1 513 7 4 4 5 2 513 7 4 4 5 4 513 7 4 4 5 5 513 7 4 4 5 6 513 7 4 4 5 7 513 7 4 4 6 2 513 7 4 4 6 4 513 7 4 4 6 5 513 7 4 4 7 2 513 7 4 4
7 4 4 4 1 4 2 3 2 4 3 4 24 0 0 0 1 0 2 0 3 0 5 1 0 1 1 1 2 1 3 1 5 1 6 1 7 2 5 2 6 2 7 4 5 5 4 5 5 6 5 1 4 2 3 2 4 3 4 4 4 47 7 5 4 19 0 0 47 7 5 4 0 1 47 7 5 4 0 2 47 7 5 4 0 3 3 2 6 4 0 5 47 7 5 4 1 0 47 7 5 4 1 1 47 7 5 4 1 2 47 7 5 4 1 3 3 2 6 4 1 5 47 7 5 4 1 6 47 7 5 4 1 7 47 7 5 4 2 5 47 7 5 4 2 6 47 7 5 4 2 7 47 7 5 4 4 5 47 7 5 4 5 4 1265 1 4 0 5 5 47 7 5 4 6 5 47 7 5 4
10 4 3 4 0 4 2 3 3 3 3 4 44 1 2 1 4 1 5 1 6 1 7 2 0 2 1 2 2 2 4 2 5 2 6 2 7 3 0 3 1 3 2 4 0 4 1 4 2 4 4 4 5 4 6 4 7 5 0 5 1 5 2 5 3 5 4 5 5 5 6 5 7 6 0 6 1 6 2 6 3 6 4 6 5 6 6 7 2 7 4 0 4 2 3 3 3 3 4 4 3 362 5 1 6 39 1 2 362 5 1 6 1 4 57 0 1 0 1 5 362 5 1 6 1 6 362 5 1 6 1 7 362 5 1 6 2 0 362 5 1 6 2 1 362 5 1 6 2 2 362 5 1 6 2 4 57 0 1 0 2 5 362 5 1 6 2 6 362 5 1 6 2 7 362 5 1 6 3 0 362 5 1 6 3 1 362 5 1 6 3 2 362 5 1 6 4 0 1609 5 1 7 4 1 1609 5 1 7 4 2 1609 5 1 7 4 4 1609 5 1 7 4 5 1609 5 1 7 4 6 1609 5 1 7 4 7 1609 5 1 7 5 0 1609 5 1 7 5 1 1609 5 1 7 5 2 1609 5 1 7 5 3 1652 0 0 0 5 4 1653 5 1 7 5 5 1609 5 1 7 5 6 1609 5 1 7 5 7 1609 5 1 7 6 0 1609 5 1 7 6 1 1609 5 1 7 6 2 1609 5 1 7 6 3 1652 0 0 0 6 4 1653 5 1 7 6 5 1609 5 1 7 6 6 1609 5 1 7 7 2 1609 5 1 7 7 4 1653 5 1 7
13 4 5 3 1 5 3 4 4 4 60 0 5 1 7 2 3 2 5 2 6 2 7 2 8 3 0 3 1 3 2 3 3 3 5 3 6 3 7 3 8 3 9 4 1 4 2 4 3 4 6 4 7 4 8 5 0 5 1 5 2 5 3 5 4 5 5 5 6 5 7 5 8 5 9 6 0 6 1 6 2 6 3 6 4 6 5 6 6 6 7 6 8 7 1 7 2 7 3 7 4 7 5 7 6 7 7 7 8 7 9 8 2 8 3 8 4 8 5 8 6 8 7 1 5 3 4 4 4 4 5 546 5 1 9 56 0 5 546 5 1 9 1 7 546 5 1 9 2 3 546 5 1 9 2 5 473 5 3 9 2 6 473 5 3 9 2 7 546 5 1 9 2 8 546 5 1 9 3 0 546 5 1 9 3 1 312 2 8 2 3 2 312 2 8 2 3 3 312 2 8 2 3 5 172 5 3 9 3 6 473 5 3 9 3 7 473 5 3 9 3 8 473 5 3 9 3 9 473 5 3 9 4 1 546 5 1 9 4 2 312 2 8 2 4 3 1650 5 0 9 4 6 1654 0 1 1 4 7 1654 0 1 1 4 8 331 0 2 0 5 0 546 5 1 9 5 1 546 5 1 9 5 2 546 5 1 9 5 3 546 5 1 9 5 4 546 5 1 9 5 5 103 0 2 1 5 6 182 5 2 9 5 7 182 5 2 9 5 8 182 5 2 9 5 9 182 5 2 9 6 0 546 5 1 9 6 1 546 5 1 9 6 2 546 5 1 9 6 3 546 5 1 9 6 4 546 5 1 9 6 5 182 5 2 9 6 6 473 5 3 9 6 7 473 5 3 9 6 8 546 5 1 9 7 1 546 5 1 9 7 2 546 5 1 9 7 3 546 5 1 9 7 4 546 5 1 9 7 5 473 5 3 9 7 6 473 5 3 9 7 7 473 5 3 9 7 8 546 5 1 9 7 9 546 5 1 9 8 2 546 5 1 9 8 3 546 5 1 9 8 4 546 5 1 9 8 5 473 5 3 9 8 6 546 5 1 9 8 7 473 5 3 9
9 2 4 4 1 4 1 5 3 4 4 4 24 0 5 2 3 3 0 3 1 3 2 3 3 3 5 4 1 4 2 4 3 4 5 4 6 5 0 5 1 5 2 5 3 5 5 6 2 7 2 1 4 1 5 2 4 3 4 4 4 1 3 0 4 19 0 5 64 0 1 0 2 3 1 3 0 4 3 0 1 3 0 4 3 1 1 3 0 4 3 2 1 3 0 4 3 3 1 3 0 4 3 5 1 3 0 4 4 1 1 3 0 4 4 2 1 3 0 4 4 3 1 3 0 4 4 5 1 3 0 4 4 6 1 3 0 4 5 0 1 3 0 4 5 1 1 3 0 4 5 2 1 3 0 4 5 3 1 3 0 4 5 5 1 3 0 4 6 2 1 3 0 4 7 2 1 3 0 4
14 3 5 3 1 4 1 5 4 5 66 0 4 0 6 1 2 1 6 2 1 2 2 2 3 2 4 2 5 2 6 3 0 3 1 3 2 3 3 3 4 3 6 3 7 3 8 3 9 4 1 4 2 4 3 4 4 4 6 4 7 4 8 5 0 5 1 5 2 5 3 5 4 5 5 5 6 5 7 5 8 5 9 6 1 6 2 6 3 6 4 6 5 6 6 6 7 6 8 6 9 7 0 7 1 7 2 7 3 7 4 7 5 7 6 7 7 7 8 8 2 8 3 8 4 8 5 8 6 8 7 9 4 9 6 1 4 1 5 3 5 4 5 239 2 6 4 62 0 4 1649 0 0 0 0 6 239 2 6 4 1 2 239 2 6 4 1 6 239 2 6 4 2 1 239 2 6 4 2 2 239 2 6 4 2 3 239 2 6 4 2 4 239 2 6 4 2 5 1655 5 0 9 2 6 239 2 6 4 3 0 239 2 6 4 3 1 239 2 6 4 3 2 239 2 6 4 3 3 239 2 6 4 3 4 239 2 6 4 3 6 239 2 6 4 3 7 239 2 6 4 3 8 239 2 6 4 3 9 239 2 6 4 4 1 239 2 6 4 4 2 239 2 6 4 4 3 239 2 6 4 4 4 935 2 6 4 4 6 910 7 6 5 4 7 239 2 6 4 4 8 239 2 6 4 5 0 239 2 6 4 5 1 239 2 6 4 5 2 239 2 6 4 5 3 239 2 6 4 5 4 935 2 6 4 5 5 1656 5 0 9 5 6 910 7 6 5 5 7 239 2 6 4 5 8 239 2 6 4 5 9 239 2 6 4 6 1 239 2 6 4 6 2 239 2 6 4 6 3 239 2 6 4 6 4 935 2 6 4 6 5 239 2 6 4 6 6 910 7 6 5 6 7 239 2 6 4 6 8 239 2 6 4 6 9 239 2 6 4 7 0 239 2 6 4 7 1 239 2 6 4 7 2 239 2 6 4 7 3 239 2 6 4 7 4 239 2 6 4 7 5 239 2 6 4 7 6 239 2 6 4 7 7 239 2 6 4 7 8 239 2 6 4 8 2 239 2 6 4 8 3 239 2 6 4 8 4 239 2 6 4 8 5 239 2 6 4 8 6 239 2 6 4 8 7 239 2 6 4 9 4 239 2 6 4 9 6 239 2 6 4
12 3 5 3 1 5 1 6 4 5 47 0 6 2 1 2 2 2 3 2 5 2 6 2 7 2 8 2 9 2 10 3 1 3 2 3 3 3 4 3 6 3 7 3 8 3 9 4 0 4 1 4 2 4 3 4 4 4 6 4 7 4 8 4 9 4 10 5 4 5 5 5 6 5 7 5 8 5 9 6 4 6 5 6 6 6 7 6 8 7 6 7 7 7 8 8 8 1 5 1 6 3 5 4 5 239 7 6 6 43 0 6 904 5 1 8 2 1 239 7 6 6 2 2 239 7 6 6 2 3 239 7 6 6 2 5 1001 0 0 0 2 6 239 7 6 6 2 7 239 7 6 6 2 8 239 7 6 6 2 9 239 7 6 6 2 10 239 7 6 6 3 1 239 7 6 6 3 2 239 7 6 6 3 3 239 7 6 6 3 4 239 7 6 6 3 6 239 7 6 6 3 7 239 7 6 6 3 8 239 7 6 6 3 9 239 7 6 6 4 0 239 7 6 6 4 1 239 7 6 6 4 2 239 7 6 6 4 3 239 7 6 6 4 4 910 2 6 5 4 6 935 7 6 6 4 7 239 7 6 6 4 8 239 7 6 6 4 9 239 7 6 6 4 10 239 7 6 6 5 4 910 2 6 5 5 5 911 2 5 4 5 6 935 7 6 6 5 7 239 7 6 6 5 8 239 7 6 6 5 9 239 7 6 6 6 4 910 2 6 5 6 5 239 7 6 6 6 6 935 7 6 6 6 7 239 7 6 6 6 8 239 7 6 6 7 6 239 7 6 6 7 7 239 7 6 6 7 8 239 7 6 6 8 8 239 7 6 6
7 2 3 3 1 5 2 4 2 5 28 0 3 0 5 1 0 1 1 1 2 1 3 1 4 1 6 1 7 1 8 2 1 2 2 2 6 2 7 3 0 3 1 3 2 3 6 3 7 3 8 4 2 4 6 5 2 5 6 1 5 2 3 2 4 2 5 75 4 2 8 24 0 3 75 4 2 8 0 5 75 4 2 8 1 0 75 4 2 8 1 1 75 4 2 8 1 2 75 4 2 8 1 3 75 4 2 8 1 4 77 4 2 8 1 6 402 7 5 6 1 7 177 1 2 0 1 8 107 4 2 7 2 1 75 4 2 8 2 2 79 2 5 2 2 6 75 4 2 8 2 7 75 4 2 8 3 0 75 4 2 8 3 1 75 4 2 8 3 2 75 4 2 8 3 6 75 4 2 8 3 7 75 4 2 8 3 8 75 4 2 8 4 2 75 4 2 8 4 6 75 4 2 8 5 2 75 4 2 8 5 6 75 4 2 8
9 1 4 3 2 4 3 3 3 4 30 0 0 0 1 0 2 0 3 0 4 0 5 1 1 1 2 1 3 1 5 1 6 2 0 2 1 2 2 2 3 2 5 2 6 2 7 4 3 4 4 4 5 5 3 5 4 5 5 6 3 6 5 1 4 2 4 3 3 3 4 75 7 6 4 26 0 0 75 7 6 4 0 1 75 7 6 4 0 2 75 7 6 4 0 3 75 7 6 4 0 4 18 0 0 0 0 5 75 7 6 4 1 1 75 7 6 4 1 2 75 7 6 4 1 3 75 7 6 4 1 5 75 7 6 4 1 6 75 7 6 4 2 0 75 7 6 4 2 1 75 7 6 4 2 2 75 7 6 4 2 3 77 7 6 4 2 5 75 7 6 4 2 6 75 7 6 4 2 7 75 7 6 4 4 3 18 0 0 0 4 4 75 7 6 4 4 5 75 7 6 4 5 3 18 0 0 0 5 4 75 7 6 4 5 5 75 7 6 4 6 3 18 0 0 0 6 5 75 7 6 4
9 3 4 4 1 4 4 3 4 4 5 3 39 0 2 1 2 2 0 2 1 2 2 2 4 2 5 2 6 2 7 3 0 3 1 3 2 3 3 3 5 3 6 3 7 4 0 4 1 4 2 5 1 5 2 5 4 5 5 6 3 6 4 6 5 6 6 6 7 7 3 7 4 7 5 8 3 8 4 8 5 1 4 3 4 4 3 4 4 5 3 513 7 5 4 34 0 2 513 7 5 4 1 2 513 7 5 4 2 0 513 7 5 4 2 1 513 7 5 4 2 2 513 7 5 4 2 4 320 1 8 0 2 5 513 7 5 4 2 6 513 7 5 4 2 7 513 7 5 4 3 0 513 7 5 4 3 1 513 7 5 4 3 2 513 7 5 4 3 3 513 7 5 4 3 5 513 7 5 4 3 6 513 7 5 4 3 7 513 7 5 4 4 0 513 7 5 4 4 1 513 7 5 4 4 2 513 7 5 4 5 1 513 7 5 4 5 2 513 7 5 4 5 4 513 7 5 4 5 5 513 7 5 4 6 3 513 7 5 4 6 4 513 7 5 4 6 5 513 7 5 4 6 6 513 7 5 4 6 7 513 7 5 4 7 3 513 7 5 4 7 4 513 7 5 4 7 5 513 7 5 4 8 3 513 7 5 4 8 4 513 7 5 4 8 5 513 7 5 4
11 2 4 4 0 4 3 4 3 5 4 5 36 1 3 1 4 1 6 2 0 2 1 2 2 2 3 2 5 2 6 2 7 3 1 3 2 3 3 4 0 4 1 4 2 4 3 4 4 4 6 4 7 4 8 5 1 5 2 5 3 5 4 5 5 6 1 6 2 6 3 6 4 6 5 0 4 2 4 3 4 3 5 4 5 513 2 4 4 31 1 3 513 2 4 4 1 4 307 1 6 0 1 6 513 2 4 4 2 0 513 2 4 4 2 1 513 2 4 4 2 2 513 2 4 4 2 3 513 2 4 4 2 5 513 2 4 4 2 6 513 2 4 4 2 7 513 2 4 4 3 1 513 2 4 4 3 2 513 2 4 4 3 3 513 2 4 4 4 0 513 2 4 4 4 1 513 2 4 4 4 2 513 2 4 4 4 3 513 2 4 4 4 4 513 2 4 4 4 6 513 2 4 4 4 7 513 2 4 4 4 8 513 2 4 4 5 1 513 2 4 4 5 2 513 2 4 4 5 3 513 2 4 4 5 4 513 2 4 4 5 5 513 2 4 4 6 1 513 2 4 4 6 2 513 2 4 4 6 3 513 2 4 4 6 4 513 2 4 4 6 5 513 2 4 4
9 3 4 3 3 5 3 6 4 6 42 0 3 0 5 1 3 1 4 1 5 2 0 2 1 2 2 2 3 2 4 2 5 2 7 2 8 2 9 3 1 3 2 3 3 3 7 3 8 3 9 4 0 4 1 4 2 4 3 4 4 4 5 5 2 5 3 5 4 5 5 5 6 6 2 6 3 6 4 6 5 6 6 7 3 7 5 3 4 3 5 3 6 4 6 439 7 6 7 38 0 3 439 7 6 7 0 5 439 7 6 7 1 3 461 7 6 7 1 4 439 7 6 7 1 5 439 7 6 7 2 0 439 7 6 7 2 1 18 2 7 3 2 2 18 2 7 3 2 3 612 1 6 0 2 4 439 7 6 7 2 5 439 7 6 7 2 7 439 7 6 7 2 8 439 7 6 7 2 9 439 7 6 7 3 1 439 7 6 7 3 2 119 7 6 7 3 3 18 2 7 3 3 7 299 7 6 6 3 8 439 7 6 7 3 9 439 7 6 7 4 0 439 7 6 7 4 1 18 2 7 3 4 2 18 2 7 3 4 3 279 1 4 0 4 4 461 7 6 7 4 5 119 7 6 7 5 2 439 7 6 7 5 3 439 7 6 7 5 4 461 7 6 7 5 5 439 7 6 7 5 6 439 7 6 7 6 2 439 7 6 7 6 3 439 7 6 7 6 4 461 7 6 7 6 5 439 7 6 7 6 6 439 7 6 7 7 3 439 7 6 7 7 5 439 7 6 7
12 4 5 3 1 5 4 6 5 6 54 0 7 1 3 1 7 2 2 2 3 2 4 2 5 2 7 2 8 2 9 3 0 3 1 3 2 3 3 3 4 3 5 3 6 3 7 3 8 3 9 4 1 4 2 4 3 4 4 4 7 4 8 4 9 5 0 5 1 5 2 5 3 5 4 5 5 5 7 5 8 5 9 6 2 6 3 6 4 6 5 6 6 7 2 7 3 7 4 7 5 7 6 8 3 8 4 8 5 8 6 1 5 4 5 4 6 5 6 288 1 6 1 50 0 7 288 1 6 1 1 3 288 1 6 1 1 7 108 7 8 8 2 2 288 1 6 1 2 3 288 1 6 1 2 4 288 1 6 1 2 5 288 1 6 1 2 7 108 7 8 8 2 8 288 1 6 1 2 9 288 1 6 1 3 0 288 1 6 1 3 1 313 1 6 1 3 2 313 1 6 1 3 3 313 1 6 1 3 4 313 1 6 1 3 5 1659 1 6 1 3 6 1659 1 6 1 3 7 108 7 8 8 3 8 108 7 8 8 3 9 108 7 8 8 4 1 288 1 6 1 4 2 1660 2 8 3 4 3 1661 5 0 9 4 4 1661 5 0 9 4 7 1662 0 1 1 4 8 108 7 8 8 4 9 288 1 6 1 5 0 288 1 6 1 5 1 288 1 6 1 5 2 288 1 6 1 5 3 288 1 6 1 5 4 288 1 6 1 5 5 284 1 7 1 5 7 1663 0 1 0 5 8 1663 0 1 0 5 9 108 7 8 8 6 2 288 1 6 1 6 3 288 1 6 1 6 4 288 1 6 1 6 5 288 1 6 1 6 6 108 7 8 8 7 2 288 1 6 1 7 3 288 1 6 1 7 4 288 1 6 1 7 5 288 1 6 1 7 6 288 1 6 1 8 3 288 1 6 1 8 4 288 1 6 1 8 5 288 1 6 1 8 6 288 1 6 1
15 6 7 2 2 8 5 7 98 0 6 1 4 1 5 1 6 1 8 2 2 2 3 2 4 2 5 2 6 2 10 3 2 3 3 3 4 3 5 3 6 3 8 3 9 3 10 3 11 4 2 4 3 4 4 4 5 4 6 4 7 4 8 4 9 4 10 4 11 4 12 4 13 5 0 5 1 5 2 5 3 5 4 5 5 5 6 5 8 5 9 5 10 5 11 5 12 6 1 6 2 6 3 6 4 6 5 6 6 6 8 6 9 6 10 6 11 6 12 6 13 7 1 7 2 7 3 7 4 7 5 7 6 7 7 7 8 7 9 7 10 7 11 8 2 8 3 8 4 8 5 8 6 8 7 8 8 8 9 8 10 8 11 8 12 9 1 9 2 9 3 9 4 9 5 9 6 9 7 9 8 9 9 9 10 9 11 10 4 10 5 10 6 10 7 10 8 10 9 2 8 5 7 6 7 92 0 3 3 95 0 6 92 0 3 3 1 4 92 0 3 3 1 5 92 0 3 3 1 6 92 0 3 3 1 8 92 0 3 3 2 2 92 0 3 3 2 3 92 0 3 3 2 4 92 0 3 3 2 5 92 0 3 3 2 6 92 0 3 3 2 10 92 0 3 3 3 2 92 0 3 3 3 3 92 0 3 3 3 4 92 0 3 3 3 5 92 0 3 3 3 6 92 0 3 3 3 8 92 5 3 11 3 9 92 0 3 3 3 10 92 0 3 3 3 11 92 0 3 3 4 2 92 0 3 3 4 3 92 0 3 3 4 4 92 0 3 3 4 5 92 0 3 3 4 6 92 0 3 3 4 7 188 6 1 11 4 8 92 5 3 11 4 9 92 0 3 3 4 10 92 0 3 3 4 11 92 0 3 3 4 12 92 0 3 3 4 13 92 0 3 3 5 0 92 0 3 3 5 1 92 0 3 3 5 2 92 0 3 3 5 3 92 0 3 3 5 4 92 0 3 3 5 5 92 0 3 3 5 6 377 0 2 2 5 8 377 5 2 12 5 9 92 5 3 11 5 10 92 5 3 11 5 11 92 0 3 3 5 12 92 0 3 3 6 1 92 0 3 3 6 2 92 0 3 3 6 3 92 5 3 11 6 4 347 5 3 12 6 5 347 5 3 12 6 6 347 5 3 12 6 8 347 0 3 2 6 9 347 0 3 2 6 10 347 0 3 2 6 11 92 0 3 3 6 12 92 0 3 3 6 13 92 0 3 3 7 1 92 0 3 3 7 2 92 0 3 3 7 3 92 0 3 3 7 4 1664 5 1 13 7 5 1664 5 1 13 7 6 1664 5 1 13 7 7 287 6 0 11 7 8 326 6 1 10 7 9 326 6 1 10 7 10 326 6 1 10 7 11 92 0 3 3 8 2 92 0 3 3 8 3 92 5 3 11 8 4 347 5 3 12 8 5 347 5 3 12 8 6 1664 5 1 13 8 7 405 6 0 11 8 8 326 6 1 10 8 9 347 0 3 2 8 10 347 0 3 2 8 11 92 0 3 3 8 12 92 0 3 3 9 1 92 0 3 3 9 2 92 0 3 3 9 3 92 0 3 3 9 4 92 0 3 3 9 5 92 0 3 3 9 6 1664 5 1 13 9 7 405 6 0 11 9 8 326 6 1 10 9 9 92 5 3 11 9 10 92 5 3 11 9 11 92 0 3 3 10 4 92 0 3 3 10 5 92 0 3 3 10 6 326 6 1 10 10 7 347 0 3 2 10 8 326 6 1 10 10 9 92 0 3 3
5 1 4 4 0 5 1 2 1 3 1 5 13 0 0 0 1 0 2 0 6 1 1 2 4 2 5 2 6 0 5 1 2 1 3 1 4 1 5 1 4 1 6 8 0 0 1 4 1 6 0 1 1 4 1 6 0 2 1 4 1 6 0 6 5 1 2 0 1 1 1 4 1 6 2 4 1 4 1 6 2 5 1 4 1 6 2 6 1 4 1 6
16 3 5 3 1 5 1 6 4 5 77 0 2 0 3 0 4 0 6 1 1 1 2 1 3 1 4 2 0 2 1 2 2 2 3 2 4 2 5 2 7 3 0 3 1 3 2 3 3 3 4 3 6 3 7 3 8 4 1 4 2 4 3 4 4 4 6 4 7 4 8 5 0 5 1 5 2 5 3 5 4 5 5 5 6 5 7 5 8 5 9 5 10 6 1 6 2 6 3 6 4 6 5 6 6 6 7 6 8 6 9 7 0 7 1 7 2 7 3 7 4 7 5 7 6 7 7 7 8 7 9 7 10 8 2 8 3 8 4 8 5 8 6 8 7 9 2 9 3 9 4 9 5 9 6 9 7 1 5 1 6 3 5 4 5 239 7 6 6 73 0 2 239 7 6 6 0 3 239 7 6 6 0 4 239 7 6 6 0 6 602 5 0 10 1 1 239 7 6 6 1 2 239 7 6 6 1 3 239 7 6 6 1 4 239 7 6 6 2 0 239 7 6 6 2 1 239 7 6 6 2 2 239 7 6 6 2 3 239 7 6 6 2 4 239 7 6 6 2 5 602 5 0 10 2 7 239 7 6 6 3 0 239 7 6 6 3 1 239 7 6 6 3 2 239 7 6 6 3 3 239 7 6 6 3 4 239 7 6 6 3 6 239 7 6 6 3 7 239 7 6 6 3 8 239 7 6 6 4 1 239 7 6 6 4 2 239 7 6 6 4 3 239 7 6 6 4 4 1666 7 6 6 4 6 586 7 6 6 4 7 239 7 6 6 4 8 239 7 6 6 5 0 239 7 6 6 5 1 239 7 6 6 5 2 239 7 6 6 5 3 239 7 6 6 5 4 1666 7 6 6 5 5 1656 0 0 1 5 6 586 7 6 6 5 7 239 7 6 6 5 8 239 7 6 6 5 9 239 7 6 6 5 10 239 7 6 6 6 1 239 7 6 6 6 2 239 7 6 6 6 3 239 7 6 6 6 4 1666 7 6 6 6 5 239 7 6 6 6 6 586 7 6 6 6 7 239 7 6 6 6 8 239 7 6 6 6 9 239 7 6 6 7 0 239 7 6 6 7 1 239 7 6 6 7 2 239 7 6 6 7 3 239 7 6 6 7 4 239 7 6 6 7 5 239 7 6 6 7 6 239 7 6 6 7 7 239 7 6 6 7 8 239 7 6 6 7 9 239 7 6 6 7 10 239 7 6 6 8 2 239 7 6 6 8 3 239 7 6 6 8 4 239 7 6 6 8 5 239 7 6 6 8 6 239 7 6 6 8 7 239 7 6 6 9 2 239 7 6 6 9 3 239 7 6 6 9 4 239 7 6 6 9 5 239 7 6 6 9 6 239 7 6 6 9 7 239 7 6 6
18 5 8 2 8 8 8 9 170 0 5 0 6 0 7 0 8 0 9 0 10 0 11 1 2 1 3 1 4 1 5 1 6 1 7 1 8 1 9 1 10 1 11 1 12 2 3 2 4 2 5 2 6 2 7 2 8 2 9 2 10 2 11 2 12 2 13 2 14 2 15 3 2 3 3 3 4 3 5 3 6 3 7 3 8 3 9 3 10 3 11 3 12 3 13 3 14 4 2 4 3 4 4 4 5 4 6 4 7 4 8 4 9 4 10 4 11 4 12 4 13 4 14 4 15 5 1 5 2 5 3 5 4 5 5 5 6 5 7 5 9 5 10 5 11 5 12 5 13 5 14 6 0 6 1 6 2 6 3 6 4 6 5 6 6 6 7 6 8 6 9 6 10 6 11 6 12 6 13 6 14 6 15 7 1 7 2 7 3 7 4 7 5 7 6 7 7 7 8 7 9 7 10 7 11 7 12 7 13 8 0 8 1 8 2 8 3 8 4 8 5 8 6 8 7 8 11 8 12 9 1 9 2 9 3 9 4 9 5 9 6 9 7 9 9 9 10 9 11 9 12 10 0 10 1 10 2 10 3 10 4 10 5 10 6 10 7 10 8 10 9 10 10 10 11 10 12 11 1 11 2 11 3 11 4 11 5 11 6 11 7 11 8 11 9 11 10 12 2 12 3 12 4 12 5 12 6 12 7 12 8 12 9 12 10 12 11 13 3 13 4 13 5 13 6 13 7 13 8 14 3 14 4 14 5 14 6 14 7 15 4 15 6 5 8 8 8 8 9 912 4 9 13 167 0 5 912 4 9 13 0 6 912 4 9 13 0 7 912 4 9 13 0 8 912 4 9 13 0 9 912 4 9 13 0 10 912 4 9 13 0 11 912 4 9 13 1 2 912 4 9 13 1 3 912 4 9 13 1 4 912 4 9 13 1 5 912 4 9 13 1 6 912 4 9 13 1 7 912 4 9 13 1 8 912 4 9 13 1 9 912 4 9 13 1 10 912 4 9 13 1 11 912 4 9 13 1 12 912 4 9 13 2 3 912 4 9 13 2 4 912 4 9 13 2 5 912 4 9 13 2 6 912 4 9 13 2 7 912 4 9 13 2 8 912 4 9 13 2 9 924 1 9 3 2 10 936 1 10 3 2 11 936 1 10 3 2 12 912 4 9 13 2 13 912 4 9 13 2 14 912 4 9 13 2 15 912 4 9 13 3 2 912 4 9 13 3 3 912 4 9 13 3 4 912 4 9 13 3 5 912 4 9 13 3 6 912 4 9 13 3 7 955 0 2 2 3 8 1036 0 1 1 3 9 1081 0 2 2 3 10 924 1 9 3 3 11 924 1 9 3 3 12 912 4 9 13 3 13 912 4 9 13 3 14 912 4 9 13 4 2 912 4 9 13 4 3 912 4 9 13 4 4 912 4 9 13 4 5 912 4 9 13 4 6 912 4 9 13 4 7 955 0 2 2 4 8 1036 0 1 1 4 9 1081 0 2 2 4 10 924 1 9 3 4 11 924 1 9 3 4 12 936 1 10 3 4 13 912 4 9 13 4 14 912 4 9 13 4 15 912 4 9 13 5 1 912 4 9 13 5 2 912 4 9 13 5 3 912 4 9 13 5 4 912 4 9 13 5 5 912 4 9 13 5 6 912 4 9 13 5 7 955 0 2 2 5 9 1081 0 2 2 5 10 924 1 9 3 5 11 924 1 9 3 5 12 936 1 10 3 5 13 936 1 10 3 5 14 912 4 9 13 6 0 912 4 9 13 6 1 912 4 9 13 6 2 912 4 9 13 6 3 912 4 9 13 6 4 912 4 9 13 6 5 912 4 9 13 6 6 1086 4 9 13 6 7 1179 4 12 15 6 8 1608 0 0 0 6 9 1648 1 11 2 6 10 936 1 10 3 6 11 936 1 10 3 6 12 936 1 10 3 6 13 912 4 9 13 6 14 912 4 9 13 6 15 912 4 9 13 7 1 912 4 9 13 7 2 912 4 9 13 7 3 912 4 9 13 7 4 912 4 9 13 7 5 912 4 9 13 7 6 1657 4 9 13 7 7 1658 1 9 3 7 8 1665 1 10 1 7 9 1667 1 9 3 7 10 333 7 10 12 7 11 936 1 10 3 7 12 936 1 10 3 7 13 936 1 10 3 8 0 912 4 9 13 8 1 912 4 9 13 8 2 912 4 9 13 8 3 912 4 9 13 8 4 912 4 9 13 8 5 912 4 9 13 8 6 912 4 9 13 8 7 1658 1 9 3 8 11 912 4 9 13 8 12 912 4 9 13 9 1 912 4 9 13 9 2 912 4 9 13 9 3 912 4 9 13 9 4 912 4 9 13 9 5 912 4 9 13 9 6 912 4 9 13 9 7 1658 1 9 3 9 9 333 7 10 12 9 10 912 4 9 13 9 11 912 4 9 13 9 12 912 4 9 13 10 0 912 4 9 13 10 1 912 4 9 13 10 2 912 4 9 13 10 3 912 4 9 13 10 4 912 4 9 13 10 5 912 4 9 13 10 6 912 4 9 13 10 7 912 4 9 13 10 8 912 4 9 13 10 9 912 4 9 13 10 10 912 4 9 13 10 11 912 4 9 13 10 12 912 4 9 13 11 1 912 4 9 13 11 2 912 4 9 13 11 3 912 4 9 13 11 4 912 4 9 13 11 5 912 4 9 13 11 6 912 4 9 13 11 7 912 4 9 13 11 8 912 4 9 13 11 9 912 4 9 13 11 10 912 4 9 13 12 2 912 4 9 13 12 3 912 4 9 13 12 4 912 4 9 13 12 5 912 4 9 13 12 6 912 4 9 13 12 7 912 4 9 13 12 8 912 4 9 13 12 9 912 4 9 13 12 10 912 4 9 13 12 11 912 4 9 13 13 3 912 4 9 13 13 4 912 4 9 13 13 5 912 4 9 13 13 6 912 4 9 13 13 7 912 4 9 13 13 8 912 4 9 13 14 3 912 4 9 13 14 4 912 4 9 13 14 5 912 4 9 13 14 6 912 4 9 13 14 7 912 4 9 13 15 4 912 4 9 13 15 6 912 4 9 13
4 0 6 4 1 2 1 3 1 4 1 5 13 0 0 0 1 0 2 0 5 1 1 2 0 2 1 2 2 0 6 1 2 1 3 1 4 1 5 0 4 1 6 8 0 0 0 4 1 6 0 1 0 4 1 6 0 2 0 4 1 6 0 5 14 6 0 5 1 1 0 4 1 6 2 0 0 4 1 6 2 1 0 4 1 6 2 2 0 4 1 6
11 2 6 4 0 5 1 5 2 5 3 5 45 0 8 1 1 1 2 1 3 1 6 1 7 1 8 1 9 1 10 2 1 2 2 2 3 2 4 2 7 2 8 2 9 3 0 3 1 3 2 3 3 3 4 3 6 3 7 3 8 3 9 3 10 4 5 4 6 4 7 4 8 5 5 5 6 5 7 5 8 6 5 6 6 6 7 6 8 7 6 7 8 0 5 1 5 2 5 2 6 3 5 434 2 7 5 40 0 8 434 2 7 5 1 1 434 2 7 5 1 2 434 2 7 5 1 3 434 2 7 5 1 6 357 0 1 0 1 7 434 2 7 5 1 8 434 2 7 5 1 9 434 2 7 5 1 10 434 2 7 5 2 1 434 2 7 5 2 2 434 2 7 5 2 3 434 2 7 5 2 4 434 2 7 5 2 7 434 2 7 5 2 8 434 2 7 5 2 9 434 2 7 5 3 0 434 2 7 5 3 1 434 2 7 5 3 2 434 2 7 5 3 3 434 2 7 5 3 4 434 2 7 5 3 6 540 0 1 0 3 7 434 2 7 5 3 8 434 2 7 5 3 9 434 2 7 5 3 10 434 2 7 5 4 5 357 0 1 0 4 6 658 5 1 10 4 7 434 2 7 5 4 8 434 2 7 5 5 5 540 0 1 0 5 6 658 5 1 10 5 7 434 2 7 5 5 8 434 2 7 5 6 5 540 0 1 0 6 6 658 5 1 10 6 7 434 2 7 5 6 8 434 2 7 5 7 6 540 0 1 0 7 8 434 2 7 5
5 3 3 4 0 4 1 4 3 4 3 5 22 2 0 2 1 2 2 2 4 2 5 2 6 2 7 3 1 3 2 3 6 4 0 4 1 4 2 4 3 4 5 4 6 4 7 0 4 1 4 3 3 3 4 3 5 552 3 0 3 17 2 0 552 3 0 3 2 1 552 3 0 3 2 2 552 3 0 3 2 4 55 0 2 0 2 5 552 3 0 3 2 6 552 3 0 3 2 7 552 3 0 3 3 1 552 3 0 3 3 2 552 3 0 3 3 6 552 3 0 3 4 0 552 3 0 3 4 1 552 3 0 3 4 2 552 3 0 3 4 3 55 0 2 0 4 5 553 0 0 0 4 6 552 3 0 3 4 7 552 3 0 3
10 1 5 2 1 3 1 4 37 0 0 0 1 0 2 0 4 0 5 0 6 0 7 0 8 1 1 1 2 1 6 1 7 2 0 2 1 2 2 2 3 2 4 2 5 2 6 2 7 2 8 3 3 3 4 3 5 3 6 3 7 4 4 4 5 4 6 4 7 5 4 5 5 5 6 5 7 1 3 1 4 1 5 30 1 2 0 34 0 0 30 1 2 0 0 1 30 1 2 0 0 2 30 1 2 0 0 4 31 1 2 1 0 5 15 1 2 1 0 6 15 4 2 7 0 7 15 4 2 7 0 8 30 0 0 0 1 1 31 1 2 1 1 2 46 5 0 8 1 6 718 0 0 0 1 7 30 0 0 0 2 0 30 0 0 0 2 1 30 0 0 0 2 2 30 0 0 0 2 3 30 0 0 0 2 4 31 1 2 1 2 5 53 0 0 0 2 6 53 0 0 0 2 7 53 0 0 0 2 8 30 0 0 0 3 3 30 0 0 0 3 4 30 0 0 0 3 5 30 0 0 0 3 6 30 0 0 0 3 7 30 0 0 0 4 4 30 0 0 0 4 5 30 0 0 0 4 6 30 0 0 0 4 7 30 0 0 0 5 4 30 0 0 0 5 5 30 0 0 0 5 6 30 0 0 0 5 7 30 0 0 0
11 4 4 4 0 5 1 5 3 4 3 5 38 1 3 2 3 2 4 2 5 3 3 4 0 4 1 4 2 4 3 4 5 4 6 4 7 5 1 5 2 5 3 5 4 5 5 5 6 6 0 6 1 6 2 6 3 6 4 6 5 6 6 6 7 7 1 7 2 7 3 7 4 7 5 8 3 8 5 0 5 1 5 3 4 3 5 4 4 35 7 4 5 33 1 3 35 7 4 5 2 3 35 7 4 5 2 4 35 7 4 5 2 5 312 0 1 0 3 3 35 7 4 5 4 0 35 7 4 5 4 1 35 7 4 5 4 2 35 7 4 5 4 3 35 7 4 5 4 5 35 7 4 5 4 6 35 7 4 5 4 7 35 7 4 5 5 1 35 7 4 5 5 2 35 7 4 5 5 3 35 7 4 5 5 4 35 7 4 5 5 5 35 7 4 5 5 6 35 7 4 5 6 0 35 7 4 5 6 1 35 7 4 5 6 2 35 7 4 5 6 3 35 7 4 5 6 4 35 7 4 5 6 5 35 7 4 5 6 6 35 7 4 5 6 7 35 7 4 5 7 1 35 7 4 5 7 2 35 7 4 5 7 3 35 7 4 5 7 4 35 7 4 5 7 5 35 7 4 5 8 3 35 7 4 5 8 5 35 7 4 5
10 3 5 4 0 4 1 4 3 3 3 4 32 0 2 1 2 2 0 2 1 2 2 2 3 2 4 2 5 2 6 3 1 3 2 4 0 4 1 4 2 4 3 4 4 4 5 4 6 5 1 5 2 5 3 5 4 6 1 6 2 6 3 7 1 7 3 0 4 1 4 3 3 3 4 3 5 552 3 0 3 27 0 2 552 3 0 3 1 2 552 3 0 3 2 0 552 3 0 3 2 1 552 3 0 3 2 2 552 3 0 3 2 3 552 3 0 3 2 4 46 0 2 0 2 5 552 3 0 3 2 6 552 3 0 3 3 1 552 3 0 3 3 2 552 3 0 3 4 0 552 3 0 3 4 1 552 3 0 3 4 2 552 3 0 3 4 3 584 0 0 0 4 4 552 3 0 3 4 5 583 0 0 0 4 6 552 3 0 3 5 1 552 3 0 3 5 2 552 3 0 3 5 3 552 3 0 3 5 4 552 3 0 3 6 1 552 3 0 3 6 2 552 3 0 3 6 3 552 3 0 3 7 1 552 3 0 3 7 3 552 3 0 3
7 3 3 4 0 4 1 4 3 4 3 5 28 0 6 1 6 2 0 2 1 2 2 2 3 2 4 2 5 2 6 2 7 2 8 3 1 3 2 3 6 3 7 4 0 4 1 4 2 4 5 4 6 4 7 4 8 5 5 0 4 1 4 3 3 3 4 3 5 553 5 0 8 23 0 6 553 5 0 8 1 6 553 5 0 8 2 0 553 5 0 8 2 1 553 5 0 8 2 2 553 5 0 8 2 3 553 5 0 8 2 4 31 0 2 1 2 5 553 5 0 8 2 6 553 5 0 8 2 7 553 5 0 8 2 8 553 5 0 8 3 1 553 5 0 8 3 2 583 5 0 8 3 6 584 0 0 0 3 7 553 5 0 8 4 0 553 5 0 8 4 1 553 5 0 8 4 2 553 5 0 8 4 5 15 0 2 1 4 6 15 5 2 7 4 7 584 0 0 0 4 8 584 0 0 0 5 5 553 5 0 8
12 3 4 3 0 5 1 5 3 5 62 0 3 0 7 1 2 1 3 1 7 2 0 2 1 2 2 2 3 2 4 2 5 2 6 2 7 2 8 2 9 3 1 3 2 3 3 3 6 3 7 3 8 4 0 4 1 4 2 4 3 4 4 4 5 4 6 4 7 4 8 4 9 5 0 5 1 5 2 5 3 5 4 5 5 5 6 5 7 5 8 6 0 6 1 6 2 6 3 6 4 6 5 6 6 6 7 6 8 7 1 7 2 7 3 7 4 7 5 7 6 7 8 8 3 8 5 0 5 1 5 3 4 3 5 554 0 0 1 58 0 3 554 0 0 1 0 7 554 0 0 1 1 2 554 0 0 1 1 3 554 0 0 1 1 7 554 0 0 1 2 0 554 0 0 1 2 1 1671 5 0 9 2 2 1222 5 0 9 2 3 1222 5 0 9 2 4 554 0 0 1 2 5 1672 5 2 8 2 6 1671 5 0 9 2 7 1221 0 0 1 2 8 1221 0 0 1 2 9 554 0 0 1 3 1 554 0 0 1 3 2 1671 5 0 9 3 3 1236 5 0 9 3 6 1673 0 0 0 3 7 1674 0 0 1 3 8 554 0 0 1 4 0 554 0 0 1 4 1 1671 5 0 9 4 2 1448 5 0 9 4 3 1448 5 0 9 4 4 585 0 0 1 4 5 554 0 0 1 4 6 1675 5 0 9 4 7 1402 0 0 1 4 8 1402 0 0 1 4 9 554 0 0 1 5 0 554 0 0 1 5 1 554 0 0 1 5 2 554 0 0 1 5 3 554 0 0 1 5 4 554 0 0 1 5 5 554 0 0 1 5 6 554 0 0 1 5 7 554 0 0 1 5 8 554 0 0 1 6 0 554 0 0 1 6 1 554 0 0 1 6 2 554 0 0 1 6 3 554 0 0 1 6 4 554 0 0 1 6 5 554 0 0 1 6 6 554 0 0 1 6 7 554 0 0 1 6 8 554 0 0 1 7 1 554 0 0 1 7 2 554 0 0 1 7 3 554 0 0 1 7 4 554 0 0 1 7 5 554 0 0 1 7 6 554 0 0 1 7 8 554 0 0 1 8 3 554 0 0 1 8 5 554 0 0 1
13 1 4 5 0 4 0 5 0 6 0 7 3 4 65 0 2 1 2 1 3 1 6 1 7 2 0 2 1 2 2 2 3 2 4 2 5 2 6 2 7 2 8 2 9 3 1 3 2 3 3 3 5 3 6 3 7 3 8 4 0 4 1 4 2 4 3 4 4 4 5 4 6 4 7 4 8 4 9 5 1 5 2 5 3 5 4 5 5 5 6 5 7 5 8 5 9 6 1 6 2 6 3 6 4 6 5 6 6 6 7 6 8 6 9 7 1 7 3 7 4 7 5 7 6 7 7 7 8 8 4 8 6 0 4 0 5 0 6 0 7 1 4 3 4 1 0 0 3 59 0 2 1 0 0 3 1 2 1 0 0 3 1 3 1676 5 0 9 1 6 1 0 0 3 1 7 1 0 0 3 2 0 1 0 0 3 2 1 1 0 0 3 2 2 1 0 0 3 2 3 1 0 0 3 2 4 1 0 0 3 2 5 1 0 0 3 2 6 1 0 0 3 2 7 1 0 0 3 2 8 1 0 0 3 2 9 1 0 0 3 3 1 1 0 0 3 3 2 1 0 0 3 3 3 1 0 0 3 3 5 1 0 0 3 3 6 1 0 0 3 3 7 1 0 0 3 3 8 1 0 0 3 4 0 1 0 0 3 4 1 1 0 0 3 4 2 1 0 0 3 4 3 1 0 0 3 4 4 1 0 0 3 4 5 1 0 0 3 4 6 1 0 0 3 4 7 1 0 0 3 4 8 1 0 0 3 4 9 1 0 0 3 5 1 1 0 0 3 5 2 1 0 0 3 5 3 1 0 0 3 5 4 1 0 0 3 5 5 1 0 0 3 5 6 1 0 0 3 5 7 1 0 0 3 5 8 1 0 0 3 5 9 1 0 0 3 6 1 1 0 0 3 6 2 1 0 0 3 6 3 1 0 0 3 6 4 1 0 0 3 6 5 1 0 0 3 6 6 1 0 0 3 6 7 1 0 0 3 6 8 1 0 0 3 6 9 1 0 0 3 7 1 1 0 0 3 7 3 1 0 0 3 7 4 1 0 0 3 7 5 1 0 0 3 7 6 1 0 0 3 7 7 1 0 0 3 7 8 1 0 0 3 8 4 1 0 0 3 8 6 1 0 0 3
6 1 4 3 1 3 1 5 1 6 24 0 0 0 1 0 2 0 3 0 4 0 5 0 6 0 7 0 8 0 9 1 1 1 2 1 7 1 8 2 0 2 1 2 2 2 7 2 8 2 9 1 3 1 4 1 5 1 6 203 5 0 9 20 0 0 203 5 0 9 0 1 203 5 0 9 0 2 123 4 1 9 0 3 203 0 0 0 0 4 203 0 0 0 0 5 203 5 0 9 0 6 203 5 0 9 0 7 123 1 1 0 0 8 203 0 0 0 0 9 203 0 0 0 1 1 203 5 0 9 1 2 203 5 0 9 1 7 203 0 0 0 1 8 203 0 0 0 2 0 203 5 0 9 2 1 203 5 0 9 2 2 203 5 0 9 2 7 203 0 0 0 2 8 203 0 0 0 2 9 203 0 0 0
5 2 3 4 1 3 1 4 1 5 4 3 17 0 4 1 2 1 6 2 0 2 1 2 2 2 4 3 3 4 2 5 2 5 3 6 2 1 3 1 4 1 5 2 3 4 3 75 0 1 0 12 0 4 75 0 1 0 1 2 75 0 1 0 1 6 896 7 6 4 2 0 107 0 1 1 2 1 896 7 6 4 2 2 896 7 6 4 2 4 77 0 1 0 3 3 75 0 1 0 4 2 75 0 1 0 5 2 75 0 1 0 5 3 75 0 1 0 6 2 75 0 1 0
7 4 6 5 1 4 1 5 1 6 4 3 4 5 37 0 5 1 3 1 7 2 5 2 6 2 7 2 8 2 9 3 0 3 1 3 2 3 6 3 7 3 8 3 9 4 1 4 2 4 4 4 7 4 8 5 0 5 1 5 2 5 3 5 4 5 5 5 6 5 7 5 8 5 9 6 7 1 4 1 5 1 6 4 3 4 5 4 6 985 5 0 9 31 0 5 1678 1 5 0 1 3 1678 1 5 0 1 7 985 5 0 9 2 5 1678 1 5 0 2 6 1678 1 5 0 2 7 1678 1 5 0 2 8 1678 1 5 0 2 9 1678 1 5 0 3 0 985 5 0 9 3 1 985 5 0 9 3 2 985 5 0 9 3 6 1678 1 5 0 3 7 985 5 0 9 3 8 985 5 0 9 3 9 985 5 0 9 4 1 985 5 0 9 4 2 985 5 0 9 4 4 985 5 0 9 4 7 985 5 0 9 4 8 985 5 0 9 5 0 985 5 0 9 5 1 985 5 0 9 5 2 985 5 0 9 5 3 985 5 0 9 5 4 985 5 0 9 5 5 1679 5 0 9 5 6 985 5 0 9 5 7 985 5 0 9 5 8 985 5 0 9 5 9 985 5 0 9 6 7 985 5 0 9
11 4 5 5 1 4 1 5 1 6 1 7 4 7 58 0 1 0 2 0 3 0 5 0 6 1 1 1 2 1 3 2 0 2 1 2 2 2 3 2 4 2 5 3 1 3 2 3 3 3 4 3 5 3 6 3 8 3 9 3 10 4 2 4 3 4 4 4 6 4 8 4 9 5 1 5 2 5 3 5 4 5 5 5 6 5 7 5 8 5 9 5 10 6 3 6 4 6 5 6 6 6 7 7 3 7 4 7 5 7 6 8 3 8 4 8 5 8 6 1 4 1 5 1 6 1 7 4 5 4 7 1191 7 4 7 52 0 1 1680 5 0 10 0 2 1680 5 0 10 0 3 1680 5 0 10 0 5 719 5 3 10 0 6 1680 5 0 10 1 1 1680 5 0 10 1 2 1680 5 0 10 1 3 719 5 3 10 2 0 1680 5 0 10 2 1 719 5 3 10 2 2 719 5 3 10 2 3 719 5 3 10 2 4 719 5 3 10 2 5 719 5 3 10 3 1 1191 7 4 7 3 2 1191 7 4 7 3 3 1191 7 4 7 3 4 1191 7 4 7 3 5 1680 5 0 10 3 6 1191 7 4 7 3 8 1191 7 4 7 3 9 1191 7 4 7 3 10 1191 7 4 7 4 2 1191 7 4 7 4 3 1191 7 4 7 4 4 1191 7 4 7 4 6 1191 7 4 7 4 8 1191 7 4 7 4 9 1191 7 4 7 5 1 1191 7 4 7 5 2 1191 7 4 7 5 3 1191 7 4 7 5 4 1191 7 4 7 5 5 1191 7 4 7 5 6 1191 7 4 7 5 7 1191 7 4 7 5 8 1191 7 4 7 5 9 1191 7 4 7 5 10 1191 7 4 7 6 3 1191 7 4 7 6 4 1191 7 4 7 6 5 1191 7 4 7 6 6 1191 7 4 7 6 7 1191 7 4 7 7 3 1191 7 4 7 7 4 1191 7 4 7 7 5 1191 7 4 7 7 6 1191 7 4 7 8 3 1191 7 4 7 8 4 1191 7 4 7 8 5 1191 7 4 7 8 6 1191 7 4 7
14 4 7 4 1 4 1 5 1 6 1 7 80 0 1 0 2 0 3 0 5 0 6 1 1 1 2 1 3 1 9 2 0 2 1 2 2 2 3 2 4 2 5 2 7 2 8 2 9 3 1 3 2 3 3 3 4 3 5 3 6 3 7 3 8 3 9 3 10 3 11 4 2 4 3 4 4 4 5 4 6 4 8 4 9 4 10 5 1 5 2 5 3 5 4 5 5 5 6 5 7 5 8 5 9 5 10 5 11 6 2 6 3 6 4 6 5 6 6 6 7 6 8 6 9 6 10 7 2 7 3 7 4 7 5 7 6 7 7 7 8 7 9 7 10 8 3 8 4 8 5 8 6 8 7 8 8 8 10 9 5 9 7 1 4 1 5 1 6 1 7 4 7 714 2 6 4 75 0 1 714 2 6 4 0 2 714 2 6 4 0 3 714 2 6 4 0 5 714 2 6 4 0 6 1677 5 1 11 1 1 714 2 6 4 1 2 714 2 6 4 1 3 714 2 6 4 1 9 714 2 6 4 2 0 714 2 6 4 2 1 714 2 6 4 2 2 714 2 6 4 2 3 714 2 6 4 2 4 714 2 6 4 2 5 714 2 6 4 2 7 1681 0 0 0 2 8 1681 0 0 0 2 9 714 2 6 4 3 1 714 2 6 4 3 2 714 2 6 4 3 3 714 2 6 4 3 4 714 2 6 4 3 5 714 2 6 4 3 6 714 2 6 4 3 7 1681 0 0 0 3 8 714 2 6 4 3 9 714 2 6 4 3 10 714 2 6 4 3 11 714 2 6 4 4 2 714 2 6 4 4 3 714 2 6 4 4 4 714 2 6 4 4 5 714 2 6 4 4 6 1298 1 4 1 4 8 1298 1 4 1 4 9 714 2 6 4 4 10 714 2 6 4 5 1 714 2 6 4 5 2 714 2 6 4 5 3 714 2 6 4 5 4 714 2 6 4 5 5 714 2 6 4 5 6 1298 1 4 1 5 7 1298 1 4 1 5 8 1298 1 4 1 5 9 714 2 6 4 5 10 714 2 6 4 5 11 714 2 6 4 6 2 714 2 6 4 6 3 714 2 6 4 6 4 714 2 6 4 6 5 714 2 6 4 6 6 1298 1 4 1 6 7 714 2 6 4 6 8 1298 1 4 1 6 9 714 2 6 4 6 10 714 2 6 4 7 2 714 2 6 4 7 3 714 2 6 4 7 4 714 2 6 4 7 5 714 2 6 4 7 6 714 2 6 4 7 7 714 2 6 4 7 8 714 2 6 4 7 9 714 2 6 4 7 10 714 2 6 4 8 3 714 2 6 4 8 4 714 2 6 4 8 5 714 2 6 4 8 6 714 2 6 4 8 7 714 2 6 4 8 8 714 2 6 4 8 10 714 2 6 4 9 5 714 2 6 4 9 7 714 2 6 4
15 4 8 3 5 8 6 8 7 8 103 0 7 0 9 0 11 1 4 1 6 1 7 1 8 1 9 1 10 1 11 2 2 2 3 2 4 2 5 2 6 2 7 2 8 2 9 2 10 2 11 3 1 3 2 3 3 3 4 3 5 3 6 3 7 3 8 3 9 3 10 3 11 3 12 4 1 4 2 4 3 4 4 4 5 4 6 4 7 4 9 4 10 4 11 4 12 4 13 5 0 5 1 5 2 5 3 5 4 5 5 5 6 5 7 5 9 5 10 5 11 5 12 5 13 6 1 6 2 6 3 6 4 6 5 6 6 6 9 6 10 6 11 6 12 6 13 7 0 7 1 7 2 7 3 7 4 7 5 7 6 7 7 7 11 8 1 8 2 8 3 8 4 8 5 8 6 8 7 9 2 9 3 9 4 9 5 9 6 9 7 9 8 10 1 10 2 10 3 10 4 10 5 10 6 11 4 11 6 4 8 5 8 6 8 7 8 1669 3 2 7 99 0 7 1669 3 2 7 0 9 1669 3 2 7 0 11 1669 3 2 7 1 4 1669 3 2 7 1 6 1669 3 2 7 1 7 1669 3 2 7 1 8 1669 3 2 7 1 9 1669 3 2 7 1 10 1669 3 2 7 1 11 1669 3 2 7 2 2 1669 3 2 7 2 3 1669 3 2 7 2 4 1669 3 2 7 2 5 1669 3 2 7 2 6 1669 3 2 7 2 7 533 1 7 3 2 8 1669 3 2 7 2 9 533 1 7 3 2 10 1669 3 2 7 2 11 1669 3 2 7 3 1 1669 3 2 7 3 2 1669 3 2 7 3 3 1669 3 2 7 3 4 1669 3 2 7 3 5 1669 3 2 7 3 6 1669 3 2 7 3 7 1670 1 7 3 3 8 533 1 7 3 3 9 690 1 10 1 3 10 1669 3 2 7 3 11 1669 3 2 7 3 12 1669 3 2 7 4 1 1669 3 2 7 4 2 1669 3 2 7 4 3 1669 3 2 7 4 4 1669 3 2 7 4 5 1669 3 2 7 4 6 1669 3 2 7 4 7 504 1 7 7 4 9 1682 6 0 9 4 10 1669 3 2 7 4 11 1669 3 2 7 4 12 1669 3 2 7 4 13 1669 3 2 7 5 0 1669 3 2 7 5 1 1669 3 2 7 5 2 1669 3 2 7 5 3 1669 3 2 7 5 4 1669 3 2 7 5 5 1669 3 2 7 5 6 1669 3 2 7 5 7 1669 3 2 7 5 9 1669 3 2 7 5 10 1669 3 2 7 5 11 1669 3 2 7 5 12 1669 3 2 7 5 13 1669 3 2 7 6 1 1669 3 2 7 6 2 1669 3 2 7 6 3 1669 3 2 7 6 4 1669 3 2 7 6 5 1669 3 2 7 6 6 1669 3 2 7 6 9 1669 3 2 7 6 10 1669 3 2 7 6 11 1669 3 2 7 6 12 1669 3 2 7 6 13 1669 3 2 7 7 0 1669 3 2 7 7 1 1669 3 2 7 7 2 1669 3 2 7 7 3 1669 3 2 7 7 4 1669 3 2 7 7 5 1669 3 2 7 7 6 1669 3 2 7 7 7 504 1 7 7 7 11 1669 3 2 7 8 1 1669 3 2 7 8 2 1669 3 2 7 8 3 1669 3 2 7 8 4 1669 3 2 7 8 5 1669 3 2 7 8 6 1669 3 2 7 8 7 504 1 7 7 9 2 1669 3 2 7 9 3 1669 3 2 7 9 4 1669 3 2 7 9 5 1669 3 2 7 9 6 1669 3 2 7 9 7 1669 3 2 7 9 8 1669 3 2 7 10 1 1669 3 2 7 10 2 1669 3 2 7 10 3 1669 3 2 7 10 4 1669 3 2 7 10 5 1669 3 2 7 10 6 1669 3 2 7 11 4 1669 3 2 7 11 6 1669 3 2 7
5 2 5 4 1 3 1 4 1 5 4 5 23 0 0 0 1 0 2 0 4 1 1 1 2 2 0 2 1 2 2 2 6 3 5 4 4 4 6 5 4 5 5 5 6 6 4 6 6 1 3 1 4 1 5 2 5 4 5 713 2 6 4 18 0 0 713 2 6 4 0 1 713 2 6 4 0 2 713 2 6 4 0 4 105 1 2 0 1 1 713 2 6 4 1 2 713 2 6 4 2 0 713 2 6 4 2 1 713 2 6 4 2 2 713 2 6 4 2 6 713 2 6 4 3 5 105 1 2 0 4 4 105 1 2 0 4 6 105 1 2 0 5 4 105 1 2 0 5 5 105 1 2 0 5 6 105 1 2 0 6 4 105 1 2 0 6 6 105 1 2 0
7 2 6 4 1 3 1 4 1 5 4 5 25 0 0 0 1 0 2 0 6 0 7 1 1 1 2 1 6 2 0 2 1 2 2 2 5 2 7 3 5 3 6 3 7 4 6 4 7 5 5 5 7 1 3 1 4 1 5 2 6 4 5 277 1 2 0 20 0 0 724 2 5 3 0 1 724 2 5 3 0 2 724 2 5 3 0 6 277 1 2 0 0 7 277 1 2 0 1 1 724 2 5 3 1 2 724 2 5 3 1 6 277 1 2 0 2 0 724 2 5 3 2 1 724 2 5 3 2 2 724 2 5 3 2 5 724 2 5 3 2 7 277 1 2 0 3 5 277 1 2 0 3 6 277 1 2 0 3 7 277 1 2 0 4 6 277 1 2 0 4 7 277 1 2 0 5 5 277 1 2 0 5 7 277 1 2 0
8 3 5 4 1 4 1 5 2 5 4 5 29 0 4 3 0 3 1 3 2 3 3 3 4 3 7 3 8 3 9 4 1 4 2 4 3 4 4 4 6 4 7 4 8 5 1 5 2 5 3 5 4 5 6 5 7 5 8 5 9 1 4 1 5 2 5 3 5 4 5 1 6 0 5 24 0 4 533 0 1 0 3 0 1 6 0 5 3 1 1 6 0 5 3 2 1 6 0 5 3 3 1 6 0 5 3 4 1 6 0 5 3 7 1 6 0 5 3 8 1 6 0 5 3 9 1 6 0 5 4 1 1 6 0 5 4 2 1 6 0 5 4 3 1 6 0 5 4 4 1 6 0 5 4 6 1 6 0 5 4 7 1 6 0 5 4 8 1 6 0 5 5 1 1 6 0 5 5 2 1 6 0 5 5 3 1 6 0 5 5 4 1 6 0 5 5 6 1 6 0 5 5 7 1 6 0 5 5 8 1 6 0 5 5 9 1 6 0 5
9 2 4 4 1 4 1 5 1 6 4 4 35 0 5 1 3 1 7 2 1 2 2 2 3 3 0 3 1 3 2 3 4 3 5 3 6 3 7 3 8 3 9 4 1 4 2 4 3 4 5 4 6 4 7 4 8 5 0 5 1 5 2 5 3 5 5 5 6 5 7 5 8 1 4 1 5 1 6 2 4 4 4 77 0 1 1 30 0 5 77 0 1 1 1 3 1686 5 0 9 1 7 1686 5 0 9 2 1 1686 5 0 9 2 2 1686 5 0 9 2 3 1686 5 0 9 3 0 77 0 1 1 3 1 77 0 1 1 3 2 77 0 1 1 3 4 77 0 1 1 3 5 77 0 1 1 3 6 77 0 1 1 3 7 77 0 1 1 3 8 77 0 1 1 3 9 77 0 1 1 4 1 77 0 1 1 4 2 77 0 1 1 4 3 77 0 1 1 4 5 77 0 1 1 4 6 77 0 1 1 4 7 77 0 1 1 4 8 77 0 1 1 5 0 77 0 1 1 5 1 77 0 1 1 5 2 77 0 1 1 5 3 77 0 1 1 5 5 77 0 1 1 5 6 77 0 1 1 5 7 77 0 1 1 5 8 77 0 1 1
5 2 3 4 1 3 1 4 1 5 4 3 19 0 4 1 2 1 6 2 0 2 1 2 2 3 3 4 2 4 4 5 2 5 3 5 4 6 2 6 4 1 3 1 4 1 5 2 3 4 3 77 0 1 0 14 0 4 77 0 1 0 1 2 713 7 6 4 1 6 713 7 6 4 2 0 713 7 6 4 2 1 713 7 6 4 2 2 713 7 6 4 3 3 77 0 1 0 4 2 77 0 1 0 4 4 77 0 1 0 5 2 77 0 1 0 5 3 77 0 1 0 5 4 77 0 1 0 6 2 77 0 1 0 6 4 77 0 1 0
6 1 5 4 0 7 1 4 1 6 1 7 19 0 1 0 2 0 3 0 8 1 1 1 2 1 3 2 0 2 1 2 2 2 3 2 4 2 5 2 6 0 7 1 4 1 5 1 6 1 7 1 4 1 8 14 0 1 1 4 1 8 0 2 1 4 1 8 0 3 1 4 1 8 0 8 504 6 0 7 1 1 1 4 1 8 1 2 1 4 1 8 1 3 1 4 1 8 2 0 1 4 1 8 2 1 1 4 1 8 2 2 1 4 1 8 2 3 1 4 1 8 2 4 1 4 1 8 2 5 1 4 1 8 2 6 1 4 1 8
7 1 6 5 0 6 1 4 1 7 2 7 3 7 21 0 0 0 1 0 2 0 3 0 4 0 5 1 1 1 2 1 3 1 5 2 1 2 2 2 3 2 8 4 7 0 6 1 4 1 6 1 7 2 7 3 7 6 6 0 7 15 0 0 6 6 0 7 0 1 6 6 0 7 0 2 6 6 0 7 0 3 6 6 0 7 0 4 6 6 0 7 0 5 6 6 0 7 1 1 6 6 0 7 1 2 6 6 0 7 1 3 6 6 0 7 1 5 6 6 0 7 2 1 6 6 0 7 2 2 6 6 0 7 2 3 6 6 0 7 2 8 6 6 0 7 4 7 1689 1 2 0
8 2 2 4 1 3 1 4 1 5 4 3 29 0 1 0 2 0 4 1 2 1 6 2 0 2 1 2 3 3 1 3 2 3 3 4 1 4 2 5 1 5 2 5 3 5 4 6 2 6 3 6 4 7 2 7 3 7 4 8 2 1 3 1 4 1 5 2 2 4 3 223 0 1 0 24 0 1 223 0 1 0 0 2 223 0 1 0 0 4 223 0 1 0 1 2 1690 2 8 2 1 6 724 7 5 5 2 0 724 7 5 5 2 1 1690 2 8 2 2 3 724 7 5 5 3 1 223 0 1 0 3 2 223 0 1 0 3 3 223 0 1 0 4 1 223 0 1 0 4 2 223 0 1 0 5 1 223 0 1 0 5 2 223 0 1 0 5 3 223 0 1 0 5 4 223 0 1 0 6 2 223 0 1 0 6 3 223 0 1 0 6 4 223 0 1 0 7 2 223 0 1 0 7 3 223 0 1 0 7 4 223 0 1 0 8 2 223 0 1 0
4 1 4 3 1 2 1 3 1 5 18 0 0 0 1 0 2 0 5 0 6 0 7 1 1 1 6 2 0 2 1 2 2 2 5 2 6 2 7 1 2 1 3 1 4 1 5 14 2 2 2 14 0 0 14 2 2 2 0 1 14 2 2 2 0 2 14 2 2 2 0 5 14 6 0 5 0 6 14 6 0 5 0 7 14 6 0 5 1 1 14 2 2 2 1 6 14 6 0 5 2 0 14 2 2 2 2 1 14 2 2 2 2 2 14 2 2 2 2 5 14 6 0 5 2 6 14 6 0 5 2 7 14 6 0 5
4 2 3 5 1 3 1 4 1 5 4 2 4 3 14 0 4 1 2 1 6 2 0 2 1 2 2 3 3 5 2 1 3 1 4 1 5 2 3 4 2 4 3 868 3 0 2 8 0 4 77 0 1 0 1 2 868 3 0 2 1 6 868 3 0 2 2 0 868 3 0 2 2 1 868 3 0 2 2 2 868 3 0 2 3 3 77 0 1 0 5 2 77 0 1 0
5 1 4 3 1 2 1 3 1 5 17 0 0 0 1 0 2 0 3 0 4 0 5 0 6 0 7 1 1 1 6 2 5 2 6 2 7 1 2 1 3 1 4 1 5 13 1 1 1 13 0 0 13 1 1 1 0 1 14 2 2 2 0 2 14 2 2 2 0 3 3 1 1 0 0 4 13 1 1 1 0 5 5 5 0 7 0 6 5 5 0 7 0 7 3 1 1 0 1 1 13 1 1 1 1 6 3 1 1 0 2 5 3 1 1 0 2 6 3 1 1 0 2 7 3 1 1 0
6 4 2 5 1 3 1 4 1 5 4 3 4 5 31 0 4 1 2 1 6 2 0 2 1 2 2 2 3 3 0 3 1 3 2 3 3 3 4 3 5 3 6 3 7 4 1 4 4 4 6 5 0 5 1 5 2 5 3 5 5 5 6 5 7 1 3 1 4 1 5 4 2 4 3 4 5 1692 0 3 0 25 0 4 1692 0 3 0 1 2 1692 0 3 0 1 6 1692 0 3 0 2 0 1692 0 3 0 2 1 1692 0 3 0 2 2 1692 0 3 0 2 3 1692 0 3 0 3 0 1693 0 0 0 3 1 1693 0 0 0 3 2 1693 0 0 0 3 3 1692 0 3 0 3 4 1692 0 3 0 3 5 1693 0 0 0 3 6 1693 0 0 0 3 7 1693 0 0 0 4 1 1693 0 0 0 4 4 1693 0 0 0 4 6 1693 0 0 0 5 0 1693 0 0 0 5 1 1693 0 0 0 5 2 1694 0 3 0 5 3 1692 0 3 0 5 5 1693 0 0 0 5 6 1693 0 0 0 5 7 1693 0 0 0
11 4 5 4 1 3 1 4 1 5 4 3 54 0 4 0 6 0 7 1 2 1 6 2 5 2 6 2 7 2 8 3 0 3 1 3 2 3 3 3 4 3 5 3 6 3 7 3 8 4 1 4 2 4 4 4 6 4 7 5 0 5 1 5 2 5 3 5 4 5 5 5 6 5 7 5 8 6 1 6 2 6 3 6 4 6 5 6 6 7 1 7 2 7 3 7 4 7 5 7 6 8 1 8 2 8 3 8 4 8 6 1 3 1 4 1 5 4 3 4 5 1688 5 0 8 49 0 4 719 5 3 8 0 6 1688 5 0 8 0 7 1688 5 0 8 1 2 719 5 3 8 1 6 719 5 3 8 2 5 719 5 3 8 2 6 719 5 3 8 2 7 719 5 3 8 2 8 719 5 3 8 3 0 1688 5 0 8 3 1 1688 5 0 8 3 2 1688 5 0 8 3 3 1688 5 0 8 3 4 1688 5 0 8 3 5 719 5 3 8 3 6 1688 5 0 8 3 7 1688 5 0 8 3 8 1688 5 0 8 4 1 1688 5 0 8 4 2 1688 5 0 8 4 4 1691 5 0 8 4 6 1060 5 0 8 4 7 1688 5 0 8 5 0 1688 5 0 8 5 1 1688 5 0 8 5 2 1688 5 0 8 5 3 1688 5 0 8 5 4 1695 5 0 8 5 5 1060 5 0 8 5 6 1060 5 0 8 5 7 1688 5 0 8 5 8 1688 5 0 8 6 1 1688 5 0 8 6 2 1688 5 0 8 6 3 1688 5 0 8 6 4 1695 5 0 8 6 5 1688 5 0 8 6 6 1695 5 0 8 7 1 1688 5 0 8 7 2 1688 5 0 8 7 3 1688 5 0 8 7 4 1688 5 0 8 7 5 1688 5 0 8 7 6 1688 5 0 8 8 1 1688 5 0 8 8 2 1688 5 0 8 8 3 1688 5 0 8 8 4 1688 5 0 8 8 6 1688 5 0 8
12 1 7 4 1 4 1 5 1 6 4 6 60 0 1 0 2 0 3 0 5 0 7 0 8 0 9 1 2 1 3 1 8 2 2 2 3 2 4 2 7 2 8 2 9 3 0 3 1 3 2 3 3 3 4 3 5 3 7 3 8 3 9 4 1 4 2 4 3 4 4 4 5 4 7 4 8 5 0 5 1 5 2 5 3 5 4 5 5 5 6 5 7 5 8 5 9 6 2 6 3 6 4 6 5 6 6 7 2 7 3 7 4 7 5 8 2 8 3 8 4 8 5 1 4 1 5 1 6 1 7 4 6 14 2 2 4 55 0 1 14 2 2 4 0 2 14 2 2 4 0 3 14 2 2 4 0 5 14 2 2 4 0 7 726 0 0 0 0 8 726 0 0 0 0 9 726 0 0 0 1 2 14 2 2 4 1 3 14 2 2 4 1 8 726 0 0 0 2 2 14 2 2 4 2 3 14 2 2 4 2 4 14 2 2 4 2 7 726 0 0 0 2 8 726 0 0 0 2 9 726 0 0 0 3 0 14 2 2 4 3 1 14 2 2 4 3 2 14 2 2 4 3 3 14 2 2 4 3 4 14 2 2 4 3 5 14 2 2 4 3 7 14 2 2 4 3 8 14 2 2 4 3 9 14 2 2 4 4 1 14 2 2 4 4 2 14 2 2 4 4 3 14 2 2 4 4 4 14 2 2 4 4 5 14 2 2 4 4 7 14 2 2 4 4 8 14 2 2 4 5 0 14 2 2 4 5 1 14 2 2 4 5 2 14 2 2 4 5 3 14 2 2 4 5 4 14 2 2 4 5 5 14 2 2 4 5 6 14 2 2 4 5 7 14 2 2 4 5 8 14 2 2 4 5 9 14 2 2 4 6 2 14 2 2 4 6 3 14 2 2 4 6 4 14 2 2 4 6 5 14 2 2 4 6 6 14 2 2 4 7 2 14 2 2 4 7 3 14 2 2 4 7 4 14 2 2 4 7 5 14 2 2 4 8 2 14 2 2 4 8 3 14 2 2 4 8 4 14 2 2 4 8 5 14 2 2 4
5 1 3 4 0 5 1 2 1 4 1 5 13 0 0 0 1 0 2 0 6 1 1 2 4 2 5 2 6 0 5 1 2 1 3 1 4 1 5 1 4 1 6 8 0 0 1 4 1 6 0 1 1 4 1 6 0 2 1 4 1 6 0 6 5 1 2 0 1 1 1 4 1 6 2 4 1 4 1 6 2 5 1 4 1 6 2 6 1 4 1 6
8 1 2 5 1 1 1 3 1 4 2 4 3 4 28 0 2 0 4 0 5 2 0 2 1 2 2 2 5 3 1 3 3 4 0 4 1 4 2 4 3 4 4 4 5 5 0 5 1 5 3 5 4 5 5 6 0 6 5 1 1 1 2 1 3 1 4 2 4 3 4 1 5 1 5 22 0 2 1 5 1 5 0 4 1 5 1 5 0 5 1 5 1 5 2 0 1 5 1 5 2 1 1 5 1 5 2 2 1 5 1 5 2 5 899 0 0 0 3 1 1 5 1 5 3 3 1 5 1 5 4 0 1 5 1 5 4 1 1 5 1 5 4 2 1 5 1 5 4 3 1 5 1 5 4 4 1 5 1 5 4 5 1 5 1 5 5 0 1 5 1 5 5 1 1 5 1 5 5 3 1 5 1 5 5 4 1 5 1 5 5 5 1 5 1 5 6 0 1 5 1 5 6 5 1 5 1 5
9 2 5 4 1 3 1 4 1 5 4 5 32 0 0 0 1 0 2 0 4 0 6 1 1 1 2 1 6 2 0 2 1 2 2 2 3 2 6 3 2 3 4 3 5 3 6 4 1 4 2 4 3 4 4 5 0 5 1 5 2 5 4 5 5 6 4 1 3 1 4 1 5 2 5 4 5 105 1 2 0 27 0 0 1698 2 6 4 0 1 1698 2 6 4 0 2 1698 2 6 4 0 4 105 1 2 0 0 6 105 1 2 0 1 1 1698 2 6 4 1 2 1698 2 6 4 1 6 105 1 2 0 2 0 1698 2 6 4 2 1 1698 2 6 4 2 2 1698 2 6 4 2 3 105 1 2 0 2 6 1699 7 5 6 3 2 105 1 2 0 3 4 105 1 2 0 3 5 105 1 2 0 3 6 105 1 2 0 4 1 105 1 2 0 4 2 105 1 2 0 4 3 105 1 2 0 4 4 105 1 2 0 5 0 105 1 2 0 5 1 105 1 2 0 5 2 105 1 2 0 5 4 105 1 2 0 5 5 105 1 2 0 6 4 105 1 2 0
17 4 5 3 1 5 1 6 1 7 94 0 2 0 3 0 4 0 6 0 8 0 9 0 10 1 1 1 2 1 3 1 4 1 8 1 9 2 0 2 1 2 2 2 3 2 4 2 5 2 7 2 8 2 9 2 10 3 0 3 1 3 2 3 3 3 4 3 5 3 6 3 7 3 8 3 9 3 10 3 11 4 1 4 2 4 3 4 4 4 6 4 7 4 8 4 9 4 10 5 0 5 1 5 2 5 3 5 4 5 5 5 6 5 7 5 8 5 9 5 10 5 11 6 1 6 2 6 3 6 4 6 5 6 6 6 7 6 8 6 9 7 0 7 1 7 2 7 3 7 4 7 5 7 6 7 7 7 8 7 9 7 10 8 2 8 3 8 4 8 5 8 6 8 7 8 8 8 9 9 2 9 3 9 4 9 5 9 6 9 7 1 5 1 6 1 7 4 5 1684 5 0 10 90 0 2 1684 5 0 10 0 3 1684 5 0 10 0 4 1684 5 0 10 0 6 1685 5 0 10 0 8 1687 0 0 1 0 9 1687 0 0 1 0 10 1687 0 0 1 1 1 1684 5 0 10 1 2 1684 5 0 10 1 3 1684 5 0 10 1 4 1684 5 0 10 1 8 1667 0 0 0 1 9 1687 0 0 1 2 0 1684 5 0 10 2 1 1684 5 0 10 2 2 1684 5 0 10 2 3 1684 5 0 10 2 4 1696 0 0 2 2 5 1696 0 0 2 2 7 1684 5 0 10 2 8 1687 0 0 1 2 9 1687 0 0 1 2 10 1687 0 0 1 3 0 1684 5 0 10 3 1 1684 5 0 10 3 2 1684 5 0 10 3 3 1684 5 0 10 3 4 1684 5 0 10 3 5 1697 5 0 11 3 6 1684 5 0 10 3 7 1684 5 0 10 3 8 1684 5 0 10 3 9 1684 5 0 10 3 10 1684 5 0 10 3 11 1684 5 0 10 4 1 1684 5 0 10 4 2 1684 5 0 10 4 3 1684 5 0 10 4 4 1700 5 0 10 4 6 1685 5 0 10 4 7 1684 5 0 10 4 8 1684 5 0 10 4 9 1684 5 0 10 4 10 1684 5 0 10 5 0 1684 5 0 10 5 1 1684 5 0 10 5 2 1684 5 0 10 5 3 1684 5 0 10 5 4 1685 5 0 10 5 5 1687 0 0 1 5 6 1685 5 0 10 5 7 1684 5 0 10 5 8 1684 5 0 10 5 9 1684 5 0 10 5 10 1684 5 0 10 5 11 1684 5 0 10 6 1 1684 5 0 10 6 2 1684 5 0 10 6 3 1684 5 0 10 6 4 1685 5 0 10 6 5 1684 5 0 10 6 6 1685 5 0 10 6 7 1684 5 0 10 6 8 1684 5 0 10 6 9 1684 5 0 10 7 0 1684 5 0 10 7 1 1684 5 0 10 7 2 1684 5 0 10 7 3 1684 5 0 10 7 4 1684 5 0 10 7 5 1684 5 0 10 7 6 1684 5 0 10 7 7 1684 5 0 10 7 8 1684 5 0 10 7 9 1684 5 0 10 7 10 1684 5 0 10 8 2 1684 5 0 10 8 3 1684 5 0 10 8 4 1684 5 0 10 8 5 1684 5 0 10 8 6 1684 5 0 10 8 7 1684 5 0 10 8 8 1684 5 0 10 8 9 1684 5 0 10 9 2 1684 5 0 10 9 3 1684 5 0 10 9 4 1684 5 0 10 9 5 1684 5 0 10 9 6 1684 5 0 10 9 7 1684 5 0 10
18 7 8 2 5 8 6 8 151 0 2 0 4 0 6 0 7 0 10 0 12 1 2 1 3 1 4 1 5 1 6 1 7 1 8 1 10 1 11 1 12 2 0 2 1 2 2 2 3 2 4 2 5 2 6 2 7 2 8 2 9 2 10 2 11 2 12 2 13 2 14 2 15 3 0 3 1 3 2 3 3 3 4 3 5 3 6 3 7 3 8 3 9 3 10 3 11 3 12 3 13 3 14 3 15 4 0 4 1 4 2 4 3 4 4 4 5 4 6 4 7 4 8 4 9 4 10 4 11 4 12 4 13 4 14 4 15 5 0 5 1 5 2 5 3 5 4 5 5 5 6 5 7 5 10 5 11 5 12 5 13 5 14 5 15 6 0 6 1 6 2 6 3 6 4 6 5 6 6 6 9 6 10 6 11 6 12 6 13 7 0 7 1 7 2 7 3 7 4 7 5 7 6 7 7 7 9 7 10 7 11 7 12 7 13 8 1 8 2 8 3 8 4 8 5 8 6 8 7 8 8 8 9 8 10 8 11 8 12 8 13 9 1 9 2 9 3 9 4 9 5 9 6 9 7 9 8 9 9 9 10 9 11 9 12 10 2 10 3 10 4 10 5 10 6 10 7 10 8 10 9 10 10 10 11 11 4 11 6 11 7 11 8 11 9 11 10 11 11 12 7 12 9 12 11 5 8 6 8 7 8 31 3 3 7 148 0 2 31 3 3 7 0 4 31 3 3 7 0 6 31 3 3 7 0 7 31 3 3 7 0 10 31 3 3 7 0 12 31 3 3 7 1 2 31 3 3 7 1 3 31 3 3 7 1 4 31 3 3 7 1 5 31 3 3 7 1 6 31 3 3 7 1 7 31 3 3 7 1 8 31 3 3 7 1 10 31 3 3 7 1 11 31 3 3 7 1 12 31 3 3 7 2 0 31 3 3 7 2 1 31 3 3 7 2 2 31 3 3 7 2 3 31 3 3 7 2 4 31 3 3 7 2 5 31 3 3 7 2 6 31 3 3 7 2 7 31 3 3 7 2 8 31 3 3 7 2 9 31 3 3 7 2 10 31 3 3 7 2 11 31 3 3 7 2 12 31 3 3 7 2 13 31 3 3 7 2 14 31 3 3 7 2 15 31 3 3 7 3 0 31 3 3 7 3 1 31 3 3 7 3 2 31 3 3 7 3 3 31 3 3 7 3 4 31 3 3 7 3 5 31 3 3 7 3 6 31 3 3 7 3 7 393 3 2 5 3 8 31 3 3 7 3 9 31 3 3 7 3 10 31 3 3 7 3 11 31 3 3 7 3 12 31 3 3 7 3 13 31 3 3 7 3 14 31 3 3 7 3 15 31 3 3 7 4 0 31 3 3 7 4 1 31 3 3 7 4 2 31 3 3 7 4 3 31 3 3 7 4 4 31 3 3 7 4 5 31 3 3 7 4 6 31 3 3 7 4 7 393 3 2 5 4 8 1683 1 12 0 4 9 31 3 3 7 4 10 31 3 3 7 4 11 31 3 3 7 4 12 31 3 3 7 4 13 31 3 3 7 4 14 31 3 3 7 4 15 31 3 3 7 5 0 31 3 3 7 5 1 31 3 3 7 5 2 31 3 3 7 5 3 31 3 3 7 5 4 31 3 3 7 5 5 31 3 3 7 5 6 31 3 3 7 5 7 393 3 2 5 5 10 31 3 3 7 5 11 31 3 3 7 5 12 31 3 3 7 5 13 31 3 3 7 5 14 31 3 3 7 5 15 31 3 3 7 6 0 31 3 3 7 6 1 31 3 3 7 6 2 31 3 3 7 6 3 31 3 3 7 6 4 31 3 3 7 6 5 31 3 3 7 6 6 31 3 3 7 6 9 31 3 3 7 6 10 31 3 3 7 6 11 31 3 3 7 6 12 31 3 3 7 6 13 31 3 3 7 7 0 31 3 3 7 7 1 31 3 3 7 7 2 31 3 3 7 7 3 31 3 3 7 7 4 31 3 3 7 7 5 31 3 3 7 7 6 31 3 3 7 7 7 53 6 2 9 7 9 1701 6 0 9 7 10 31 3 3 7 7 11 31 3 3 7 7 12 31 3 3 7 7 13 31 3 3 7 8 1 31 3 3 7 8 2 31 3 3 7 8 3 31 3 3 7 8 4 31 3 3 7 8 5 31 3 3 7 8 6 31 3 3 7 8 7 53 6 2 9 8 8 534 1 8 3 8 9 740 4 9 15 8 10 31 3 3 7 8 11 31 3 3 7 8 12 31 3 3 7 8 13 31 3 3 7 9 1 31 3 3 7 9 2 31 3 3 7 9 3 31 3 3 7 9 4 31 3 3 7 9 5 31 3 3 7 9 6 31 3 3 7 9 7 53 6 2 9 9 8 56 2 9 7 9 9 534 1 8 3 9 10 31 3 3 7 9 11 31 3 3 7 9 12 31 3 3 7 10 2 31 3 3 7 10 3 31 3 3 7 10 4 31 3 3 7 10 5 31 3 3 7 10 6 31 3 3 7 10 7 56 2 9 7 10 8 31 3 3 7 10 9 56 2 9 7 10 10 31 3 3 7 10 11 31 3 3 7 11 4 31 3 3 7 11 6 31 3 3 7 11 7 31 3 3 7 11 8 31 3 3 7 11 9 31 3 3 7 11 10 31 3 3 7 11 11 31 3 3 7 12 7 31 3 3 7 12 9 31 3 3 7 12 11 31 3 3 7
13 5 7 3 2 7 3 7 4 7 101 0 3 0 5 0 9 0 11 1 3 1 4 1 5 1 6 1 8 1 9 1 10 1 11 2 3 2 4 2 5 2 6 2 8 2 9 2 10 2 11 3 2 3 3 3 4 3 5 3 9 3 10 3 11 3 12 4 1 4 2 4 3 4 4 4 5 4 6 4 8 4 9 4 10 4 11 4 12 4 13 5 0 5 1 5 2 5 3 5 4 5 5 5 6 5 8 5 9 5 10 5 11 5 12 5 13 5 14 6 1 6 2 6 3 6 4 6 5 6 6 6 7 6 8 6 9 6 10 6 11 6 12 6 13 7 0 7 1 7 2 7 3 7 4 7 5 7 6 7 7 7 8 7 9 7 10 7 11 7 12 7 13 7 14 8 3 8 4 8 5 8 6 8 7 8 8 8 9 8 10 8 11 9 3 9 5 9 6 9 8 9 9 9 11 2 7 3 7 4 7 5 7 14 0 2 6 97 0 3 14 0 2 6 0 5 14 0 2 6 0 9 14 0 2 6 0 11 14 0 2 6 1 3 14 0 2 6 1 4 14 0 2 6 1 5 14 0 2 6 1 6 14 0 2 6 1 8 14 0 2 6 1 9 14 0 2 6 1 10 14 0 2 6 1 11 14 0 2 6 2 3 14 0 2 6 2 4 14 0 2 6 2 5 14 0 2 6 2 6 14 0 2 6 2 8 14 0 2 6 2 9 14 0 2 6 2 10 14 0 2 6 2 11 14 0 2 6 3 2 14 0 2 6 3 3 14 0 2 6 3 4 14 0 2 6 3 5 14 0 2 6 3 9 14 0 2 6 3 10 14 0 2 6 3 11 14 0 2 6 3 12 14 0 2 6 4 1 14 0 2 6 4 2 14 0 2 6 4 3 14 0 2 6 4 4 14 0 2 6 4 5 14 0 2 6 4 6 14 0 2 6 4 8 14 0 2 6 4 9 14 0 2 6 4 10 14 0 2 6 4 11 14 0 2 6 4 12 14 0 2 6 4 13 14 0 2 6 5 0 14 0 2 6 5 1 14 0 2 6 5 2 14 0 2 6 5 3 14 0 2 6 5 4 14 0 2 6 5 5 14 0 2 6 5 6 1078 2 9 6 5 8 1078 7 9 8 5 9 14 0 2 6 5 10 14 0 2 6 5 11 14 0 2 6 5 12 14 0 2 6 5 13 14 0 2 6 5 14 14 0 2 6 6 1 14 0 2 6 6 2 14 0 2 6 6 3 14 0 2 6 6 4 14 0 2 6 6 5 14 0 2 6 6 6 1055 5 0 14 6 7 17 0 2 3 6 8 1055 0 0 0 6 9 14 0 2 6 6 10 14 0 2 6 6 11 14 0 2 6 6 12 14 0 2 6 6 13 14 0 2 6 7 0 14 0 2 6 7 1 14 0 2 6 7 2 14 0 2 6 7 3 14 0 2 6 7 4 14 0 2 6 7 5 14 0 2 6 7 6 17 0 2 3 7 7 14 0 2 6 7 8 17 0 2 3 7 9 14 0 2 6 7 10 14 0 2 6 7 11 14 0 2 6 7 12 14 0 2 6 7 13 14 0 2 6 7 14 14 0 2 6 8 3 14 0 2 6 8 4 14 0 2 6 8 5 14 0 2 6 8 6 14 0 2 6 8 7 14 0 2 6 8 8 14 0 2 6 8 9 14 0 2 6 8 10 14 0 2 6 8 11 14 0 2 6 9 3 14 0 2 6 9 5 14 0 2 6 9 6 14 0 2 6 9 8 14 0 2 6 9 9 14 0 2 6 9 11 14 0 2 6
14 7 7 2 5 7 6 7 151 0 3 0 5 0 6 0 8 0 9 0 11 1 3 1 4 1 5 1 6 1 7 1 8 1 9 1 10 1 11 2 0 2 1 2 2 2 3 2 4 2 5 2 6 2 7 2 8 2 9 2 10 2 11 2 12 2 13 2 14 3 1 3 2 3 3 3 4 3 5 3 6 3 7 3 8 3 9 3 10 3 11 3 12 3 13 4 0 4 1 4 2 4 3 4 4 4 5 4 6 4 7 4 8 4 9 4 10 4 11 4 12 4 13 4 14 5 1 5 2 5 3 5 4 5 5 5 6 5 8 5 9 5 10 5 11 5 12 5 13 6 2 6 3 6 4 6 5 6 9 6 10 6 11 6 12 7 1 7 2 7 3 7 4 7 5 7 6 7 8 7 9 7 10 7 11 7 12 7 13 8 0 8 1 8 2 8 3 8 4 8 5 8 6 8 7 8 8 8 9 8 10 8 11 8 12 8 13 8 14 9 1 9 2 9 3 9 4 9 5 9 6 9 7 9 8 9 9 9 10 9 11 9 12 9 13 10 0 10 1 10 2 10 3 10 4 10 5 10 6 10 7 10 8 10 9 10 10 10 11 10 12 10 13 10 14 11 3 11 4 11 5 11 6 11 7 11 8 11 9 11 10 11 11 12 3 12 5 12 6 12 8 12 9 12 11 5 7 6 7 7 7 31 2 9 6 148 0 3 31 2 9 6 0 5 31 2 9 6 0 6 31 2 9 6 0 8 31 2 9 6 0 9 31 2 9 6 0 11 31 2 9 6 1 3 31 2 9 6 1 4 31 2 9 6 1 5 31 2 9 6 1 6 31 2 9 6 1 7 31 2 9 6 1 8 31 2 9 6 1 9 31 2 9 6 1 10 31 2 9 6 1 11 31 2 9 6 2 0 31 2 9 6 2 1 31 2 9 6 2 2 31 2 9 6 2 3 31 2 9 6 2 4 31 2 9 6 2 5 31 2 9 6 2 6 31 3 3 6 2 7 31 2 9 6 2 8 31 3 3 6 2 9 31 2 9 6 2 10 31 2 9 6 2 11 31 2 9 6 2 12 31 2 9 6 2 13 31 2 9 6 2 14 31 2 9 6 3 1 31 2 9 6 3 2 31 2 9 6 3 3 31 2 9 6 3 4 31 2 9 6 3 5 31 2 9 6 3 6 31 6 3 8 3 7 31 3 3 6 3 8 31 3 3 6 3 9 31 2 9 6 3 10 31 2 9 6 3 11 31 2 9 6 3 12 31 2 9 6 3 13 31 2 9 6 4 0 31 2 9 6 4 1 31 2 9 6 4 2 31 2 9 6 4 3 31 2 9 6 4 4 31 2 9 6 4 5 31 2 9 6 4 6 31 6 3 8 4 7 1703 0 3 0 4 8 31 3 3 6 4 9 31 2 9 6 4 10 31 2 9 6 4 11 31 2 9 6 4 12 31 2 9 6 4 13 31 2 9 6 4 14 31 2 9 6 5 1 31 2 9 6 5 2 31 2 9 6 5 3 31 2 9 6 5 4 31 2 9 6 5 5 31 2 9 6 5 6 31 6 3 8 5 8 31 3 3 6 5 9 31 2 9 6 5 10 31 2 9 6 5 11 31 2 9 6 5 12 31 2 9 6 5 13 31 2 9 6 6 2 31 2 9 6 6 3 31 2 9 6 6 4 31 2 9 6 6 5 31 2 9 6 6 9 31 2 9 6 6 10 31 2 9 6 6 11 31 2 9 6 6 12 31 2 9 6 7 1 31 2 9 6 7 2 31 2 9 6 7 3 31 2 9 6 7 4 31 2 9 6 7 5 31 2 9 6 7 6 31 7 9 8 7 8 31 2 9 6 7 9 31 2 9 6 7 10 31 2 9 6 7 11 31 2 9 6 7 12 31 2 9 6 7 13 31 2 9 6 8 0 31 2 9 6 8 1 31 2 9 6 8 2 31 2 9 6 8 3 31 2 9 6 8 4 31 2 9 6 8 5 31 2 9 6 8 6 31 7 9 8 8 7 1703 1 9 0 8 8 31 2 9 6 8 9 31 2 9 6 8 10 31 2 9 6 8 11 31 2 9 6 8 12 31 2 9 6 8 13 31 2 9 6 8 14 31 2 9 6 9 1 31 2 9 6 9 2 31 2 9 6 9 3 31 2 9 6 9 4 31 2 9 6 9 5 31 2 9 6 9 6 31 7 9 8 9 7 31 2 9 6 9 8 31 2 9 6 9 9 31 2 9 6 9 10 31 2 9 6 9 11 31 2 9 6 9 12 31 2 9 6 9 13 31 2 9 6 10 0 31 2 9 6 10 1 31 2 9 6 10 2 31 2 9 6 10 3 31 2 9 6 10 4 31 2 9 6 10 5 31 2 9 6 10 6 31 2 9 6 10 7 31 2 9 6 10 8 31 2 9 6 10 9 31 2 9 6 10 10 31 2 9 6 10 11 31 2 9 6 10 12 31 2 9 6 10 13 31 2 9 6 10 14 31 2 9 6 11 3 31 2 9 6 11 4 31 2 9 6 11 5 31 2 9 6 11 6 31 2 9 6 11 7 31 2 9 6 11 8 31 2 9 6 11 9 31 2 9 6 11 10 31 2 9 6 11 11 31 2 9 6 12 3 31 2 9 6 12 5 31 2 9 6 12 6 31 2 9 6 12 8 31 2 9 6 12 9 31 2 9 6 12 11 31 2 9 6
8 4 4 3 1 4 2 4 3 4 30 0 3 1 3 2 3 2 5 3 0 3 1 3 2 3 3 3 5 3 6 3 7 4 1 4 2 4 3 4 5 4 6 5 0 5 1 5 2 5 3 5 4 5 5 6 4 6 5 7 4 7 5 1 4 2 4 3 4 4 4 5 2 6 3 26 0 3 17 0 1 0 1 3 17 0 1 0 2 3 17 0 1 0 2 5 5 2 6 3 3 0 5 2 6 3 3 1 5 2 6 3 3 2 5 2 6 3 3 3 5 2 6 3 3 5 5 2 6 3 3 6 5 2 6 3 3 7 5 2 6 3 4 1 5 2 6 3 4 2 5 2 6 3 4 3 5 2 6 3 4 5 337 0 0 1 4 6 5 2 6 3 5 0 5 2 6 3 5 1 5 2 6 3 5 2 5 2 6 3 5 3 5 2 6 3 5 4 17 0 1 0 5 5 340 5 0 7 6 4 5 2 6 3 6 5 340 5 0 7 7 4 5 2 6 3 7 5 5 2 6 3
9 4 6 3 3 5 4 4 4 5 42 0 3 0 4 1 3 1 4 2 3 2 4 3 0 3 1 3 2 3 3 3 4 3 7 3 8 3 9 4 0 4 1 4 2 4 3 4 7 4 8 5 2 5 3 5 4 5 5 5 6 5 7 5 8 5 9 6 2 6 3 6 4 6 5 7 2 7 3 7 4 7 5 8 2 8 4 3 5 4 4 4 5 4 6 941 5 3 9 38 0 3 941 5 3 9 0 4 941 5 3 9 1 3 941 5 3 9 1 4 941 5 3 9 2 3 941 5 3 9 2 4 941 5 3 9 3 0 941 5 3 9 3 1 941 5 3 9 3 2 941 5 3 9 3 3 941 5 3 9 3 4 109 5 2 8 3 7 30 4 5 9 3 8 30 4 5 9 3 9 30 4 5 9 4 0 941 5 3 9 4 1 941 5 3 9 4 2 941 5 3 9 4 3 1609 3 0 3 4 7 1705 7 8 7 4 8 109 5 2 8 5 2 53 5 3 9 5 3 53 5 3 9 5 4 53 5 3 9 5 5 941 5 3 9 5 6 30 4 5 9 5 7 30 5 3 9 5 8 30 5 3 9 5 9 941 5 3 9 6 2 941 5 3 9 6 3 941 5 3 9 6 4 941 5 3 9 6 5 941 5 3 9 7 2 941 5 3 9 7 3 941 5 3 9 7 4 941 5 3 9 7 5 941 5 3 9 8 2 941 5 3 9 8 4 941 5 3 9
10 1 3 2 1 4 1 5 37 0 0 0 1 0 2 0 4 0 5 0 6 0 7 0 8 1 1 1 2 1 6 1 7 2 0 2 1 2 2 2 3 2 4 2 5 2 6 2 7 2 8 3 3 3 4 3 5 3 6 3 7 4 4 4 5 4 6 4 7 5 4 5 5 5 6 5 7 1 3 1 4 1 5 30 1 2 0 34 0 0 30 1 2 0 0 1 30 1 2 0 0 2 30 1 2 0 0 4 31 1 2 1 0 5 15 1 2 1 0 6 15 4 2 7 0 7 15 4 2 7 0 8 30 0 0 0 1 1 31 1 2 1 1 2 46 5 0 8 1 6 718 0 0 0 1 7 30 0 0 0 2 0 30 0 0 0 2 1 30 0 0 0 2 2 30 0 0 0 2 3 30 0 0 0 2 4 31 1 2 1 2 5 53 0 0 0 2 6 53 0 0 0 2 7 53 0 0 0 2 8 30 0 0 0 3 3 30 0 0 0 3 4 30 0 0 0 3 5 30 0 0 0 3 6 30 0 0 0 3 7 30 0 0 0 4 4 30 0 0 0 4 5 30 0 0 0 4 6 30 0 0 0 4 7 30 0 0 0 5 4 30 0 0 0 5 5 30 0 0 0 5 6 30 0 0 0 5 7 30 0 0 0
12 4 3 3 3 5 4 4 4 5 71 0 1 0 2 0 3 0 4 1 1 1 2 1 3 1 4 2 1 2 2 2 3 2 4 3 0 3 1 3 2 3 3 3 7 3 8 3 9 4 1 4 2 4 6 4 7 4 8 4 9 5 0 5 1 5 2 5 3 5 4 5 5 5 6 5 7 5 8 5 9 6 0 6 1 6 2 6 3 6 4 6 5 6 6 6 7 6 8 7 0 7 1 7 2 7 3 7 4 7 5 7 6 7 7 8 2 8 3 8 4 8 5 8 6 8 7 9 2 9 3 9 4 9 7 10 2 10 3 10 4 11 2 11 4 3 5 4 3 4 4 4 5 31 4 5 7 67 0 1 31 4 5 7 0 2 31 4 5 7 0 3 31 4 5 7 0 4 31 4 5 7 1 1 31 4 5 7 1 2 31 4 5 7 1 3 31 4 5 7 1 4 31 4 5 7 2 1 31 4 5 7 2 2 31 4 5 7 2 3 31 4 5 7 2 4 31 4 5 7 3 0 497 1 5 0 3 1 497 1 5 0 3 2 497 1 5 0 3 3 497 1 5 0 3 7 31 4 5 7 3 8 31 4 5 7 3 9 31 4 5 7 4 1 119 6 1 6 4 2 902 7 11 7 4 6 57 7 7 6 4 7 31 4 5 7 4 8 31 4 5 7 4 9 31 4 5 7 5 0 1497 5 3 9 5 1 1497 5 3 9 5 2 1497 5 3 9 5 3 53 1 5 0 5 4 31 4 5 7 5 5 119 6 1 6 5 6 119 6 1 6 5 7 119 6 1 6 5 8 31 4 5 7 5 9 31 4 5 7 6 0 31 4 5 7 6 1 31 4 5 7 6 2 31 4 5 7 6 3 31 4 5 7 6 4 31 4 5 7 6 5 31 4 5 7 6 6 31 4 5 7 6 7 31 4 5 7 6 8 31 4 5 7 7 0 31 4 5 7 7 1 31 4 5 7 7 2 31 4 5 7 7 3 31 4 5 7 7 4 31 4 5 7 7 5 31 4 5 7 7 6 31 4 5 7 7 7 31 4 5 7 8 2 31 4 5 7 8 3 31 4 5 7 8 4 31 4 5 7 8 5 31 4 5 7 8 6 31 4 5 7 8 7 31 4 5 7 9 2 31 4 5 7 9 3 31 4 5 7 9 4 31 4 5 7 9 7 31 4 5 7 10 2 31 4 5 7 10 3 31 4 5 7 10 4 31 4 5 7 11 2 31 4 5 7 11 4 31 4 5 7
10 3 4 4 0 5 1 5 3 5 3 6 36 1 4 2 1 2 2 2 3 2 4 2 7 2 8 2 9 3 1 3 2 3 3 3 7 3 8 3 9 4 0 4 1 4 2 4 3 4 4 4 5 4 6 4 7 4 8 4 9 5 2 5 3 5 4 5 5 6 2 6 3 6 4 0 5 1 5 3 4 3 5 3 6 555 5 0 9 31 1 4 53 1 4 1 2 1 555 5 0 9 2 2 555 5 0 9 2 3 991 1 4 0 2 4 991 1 4 0 2 7 53 1 4 1 2 8 53 1 4 1 2 9 53 1 4 1 3 1 555 5 0 9 3 2 555 5 0 9 3 3 555 5 0 9 3 7 57 7 6 7 3 8 53 1 4 1 3 9 555 5 0 9 4 0 555 5 0 9 4 1 555 5 0 9 4 2 555 5 0 9 4 3 221 1 4 2 4 4 53 1 4 1 4 5 555 5 0 9 4 6 555 5 0 9 4 7 431 1 4 0 4 8 494 7 6 7 4 9 53 1 4 1 5 2 555 5 0 9 5 3 555 5 0 9 5 4 555 5 0 9 5 5 555 5 0 9 6 2 555 5 0 9 6 3 555 5 0 9 6 4 555 5 0 9
11 4 5 4 1 5 2 5 2 6 4 6 41 0 6 1 6 2 4 3 0 3 1 3 2 3 3 3 4 3 5 3 7 3 8 3 9 4 1 4 2 4 3 4 4 4 7 4 8 4 9 5 0 5 1 5 2 5 3 5 4 5 5 5 6 5 7 5 8 5 9 6 2 6 3 6 4 6 5 7 2 7 3 7 4 1 5 2 5 2 6 4 5 4 6 551 3 0 5 36 0 6 554 5 1 9 1 6 554 5 1 9 2 4 551 3 0 5 3 0 551 3 0 5 3 1 551 3 0 5 3 2 551 3 0 5 3 3 551 3 0 5 3 4 551 3 0 5 3 5 1709 0 1 0 3 7 551 3 0 5 3 8 551 3 0 5 3 9 551 3 0 5 4 1 551 3 0 5 4 2 551 3 0 5 4 3 551 3 0 5 4 4 551 3 0 5 4 7 551 3 0 5 4 8 551 3 0 5 4 9 551 3 0 5 5 0 551 3 0 5 5 1 551 3 0 5 5 2 551 3 0 5 5 3 551 3 0 5 5 4 551 3 0 5 5 5 554 5 1 9 5 6 1008 1 5 0 5 7 551 3 0 5 5 8 551 3 0 5 5 9 551 3 0 5 6 2 551 3 0 5 6 3 551 3 0 5 6 4 551 3 0 5 6 5 551 3 0 5 7 2 551 3 0 5 7 3 551 3 0 5 7 4 551 3 0 5
6 0 5 4 0 2 0 3 1 3 1 5 17 0 4 0 6 1 1 1 2 1 4 1 6 2 0 2 1 2 2 2 4 2 5 2 6 0 2 0 3 0 5 1 3 1 5 238 1 1 2 12 0 4 1255 0 0 0 0 6 238 1 1 2 1 1 238 1 1 2 1 2 238 1 1 2 1 4 551 0 0 1 1 6 589 0 0 0 2 0 238 1 1 2 2 1 238 1 1 2 2 2 238 1 1 2 2 4 238 1 1 2 2 5 238 1 1 2 2 6 238 1 1 2
5 2 3 6 1 3 1 4 1 5 3 3 3 4 4 4 19 0 4 1 2 1 6 2 0 2 1 2 2 3 5 3 6 4 1 4 2 4 3 5 2 1 3 1 4 1 5 2 3 3 3 3 4 4 4 77 0 1 0 12 0 4 77 0 1 0 1 2 579 4 5 6 1 6 579 4 5 6 2 0 579 4 5 6 2 1 579 4 5 6 2 2 579 4 5 6 3 5 77 0 1 0 3 6 77 0 1 0 4 1 77 0 1 0 4 2 77 0 1 0 4 3 77 0 1 0 5 2 77 0 1 0
9 4 4 5 1 5 2 5 2 6 4 5 4 6 38 0 7 1 3 1 6 1 7 1 8 2 3 2 4 3 1 3 2 3 3 3 4 3 6 3 7 3 8 3 9 4 0 4 1 4 2 4 3 4 7 4 8 5 0 5 1 5 2 5 3 5 4 5 5 5 7 5 8 5 9 6 4 7 4 1 5 2 5 2 6 4 4 4 5 4 6 555 5 1 9 32 0 7 555 5 1 9 1 3 555 5 1 9 1 6 555 5 1 9 1 7 555 5 1 9 1 8 555 5 1 9 2 3 555 5 1 9 2 4 393 5 1 9 3 1 555 5 1 9 3 2 555 5 1 9 3 3 1712 4 5 9 3 4 580 1 5 1 3 6 555 5 1 9 3 7 393 5 1 9 3 8 580 1 5 1 3 9 580 1 5 1 4 0 555 5 1 9 4 1 555 5 1 9 4 2 555 5 1 9 4 3 555 5 1 9 4 7 580 1 5 1 4 8 580 1 5 1 5 0 555 5 1 9 5 1 555 5 1 9 5 2 555 5 1 9 5 3 1712 4 5 9 5 4 580 1 5 1 5 5 555 5 1 9 5 7 580 1 5 1 5 8 580 1 5 1 5 9 580 1 5 1 6 4 555 5 1 9 7 4 555 5 1 9
10 5 5 4 2 5 3 5 3 6 5 6 44 0 7 1 6 1 7 2 3 2 6 2 7 2 8 3 3 3 4 4 0 4 1 4 2 4 3 4 4 4 5 4 6 4 7 4 8 4 9 4 10 5 0 5 1 5 2 5 3 5 4 5 7 5 8 5 9 6 0 6 1 6 2 6 3 6 4 6 5 6 7 6 8 6 9 7 4 8 4 2 5 3 5 3 6 5 5 5 6 589 3 0 5 39 0 7 585 5 2 9 1 6 585 5 2 9 1 7 585 5 2 9 2 3 589 3 0 5 2 6 585 5 2 9 2 7 585 5 2 9 2 8 589 3 0 5 3 3 589 3 0 5 3 4 589 3 0 5 4 0 589 3 0 5 4 1 589 3 0 5 4 2 589 3 0 5 4 3 589 3 0 5 4 4 589 3 0 5 4 5 1713 0 1 0 4 6 1008 1 6 0 4 7 592 5 1 10 4 8 589 3 0 5 4 9 589 3 0 5 4 10 589 3 0 5 5 0 589 3 0 5 5 1 589 3 0 5 5 2 589 3 0 5 5 3 589 3 0 5 5 4 589 3 0 5 5 7 593 0 1 1 5 8 589 3 0 5 5 9 589 3 0 5 6 0 589 3 0 5 6 1 589 3 0 5 6 2 589 3 0 5 6 3 589 3 0 5 6 4 589 3 0 5 6 5 585 5 2 9 6 7 593 0 1 1 6 8 589 3 0 5 6 9 589 3 0 5 7 4 589 3 0 5 8 4 589 3 0 5
14 5 6 3 2 5 3 5 3 6 59 0 7 1 6 1 7 2 3 2 6 2 7 2 8 2 9 3 3 3 4 4 0 4 1 4 2 4 3 4 4 4 5 4 6 4 7 4 8 4 9 4 10 5 0 5 1 5 2 5 3 5 4 5 5 5 7 5 8 5 9 6 0 6 1 6 2 6 3 6 4 6 5 6 6 6 7 6 8 6 9 6 10 7 2 7 3 7 4 7 5 7 6 7 7 7 8 8 2 8 3 8 4 8 5 8 6 8 7 8 8 2 5 3 5 3 6 5 6 575 4 6 9 55 0 7 550 1 6 2 1 6 264 0 2 1 1 7 1710 0 1 0 2 3 575 4 6 9 2 6 265 5 2 10 2 7 1710 0 1 0 2 8 1711 3 0 5 2 9 575 4 6 9 3 3 1711 3 0 5 3 4 1711 3 0 5 4 0 575 4 6 9 4 1 575 4 6 9 4 2 575 4 6 9 4 3 575 4 6 9 4 4 575 4 6 9 4 5 577 2 6 4 4 6 1710 0 1 0 4 7 578 0 1 2 4 8 1711 3 0 5 4 9 1711 3 0 5 4 10 575 4 6 9 5 0 575 4 6 9 5 1 575 4 6 9 5 2 575 4 6 9 5 3 575 4 6 9 5 4 575 4 6 9 5 5 575 4 6 9 5 7 550 1 6 2 5 8 575 4 6 9 5 9 575 4 6 9 6 0 575 4 6 9 6 1 575 4 6 9 6 2 575 4 6 9 6 3 575 4 6 9 6 4 575 4 6 9 6 5 575 4 6 9 6 6 1714 0 0 0 6 7 550 1 6 2 6 8 575 4 6 9 6 9 575 4 6 9 6 10 575 4 6 9 7 2 575 4 6 9 7 3 575 4 6 9 7 4 575 4 6 9 7 5 575 4 6 9 7 6 575 4 6 9 7 7 575 4 6 9 7 8 575 4 6 9 8 2 575 4 6 9 8 3 575 4 6 9 8 4 575 4 6 9 8 5 575 4 6 9 8 6 575 4 6 9 8 7 575 4 6 9 8 8 575 4 6 9
4 1 2 6 0 3 0 4 1 3 1 4 1 5 2 1 13 0 0 0 1 0 2 1 0 1 1 2 2 0 3 0 4 1 2 1 3 1 4 1 5 2 1 0 0 1 1 6 0 0 0 0 1 1 0 1 0 0 1 1 0 2 0 0 1 1 1 0 0 0 1 1 1 1 0 0 1 1 2 2 132 1 1 0
5 2 2 6 0 3 1 3 1 4 2 3 2 4 4 2 16 1 2 2 0 2 1 3 2 3 4 3 5 4 4 5 2 5 4 0 3 1 3 1 4 2 2 2 3 2 4 4 2 1152 7 5 3 9 1 2 150 0 0 0 2 0 1152 7 5 3 2 1 1152 7 5 3 3 2 150 0 0 0 3 4 1152 7 5 3 3 5 1152 7 5 3 4 4 1152 7 5 3 5 2 150 0 0 0 5 4 1152 7 5 3
7 1 3 5 1 5 3 3 3 4 4 3 4 4 24 0 0 0 1 0 2 0 3 0 4 0 5 0 6 0 7 1 1 1 2 1 4 1 6 2 0 2 1 2 2 2 3 2 4 5 4 1 3 1 5 3 3 3 4 4 3 4 4 136 3 0 3 18 0 0 136 3 0 3 0 1 136 3 0 3 0 2 136 3 0 3 0 3 679 0 0 0 0 4 136 3 0 3 0 5 136 3 0 3 0 6 136 3 0 3 0 7 136 3 0 3 1 1 136 3 0 3 1 2 136 3 0 3 1 4 136 3 0 3 1 6 136 3 0 3 2 0 136 3 0 3 2 1 136 3 0 3 2 2 136 3 0 3 2 3 793 1 4 0 2 4 136 3 0 3 5 4 793 1 4 0
8 1 5 5 3 3 3 4 4 3 4 4 5 4 31 0 0 0 1 0 2 0 3 0 4 0 5 0 6 0 7 1 1 1 2 1 3 1 4 1 6 2 0 2 1 2 2 2 3 2 4 2 5 3 5 3 6 3 7 4 5 5 5 6 5 1 5 3 3 3 4 4 3 4 4 5 4 1321 3 0 4 25 0 0 1321 3 0 4 0 1 1321 3 0 4 0 2 1321 3 0 4 0 3 1321 3 0 4 0 4 1321 3 0 4 0 5 1716 3 0 3 0 6 1321 3 0 4 0 7 1321 3 0 4 1 1 1321 3 0 4 1 2 1321 3 0 4 1 3 1321 3 0 4 1 4 1321 3 0 4 1 6 1321 3 0 4 2 0 1321 3 0 4 2 1 1321 3 0 4 2 2 1321 3 0 4 2 3 1321 3 0 4 2 4 1717 4 5 7 2 5 1718 0 0 0 3 5 1716 3 0 3 3 6 1321 3 0 4 3 7 1321 3 0 4 4 5 1716 3 0 3 5 5 1321 3 0 4 6 5 1321 3 0 4
9 2 4 4 3 3 3 4 4 3 4 4 34 0 4 0 5 1 4 1 5 2 5 3 5 4 5 4 6 4 7 5 0 5 1 5 2 5 3 5 4 5 5 6 1 6 2 6 3 6 4 6 5 6 6 7 0 7 1 7 2 7 3 7 4 7 5 7 6 7 7 2 4 3 3 3 4 4 3 4 4 368 3 1 3 29 0 4 368 3 1 3 0 5 58 6 0 4 1 4 1719 1 7 0 1 5 58 6 0 4 2 5 58 6 0 4 3 5 58 6 0 4 4 5 58 6 0 4 4 6 58 6 0 4 4 7 58 6 0 4 5 0 58 6 0 4 5 1 58 6 0 4 5 2 58 6 0 4 5 3 164 2 7 3 5 4 58 6 0 4 5 5 58 6 0 4 6 1 58 6 0 4 6 2 58 6 0 4 6 3 58 6 0 4 6 4 58 6 0 4 6 5 58 6 0 4 6 6 58 6 0 4 7 0 58 6 0 4 7 1 58 6 0 4 7 2 58 6 0 4 7 3 58 6 0 4 7 4 58 6 0 4 7 5 58 6 0 4 7 6 58 6 0 4 7 7 58 6 0 4
14 4 6 5 1 5 1 6 2 5 2 6 4 5 50 0 6 3 1 3 2 3 3 3 4 3 6 3 7 3 8 3 9 4 1 4 2 4 3 4 4 4 7 4 8 4 9 5 0 5 1 5 2 5 3 5 4 5 5 5 6 5 7 5 8 5 9 6 2 6 3 6 4 6 5 6 6 6 7 7 2 7 3 7 4 7 5 7 6 7 7 8 2 8 3 8 4 8 5 9 3 9 5 1 5 1 6 2 5 2 6 4 5 4 6 474 7 5 6 44 0 6 474 7 5 6 3 1 474 7 5 6 3 2 474 7 5 6 3 3 474 7 5 6 3 4 474 7 5 6 3 6 1007 0 3 0 3 7 474 7 5 6 3 8 474 7 5 6 3 9 474 7 5 6 4 1 474 7 5 6 4 2 474 7 5 6 4 3 474 7 5 6 4 4 474 7 5 6 4 7 474 7 5 6 4 8 474 7 5 6 4 9 474 7 5 6 5 0 474 7 5 6 5 1 474 7 5 6 5 2 474 7 5 6 5 3 474 7 5 6 5 4 474 7 5 6 5 5 482 2 5 4 5 6 481 4 5 9 5 7 474 7 5 6 5 8 474 7 5 6 5 9 474 7 5 6 6 2 474 7 5 6 6 3 474 7 5 6 6 4 474 7 5 6 6 5 474 7 5 6 6 6 474 7 5 6 6 7 474 7 5 6 7 2 474 7 5 6 7 3 474 7 5 6 7 4 474 7 5 6 7 5 474 7 5 6 7 6 474 7 5 6 7 7 474 7 5 6 8 2 474 7 5 6 8 3 474 7 5 6 8 4 474 7 5 6 8 5 474 7 5 6 9 3 474 7 5 6 9 5 474 7 5 6
15 4 5 4 1 5 1 6 2 5 2 6 52 0 6 3 1 3 2 3 3 3 4 3 5 3 6 3 7 3 8 3 9 3 10 4 1 4 2 4 3 4 4 4 6 4 7 4 8 4 9 5 0 5 1 5 2 5 3 5 4 5 5 5 6 5 7 5 8 5 9 6 2 6 3 6 4 6 5 6 6 6 7 7 2 7 3 7 4 7 5 7 6 7 7 8 2 8 3 8 4 8 5 9 3 9 5 1 5 1 6 2 5 2 6 4 5 136 2 5 5 47 0 6 750 5 1 8 3 1 136 2 5 5 3 2 136 2 5 5 3 3 136 2 5 5 3 4 136 2 5 5 3 5 1721 0 0 0 3 6 136 2 5 5 3 7 136 2 5 5 3 8 136 2 5 5 3 9 136 2 5 5 3 10 136 2 5 5 4 1 136 2 5 5 4 2 136 2 5 5 4 3 136 2 5 5 4 4 136 2 5 5 4 6 136 2 5 5 4 7 136 2 5 5 4 8 136 2 5 5 4 9 136 2 5 5 5 0 136 2 5 5 5 1 136 2 5 5 5 2 136 2 5 5 5 3 136 2 5 5 5 4 136 2 5 5 5 5 829 5 0 8 5 6 136 2 5 5 5 7 136 2 5 5 5 8 136 2 5 5 5 9 136 2 5 5 6 2 136 2 5 5 6 3 136 2 5 5 6 4 136 2 5 5 6 5 136 2 5 5 6 6 136 2 5 5 6 7 136 2 5 5 7 2 136 2 5 5 7 3 136 2 5 5 7 4 136 2 5 5 7 5 136 2 5 5 7 6 136 2 5 5 7 7 136 2 5 5 8 2 136 2 5 5 8 3 136 2 5 5 8 4 136 2 5 5 8 5 136 2 5 5 9 3 136 2 5 5 9 5 136 2 5 5
8 2 6 5 1 4 1 5 2 4 2 5 3 4 30 0 7 1 0 1 1 1 2 1 7 1 8 2 1 2 2 2 3 2 7 2 8 3 1 3 2 3 3 3 5 3 6 3 7 3 8 4 4 4 5 4 6 4 7 5 4 5 6 1 4 1 5 2 4 2 5 2 6 3 4 665 5 1 8 24 0 7 665 5 1 8 1 0 665 5 1 8 1 1 665 5 1 8 1 2 665 5 1 8 1 7 665 5 1 8 1 8 665 5 1 8 2 1 665 5 1 8 2 2 665 5 1 8 2 3 665 5 1 8 2 7 489 0 1 0 2 8 75 0 2 1 3 1 665 5 1 8 3 2 665 5 1 8 3 3 156 5 0 8 3 5 665 5 1 8 3 6 665 5 1 8 3 7 665 5 1 8 3 8 665 5 1 8 4 4 665 5 1 8 4 5 665 5 1 8 4 6 665 5 1 8 4 7 665 5 1 8 5 4 665 5 1 8 5 6 665 5 1 8
8 2 7 4 0 5 1 5 1 6 2 5 41 0 1 0 2 0 3 0 6 0 8 0 9 0 10 1 1 1 2 1 3 1 4 1 7 1 8 1 9 2 0 2 1 2 2 2 3 2 4 2 6 2 8 2 9 2 10 3 2 3 3 3 4 3 5 3 6 4 1 4 2 4 3 4 4 4 5 4 6 5 4 5 6 0 5 1 5 1 6 2 5 2 7 770 1 2 3 36 0 1 770 1 2 3 0 2 770 1 2 3 0 3 770 1 2 3 0 6 770 1 2 3 0 8 770 1 2 3 0 9 770 1 2 3 0 10 770 1 2 3 1 1 770 1 2 3 1 2 770 1 2 3 1 3 596 0 0 1 1 4 596 0 0 1 1 7 596 0 0 1 1 8 596 0 0 1 1 9 770 1 2 3 2 0 770 1 2 3 2 1 770 1 2 3 2 2 770 1 2 3 2 3 770 1 2 3 2 4 770 1 2 3 2 6 663 1 2 0 2 8 596 0 0 1 2 9 596 0 0 1 2 10 596 0 0 1 3 2 770 1 2 3 3 3 770 1 2 3 3 4 770 1 2 3 3 5 770 1 2 3 3 6 770 1 2 3 4 1 770 1 2 3 4 2 770 1 2 3 4 3 770 1 2 3 4 4 770 1 2 3 4 5 770 1 2 3 4 6 770 1 2 3 5 4 770 1 2 3 5 6 770 1 2 3
9 3 5 4 1 5 1 6 2 5 2 6 50 0 8 1 1 1 2 1 3 1 8 1 9 1 10 2 1 2 2 2 3 2 4 2 7 2 8 2 9 3 0 3 1 3 2 3 3 3 4 3 6 3 7 3 8 3 9 3 10 4 2 4 3 4 4 4 5 4 6 4 7 4 8 4 9 5 1 5 2 5 3 5 4 5 5 5 6 5 7 5 8 5 9 5 10 6 4 6 6 6 7 1 5 1 6 2 5 2 6 3 5 162 5 1 8 45 0 8 162 5 1 8 1 1 162 5 1 8 1 2 162 5 1 8 1 3 162 5 1 8 1 8 162 5 1 8 1 9 162 5 1 8 1 10 162 5 1 8 2 1 162 5 1 8 2 2 162 5 1 8 2 3 162 5 1 8 2 4 162 5 1 8 2 7 162 5 1 8 2 8 162 5 1 8 2 9 162 5 1 8 3 0 162 5 1 8 3 1 162 5 1 8 3 2 162 5 1 8 3 3 1482 5 1 9 3 4 1483 5 1 10 3 6 1482 5 1 9 3 7 162 5 1 8 3 8 162 5 1 8 3 9 162 5 1 8 3 10 162 5 1 8 4 2 162 5 1 8 4 3 162 5 1 8 4 4 1723 0 0 1 4 5 440 0 0 0 4 6 440 0 0 0 4 7 1724 0 1 0 4 8 1724 0 1 0 4 9 162 5 1 8 5 1 162 5 1 8 5 2 162 5 1 8 5 3 162 5 1 8 5 4 1723 0 0 1 5 5 440 0 0 0 5 6 440 0 0 0 5 7 1724 0 1 0 5 8 440 0 0 0 5 9 162 5 1 8 5 10 162 5 1 8 6 4 162 5 1 8 6 6 162 5 1 8 6 7 162 5 1 8
16 4 6 3 4 5 5 5 5 6 79 0 5 0 7 0 9 1 5 1 6 1 7 1 8 1 9 2 4 2 5 2 6 2 7 2 8 2 9 2 10 3 6 3 7 3 8 3 9 3 10 4 7 4 8 4 9 4 10 5 7 5 8 5 9 6 1 6 2 6 3 6 4 6 5 6 6 6 7 6 8 6 9 6 10 7 1 7 2 7 3 7 4 7 5 7 6 7 7 7 8 7 9 8 0 8 1 8 2 8 3 8 4 8 5 8 6 8 7 8 8 8 9 9 2 9 3 9 4 9 5 9 6 9 7 9 9 10 2 10 3 10 4 10 5 10 6 10 7 11 2 11 3 11 4 11 5 12 3 12 5 4 5 4 6 5 5 5 6 803 3 0 4 75 0 5 803 3 0 4 0 7 1720 0 1 2 0 9 1720 0 1 2 1 5 803 3 0 4 1 6 1505 2 9 4 1 7 1722 0 3 0 1 8 1720 0 1 2 1 9 1720 0 1 2 2 4 803 3 0 4 2 5 1720 0 1 2 2 6 1505 2 9 4 2 7 1722 0 3 0 2 8 1720 0 1 2 2 9 1720 0 1 2 2 10 803 3 0 4 3 6 1505 2 9 4 3 7 1722 0 3 0 3 8 1720 0 1 2 3 9 1720 0 1 2 3 10 803 3 0 4 4 7 1722 0 3 0 4 8 1720 0 1 2 4 9 1720 0 1 2 4 10 803 3 0 4 5 7 1722 0 3 0 5 8 1722 0 3 0 5 9 1722 0 3 0 6 1 803 3 0 4 6 2 803 3 0 4 6 3 803 3 0 4 6 4 1725 2 10 4 6 5 1725 2 10 4 6 6 757 3 0 4 6 7 803 3 0 4 6 8 1720 0 1 2 6 9 1720 0 1 2 6 10 803 3 0 4 7 1 803 3 0 4 7 2 803 3 0 4 7 3 803 3 0 4 7 4 803 3 0 4 7 5 1487 3 0 4 7 6 757 3 0 4 7 7 803 3 0 4 7 8 803 3 0 4 7 9 1720 0 1 2 8 0 803 3 0 4 8 1 803 3 0 4 8 2 803 3 0 4 8 3 803 3 0 4 8 4 803 3 0 4 8 5 757 3 0 4 8 6 757 3 0 4 8 7 803 3 0 4 8 8 803 3 0 4 8 9 803 3 0 4 9 2 803 3 0 4 9 3 803 3 0 4 9 4 803 3 0 4 9 5 803 3 0 4 9 6 803 3 0 4 9 7 803 3 0 4 9 9 803 3 0 4 10 2 803 3 0 4 10 3 803 3 0 4 10 4 803 3 0 4 10 5 803 3 0 4 10 6 803 3 0 4 10 7 803 3 0 4 11 2 803 3 0 4 11 3 803 3 0 4 11 4 803 3 0 4 11 5 803 3 0 4 12 3 803 3 0 4 12 5 803 3 0 4
11 4 5 3 4 6 5 5 5 6 72 0 2 0 4 1 2 1 3 1 4 1 5 1 6 1 7 2 0 2 1 2 2 2 3 2 4 2 5 2 6 3 0 3 1 3 2 3 3 3 4 3 5 3 9 4 2 4 3 4 4 4 8 4 9 5 2 5 3 5 4 5 7 5 8 5 9 6 1 6 2 6 3 6 5 6 6 6 7 6 8 6 9 6 10 7 1 7 2 7 3 7 4 7 5 7 6 7 7 7 8 7 9 8 1 8 2 8 3 8 4 8 5 8 6 8 7 8 8 8 9 8 10 9 2 9 3 9 4 9 7 9 8 10 7 10 8 4 5 4 6 5 5 5 6 803 5 3 10 68 0 2 803 5 3 10 0 4 803 5 3 10 1 2 803 5 3 10 1 3 803 5 3 10 1 4 803 5 3 10 1 5 803 5 3 10 1 6 803 5 3 10 1 7 803 5 3 10 2 0 803 5 3 10 2 1 803 5 3 10 2 2 803 5 3 10 2 3 803 5 3 10 2 4 803 5 3 10 2 5 803 5 3 10 2 6 803 5 3 10 3 0 803 5 3 10 3 1 803 5 3 10 3 2 803 5 3 10 3 3 803 5 3 10 3 4 830 0 3 1 3 5 803 5 3 10 3 9 803 5 3 10 4 2 761 5 3 10 4 3 830 0 3 1 4 4 830 0 3 1 4 8 803 6 0 7 4 9 803 5 3 10 5 2 761 5 3 10 5 3 761 5 3 10 5 4 761 5 3 10 5 7 803 6 0 7 5 8 803 6 0 7 5 9 803 6 0 7 6 1 803 5 3 10 6 2 803 5 3 10 6 3 803 5 3 10 6 5 761 6 0 7 6 6 830 7 9 7 6 7 830 7 9 7 6 8 803 6 0 7 6 9 803 6 0 7 6 10 803 6 0 7 7 1 803 5 3 10 7 2 803 5 3 10 7 3 803 5 3 10 7 4 803 6 0 7 7 5 761 6 0 7 7 6 830 7 9 7 7 7 803 6 0 7 7 8 803 6 0 7 7 9 803 6 0 7 8 1 803 5 3 10 8 2 803 5 3 10 8 3 803 6 0 7 8 4 803 6 0 7 8 5 761 6 0 7 8 6 761 6 0 7 8 7 803 6 0 7 8 8 803 6 0 7 8 9 803 6 0 7 8 10 803 6 0 7 9 2 803 5 3 10 9 3 803 5 3 10 9 4 803 5 3 10 9 7 803 5 3 10 9 8 803 5 3 10 10 7 803 5 3 10 10 8 803 5 3 10
13 1 7 3 1 4 1 5 1 6 63 0 1 0 2 0 3 0 5 0 7 0 8 0 9 1 1 1 2 1 3 1 8 2 0 2 1 2 2 2 3 2 4 2 5 2 7 2 8 2 9 3 0 3 1 3 2 3 3 3 4 3 5 3 6 3 7 3 8 3 9 4 1 4 2 4 3 4 4 4 5 4 6 4 7 4 8 5 0 5 1 5 2 5 3 5 4 5 5 5 6 5 7 5 8 5 9 6 2 6 3 6 4 6 5 6 6 7 2 7 3 7 4 7 5 8 2 8 4 1 4 1 5 1 6 1 7 13 0 1 3 59 0 1 13 0 1 3 0 2 13 0 1 3 0 3 13 0 1 3 0 5 13 0 1 3 0 7 13 0 1 3 0 8 13 0 1 3 0 9 13 0 1 3 1 1 13 0 1 3 1 2 13 0 1 3 1 3 13 0 1 3 1 8 1078 0 0 0 2 0 13 0 1 3 2 1 13 0 1 3 2 2 13 0 1 3 2 3 14 2 2 4 2 4 14 2 2 4 2 5 14 2 2 4 2 7 5 4 2 9 2 8 5 4 2 9 2 9 5 4 2 9 3 0 13 0 1 3 3 1 13 0 1 3 3 2 13 0 1 3 3 3 13 0 1 3 3 4 13 0 1 3 3 5 13 0 1 3 3 6 13 0 1 3 3 7 13 0 1 3 3 8 13 0 1 3 3 9 13 0 1 3 4 1 13 0 1 3 4 2 13 0 1 3 4 3 13 0 1 3 4 4 13 0 1 3 4 5 13 0 1 3 4 6 13 0 1 3 4 7 13 0 1 3 4 8 13 0 1 3 5 0 13 0 1 3 5 1 13 0 1 3 5 2 13 0 1 3 5 3 13 0 1 3 5 4 13 0 1 3 5 5 13 0 1 3 5 6 13 0 1 3 5 7 13 0 1 3 5 8 13 0 1 3 5 9 13 0 1 3 6 2 13 0 1 3 6 3 13 0 1 3 6 4 13 0 1 3 6 5 13 0 1 3 6 6 13 0 1 3 7 2 13 0 1 3 7 3 13 0 1 3 7 4 13 0 1 3 7 5 13 0 1 3 8 2 13 0 1 3 8 4 13 0 1 3
14 5 4 3 4 5 5 5 5 6 84 0 6 1 2 1 4 1 6 1 7 1 8 2 2 2 3 2 4 2 6 2 7 2 8 3 2 3 3 3 4 3 6 3 7 3 8 4 1 4 2 4 3 4 6 4 7 4 8 4 9 4 10 5 1 5 2 5 3 5 7 5 8 5 9 6 0 6 1 6 2 6 3 6 4 6 5 6 7 6 8 6 9 7 0 7 1 7 2 7 3 7 4 7 5 7 6 7 7 7 8 7 9 8 1 8 2 8 3 8 4 8 5 8 6 8 7 8 8 9 0 9 1 9 2 9 3 9 4 9 5 9 6 9 7 9 8 9 9 10 2 10 3 10 4 10 5 10 6 11 2 11 3 11 4 11 5 12 2 12 4 4 5 5 4 5 5 5 6 698 0 3 1 80 0 6 698 0 3 1 1 2 698 0 3 1 1 4 698 0 3 1 1 6 698 0 3 1 1 7 698 0 3 1 1 8 698 0 3 1 2 2 698 0 3 1 2 3 698 0 3 1 2 4 698 0 3 1 2 6 698 0 3 1 2 7 698 0 3 1 2 8 698 0 3 1 3 2 698 0 3 1 3 3 343 5 3 10 3 4 698 0 3 1 3 6 698 0 3 1 3 7 698 0 3 1 3 8 698 0 3 1 4 1 343 5 3 10 4 2 343 5 3 10 4 3 343 5 3 10 4 6 1728 0 4 0 4 7 698 0 3 1 4 8 698 0 3 1 4 9 698 0 3 1 4 10 698 0 3 1 5 1 698 0 3 1 5 2 534 3 0 3 5 3 534 3 0 3 5 7 534 7 10 7 5 8 698 0 3 1 5 9 698 0 3 1 6 0 698 0 3 1 6 1 343 5 3 10 6 2 343 5 3 10 6 3 343 5 3 10 6 4 343 5 3 10 6 5 698 0 3 1 6 7 698 0 3 1 6 8 698 0 3 1 6 9 698 0 3 1 7 0 698 0 3 1 7 1 698 0 3 1 7 2 698 0 3 1 7 3 698 0 3 1 7 4 343 5 3 10 7 5 698 0 3 1 7 6 698 0 3 1 7 7 698 0 3 1 7 8 698 0 3 1 7 9 698 0 3 1 8 1 698 0 3 1 8 2 698 0 3 1 8 3 698 0 3 1 8 4 343 5 3 10 8 5 698 0 3 1 8 6 698 0 3 1 8 7 698 0 3 1 8 8 698 0 3 1 9 0 698 0 3 1 9 1 698 0 3 1 9 2 698 0 3 1 9 3 698 0 3 1 9 4 698 0 3 1 9 5 698 0 3 1 9 6 698 0 3 1 9 7 698 0 3 1 9 8 698 0 3 1 9 9 698 0 3 1 10 2 698 0 3 1 10 3 698 0 3 1 10 4 698 0 3 1 10 5 698 0 3 1 10 6 698 0 3 1 11 2 698 0 3 1 11 3 698 0 3 1 11 4 698 0 3 1 11 5 698 0 3 1 12 2 698 0 3 1 12 4 698 0 3 1
10 5 5 3 3 5 3 6 4 5 50 0 4 0 5 1 4 1 5 2 4 2 5 4 0 4 1 4 2 4 3 4 4 4 6 4 7 4 8 4 9 4 10 5 1 5 2 5 3 5 4 5 6 5 7 5 8 5 9 6 1 6 2 6 3 6 4 6 5 6 6 6 7 6 8 6 9 7 4 7 5 7 6 7 7 7 8 8 4 8 5 8 6 8 7 8 8 9 4 9 6 9 8 3 5 3 6 4 5 5 5 439 5 2 8 46 0 4 439 5 2 8 0 5 439 5 2 8 1 4 439 5 2 8 1 5 439 5 2 8 2 4 439 5 2 8 2 5 299 5 3 8 4 0 439 5 2 8 4 1 439 5 2 8 4 2 439 5 2 8 4 3 439 5 2 8 4 4 439 5 2 8 4 6 119 5 2 8 4 7 439 5 2 8 4 8 439 5 2 8 4 9 439 5 2 8 4 10 439 5 2 8 5 1 439 5 2 8 5 2 439 5 2 8 5 3 439 5 2 8 5 4 439 5 2 8 5 6 461 5 2 8 5 7 461 5 2 8 5 8 461 5 2 8 5 9 439 5 2 8 6 1 439 5 2 8 6 2 439 5 2 8 6 3 461 5 2 8 6 4 468 0 1 0 6 5 26 1 6 1 6 6 279 7 9 6 6 7 439 5 2 8 6 8 439 5 2 8 6 9 439 5 2 8 7 4 26 1 6 1 7 5 119 0 2 2 7 6 26 1 6 1 7 7 439 5 2 8 7 8 439 5 2 8 8 4 26 1 6 1 8 5 439 5 2 8 8 6 26 1 6 1 8 7 439 5 2 8 8 8 439 5 2 8 9 4 439 5 2 8 9 6 439 5 2 8 9 8 439 5 2 8
10 1 4 4 1 5 1 6 1 7 2 6 32 0 2 0 3 0 4 0 5 0 6 0 7 0 8 1 3 2 0 2 1 2 2 2 3 2 4 2 5 3 1 3 2 3 3 3 4 3 5 4 0 4 1 4 2 4 3 4 4 4 5 5 3 5 5 1 4 1 5 1 6 1 7 2 6 3 1 1 2 27 0 2 5 0 0 2 0 3 5 0 0 2 0 4 5 0 0 2 0 5 3 1 1 2 0 6 598 7 5 7 0 7 598 7 5 7 0 8 598 7 5 7 1 3 598 7 5 7 2 0 3 1 1 2 2 1 3 1 1 2 2 2 3 1 1 2 2 3 3 1 1 2 2 4 3 1 1 2 2 5 3 1 1 2 3 1 3 1 1 2 3 2 3 1 1 2 3 3 3 1 1 2 3 4 3 1 1 2 3 5 3 1 1 2 4 0 3 1 1 2 4 1 3 1 1 2 4 2 3 1 1 2 4 3 3 1 1 2 4 4 3 1 1 2 4 5 3 1 1 2 5 3 3 1 1 2 5 5 3 1 1 2
11 4 7 3 3 6 4 5 4 6 57 0 3 0 5 0 7 0 9 1 0 1 1 1 2 1 3 1 4 1 5 1 7 1 8 1 9 2 1 2 2 2 3 2 4 2 5 2 7 2 8 2 9 3 0 3 1 3 2 3 3 3 4 3 5 3 8 3 9 3 10 4 3 4 4 4 8 4 9 5 2 5 3 5 4 5 5 5 6 5 7 5 8 5 9 5 10 6 7 6 8 6 9 7 7 7 8 7 9 8 7 8 8 8 9 9 7 3 6 4 5 4 6 4 7 31 4 5 9 53 0 3 31 4 5 9 0 5 31 4 5 9 0 7 31 4 5 9 0 9 31 4 5 9 1 0 31 4 5 9 1 1 31 4 5 9 1 2 31 4 5 9 1 3 31 4 5 9 1 4 31 4 5 9 1 5 31 4 5 9 1 7 31 4 5 9 1 8 31 4 5 9 1 9 31 4 5 9 2 1 31 4 5 9 2 2 31 4 5 9 2 3 31 4 5 9 2 4 31 4 5 9 2 5 31 4 5 9 2 7 31 4 5 9 2 8 31 4 5 9 2 9 31 4 5 9 3 0 31 4 5 9 3 1 31 4 5 9 3 2 30 4 5 10 3 3 15 1 5 3 3 4 15 1 5 3 3 5 15 1 5 3 3 8 31 4 5 9 3 9 31 4 5 9 3 10 31 4 5 9 4 3 30 4 5 10 4 4 534 2 9 4 4 8 1731 1 5 0 4 9 31 4 5 9 5 2 30 4 5 10 5 3 53 5 3 10 5 4 53 5 3 10 5 5 53 1 5 2 5 6 31 4 5 9 5 7 30 4 5 10 5 8 30 5 3 10 5 9 30 5 3 10 5 10 31 4 5 9 6 7 31 4 5 9 6 8 31 4 5 9 6 9 31 4 5 9 7 7 31 4 5 9 7 8 31 4 5 9 7 9 31 4 5 9 8 7 31 4 5 9 8 8 31 4 5 9 8 9 31 4 5 9 9 7 31 4 5 9
17 5 5 2 4 6 5 6 115 0 2 0 4 0 5 0 6 1 2 1 3 1 4 1 5 1 6 1 7 1 9 2 0 2 1 2 2 2 3 2 4 2 5 2 6 2 7 2 8 2 9 3 0 3 1 3 2 3 3 3 4 3 5 3 7 3 8 3 9 4 0 4 1 4 2 4 3 4 4 4 5 4 8 4 9 4 10 5 0 5 1 5 2 5 3 5 4 5 7 5 8 5 9 5 10 6 0 6 1 6 2 6 3 6 4 6 5 6 6 6 7 6 8 6 9 6 10 6 11 7 1 7 2 7 3 7 4 7 5 7 6 7 7 7 8 7 9 7 10 7 11 8 1 8 2 8 3 8 4 8 5 8 6 8 7 8 8 8 9 8 10 8 11 9 2 9 3 9 4 9 5 9 6 9 7 9 8 9 9 9 10 9 11 10 3 10 4 10 5 10 6 10 7 10 8 10 9 11 3 11 4 11 5 11 6 11 7 11 8 11 9 12 3 12 5 12 6 12 7 12 8 12 9 4 6 5 5 5 6 1706 0 1 1 112 0 2 1706 0 1 1 0 4 1706 0 1 1 0 5 1706 0 1 1 0 6 1706 0 1 1 1 2 1706 0 1 1 1 3 1706 0 1 1 1 4 1472 5 4 10 1 5 1472 5 4 10 1 6 1706 0 1 1 1 7 1706 0 1 1 1 9 1706 0 1 1 2 0 1706 0 1 1 2 1 1706 0 1 1 2 2 1706 0 1 1 2 3 1706 0 1 1 2 4 1472 5 4 10 2 5 1472 5 4 10 2 6 1706 0 1 1 2 7 1706 0 1 1 2 8 1706 0 1 1 2 9 1706 0 1 1 3 0 1706 0 1 1 3 1 1706 0 1 1 3 2 1706 0 1 1 3 3 1706 0 1 1 3 4 1472 5 4 10 3 5 1472 5 4 10 3 7 1706 0 1 1 3 8 1706 0 1 1 3 9 1706 0 1 1 4 0 1706 0 1 1 4 1 1707 5 4 10 4 2 1610 0 1 1 4 3 1610 0 1 1 4 4 1125 5 3 11 4 5 1708 0 1 1 4 8 1472 5 4 10 4 9 1472 5 4 10 4 10 1472 5 4 10 5 0 1706 0 1 1 5 1 1707 5 4 10 5 2 1707 5 4 10 5 3 1715 5 2 11 5 4 1715 5 2 11 5 7 1726 5 0 11 5 8 1726 5 0 11 5 9 1087 0 3 0 5 10 1706 0 1 1 6 0 1706 0 1 1 6 1 1706 0 1 1 6 2 1706 0 1 1 6 3 1629 7 10 10 6 4 1727 0 0 0 6 5 1729 5 0 11 6 6 1730 7 10 9 6 7 1646 7 10 8 6 8 1646 7 10 8 6 9 1646 7 10 8 6 10 1087 0 3 0 6 11 1706 0 1 1 7 1 1706 0 1 1 7 2 1706 0 1 1 7 3 1732 0 1 0 7 4 1732 0 1 0 7 5 1732 0 1 0 7 6 1730 7 10 9 7 7 1706 0 1 1 7 8 1706 0 1 1 7 9 1706 0 1 1 7 10 1706 0 1 1 7 11 1706 0 1 1 8 1 1706 0 1 1 8 2 1706 0 1 1 8 3 1732 0 1 0 8 4 1732 0 1 0 8 5 1732 0 1 0 8 6 1472 5 4 10 8 7 1706 0 1 1 8 8 1706 0 1 1 8 9 1706 0 1 1 8 10 1706 0 1 1 8 11 1706 0 1 1 9 2 1706 0 1 1 9 3 1087 0 3 0 9 4 1706 0 1 1 9 5 1087 0 3 0 9 6 1706 0 1 1 9 7 1706 0 1 1 9 8 1706 0 1 1 9 9 1706 0 1 1 9 10 1706 0 1 1 9 11 1706 0 1 1 10 3 1706 0 1 1 10 4 1706 0 1 1 10 5 1706 0 1 1 10 6 1706 0 1 1 10 7 1706 0 1 1 10 8 1706 0 1 1 10 9 1706 0 1 1 11 3 1706 0 1 1 11 4 1706 0 1 1 11 5 1706 0 1 1 11 6 1706 0 1 1 11 7 1706 0 1 1 11 8 1706 0 1 1 11 9 1706 0 1 1 12 3 1706 0 1 1 12 5 1706 0 1 1 12 6 1706 0 1 1 12 7 1706 0 1 1 12 8 1706 0 1 1 12 9 1706 0 1 1
15 4 7 2 4 5 4 6 92 0 3 0 4 0 5 0 6 1 3 1 4 1 5 1 6 1 7 2 3 2 4 2 5 2 6 2 7 3 0 3 1 3 2 3 3 3 4 3 5 3 7 3 8 3 9 3 10 4 1 4 2 4 3 4 4 4 8 4 9 4 10 5 0 5 1 5 2 5 3 5 4 5 5 5 6 5 7 5 9 5 10 5 11 6 0 6 1 6 2 6 3 6 4 6 5 6 6 6 7 6 8 6 9 6 10 7 1 7 2 7 3 7 4 7 5 7 6 7 7 7 8 7 9 7 10 8 0 8 1 8 2 8 3 8 4 8 5 8 6 8 7 8 8 8 9 8 10 9 2 9 3 9 4 9 5 9 6 9 7 10 2 10 3 10 4 10 5 10 6 11 2 11 3 11 4 11 5 4 5 4 6 4 7 31 5 3 9 89 0 3 31 5 3 9 0 4 31 5 3 9 0 5 31 5 3 9 0 6 31 5 3 9 1 3 31 5 3 9 1 4 31 5 3 9 1 5 31 5 3 9 1 6 31 5 3 9 1 7 31 5 3 9 2 3 31 5 3 9 2 4 31 5 3 9 2 5 31 5 3 9 2 6 31 5 3 9 2 7 31 5 3 9 3 0 31 5 3 9 3 1 31 5 3 9 3 2 67 4 6 10 3 3 697 7 10 10 3 4 503 0 1 1 3 5 221 4 5 9 3 7 704 7 8 8 3 8 704 7 8 8 3 9 708 6 0 8 3 10 31 5 3 9 4 1 31 5 3 9 4 2 31 5 3 9 4 3 67 4 6 10 4 4 697 7 10 10 4 8 708 6 0 8 4 9 31 5 3 9 4 10 31 5 3 9 5 0 31 5 3 9 5 1 31 5 3 9 5 2 67 4 6 10 5 3 67 4 6 10 5 4 711 1 7 1 5 5 740 7 11 9 5 6 31 5 3 9 5 7 31 5 3 9 5 9 31 5 3 9 5 10 31 5 3 9 5 11 31 5 3 9 6 0 31 5 3 9 6 1 31 5 3 9 6 2 31 5 3 9 6 3 31 5 3 9 6 4 31 5 3 9 6 5 31 5 3 9 6 6 31 5 3 9 6 7 31 5 3 9 6 8 31 5 3 9 6 9 31 5 3 9 6 10 31 5 3 9 7 1 31 5 3 9 7 2 31 5 3 9 7 3 31 5 3 9 7 4 31 5 3 9 7 5 31 5 3 9 7 6 31 5 3 9 7 7 31 5 3 9 7 8 31 5 3 9 7 9 31 5 3 9 7 10 31 5 3 9 8 0 31 5 3 9 8 1 31 5 3 9 8 2 31 5 3 9 8 3 31 5 3 9 8 4 31 5 3 9 8 5 31 5 3 9 8 6 31 5 3 9 8 7 31 5 3 9 8 8 31 5 3 9 8 9 31 5 3 9 8 10 31 5 3 9 9 2 31 5 3 9 9 3 31 5 3 9 9 4 31 5 3 9 9 5 31 5 3 9 9 6 31 5 3 9 9 7 31 5 3 9 10 2 31 5 3 9 10 3 31 5 3 9 10 4 31 5 3 9 10 5 31 5 3 9 10 6 31 5 3 9 11 2 31 5 3 9 11 3 31 5 3 9 11 4 31 5 3 9 11 5 31 5 3 9
13 6 5 2 4 5 5 5 81 0 6 0 7 0 8 1 4 1 6 1 7 1 8 2 1 2 2 2 3 2 4 2 5 2 6 2 7 2 8 2 9 2 10 3 1 3 2 3 3 3 4 3 5 3 6 3 7 3 8 3 9 3 10 4 1 4 2 4 3 4 4 4 6 4 7 4 8 4 9 4 10 5 0 5 1 5 2 5 3 5 4 5 7 5 8 5 9 5 10 6 1 6 2 6 3 6 4 6 6 6 7 6 8 7 1 7 2 7 3 7 4 7 5 7 7 7 8 7 9 8 2 8 3 8 4 8 5 8 6 8 7 8 8 9 3 9 4 9 5 9 6 9 7 9 8 9 9 10 4 10 5 10 6 11 4 4 5 5 5 6 5 494 1 7 2 78 0 6 494 1 7 2 0 7 494 1 7 2 0 8 494 1 7 2 1 4 376 0 2 1 1 6 497 3 1 4 1 7 494 1 7 2 1 8 494 1 7 2 2 1 494 1 7 2 2 2 494 1 7 2 2 3 494 1 7 2 2 4 503 7 10 8 2 5 119 4 7 8 2 6 497 3 1 4 2 7 494 1 7 2 2 8 494 1 7 2 2 9 494 1 7 2 2 10 494 1 7 2 3 1 494 1 7 2 3 2 497 3 1 4 3 3 497 3 1 4 3 4 503 7 10 8 3 5 531 0 0 0 3 6 497 3 1 4 3 7 494 1 7 2 3 8 494 1 7 2 3 9 494 1 7 2 3 10 494 1 7 2 4 1 494 1 7 2 4 2 494 1 7 2 4 3 494 1 7 2 4 4 494 1 7 2 4 6 497 3 1 4 4 7 497 3 1 4 4 8 494 1 7 2 4 9 494 1 7 2 4 10 494 1 7 2 5 0 494 1 7 2 5 1 494 1 7 2 5 2 494 1 7 2 5 3 494 1 7 2 5 4 376 0 2 1 5 7 494 1 7 2 5 8 494 1 7 2 5 9 494 1 7 2 5 10 494 1 7 2 6 1 494 1 7 2 6 2 494 1 7 2 6 3 494 1 7 2 6 4 119 4 7 8 6 6 494 1 7 2 6 7 494 1 7 2 6 8 494 1 7 2 7 1 494 1 7 2 7 2 494 1 7 2 7 3 494 1 7 2 7 4 119 4 7 8 7 5 534 4 7 10 7 7 494 1 7 2 7 8 494 1 7 2 7 9 494 1 7 2 8 2 494 1 7 2 8 3 494 1 7 2 8 4 494 1 7 2 8 5 494 1 7 2 8 6 494 1 7 2 8 7 494 1 7 2 8 8 494 1 7 2 9 3 494 1 7 2 9 4 494 1 7 2 9 5 494 1 7 2 9 6 494 1 7 2 9 7 494 1 7 2 9 8 494 1 7 2 9 9 494 1 7 2 10 4 494 1 7 2 10 5 494 1 7 2 10 6 494 1 7 2 11 4 494 1 7 2
19 7 8 1 8 8 225 0 5 0 7 0 8 0 9 0 10 0 11 0 12 1 2 1 4 1 5 1 6 1 7 1 8 1 9 1 10 1 11 1 12 2 2 2 3 2 4 2 5 2 6 2 7 2 8 2 9 2 10 2 11 2 12 2 13 2 14 2 15 3 2 3 3 3 4 3 5 3 6 3 7 3 8 3 9 3 10 3 11 3 12 3 13 3 14 3 15 4 1 4 2 4 3 4 4 4 5 4 6 4 7 4 8 4 9 4 10 4 11 4 12 4 13 4 14 4 15 5 0 5 1 5 2 5 3 5 4 5 5 5 6 5 7 5 8 5 9 5 10 5 11 5 12 5 13 5 14 5 15 6 0 6 1 6 2 6 3 6 4 6 5 6 6 6 7 6 8 6 9 6 10 6 11 6 12 6 13 6 14 6 15 6 16 7 0 7 1 7 2 7 3 7 4 7 5 7 6 7 7 7 9 7 10 7 11 7 12 7 13 7 14 7 15 7 16 8 0 8 1 8 2 8 3 8 4 8 5 8 6 8 7 8 10 8 11 8 12 8 13 8 14 8 15 8 16 9 0 9 1 9 2 9 3 9 4 9 5 9 6 9 7 9 8 9 9 9 10 9 11 9 12 9 13 9 14 9 15 9 16 10 0 10 1 10 2 10 3 10 4 10 5 10 6 10 7 10 8 10 9 10 10 10 11 10 12 10 13 10 14 10 15 11 0 11 1 11 2 11 3 11 4 11 5 11 6 11 7 11 8 11 9 11 10 11 11 11 12 11 13 11 14 11 15 12 1 12 2 12 3 12 4 12 5 12 6 12 7 12 8 12 9 12 10 12 11 12 12 12 13 12 14 12 15 13 1 13 2 13 3 13 4 13 5 13 6 13 7 13 8 13 9 13 10 13 11 13 12 13 13 13 14 14 1 14 3 14 4 14 5 14 6 14 7 14 8 14 9 14 10 14 11 14 12 15 5 15 6 15 7 15 8 15 9 15 10 15 11 16 6 16 8 16 10 7 8 8 8 883 4 11 12 223 0 5 883 4 11 12 0 7 883 4 11 12 0 8 883 4 11 12 0 9 883 4 11 12 0 10 883 4 11 12 0 11 883 4 11 12 0 12 883 4 11 12 1 2 883 4 11 12 1 4 883 4 11 12 1 5 883 4 11 12 1 6 883 4 11 12 1 7 883 4 11 12 1 8 883 4 11 12 1 9 883 4 11 12 1 10 883 4 11 12 1 11 883 4 11 12 1 12 883 4 11 12 2 2 883 4 11 12 2 3 883 4 11 12 2 4 883 4 11 12 2 5 883 4 11 12 2 6 883 4 11 12 2 7 883 4 11 12 2 8 54 7 11 10 2 9 54 7 11 10 2 10 883 4 11 12 2 11 883 4 11 12 2 12 883 4 11 12 2 13 883 4 11 12 2 14 883 4 11 12 2 15 883 4 11 12 3 2 883 4 11 12 3 3 883 4 11 12 3 4 883 4 11 12 3 5 883 4 11 12 3 6 883 4 11 12 3 7 883 4 11 12 3 8 54 7 11 10 3 9 173 2 12 6 3 10 883 4 11 12 3 11 883 4 11 12 3 12 883 4 11 12 3 13 883 4 11 12 3 14 883 4 11 12 3 15 883 4 11 12 4 1 883 4 11 12 4 2 883 4 11 12 4 3 883 4 11 12 4 4 883 4 11 12 4 5 883 4 11 12 4 6 883 4 11 12 4 7 347 0 5 3 4 8 173 2 12 6 4 9 347 0 5 3 4 10 54 7 11 10 4 11 54 7 11 10 4 12 54 7 11 10 4 13 883 4 11 12 4 14 883 4 11 12 4 15 883 4 11 12 5 0 883 4 11 12 5 1 883 4 11 12 5 2 883 4 11 12 5 3 883 4 11 12 5 4 54 7 11 10 5 5 173 2 12 6 5 6 173 2 12 6 5 7 895 0 5 1 5 8 347 0 5 3 5 9 903 1 12 1 5 10 54 7 11 10 5 11 54 7 11 10 5 12 883 4 11 12 5 13 883 4 11 12 5 14 883 4 11 12 5 15 883 4 11 12 6 0 883 4 11 12 6 1 883 4 11 12 6 2 883 4 11 12 6 3 883 4 11 12 6 4 883 4 11 12 6 5 173 2 12 6 6 6 173 2 12 6 6 7 741 7 14 12 6 8 1668 2 16 0 6 9 535 1 13 3 6 10 54 7 11 10 6 11 54 7 11 10 6 12 54 7 11 10 6 13 883 4 11 12 6 14 883 4 11 12 6 15 883 4 11 12 6 16 883 4 11 12 7 0 883 4 11 12 7 1 883 4 11 12 7 2 883 4 11 12 7 3 883 4 11 12 7 4 54 7 11 10 7 5 173 2 12 6 7 6 173 2 12 6 7 7 1702 1 13 0 7 9 1007 6 2 9 7 10 66 7 11 10 7 11 54 7 11 10 7 12 883 4 11 12 7 13 883 4 11 12 7 14 883 4 11 12 7 15 883 4 11 12 7 16 883 4 11 12 8 0 883 4 11 12 8 1 883 4 11 12 8 2 883 4 11 12 8 3 883 4 11 12 8 4 883 4 11 12 8 5 883 4 11 12 8 6 883 4 11 12 8 7 1704 0 2 1 8 10 883 4 11 12 8 11 883 4 11 12 8 12 883 4 11 12 8 13 883 4 11 12 8 14 883 4 11 12 8 15 883 4 11 12 8 16 883 4 11 12 9 0 883 4 11 12 9 1 883 4 11 12 9 2 883 4 11 12 9 3 883 4 11 12 9 4 883 4 11 12 9 5 883 4 11 12 9 6 883 4 11 12 9 7 692 4 12 15 9 8 1733 1 12 2 9 9 1605 6 3 9 9 10 883 4 11 12 9 11 883 4 11 12 9 12 883 4 11 12 9 13 883 4 11 12 9 14 883 4 11 12 9 15 883 4 11 12 9 16 883 4 11 12 10 0 883 4 11 12 10 1 883 4 11 12 10 2 883 4 11 12 10 3 883 4 11 12 10 4 883 4 11 12 10 5 883 4 11 12 10 6 883 4 11 12 10 7 1734 6 2 12 10 8 377 4 11 13 10 9 1735 0 3 3 10 10 883 4 11 12 10 11 883 4 11 12 10 12 883 4 11 12 10 13 883 4 11 12 10 14 883 4 11 12 10 15 883 4 11 12 11 0 883 4 11 12 11 1 883 4 11 12 11 2 883 4 11 12 11 3 883 4 11 12 11 4 883 4 11 12 11 5 883 4 11 12 11 6 883 4 11 12 11 7 377 4 11 13 11 8 883 4 11 12 11 9 377 4 11 13 11 10 883 4 11 12 11 11 883 4 11 12 11 12 883 4 11 12 11 13 883 4 11 12 11 14 883 4 11 12 11 15 883 4 11 12 12 1 883 4 11 12 12 2 883 4 11 12 12 3 883 4 11 12 12 4 883 4 11 12 12 5 883 4 11 12 12 6 883 4 11 12 12 7 883 4 11 12 12 8 883 4 11 12 12 9 883 4 11 12 12 10 883 4 11 12 12 11 883 4 11 12 12 12 883 4 11 12 12 13 883 4 11 12 12 14 883 4 11 12 12 15 883 4 11 12 13 1 883 4 11 12 13 2 883 4 11 12 13 3 883 4 11 12 13 4 883 4 11 12 13 5 883 4 11 12 13 6 883 4 11 12 13 7 883 4 11 12 13 8 883 4 11 12 13 9 883 4 11 12 13 10 883 4 11 12 13 11 883 4 11 12 13 12 883 4 11 12 13 13 883 4 11 12 13 14 883 4 11 12 14 1 883 4 11 12 14 3 883 4 11 12 14 4 883 4 11 12 14 5 883 4 11 12 14 6 883 4 11 12 14 7 883 4 11 12 14 8 883 4 11 12 14 9 883 4 11 12 14 10 883 4 11 12 14 11 883 4 11 12 14 12 883 4 11 12 15 5 883 4 11 12 15 6 883 4 11 12 15 7 883 4 11 12 15 8 883 4 11 12 15 9 883 4 11 12 15 10 883 4 11 12 15 11 883 4 11 12 16 6 883 4 11 12 16 8 883 4 11 12 16 10 883 4 11 12
20 8 8 0 251 0 4 0 5 0 6 0 7 0 8 0 9 0 10 0 11 0 12 1 3 1 4 1 5 1 6 1 7 1 8 1 9 1 10 1 11 1 12 1 13 1 14 2 1 2 2 2 3 2 4 2 5 2 6 2 7 2 8 2 9 2 10 2 11 2 12 2 13 2 14 2 15 3 1 3 2 3 3 3 4 3 5 3 6 3 7 3 8 3 9 3 10 3 11 3 12 3 13 3 14 3 15 4 1 4 2 4 3 4 4 4 5 4 6 4 7 4 8 4 9 4 10 4 11 4 12 4 13 4 14 4 15 4 16 5 0 5 1 5 2 5 3 5 4 5 5 5 6 5 7 5 8 5 9 5 10 5 11 5 12 5 13 5 14 5 15 5 16 6 0 6 1 6 2 6 3 6 4 6 5 6 6 6 7 6 8 6 9 6 10 6 11 6 12 6 13 6 14 6 15 6 16 7 0 7 1 7 2 7 3 7 4 7 5 7 6 7 7 7 8 7 9 7 10 7 11 7 12 7 13 7 14 7 15 7 16 8 0 8 1 8 2 8 3 8 4 8 5 8 6 8 7 8 9 8 10 8 11 8 12 8 13 8 14 8 15 8 16 9 0 9 1 9 2 9 3 9 4 9 5 9 6 9 7 9 8 9 9 9 10 9 11 9 12 9 13 9 14 9 15 9 16 10 0 10 1 10 2 10 3 10 4 10 5 10 6 10 7 10 8 10 9 10 10 10 11 10 12 10 13 10 14 10 15 10 16 11 0 11 1 11 2 11 3 11 4 11 5 11 6 11 7 11 8 11 9 11 10 11 11 11 12 11 13 11 14 11 15 11 16 12 0 12 1 12 2 12 3 12 4 12 5 12 6 12 7 12 8 12 9 12 10 12 11 12 12 12 13 12 14 12 15 13 1 13 2 13 3 13 4 13 5 13 6 13 7 13 8 13 9 13 10 13 11 13 12 13 13 13 14 13 15 14 2 14 3 14 4 14 5 14 6 14 7 14 8 14 9 14 10 14 11 14 12 14 13 14 14 14 15 15 2 15 3 15 4 15 5 15 6 15 7 15 8 15 9 15 10 15 11 15 12 15 13 16 5 16 6 16 7 16 8 16 9 16 10 16 11 16 12 8 8 332 0 4 2 250 0 4 332 0 4 2 0 5 332 0 4 2 0 6 332 0 4 2 0 7 332 0 4 2 0 8 332 0 4 2 0 9 332 0 4 2 0 10 332 0 4 2 0 11 332 0 4 2 0 12 332 0 4 2 1 3 332 0 4 2 1 4 332 0 4 2 1 5 332 0 4 2 1 6 332 0 4 2 1 7 332 0 4 2 1 8 332 0 4 2 1 9 332 0 4 2 1 10 332 0 4 2 1 11 332 0 4 2 1 12 332 0 4 2 1 13 332 0 4 2 1 14 332 0 4 2 2 1 332 0 4 2 2 2 332 0 4 2 2 3 332 0 4 2 2 4 332 0 4 2 2 5 332 0 4 2 2 6 332 0 4 2 2 7 332 0 4 2 2 8 332 0 4 2 2 9 332 0 4 2 2 10 332 0 4 2 2 11 332 0 4 2 2 12 332 0 4 2 2 13 332 0 4 2 2 14 332 0 4 2 2 15 332 0 4 2 3 1 332 0 4 2 3 2 332 0 4 2 3 3 332 0 4 2 3 4 332 0 4 2 3 5 332 0 4 2 3 6 332 0 4 2 3 7 332 0 4 2 3 8 332 0 4 2 3 9 332 0 4 2 3 10 332 0 4 2 3 11 332 0 4 2 3 12 332 0 4 2 3 13 332 0 4 2 3 14 332 0 4 2 3 15 332 0 4 2 4 1 332 0 4 2 4 2 332 0 4 2 4 3 332 0 4 2 4 4 332 0 4 2 4 5 332 0 4 2 4 6 332 0 4 2 4 7 333 0 4 3 4 8 333 3 3 4 4 9 333 5 4 13 4 10 333 5 4 13 4 11 332 0 4 2 4 12 332 0 4 2 4 13 332 0 4 2 4 14 332 0 4 2 4 15 332 0 4 2 4 16 332 0 4 2 5 0 332 0 4 2 5 1 332 0 4 2 5 2 332 0 4 2 5 3 332 0 4 2 5 4 332 0 4 2 5 5 332 0 4 2 5 6 333 0 4 3 5 7 398 3 3 3 5 8 406 3 2 3 5 9 398 6 3 13 5 10 333 5 4 13 5 11 333 5 4 13 5 12 332 0 4 2 5 13 332 0 4 2 5 14 332 0 4 2 5 15 332 0 4 2 5 16 332 0 4 2 6 0 332 0 4 2 6 1 332 0 4 2 6 2 332 0 4 2 6 3 332 0 4 2 6 4 332 0 4 2 6 5 332 0 4 2 6 6 333 0 4 3 6 7 880 3 0 1 6 8 881 3 3 3 6 9 880 6 0 15 6 10 333 5 4 13 6 11 333 5 4 13 6 12 333 5 4 13 6 13 332 0 4 2 6 14 332 0 4 2 6 15 332 0 4 2 6 16 332 0 4 2 7 0 332 0 4 2 7 1 332 0 4 2 7 2 332 0 4 2 7 3 332 0 4 2 7 4 333 0 4 3 7 5 398 0 3 3 7 6 880 0 1 0 7 7 882 3 1 1 7 8 1736 7 16 16 7 9 882 5 1 15 7 10 880 5 1 16 7 11 398 5 3 13 7 12 333 5 4 13 7 13 332 0 4 2 7 14 332 0 4 2 7 15 332 0 4 2 7 16 332 0 4 2 8 0 332 0 4 2 8 1 332 0 4 2 8 2 332 0 4 2 8 3 332 0 4 2 8 4 333 0 4 3 8 5 406 0 3 2 8 6 881 0 3 3 8 7 1736 5 0 16 8 9 1736 1 16 0 8 10 881 4 13 13 8 11 881 4 13 13 8 12 333 4 12 13 8 13 332 0 4 2 8 14 332 0 4 2 8 15 332 0 4 2 8 16 332 0 4 2 9 0 332 0 4 2 9 1 332 0 4 2 9 2 333 0 4 3 9 3 332 1 12 2 9 4 333 1 12 3 9 5 398 1 13 3 9 6 880 1 15 0 9 7 882 1 15 1 9 8 1736 3 0 0 9 9 882 7 15 15 9 10 880 4 15 16 9 11 398 4 13 13 9 12 333 4 12 13 9 13 332 0 4 2 9 14 332 0 4 2 9 15 332 0 4 2 9 16 332 0 4 2 10 0 332 0 4 2 10 1 332 0 4 2 10 2 332 0 4 2 10 3 333 0 4 3 10 4 332 1 12 2 10 5 332 1 12 2 10 6 333 1 12 3 10 7 880 2 16 1 10 8 881 2 13 3 10 9 880 7 16 15 10 10 333 4 12 13 10 11 333 4 12 13 10 12 333 4 12 13 10 13 332 0 4 2 10 14 332 0 4 2 10 15 332 0 4 2 10 16 332 0 4 2 11 0 332 0 4 2 11 1 332 0 4 2 11 2 332 0 4 2 11 3 333 0 4 3 11 4 332 1 12 2 11 5 332 1 12 2 11 6 333 1 12 3 11 7 398 2 13 3 11 8 881 2 13 3 11 9 398 7 13 13 11 10 333 4 12 13 11 11 333 4 12 13 11 12 332 1 12 2 11 13 332 0 4 2 11 14 332 0 4 2 11 15 332 0 4 2 11 16 332 0 4 2 12 0 332 0 4 2 12 1 332 0 4 2 12 2 332 0 4 2 12 3 332 0 4 2 12 4 333 0 4 3 12 5 332 1 12 2 12 6 332 1 12 2 12 7 333 1 12 3 12 8 333 2 13 4 12 9 333 4 12 13 12 10 333 4 12 13 12 11 332 1 12 2 12 12 332 0 4 2 12 13 332 0 4 2 12 14 332 0 4 2 12 15 332 0 4 2 13 1 332 0 4 2 13 2 332 0 4 2 13 3 332 0 4 2 13 4 333 0 4 3 13 5 332 1 12 2 13 6 332 1 12 2 13 7 332 1 12 2 13 8 332 1 12 2 13 9 332 1 12 2 13 10 332 1 12 2 13 11 332 1 12 2 13 12 332 0 4 2 13 13 332 0 4 2 13 14 332 0 4 2 13 15 332 0 4 2 14 2 332 0 4 2 14 3 332 0 4 2 14 4 332 0 4 2 14 5 332 0 4 2 14 6 332 0 4 2 14 7 333 0 4 3 14 8 332 1 12 2 14 9 332 1 12 2 14 10 332 0 4 2 14 11 333 0 4 3 14 12 332 0 4 2 14 13 332 0 4 2 14 14 332 0 4 2 14 15 332 0 4 2 15 2 332 0 4 2 15 3 332 0 4 2 15 4 332 0 4 2 15 5 332 0 4 2 15 6 332 0 4 2 15 7 333 0 4 3 15 8 332 0 4 2 15 9 332 0 4 2 15 10 332 0 4 2 15 11 332 0 4 2 15 12 332 0 4 2 15 13 332 0 4 2 16 5 332 0 4 2 16 6 332 0 4 2 16 7 332 0 4 2 16 8 332 0 4 2 16 9 332 0 4 2 16 10 332 0 4 2 16 11 332 0 4 2 16 12 332 0 4 2
